
 /----------------------------------------------------------------------------\
 |  yosys -- Yosys Open SYnthesis Suite                                       |
 |  Copyright (C) 2012 - 2025  Claire Xenia Wolf <claire@yosyshq.com>         |
 |  Distributed under an ISC-like license, type "license" to see terms        |
 \----------------------------------------------------------------------------/
 Yosys 0.52 (git sha1 fee39a3284c90249e1d9684cf6944ffbbcbb8f90)

-- Running command `read_verilog -formal -D FORMAL src/*.v; prep -top tt_um_rumcajs; async2sync; clk2fflogic; chformal -lower; memory_map; flatten; sat -verify -prove-asserts -set-init-zero -seq 2' --

1. Executing Verilog-2005 frontend: src/auth_ctrl.v
Parsing formal Verilog input from `src/auth_ctrl.v' to AST representation.
Generating RTLIL representation for module `\auth_ctrl'.
Successfully finished Verilog frontend.

2. Executing Verilog-2005 frontend: src/buzzer.v
Parsing formal Verilog input from `src/buzzer.v' to AST representation.
Generating RTLIL representation for module `\buzzer'.
Successfully finished Verilog frontend.

3. Executing Verilog-2005 frontend: src/kb.v
Parsing formal Verilog input from `src/kb.v' to AST representation.
Generating RTLIL representation for module `\kb'.
Successfully finished Verilog frontend.

4. Executing Verilog-2005 frontend: src/project.v
Parsing formal Verilog input from `src/project.v' to AST representation.
Generating RTLIL representation for module `\tt_um_rumcajs'.
Successfully finished Verilog frontend.

5. Executing Verilog-2005 frontend: src/regs.v
Parsing formal Verilog input from `src/regs.v' to AST representation.
Generating RTLIL representation for module `\regs'.
Successfully finished Verilog frontend.

6. Executing Verilog-2005 frontend: src/reset_release.v
Parsing formal Verilog input from `src/reset_release.v' to AST representation.
Generating RTLIL representation for module `\reset_release'.
Successfully finished Verilog frontend.

7. Executing Verilog-2005 frontend: src/rumcajs.v
Parsing formal Verilog input from `src/rumcajs.v' to AST representation.
Generating RTLIL representation for module `\rumcajs'.
Successfully finished Verilog frontend.

8. Executing Verilog-2005 frontend: src/serial_link.v
Parsing formal Verilog input from `src/serial_link.v' to AST representation.
Generating RTLIL representation for module `\serial_link'.
Successfully finished Verilog frontend.

9. Executing Verilog-2005 frontend: src/sync2.v
Parsing formal Verilog input from `src/sync2.v' to AST representation.
Generating RTLIL representation for module `\sync2'.
Successfully finished Verilog frontend.

10. Executing Verilog-2005 frontend: src/szymon.v
Parsing formal Verilog input from `src/szymon.v' to AST representation.
Generating RTLIL representation for module `\szymon'.
Successfully finished Verilog frontend.

11. Executing Verilog-2005 frontend: src/szymon_fixed.v
Parsing formal Verilog input from `src/szymon_fixed.v' to AST representation.
Generating RTLIL representation for module `\szymon_fixed'.
Successfully finished Verilog frontend.

12. Executing Verilog-2005 frontend: src/timebase.v
Parsing formal Verilog input from `src/timebase.v' to AST representation.
Generating RTLIL representation for module `\timebase'.
Successfully finished Verilog frontend.

13. Executing PREP pass.

13.1. Executing HIERARCHY pass (managing design hierarchy).

13.1.1. Analyzing design hierarchy..
Top module:  \tt_um_rumcajs
Used module:     \rumcajs
Used module:         \szymon_fixed
Used module:         \buzzer
Used module:         \auth_ctrl
Used module:         \serial_link
Used module:             \sync2
Used module:         \regs
Used module:         \kb
Used module:         \timebase
Used module:         \reset_release
Parameter \WIDTH = 4

13.1.2. Executing AST frontend in derive mode using pre-parsed AST for module `\sync2'.
Parameter \WIDTH = 4
Generating RTLIL representation for module `$paramod\sync2\WIDTH=s32'00000000000000000000000000000100'.
Parameter \KEY = 128'10111010001010100001100100011000000100110001001000010001000100000000101100001010000010010000100000000011000000100000000100000000

13.1.3. Executing AST frontend in derive mode using pre-parsed AST for module `\szymon_fixed'.
Parameter \KEY = 128'10111010001010100001100100011000000100110001001000010001000100000000101100001010000010010000100000000011000000100000000100000000
Generating RTLIL representation for module `$paramod$0207631bd49897fc40da4a49890f896231b73492\szymon_fixed'.
Parameter \BEEP_TICKS_MS = 50
Parameter \TONE_HALF_TICKS = 1

13.1.4. Executing AST frontend in derive mode using pre-parsed AST for module `\buzzer'.
Parameter \BEEP_TICKS_MS = 50
Parameter \TONE_HALF_TICKS = 1
Generating RTLIL representation for module `$paramod$b049745b6f1e89ce45cffbd1455f86ba117e4804\buzzer'.
Parameter \AUTH_TIMEOUT_MS = 5000

13.1.5. Executing AST frontend in derive mode using pre-parsed AST for module `\auth_ctrl'.
Parameter \AUTH_TIMEOUT_MS = 5000
Generating RTLIL representation for module `$paramod\auth_ctrl\AUTH_TIMEOUT_MS=s32'00000000000000000001001110001000'.
Parameter \PIN_LEN = 4
Parameter \PIN_VALUE = 4660
Parameter \MAX_FAILS = 3

13.1.6. Executing AST frontend in derive mode using pre-parsed AST for module `\regs'.
Parameter \PIN_LEN = 4
Parameter \PIN_VALUE = 4660
Parameter \MAX_FAILS = 3
Generating RTLIL representation for module `$paramod$b92c0599001ba7fee29ca99bde4121d40086de58\regs'.
Parameter \PRESS_FRAMES = 20
Parameter \RELEASE_FRAMES = 20

13.1.7. Executing AST frontend in derive mode using pre-parsed AST for module `\kb'.
Parameter \PRESS_FRAMES = 20
Parameter \RELEASE_FRAMES = 20
Generating RTLIL representation for module `$paramod$143b15b9608e06eea62a21ca91d45c97880ffd0d\kb'.
Parameter \CLK_HZ = 1000000
Parameter \SCAN_HZ = 4000

13.1.8. Executing AST frontend in derive mode using pre-parsed AST for module `\timebase'.
Parameter \CLK_HZ = 1000000
Parameter \SCAN_HZ = 4000
Generating RTLIL representation for module `$paramod$189e5c5ece264226de8c0df8c90596b8bf71b942\timebase'.
Parameter \WIDTH = 3

13.1.9. Executing AST frontend in derive mode using pre-parsed AST for module `\sync2'.
Parameter \WIDTH = 3
Generating RTLIL representation for module `$paramod\sync2\WIDTH=s32'00000000000000000000000000000011'.

13.1.10. Analyzing design hierarchy..
Top module:  \tt_um_rumcajs
Used module:     \rumcajs
Used module:         $paramod$0207631bd49897fc40da4a49890f896231b73492\szymon_fixed
Used module:         $paramod$b049745b6f1e89ce45cffbd1455f86ba117e4804\buzzer
Used module:         $paramod\auth_ctrl\AUTH_TIMEOUT_MS=s32'00000000000000000001001110001000
Used module:         \serial_link
Used module:             $paramod\sync2\WIDTH=s32'00000000000000000000000000000011
Used module:         $paramod$b92c0599001ba7fee29ca99bde4121d40086de58\regs
Used module:         $paramod$143b15b9608e06eea62a21ca91d45c97880ffd0d\kb
Used module:             \sync2
Used module:         $paramod$189e5c5ece264226de8c0df8c90596b8bf71b942\timebase
Used module:         \reset_release
Parameter \WIDTH = 4
Found cached RTLIL representation for module `$paramod\sync2\WIDTH=s32'00000000000000000000000000000100'.

13.1.11. Analyzing design hierarchy..
Top module:  \tt_um_rumcajs
Used module:     \rumcajs
Used module:         $paramod$0207631bd49897fc40da4a49890f896231b73492\szymon_fixed
Used module:         $paramod$b049745b6f1e89ce45cffbd1455f86ba117e4804\buzzer
Used module:         $paramod\auth_ctrl\AUTH_TIMEOUT_MS=s32'00000000000000000001001110001000
Used module:         \serial_link
Used module:             $paramod\sync2\WIDTH=s32'00000000000000000000000000000011
Used module:         $paramod$b92c0599001ba7fee29ca99bde4121d40086de58\regs
Used module:         $paramod$143b15b9608e06eea62a21ca91d45c97880ffd0d\kb
Used module:             $paramod\sync2\WIDTH=s32'00000000000000000000000000000100
Used module:         $paramod$189e5c5ece264226de8c0df8c90596b8bf71b942\timebase
Used module:         \reset_release

13.1.12. Analyzing design hierarchy..
Top module:  \tt_um_rumcajs
Used module:     \rumcajs
Used module:         $paramod$0207631bd49897fc40da4a49890f896231b73492\szymon_fixed
Used module:         $paramod$b049745b6f1e89ce45cffbd1455f86ba117e4804\buzzer
Used module:         $paramod\auth_ctrl\AUTH_TIMEOUT_MS=s32'00000000000000000001001110001000
Used module:         \serial_link
Used module:             $paramod\sync2\WIDTH=s32'00000000000000000000000000000011
Used module:         $paramod$b92c0599001ba7fee29ca99bde4121d40086de58\regs
Used module:         $paramod$143b15b9608e06eea62a21ca91d45c97880ffd0d\kb
Used module:             $paramod\sync2\WIDTH=s32'00000000000000000000000000000100
Used module:         $paramod$189e5c5ece264226de8c0df8c90596b8bf71b942\timebase
Used module:         \reset_release
Removing unused module `\timebase'.
Removing unused module `\szymon_fixed'.
Removing unused module `\szymon'.
Removing unused module `\sync2'.
Removing unused module `\regs'.
Removing unused module `\kb'.
Removing unused module `\buzzer'.
Removing unused module `\auth_ctrl'.
Removed 8 unused modules.
Module $paramod$143b15b9608e06eea62a21ca91d45c97880ffd0d\kb directly or indirectly contains formal properties -> setting "keep" attribute.
Module $paramod$b92c0599001ba7fee29ca99bde4121d40086de58\regs directly or indirectly contains formal properties -> setting "keep" attribute.
Module serial_link directly or indirectly contains formal properties -> setting "keep" attribute.
Module rumcajs directly or indirectly contains formal properties -> setting "keep" attribute.
Module $paramod\auth_ctrl\AUTH_TIMEOUT_MS=s32'00000000000000000001001110001000 directly or indirectly contains formal properties -> setting "keep" attribute.
Module tt_um_rumcajs directly or indirectly contains formal properties -> setting "keep" attribute.
Module $paramod$0207631bd49897fc40da4a49890f896231b73492\szymon_fixed directly or indirectly contains formal properties -> setting "keep" attribute.

13.2. Executing PROC pass (convert processes to netlists).

13.2.1. Executing PROC_CLEAN pass (remove empty switches from decision trees).
Found and cleaned up 2 empty switches in `$paramod$143b15b9608e06eea62a21ca91d45c97880ffd0d\kb.$proc$src/kb.v:96$847'.
Cleaned up 2 empty switches.

13.2.2. Executing PROC_RMDEAD pass (remove dead branches from decision trees).
Marked 1 switch rules as full_case in process $proc$src/sync2.v:20$929 in module $paramod\sync2\WIDTH=s32'00000000000000000000000000000011.
Marked 3 switch rules as full_case in process $proc$src/timebase.v:48$923 in module $paramod$189e5c5ece264226de8c0df8c90596b8bf71b942\timebase.
Marked 4 switch rules as full_case in process $proc$src/kb.v:0$913 in module $paramod$143b15b9608e06eea62a21ca91d45c97880ffd0d\kb.
Marked 1 switch rules as full_case in process $proc$src/kb.v:258$884 in module $paramod$143b15b9608e06eea62a21ca91d45c97880ffd0d\kb.
Marked 17 switch rules as full_case in process $proc$src/kb.v:96$847 in module $paramod$143b15b9608e06eea62a21ca91d45c97880ffd0d\kb.
Marked 1 switch rules as full_case in process $proc$src/regs.v:156$810 in module $paramod$b92c0599001ba7fee29ca99bde4121d40086de58\regs.
Marked 4 switch rules as full_case in process $proc$src/regs.v:116$805 in module $paramod$b92c0599001ba7fee29ca99bde4121d40086de58\regs.
Marked 1 switch rules as full_case in process $proc$src/regs.v:106$799 in module $paramod$b92c0599001ba7fee29ca99bde4121d40086de58\regs.
Marked 1 switch rules as full_case in process $proc$src/regs.v:78$784 in module $paramod$b92c0599001ba7fee29ca99bde4121d40086de58\regs.
Marked 1 switch rules as full_case in process $proc$src/serial_link.v:250$329 in module serial_link.
Marked 13 switch rules as full_case in process $proc$src/serial_link.v:80$308 in module serial_link.
Marked 1 switch rules as full_case in process $proc$src/reset_release.v:12$267 in module reset_release.
Marked 1 switch rules as full_case in process $proc$src/auth_ctrl.v:160$725 in module $paramod\auth_ctrl\AUTH_TIMEOUT_MS=s32'00000000000000000001001110001000.
Marked 5 switch rules as full_case in process $proc$src/auth_ctrl.v:89$709 in module $paramod\auth_ctrl\AUTH_TIMEOUT_MS=s32'00000000000000000001001110001000.
Marked 4 switch rules as full_case in process $proc$src/buzzer.v:48$667 in module $paramod$b049745b6f1e89ce45cffbd1455f86ba117e4804\buzzer.
Marked 1 switch rules as full_case in process $proc$src/szymon_fixed.v:245$639 in module $paramod$0207631bd49897fc40da4a49890f896231b73492\szymon_fixed.
Marked 1 switch rules as full_case in process $proc$src/szymon_fixed.v:229$637 in module $paramod$0207631bd49897fc40da4a49890f896231b73492\szymon_fixed.
Marked 8 switch rules as full_case in process $proc$src/szymon_fixed.v:136$608 in module $paramod$0207631bd49897fc40da4a49890f896231b73492\szymon_fixed.
Marked 1 switch rules as full_case in process $proc$src/szymon_fixed.v:108$577 in module $paramod$0207631bd49897fc40da4a49890f896231b73492\szymon_fixed.
Marked 1 switch rules as full_case in process $proc$src/szymon_fixed.v:90$566 in module $paramod$0207631bd49897fc40da4a49890f896231b73492\szymon_fixed.
Marked 1 switch rules as full_case in process $proc$src/sync2.v:20$554 in module $paramod\sync2\WIDTH=s32'00000000000000000000000000000100.
Removed a total of 0 dead cases.

13.2.3. Executing PROC_PRUNE pass (remove redundant assignments in processes).
Removed 26 redundant assignments.
Promoted 14 assignments to connections.

13.2.4. Executing PROC_INIT pass (extract init attributes).

13.2.5. Executing PROC_ARST pass (detect async resets in processes).
Found async reset \rst_n in `$paramod\sync2\WIDTH=s32'00000000000000000000000000000011.$proc$src/sync2.v:20$929'.
Found async reset \rst_n in `$paramod$189e5c5ece264226de8c0df8c90596b8bf71b942\timebase.$proc$src/timebase.v:48$923'.
Found async reset \rst_n in `$paramod$143b15b9608e06eea62a21ca91d45c97880ffd0d\kb.$proc$src/kb.v:96$847'.
Found async reset \session_rst_n in `$paramod$b92c0599001ba7fee29ca99bde4121d40086de58\regs.$proc$src/regs.v:116$805'.
Found async reset \cold_rst_n in `$paramod$b92c0599001ba7fee29ca99bde4121d40086de58\regs.$proc$src/regs.v:106$799'.
Found async reset \rst_n in `\serial_link.$proc$src/serial_link.v:80$308'.
Found async reset \async_n in `\reset_release.$proc$src/reset_release.v:12$267'.
Found async reset \rst_n in `$paramod\auth_ctrl\AUTH_TIMEOUT_MS=s32'00000000000000000001001110001000.$proc$src/auth_ctrl.v:89$709'.
Found async reset \rst_n in `$paramod$b049745b6f1e89ce45cffbd1455f86ba117e4804\buzzer.$proc$src/buzzer.v:48$667'.
Found async reset \rst_n in `$paramod$0207631bd49897fc40da4a49890f896231b73492\szymon_fixed.$proc$src/szymon_fixed.v:136$608'.
Found async reset \rst_n in `$paramod\sync2\WIDTH=s32'00000000000000000000000000000100.$proc$src/sync2.v:20$554'.

13.2.6. Executing PROC_ROM pass (convert switches to ROMs).
Converted 1 switch.
<suppressed ~134 debug messages>

13.2.7. Executing PROC_MUX pass (convert decision trees to multiplexers).
Creating decoders for process `$paramod\sync2\WIDTH=s32'00000000000000000000000000000011.$proc$src/sync2.v:20$929'.
     1/2: $0\sync_out[2:0]
     2/2: $0\stage1[2:0]
Creating decoders for process `$paramod$189e5c5ece264226de8c0df8c90596b8bf71b942\timebase.$proc$src/timebase.v:48$923'.
     1/4: $0\scan_count[7:0]
     2/4: $0\ms_tick[0:0]
     3/4: $0\scan_tick[0:0]
     4/4: $0\ms_count[1:0]
Creating decoders for process `$paramod$143b15b9608e06eea62a21ca91d45c97880ffd0d\kb.$proc$src/kb.v:0$913'.
     1/4: $4\first_column$func$src/kb.v:78$838.$result[1:0]$920
     2/4: $3\first_column$func$src/kb.v:78$838.$result[1:0]$919
     3/4: $2\first_column$func$src/kb.v:78$838.$result[1:0]$918
     4/4: $1\first_column$func$src/kb.v:78$838.$result[1:0]$917
Creating decoders for process `$paramod$143b15b9608e06eea62a21ca91d45c97880ffd0d\kb.$proc$src/kb.v:0$903'.
Creating decoders for process `$paramod$143b15b9608e06eea62a21ca91d45c97880ffd0d\kb.$proc$src/kb.v:267$890'.
     1/4: $assert$src/kb.v:273$901_EN
     2/4: $assert$src/kb.v:272$900_EN
     3/4: $assert$src/kb.v:270$895_EN
     4/4: $assert$src/kb.v:269$891_EN
Creating decoders for process `$paramod$143b15b9608e06eea62a21ca91d45c97880ffd0d\kb.$proc$src/kb.v:258$884'.
     1/3: $0\f_past_valid[0:0]
     2/3: $0\f_prev_key_id[3:0]
     3/3: $0\f_prev_key_stall[0:0]
Creating decoders for process `$paramod$143b15b9608e06eea62a21ca91d45c97880ffd0d\kb.$proc$src/kb.v:96$847'.
     1/12: $0\debounce_count[4:0]
     2/12: $0\releasing[0:0]
     3/12: $0\gesture_poisoned[0:0]
     4/12: $0\gesture_qualified[0:0]
     5/12: $0\gesture_active[0:0]
     6/12: $0\armed[0:0]
     7/12: $0\frame_first_id[3:0]
     8/12: $0\frame_hits[1:0]
     9/12: $0\blank_cycle[0:0]
    10/12: $0\row_index[1:0]
    11/12: $0\key_id[3:0]
    12/12: $0\key_valid[0:0]
Creating decoders for process `$paramod$b92c0599001ba7fee29ca99bde4121d40086de58\regs.$proc$src/regs.v:167$819'.
     1/5: $assert$src/regs.v:176$832_EN
     2/5: $assert$src/regs.v:174$828_EN
     3/5: $assert$src/regs.v:172$825_EN
     4/5: $assert$src/regs.v:170$822_EN
     5/5: $assert$src/regs.v:169$820_EN
Creating decoders for process `$paramod$b92c0599001ba7fee29ca99bde4121d40086de58\regs.$proc$src/regs.v:156$810'.
     1/5: $0\f_past_valid[0:0]
     2/5: $0\f_prev_txn_stall[0:0]
     3/5: $0\f_prev_submit_bad[0:0]
     4/5: $0\f_prev_fail_count[1:0]
     5/5: $0\f_prev_cold[0:0]
Creating decoders for process `$paramod$b92c0599001ba7fee29ca99bde4121d40086de58\regs.$proc$src/regs.v:116$805'.
     1/4: $0\session_busy[0:0]
     2/4: $0\digit_count[1:0]
     3/4: $0\pin_shift[31:0]
     4/4: $0\txn_valid[0:0]
Creating decoders for process `$paramod$b92c0599001ba7fee29ca99bde4121d40086de58\regs.$proc$src/regs.v:106$799'.
     1/1: $0\fail_count[1:0]
Creating decoders for process `$paramod$b92c0599001ba7fee29ca99bde4121d40086de58\regs.$proc$src/regs.v:78$784'.
     1/1: { $1\digit[3:0] $1\star_key[0:0] $1\digit_valid[0:0] }
Creating decoders for process `\serial_link.$proc$src/serial_link.v:260$341'.
     1/9: $assert$src/serial_link.v:272$363_EN
     2/9: $assert$src/serial_link.v:271$362_EN
     3/9: $assert$src/serial_link.v:269$357_EN
     4/9: $assert$src/serial_link.v:268$355_EN
     5/9: $assert$src/serial_link.v:267$350_EN
     6/9: $assert$src/serial_link.v:265$348_EN
     7/9: $assert$src/serial_link.v:264$346_EN
     8/9: $assert$src/serial_link.v:263$344_EN
     9/9: $assert$src/serial_link.v:262$342_EN
Creating decoders for process `\serial_link.$proc$src/serial_link.v:250$329'.
     1/3: $0\f_past_valid[0:0]
     2/3: $0\f_prev_s_bit[0:0]
     3/3: $0\f_prev_s_stall[0:0]
Creating decoders for process `\serial_link.$proc$src/serial_link.v:80$308'.
     1/16: $0\frame_start[0:0]
     2/16: $0\protocol_error[0:0]
     3/16: $0\tx_done[0:0]
     4/16: $0\rx_done[0:0]
     5/16: $0\sclk_d[0:0]
     6/16: $0\cs_n_d[0:0]
     7/16: $0\tx_last_sampled[0:0]
     8/16: $0\tx_sampled_wait_fall[0:0]
     9/16: $0\tx_hold_last[0:0]
    10/16: $0\tx_hold_bit[0:0]
    11/16: $0\tx_hold_valid[0:0]
    12/16: $0\rx_bit_hold[0:0]
    13/16: $0\rx_pending[0:0]
    14/16: $0\bit_count[6:0]
    15/16: $0\seen_cs_high[0:0]
    16/16: $0\state[2:0]
Creating decoders for process `\reset_release.$proc$src/reset_release.v:12$267'.
     1/1: $0\release_pipe[1:0]
Creating decoders for process `$paramod\auth_ctrl\AUTH_TIMEOUT_MS=s32'00000000000000000001001110001000.$proc$src/auth_ctrl.v:191$732'.
     1/13: $assert$src/auth_ctrl.v:212$776_EN
     2/13: $assert$src/auth_ctrl.v:211$773_EN
     3/13: $assert$src/auth_ctrl.v:210$771_EN
     4/13: $assert$src/auth_ctrl.v:208$765_EN
     5/13: $assert$src/auth_ctrl.v:206$761_EN
     6/13: $assert$src/auth_ctrl.v:205$758_EN
     7/13: $assert$src/auth_ctrl.v:204$756_EN
     8/13: $assert$src/auth_ctrl.v:202$752_EN
     9/13: $assert$src/auth_ctrl.v:200$748_EN
    10/13: $assert$src/auth_ctrl.v:198$744_EN
    11/13: $assert$src/auth_ctrl.v:196$739_EN
    12/13: $assert$src/auth_ctrl.v:194$736_EN
    13/13: $assert$src/auth_ctrl.v:193$734_EN
Creating decoders for process `$paramod\auth_ctrl\AUTH_TIMEOUT_MS=s32'00000000000000000001001110001000.$proc$src/auth_ctrl.v:160$725'.
     1/7: $0\f_prev_state[3:0]
     2/7: $0\f_prev_timeout_now[0:0]
     3/7: $0\f_past_valid[0:0]
     4/7: $0\f_rx_complete[0:0]
     5/7: $0\f_seal_seen[0:0]
     6/7: $0\f_cmd_seen[0:0]
     7/7: $0\f_token[0:0]
Creating decoders for process `$paramod\auth_ctrl\AUTH_TIMEOUT_MS=s32'00000000000000000001001110001000.$proc$src/auth_ctrl.v:89$709'.
     1/3: $0\timeout_count[12:0]
     2/3: $0\timeout_active[0:0]
     3/3: $0\state[3:0]
Creating decoders for process `\tt_um_rumcajs.$proc$src/project.v:35$205'.
Creating decoders for process `$paramod$b049745b6f1e89ce45cffbd1455f86ba117e4804\buzzer.$proc$src/buzzer.v:48$667'.
     1/4: $0\tone_phase[0:0]
     2/4: $0\tone_count[0:0]
     3/4: $0\beep_count[5:0]
     4/4: $0\busy[0:0]
Creating decoders for process `$paramod$0207631bd49897fc40da4a49890f896231b73492\szymon_fixed.$proc$src/szymon_fixed.v:255$645'.
     1/7: $assert$src/szymon_fixed.v:265$660_EN
     2/7: $assert$src/szymon_fixed.v:263$658_EN
     3/7: $assert$src/szymon_fixed.v:262$656_EN
     4/7: $assert$src/szymon_fixed.v:261$655_EN
     5/7: $assert$src/szymon_fixed.v:259$650_EN
     6/7: $assert$src/szymon_fixed.v:258$648_EN
     7/7: $assert$src/szymon_fixed.v:257$646_EN
Creating decoders for process `$paramod$0207631bd49897fc40da4a49890f896231b73492\szymon_fixed.$proc$src/szymon_fixed.v:245$639'.
     1/4: $0\f_past_valid[0:0]
     2/4: $0\f_prev_m_last[0:0]
     3/4: $0\f_prev_m_bit[0:0]
     4/4: $0\f_prev_m_stall[0:0]
Creating decoders for process `$paramod$0207631bd49897fc40da4a49890f896231b73492\szymon_fixed.$proc$src/szymon_fixed.v:229$637'.
     1/2: $0\b[31:0]
     2/2: $0\a[31:0]
Creating decoders for process `$paramod$0207631bd49897fc40da4a49890f896231b73492\szymon_fixed.$proc$src/szymon_fixed.v:136$608'.
     1/3: $0\round_count[5:0]
     2/3: $0\bit_count[5:0]
     3/3: $0\state[2:0]
Creating decoders for process `$paramod$0207631bd49897fc40da4a49890f896231b73492\szymon_fixed.$proc$src/szymon_fixed.v:108$577'.
     1/3: $0\key_accumulator[0:0]
     2/3: $0\key_phase[1:0]
     3/3: $0\key_depth[2:0]
Creating decoders for process `$paramod$0207631bd49897fc40da4a49890f896231b73492\szymon_fixed.$proc$src/szymon_fixed.v:90$566'.
     1/1: $1\bit_offset[4:0]
Creating decoders for process `$paramod\sync2\WIDTH=s32'00000000000000000000000000000100.$proc$src/sync2.v:20$554'.
     1/2: $0\sync_out[3:0]
     2/2: $0\stage1[3:0]

13.2.8. Executing PROC_DLATCH pass (convert process syncs to latches).
No latch inferred for signal `$paramod$143b15b9608e06eea62a21ca91d45c97880ffd0d\kb.\first_column$func$src/kb.v:78$836.$result' from process `$paramod$143b15b9608e06eea62a21ca91d45c97880ffd0d\kb.$proc$src/kb.v:0$913'.
No latch inferred for signal `$paramod$143b15b9608e06eea62a21ca91d45c97880ffd0d\kb.\first_column$func$src/kb.v:78$838.$result' from process `$paramod$143b15b9608e06eea62a21ca91d45c97880ffd0d\kb.$proc$src/kb.v:0$913'.
No latch inferred for signal `$paramod$143b15b9608e06eea62a21ca91d45c97880ffd0d\kb.\first_column$func$src/kb.v:78$838.hits' from process `$paramod$143b15b9608e06eea62a21ca91d45c97880ffd0d\kb.$proc$src/kb.v:0$913'.
No latch inferred for signal `$paramod$143b15b9608e06eea62a21ca91d45c97880ffd0d\kb.\hit_count$func$src/kb.v:75$835.$result' from process `$paramod$143b15b9608e06eea62a21ca91d45c97880ffd0d\kb.$proc$src/kb.v:0$903'.
No latch inferred for signal `$paramod$143b15b9608e06eea62a21ca91d45c97880ffd0d\kb.\hit_count$func$src/kb.v:75$837.$result' from process `$paramod$143b15b9608e06eea62a21ca91d45c97880ffd0d\kb.$proc$src/kb.v:0$903'.
No latch inferred for signal `$paramod$143b15b9608e06eea62a21ca91d45c97880ffd0d\kb.\hit_count$func$src/kb.v:75$837.hits' from process `$paramod$143b15b9608e06eea62a21ca91d45c97880ffd0d\kb.$proc$src/kb.v:0$903'.
No latch inferred for signal `$paramod$143b15b9608e06eea62a21ca91d45c97880ffd0d\kb.\hit_count$func$src/kb.v:75$837.count' from process `$paramod$143b15b9608e06eea62a21ca91d45c97880ffd0d\kb.$proc$src/kb.v:0$903'.
No latch inferred for signal `$paramod$b92c0599001ba7fee29ca99bde4121d40086de58\regs.\digit_valid' from process `$paramod$b92c0599001ba7fee29ca99bde4121d40086de58\regs.$proc$src/regs.v:78$784'.
No latch inferred for signal `$paramod$b92c0599001ba7fee29ca99bde4121d40086de58\regs.\star_key' from process `$paramod$b92c0599001ba7fee29ca99bde4121d40086de58\regs.$proc$src/regs.v:78$784'.
No latch inferred for signal `$paramod$b92c0599001ba7fee29ca99bde4121d40086de58\regs.\digit' from process `$paramod$b92c0599001ba7fee29ca99bde4121d40086de58\regs.$proc$src/regs.v:78$784'.
No latch inferred for signal `$paramod$0207631bd49897fc40da4a49890f896231b73492\szymon_fixed.\bit_offset' from process `$paramod$0207631bd49897fc40da4a49890f896231b73492\szymon_fixed.$proc$src/szymon_fixed.v:90$566'.

13.2.9. Executing PROC_DFF pass (convert process syncs to FFs).
Creating register for signal `$paramod\sync2\WIDTH=s32'00000000000000000000000000000011.\sync_out' using process `$paramod\sync2\WIDTH=s32'00000000000000000000000000000011.$proc$src/sync2.v:20$929'.
  created $adff cell `$procdff$2168' with positive edge clock and positive level reset.
Creating register for signal `$paramod\sync2\WIDTH=s32'00000000000000000000000000000011.\stage1' using process `$paramod\sync2\WIDTH=s32'00000000000000000000000000000011.$proc$src/sync2.v:20$929'.
  created $adff cell `$procdff$2173' with positive edge clock and positive level reset.
Creating register for signal `$paramod$189e5c5ece264226de8c0df8c90596b8bf71b942\timebase.\ms_tick' using process `$paramod$189e5c5ece264226de8c0df8c90596b8bf71b942\timebase.$proc$src/timebase.v:48$923'.
  created $adff cell `$procdff$2178' with positive edge clock and positive level reset.
Creating register for signal `$paramod$189e5c5ece264226de8c0df8c90596b8bf71b942\timebase.\scan_tick' using process `$paramod$189e5c5ece264226de8c0df8c90596b8bf71b942\timebase.$proc$src/timebase.v:48$923'.
  created $adff cell `$procdff$2183' with positive edge clock and positive level reset.
Creating register for signal `$paramod$189e5c5ece264226de8c0df8c90596b8bf71b942\timebase.\scan_count' using process `$paramod$189e5c5ece264226de8c0df8c90596b8bf71b942\timebase.$proc$src/timebase.v:48$923'.
  created $adff cell `$procdff$2188' with positive edge clock and positive level reset.
Creating register for signal `$paramod$189e5c5ece264226de8c0df8c90596b8bf71b942\timebase.\ms_count' using process `$paramod$189e5c5ece264226de8c0df8c90596b8bf71b942\timebase.$proc$src/timebase.v:48$923'.
  created $adff cell `$procdff$2193' with positive edge clock and positive level reset.
Creating register for signal `$paramod$143b15b9608e06eea62a21ca91d45c97880ffd0d\kb.\f_past_valid' using process `$paramod$143b15b9608e06eea62a21ca91d45c97880ffd0d\kb.$proc$src/kb.v:258$884'.
  created $dff cell `$procdff$2194' with positive edge clock.
Creating register for signal `$paramod$143b15b9608e06eea62a21ca91d45c97880ffd0d\kb.\f_prev_key_stall' using process `$paramod$143b15b9608e06eea62a21ca91d45c97880ffd0d\kb.$proc$src/kb.v:258$884'.
  created $dff cell `$procdff$2195' with positive edge clock.
Creating register for signal `$paramod$143b15b9608e06eea62a21ca91d45c97880ffd0d\kb.\f_prev_key_id' using process `$paramod$143b15b9608e06eea62a21ca91d45c97880ffd0d\kb.$proc$src/kb.v:258$884'.
  created $dff cell `$procdff$2196' with positive edge clock.
Creating register for signal `$paramod$143b15b9608e06eea62a21ca91d45c97880ffd0d\kb.\key_valid' using process `$paramod$143b15b9608e06eea62a21ca91d45c97880ffd0d\kb.$proc$src/kb.v:96$847'.
  created $adff cell `$procdff$2201' with positive edge clock and positive level reset.
Creating register for signal `$paramod$143b15b9608e06eea62a21ca91d45c97880ffd0d\kb.\key_id' using process `$paramod$143b15b9608e06eea62a21ca91d45c97880ffd0d\kb.$proc$src/kb.v:96$847'.
  created $adff cell `$procdff$2206' with positive edge clock and positive level reset.
Creating register for signal `$paramod$143b15b9608e06eea62a21ca91d45c97880ffd0d\kb.\row_index' using process `$paramod$143b15b9608e06eea62a21ca91d45c97880ffd0d\kb.$proc$src/kb.v:96$847'.
  created $adff cell `$procdff$2211' with positive edge clock and positive level reset.
Creating register for signal `$paramod$143b15b9608e06eea62a21ca91d45c97880ffd0d\kb.\blank_cycle' using process `$paramod$143b15b9608e06eea62a21ca91d45c97880ffd0d\kb.$proc$src/kb.v:96$847'.
  created $adff cell `$procdff$2216' with positive edge clock and positive level reset.
Creating register for signal `$paramod$143b15b9608e06eea62a21ca91d45c97880ffd0d\kb.\frame_hits' using process `$paramod$143b15b9608e06eea62a21ca91d45c97880ffd0d\kb.$proc$src/kb.v:96$847'.
  created $adff cell `$procdff$2221' with positive edge clock and positive level reset.
Creating register for signal `$paramod$143b15b9608e06eea62a21ca91d45c97880ffd0d\kb.\frame_first_id' using process `$paramod$143b15b9608e06eea62a21ca91d45c97880ffd0d\kb.$proc$src/kb.v:96$847'.
  created $adff cell `$procdff$2226' with positive edge clock and positive level reset.
Creating register for signal `$paramod$143b15b9608e06eea62a21ca91d45c97880ffd0d\kb.\armed' using process `$paramod$143b15b9608e06eea62a21ca91d45c97880ffd0d\kb.$proc$src/kb.v:96$847'.
  created $adff cell `$procdff$2231' with positive edge clock and positive level reset.
Creating register for signal `$paramod$143b15b9608e06eea62a21ca91d45c97880ffd0d\kb.\gesture_active' using process `$paramod$143b15b9608e06eea62a21ca91d45c97880ffd0d\kb.$proc$src/kb.v:96$847'.
  created $adff cell `$procdff$2236' with positive edge clock and positive level reset.
Creating register for signal `$paramod$143b15b9608e06eea62a21ca91d45c97880ffd0d\kb.\gesture_qualified' using process `$paramod$143b15b9608e06eea62a21ca91d45c97880ffd0d\kb.$proc$src/kb.v:96$847'.
  created $adff cell `$procdff$2241' with positive edge clock and positive level reset.
Creating register for signal `$paramod$143b15b9608e06eea62a21ca91d45c97880ffd0d\kb.\gesture_poisoned' using process `$paramod$143b15b9608e06eea62a21ca91d45c97880ffd0d\kb.$proc$src/kb.v:96$847'.
  created $adff cell `$procdff$2246' with positive edge clock and positive level reset.
Creating register for signal `$paramod$143b15b9608e06eea62a21ca91d45c97880ffd0d\kb.\releasing' using process `$paramod$143b15b9608e06eea62a21ca91d45c97880ffd0d\kb.$proc$src/kb.v:96$847'.
  created $adff cell `$procdff$2251' with positive edge clock and positive level reset.
Creating register for signal `$paramod$143b15b9608e06eea62a21ca91d45c97880ffd0d\kb.\debounce_count' using process `$paramod$143b15b9608e06eea62a21ca91d45c97880ffd0d\kb.$proc$src/kb.v:96$847'.
  created $adff cell `$procdff$2256' with positive edge clock and positive level reset.
Creating register for signal `$paramod$b92c0599001ba7fee29ca99bde4121d40086de58\regs.\f_past_valid' using process `$paramod$b92c0599001ba7fee29ca99bde4121d40086de58\regs.$proc$src/regs.v:156$810'.
  created $dff cell `$procdff$2257' with positive edge clock.
Creating register for signal `$paramod$b92c0599001ba7fee29ca99bde4121d40086de58\regs.\f_prev_cold' using process `$paramod$b92c0599001ba7fee29ca99bde4121d40086de58\regs.$proc$src/regs.v:156$810'.
  created $dff cell `$procdff$2258' with positive edge clock.
Creating register for signal `$paramod$b92c0599001ba7fee29ca99bde4121d40086de58\regs.\f_prev_fail_count' using process `$paramod$b92c0599001ba7fee29ca99bde4121d40086de58\regs.$proc$src/regs.v:156$810'.
  created $dff cell `$procdff$2259' with positive edge clock.
Creating register for signal `$paramod$b92c0599001ba7fee29ca99bde4121d40086de58\regs.\f_prev_submit_bad' using process `$paramod$b92c0599001ba7fee29ca99bde4121d40086de58\regs.$proc$src/regs.v:156$810'.
  created $dff cell `$procdff$2260' with positive edge clock.
Creating register for signal `$paramod$b92c0599001ba7fee29ca99bde4121d40086de58\regs.\f_prev_txn_stall' using process `$paramod$b92c0599001ba7fee29ca99bde4121d40086de58\regs.$proc$src/regs.v:156$810'.
  created $dff cell `$procdff$2261' with positive edge clock.
Creating register for signal `$paramod$b92c0599001ba7fee29ca99bde4121d40086de58\regs.\txn_valid' using process `$paramod$b92c0599001ba7fee29ca99bde4121d40086de58\regs.$proc$src/regs.v:116$805'.
  created $adff cell `$procdff$2266' with positive edge clock and positive level reset.
Creating register for signal `$paramod$b92c0599001ba7fee29ca99bde4121d40086de58\regs.\pin_shift' using process `$paramod$b92c0599001ba7fee29ca99bde4121d40086de58\regs.$proc$src/regs.v:116$805'.
  created $adff cell `$procdff$2271' with positive edge clock and positive level reset.
Creating register for signal `$paramod$b92c0599001ba7fee29ca99bde4121d40086de58\regs.\digit_count' using process `$paramod$b92c0599001ba7fee29ca99bde4121d40086de58\regs.$proc$src/regs.v:116$805'.
  created $adff cell `$procdff$2276' with positive edge clock and positive level reset.
Creating register for signal `$paramod$b92c0599001ba7fee29ca99bde4121d40086de58\regs.\session_busy' using process `$paramod$b92c0599001ba7fee29ca99bde4121d40086de58\regs.$proc$src/regs.v:116$805'.
  created $adff cell `$procdff$2281' with positive edge clock and positive level reset.
Creating register for signal `$paramod$b92c0599001ba7fee29ca99bde4121d40086de58\regs.\fail_count' using process `$paramod$b92c0599001ba7fee29ca99bde4121d40086de58\regs.$proc$src/regs.v:106$799'.
  created $adff cell `$procdff$2286' with positive edge clock and positive level reset.
Creating register for signal `\serial_link.\f_past_valid' using process `\serial_link.$proc$src/serial_link.v:250$329'.
  created $dff cell `$procdff$2287' with positive edge clock.
Creating register for signal `\serial_link.\f_prev_s_stall' using process `\serial_link.$proc$src/serial_link.v:250$329'.
  created $dff cell `$procdff$2288' with positive edge clock.
Creating register for signal `\serial_link.\f_prev_s_bit' using process `\serial_link.$proc$src/serial_link.v:250$329'.
  created $dff cell `$procdff$2289' with positive edge clock.
Creating register for signal `\serial_link.\rx_done' using process `\serial_link.$proc$src/serial_link.v:80$308'.
  created $adff cell `$procdff$2294' with positive edge clock and positive level reset.
Creating register for signal `\serial_link.\tx_done' using process `\serial_link.$proc$src/serial_link.v:80$308'.
  created $adff cell `$procdff$2299' with positive edge clock and positive level reset.
Creating register for signal `\serial_link.\protocol_error' using process `\serial_link.$proc$src/serial_link.v:80$308'.
  created $adff cell `$procdff$2304' with positive edge clock and positive level reset.
Creating register for signal `\serial_link.\frame_start' using process `\serial_link.$proc$src/serial_link.v:80$308'.
  created $adff cell `$procdff$2309' with positive edge clock and positive level reset.
Creating register for signal `\serial_link.\state' using process `\serial_link.$proc$src/serial_link.v:80$308'.
  created $adff cell `$procdff$2314' with positive edge clock and positive level reset.
Creating register for signal `\serial_link.\cs_n_d' using process `\serial_link.$proc$src/serial_link.v:80$308'.
  created $adff cell `$procdff$2319' with positive edge clock and positive level reset.
Creating register for signal `\serial_link.\sclk_d' using process `\serial_link.$proc$src/serial_link.v:80$308'.
  created $adff cell `$procdff$2324' with positive edge clock and positive level reset.
Creating register for signal `\serial_link.\seen_cs_high' using process `\serial_link.$proc$src/serial_link.v:80$308'.
  created $adff cell `$procdff$2329' with positive edge clock and positive level reset.
Creating register for signal `\serial_link.\bit_count' using process `\serial_link.$proc$src/serial_link.v:80$308'.
  created $adff cell `$procdff$2334' with positive edge clock and positive level reset.
Creating register for signal `\serial_link.\rx_pending' using process `\serial_link.$proc$src/serial_link.v:80$308'.
  created $adff cell `$procdff$2339' with positive edge clock and positive level reset.
Creating register for signal `\serial_link.\rx_bit_hold' using process `\serial_link.$proc$src/serial_link.v:80$308'.
  created $adff cell `$procdff$2344' with positive edge clock and positive level reset.
Creating register for signal `\serial_link.\tx_hold_valid' using process `\serial_link.$proc$src/serial_link.v:80$308'.
  created $adff cell `$procdff$2349' with positive edge clock and positive level reset.
Creating register for signal `\serial_link.\tx_hold_bit' using process `\serial_link.$proc$src/serial_link.v:80$308'.
  created $adff cell `$procdff$2354' with positive edge clock and positive level reset.
Creating register for signal `\serial_link.\tx_hold_last' using process `\serial_link.$proc$src/serial_link.v:80$308'.
  created $adff cell `$procdff$2359' with positive edge clock and positive level reset.
Creating register for signal `\serial_link.\tx_sampled_wait_fall' using process `\serial_link.$proc$src/serial_link.v:80$308'.
  created $adff cell `$procdff$2364' with positive edge clock and positive level reset.
Creating register for signal `\serial_link.\tx_last_sampled' using process `\serial_link.$proc$src/serial_link.v:80$308'.
  created $adff cell `$procdff$2369' with positive edge clock and positive level reset.
Creating register for signal `\reset_release.\release_pipe' using process `\reset_release.$proc$src/reset_release.v:12$267'.
  created $adff cell `$procdff$2374' with positive edge clock and positive level reset.
Creating register for signal `$paramod\auth_ctrl\AUTH_TIMEOUT_MS=s32'00000000000000000001001110001000.\f_token' using process `$paramod\auth_ctrl\AUTH_TIMEOUT_MS=s32'00000000000000000001001110001000.$proc$src/auth_ctrl.v:160$725'.
  created $dff cell `$procdff$2375' with positive edge clock.
Creating register for signal `$paramod\auth_ctrl\AUTH_TIMEOUT_MS=s32'00000000000000000001001110001000.\f_cmd_seen' using process `$paramod\auth_ctrl\AUTH_TIMEOUT_MS=s32'00000000000000000001001110001000.$proc$src/auth_ctrl.v:160$725'.
  created $dff cell `$procdff$2376' with positive edge clock.
Creating register for signal `$paramod\auth_ctrl\AUTH_TIMEOUT_MS=s32'00000000000000000001001110001000.\f_seal_seen' using process `$paramod\auth_ctrl\AUTH_TIMEOUT_MS=s32'00000000000000000001001110001000.$proc$src/auth_ctrl.v:160$725'.
  created $dff cell `$procdff$2377' with positive edge clock.
Creating register for signal `$paramod\auth_ctrl\AUTH_TIMEOUT_MS=s32'00000000000000000001001110001000.\f_rx_complete' using process `$paramod\auth_ctrl\AUTH_TIMEOUT_MS=s32'00000000000000000001001110001000.$proc$src/auth_ctrl.v:160$725'.
  created $dff cell `$procdff$2378' with positive edge clock.
Creating register for signal `$paramod\auth_ctrl\AUTH_TIMEOUT_MS=s32'00000000000000000001001110001000.\f_past_valid' using process `$paramod\auth_ctrl\AUTH_TIMEOUT_MS=s32'00000000000000000001001110001000.$proc$src/auth_ctrl.v:160$725'.
  created $dff cell `$procdff$2379' with positive edge clock.
Creating register for signal `$paramod\auth_ctrl\AUTH_TIMEOUT_MS=s32'00000000000000000001001110001000.\f_prev_timeout_now' using process `$paramod\auth_ctrl\AUTH_TIMEOUT_MS=s32'00000000000000000001001110001000.$proc$src/auth_ctrl.v:160$725'.
  created $dff cell `$procdff$2380' with positive edge clock.
Creating register for signal `$paramod\auth_ctrl\AUTH_TIMEOUT_MS=s32'00000000000000000001001110001000.\f_prev_state' using process `$paramod\auth_ctrl\AUTH_TIMEOUT_MS=s32'00000000000000000001001110001000.$proc$src/auth_ctrl.v:160$725'.
  created $dff cell `$procdff$2381' with positive edge clock.
Creating register for signal `$paramod\auth_ctrl\AUTH_TIMEOUT_MS=s32'00000000000000000001001110001000.\state' using process `$paramod\auth_ctrl\AUTH_TIMEOUT_MS=s32'00000000000000000001001110001000.$proc$src/auth_ctrl.v:89$709'.
  created $adff cell `$procdff$2386' with positive edge clock and positive level reset.
Creating register for signal `$paramod\auth_ctrl\AUTH_TIMEOUT_MS=s32'00000000000000000001001110001000.\timeout_active' using process `$paramod\auth_ctrl\AUTH_TIMEOUT_MS=s32'00000000000000000001001110001000.$proc$src/auth_ctrl.v:89$709'.
  created $adff cell `$procdff$2391' with positive edge clock and positive level reset.
Creating register for signal `$paramod\auth_ctrl\AUTH_TIMEOUT_MS=s32'00000000000000000001001110001000.\timeout_count' using process `$paramod\auth_ctrl\AUTH_TIMEOUT_MS=s32'00000000000000000001001110001000.$proc$src/auth_ctrl.v:89$709'.
  created $adff cell `$procdff$2396' with positive edge clock and positive level reset.
Creating register for signal `$paramod$b049745b6f1e89ce45cffbd1455f86ba117e4804\buzzer.\busy' using process `$paramod$b049745b6f1e89ce45cffbd1455f86ba117e4804\buzzer.$proc$src/buzzer.v:48$667'.
  created $adff cell `$procdff$2401' with positive edge clock and positive level reset.
Creating register for signal `$paramod$b049745b6f1e89ce45cffbd1455f86ba117e4804\buzzer.\beep_count' using process `$paramod$b049745b6f1e89ce45cffbd1455f86ba117e4804\buzzer.$proc$src/buzzer.v:48$667'.
  created $adff cell `$procdff$2406' with positive edge clock and positive level reset.
Creating register for signal `$paramod$b049745b6f1e89ce45cffbd1455f86ba117e4804\buzzer.\tone_count' using process `$paramod$b049745b6f1e89ce45cffbd1455f86ba117e4804\buzzer.$proc$src/buzzer.v:48$667'.
  created $adff cell `$procdff$2411' with positive edge clock and positive level reset.
Creating register for signal `$paramod$b049745b6f1e89ce45cffbd1455f86ba117e4804\buzzer.\tone_phase' using process `$paramod$b049745b6f1e89ce45cffbd1455f86ba117e4804\buzzer.$proc$src/buzzer.v:48$667'.
  created $adff cell `$procdff$2416' with positive edge clock and positive level reset.
Creating register for signal `$paramod$0207631bd49897fc40da4a49890f896231b73492\szymon_fixed.\f_past_valid' using process `$paramod$0207631bd49897fc40da4a49890f896231b73492\szymon_fixed.$proc$src/szymon_fixed.v:245$639'.
  created $dff cell `$procdff$2417' with positive edge clock.
Creating register for signal `$paramod$0207631bd49897fc40da4a49890f896231b73492\szymon_fixed.\f_prev_m_stall' using process `$paramod$0207631bd49897fc40da4a49890f896231b73492\szymon_fixed.$proc$src/szymon_fixed.v:245$639'.
  created $dff cell `$procdff$2418' with positive edge clock.
Creating register for signal `$paramod$0207631bd49897fc40da4a49890f896231b73492\szymon_fixed.\f_prev_m_bit' using process `$paramod$0207631bd49897fc40da4a49890f896231b73492\szymon_fixed.$proc$src/szymon_fixed.v:245$639'.
  created $dff cell `$procdff$2419' with positive edge clock.
Creating register for signal `$paramod$0207631bd49897fc40da4a49890f896231b73492\szymon_fixed.\f_prev_m_last' using process `$paramod$0207631bd49897fc40da4a49890f896231b73492\szymon_fixed.$proc$src/szymon_fixed.v:245$639'.
  created $dff cell `$procdff$2420' with positive edge clock.
Creating register for signal `$paramod$0207631bd49897fc40da4a49890f896231b73492\szymon_fixed.\a' using process `$paramod$0207631bd49897fc40da4a49890f896231b73492\szymon_fixed.$proc$src/szymon_fixed.v:229$637'.
  created $dff cell `$procdff$2421' with positive edge clock.
Creating register for signal `$paramod$0207631bd49897fc40da4a49890f896231b73492\szymon_fixed.\b' using process `$paramod$0207631bd49897fc40da4a49890f896231b73492\szymon_fixed.$proc$src/szymon_fixed.v:229$637'.
  created $dff cell `$procdff$2422' with positive edge clock.
Creating register for signal `$paramod$0207631bd49897fc40da4a49890f896231b73492\szymon_fixed.\state' using process `$paramod$0207631bd49897fc40da4a49890f896231b73492\szymon_fixed.$proc$src/szymon_fixed.v:136$608'.
  created $adff cell `$procdff$2427' with positive edge clock and positive level reset.
Creating register for signal `$paramod$0207631bd49897fc40da4a49890f896231b73492\szymon_fixed.\bit_count' using process `$paramod$0207631bd49897fc40da4a49890f896231b73492\szymon_fixed.$proc$src/szymon_fixed.v:136$608'.
  created $adff cell `$procdff$2432' with positive edge clock and positive level reset.
Creating register for signal `$paramod$0207631bd49897fc40da4a49890f896231b73492\szymon_fixed.\round_count' using process `$paramod$0207631bd49897fc40da4a49890f896231b73492\szymon_fixed.$proc$src/szymon_fixed.v:136$608'.
  created $adff cell `$procdff$2437' with positive edge clock and positive level reset.
Creating register for signal `$paramod$0207631bd49897fc40da4a49890f896231b73492\szymon_fixed.\key_phase' using process `$paramod$0207631bd49897fc40da4a49890f896231b73492\szymon_fixed.$proc$src/szymon_fixed.v:108$577'.
  created $dff cell `$procdff$2438' with positive edge clock.
Creating register for signal `$paramod$0207631bd49897fc40da4a49890f896231b73492\szymon_fixed.\key_depth' using process `$paramod$0207631bd49897fc40da4a49890f896231b73492\szymon_fixed.$proc$src/szymon_fixed.v:108$577'.
  created $dff cell `$procdff$2439' with positive edge clock.
Creating register for signal `$paramod$0207631bd49897fc40da4a49890f896231b73492\szymon_fixed.\key_accumulator' using process `$paramod$0207631bd49897fc40da4a49890f896231b73492\szymon_fixed.$proc$src/szymon_fixed.v:108$577'.
  created $dff cell `$procdff$2440' with positive edge clock.
Creating register for signal `$paramod\sync2\WIDTH=s32'00000000000000000000000000000100.\sync_out' using process `$paramod\sync2\WIDTH=s32'00000000000000000000000000000100.$proc$src/sync2.v:20$554'.
  created $adff cell `$procdff$2445' with positive edge clock and positive level reset.
Creating register for signal `$paramod\sync2\WIDTH=s32'00000000000000000000000000000100.\stage1' using process `$paramod\sync2\WIDTH=s32'00000000000000000000000000000100.$proc$src/sync2.v:20$554'.
  created $adff cell `$procdff$2450' with positive edge clock and positive level reset.

13.2.10. Executing PROC_MEMWR pass (convert process memory writes to cells).

13.2.11. Executing PROC_CLEAN pass (remove empty switches from decision trees).
Removing empty process `$paramod\sync2\WIDTH=s32'00000000000000000000000000000011.$proc$src/sync2.v:20$929'.
Found and cleaned up 2 empty switches in `$paramod$189e5c5ece264226de8c0df8c90596b8bf71b942\timebase.$proc$src/timebase.v:48$923'.
Removing empty process `$paramod$189e5c5ece264226de8c0df8c90596b8bf71b942\timebase.$proc$src/timebase.v:48$923'.
Found and cleaned up 4 empty switches in `$paramod$143b15b9608e06eea62a21ca91d45c97880ffd0d\kb.$proc$src/kb.v:0$913'.
Removing empty process `$paramod$143b15b9608e06eea62a21ca91d45c97880ffd0d\kb.$proc$src/kb.v:0$913'.
Removing empty process `$paramod$143b15b9608e06eea62a21ca91d45c97880ffd0d\kb.$proc$src/kb.v:0$903'.
Found and cleaned up 3 empty switches in `$paramod$143b15b9608e06eea62a21ca91d45c97880ffd0d\kb.$proc$src/kb.v:267$890'.
Removing empty process `$paramod$143b15b9608e06eea62a21ca91d45c97880ffd0d\kb.$proc$src/kb.v:267$890'.
Found and cleaned up 1 empty switch in `$paramod$143b15b9608e06eea62a21ca91d45c97880ffd0d\kb.$proc$src/kb.v:258$884'.
Removing empty process `$paramod$143b15b9608e06eea62a21ca91d45c97880ffd0d\kb.$proc$src/kb.v:258$884'.
Found and cleaned up 22 empty switches in `$paramod$143b15b9608e06eea62a21ca91d45c97880ffd0d\kb.$proc$src/kb.v:96$847'.
Removing empty process `$paramod$143b15b9608e06eea62a21ca91d45c97880ffd0d\kb.$proc$src/kb.v:96$847'.
Found and cleaned up 5 empty switches in `$paramod$b92c0599001ba7fee29ca99bde4121d40086de58\regs.$proc$src/regs.v:167$819'.
Removing empty process `$paramod$b92c0599001ba7fee29ca99bde4121d40086de58\regs.$proc$src/regs.v:167$819'.
Found and cleaned up 1 empty switch in `$paramod$b92c0599001ba7fee29ca99bde4121d40086de58\regs.$proc$src/regs.v:156$810'.
Removing empty process `$paramod$b92c0599001ba7fee29ca99bde4121d40086de58\regs.$proc$src/regs.v:156$810'.
Found and cleaned up 6 empty switches in `$paramod$b92c0599001ba7fee29ca99bde4121d40086de58\regs.$proc$src/regs.v:116$805'.
Removing empty process `$paramod$b92c0599001ba7fee29ca99bde4121d40086de58\regs.$proc$src/regs.v:116$805'.
Found and cleaned up 2 empty switches in `$paramod$b92c0599001ba7fee29ca99bde4121d40086de58\regs.$proc$src/regs.v:106$799'.
Removing empty process `$paramod$b92c0599001ba7fee29ca99bde4121d40086de58\regs.$proc$src/regs.v:106$799'.
Found and cleaned up 1 empty switch in `$paramod$b92c0599001ba7fee29ca99bde4121d40086de58\regs.$proc$src/regs.v:78$784'.
Removing empty process `$paramod$b92c0599001ba7fee29ca99bde4121d40086de58\regs.$proc$src/regs.v:78$784'.
Found and cleaned up 7 empty switches in `\serial_link.$proc$src/serial_link.v:260$341'.
Removing empty process `serial_link.$proc$src/serial_link.v:260$341'.
Found and cleaned up 1 empty switch in `\serial_link.$proc$src/serial_link.v:250$329'.
Removing empty process `serial_link.$proc$src/serial_link.v:250$329'.
Found and cleaned up 24 empty switches in `\serial_link.$proc$src/serial_link.v:80$308'.
Removing empty process `serial_link.$proc$src/serial_link.v:80$308'.
Removing empty process `reset_release.$proc$src/reset_release.v:12$267'.
Found and cleaned up 10 empty switches in `$paramod\auth_ctrl\AUTH_TIMEOUT_MS=s32'00000000000000000001001110001000.$proc$src/auth_ctrl.v:191$732'.
Removing empty process `$paramod\auth_ctrl\AUTH_TIMEOUT_MS=s32'00000000000000000001001110001000.$proc$src/auth_ctrl.v:191$732'.
Found and cleaned up 6 empty switches in `$paramod\auth_ctrl\AUTH_TIMEOUT_MS=s32'00000000000000000001001110001000.$proc$src/auth_ctrl.v:160$725'.
Removing empty process `$paramod\auth_ctrl\AUTH_TIMEOUT_MS=s32'00000000000000000001001110001000.$proc$src/auth_ctrl.v:160$725'.
Found and cleaned up 14 empty switches in `$paramod\auth_ctrl\AUTH_TIMEOUT_MS=s32'00000000000000000001001110001000.$proc$src/auth_ctrl.v:89$709'.
Removing empty process `$paramod\auth_ctrl\AUTH_TIMEOUT_MS=s32'00000000000000000001001110001000.$proc$src/auth_ctrl.v:89$709'.
Removing empty process `tt_um_rumcajs.$proc$src/project.v:35$205'.
Found and cleaned up 6 empty switches in `$paramod$b049745b6f1e89ce45cffbd1455f86ba117e4804\buzzer.$proc$src/buzzer.v:48$667'.
Removing empty process `$paramod$b049745b6f1e89ce45cffbd1455f86ba117e4804\buzzer.$proc$src/buzzer.v:48$667'.
Found and cleaned up 2 empty switches in `$paramod$0207631bd49897fc40da4a49890f896231b73492\szymon_fixed.$proc$src/szymon_fixed.v:255$645'.
Removing empty process `$paramod$0207631bd49897fc40da4a49890f896231b73492\szymon_fixed.$proc$src/szymon_fixed.v:255$645'.
Found and cleaned up 1 empty switch in `$paramod$0207631bd49897fc40da4a49890f896231b73492\szymon_fixed.$proc$src/szymon_fixed.v:245$639'.
Removing empty process `$paramod$0207631bd49897fc40da4a49890f896231b73492\szymon_fixed.$proc$src/szymon_fixed.v:245$639'.
Found and cleaned up 2 empty switches in `$paramod$0207631bd49897fc40da4a49890f896231b73492\szymon_fixed.$proc$src/szymon_fixed.v:229$637'.
Removing empty process `$paramod$0207631bd49897fc40da4a49890f896231b73492\szymon_fixed.$proc$src/szymon_fixed.v:229$637'.
Found and cleaned up 12 empty switches in `$paramod$0207631bd49897fc40da4a49890f896231b73492\szymon_fixed.$proc$src/szymon_fixed.v:136$608'.
Removing empty process `$paramod$0207631bd49897fc40da4a49890f896231b73492\szymon_fixed.$proc$src/szymon_fixed.v:136$608'.
Found and cleaned up 2 empty switches in `$paramod$0207631bd49897fc40da4a49890f896231b73492\szymon_fixed.$proc$src/szymon_fixed.v:108$577'.
Removing empty process `$paramod$0207631bd49897fc40da4a49890f896231b73492\szymon_fixed.$proc$src/szymon_fixed.v:108$577'.
Found and cleaned up 1 empty switch in `$paramod$0207631bd49897fc40da4a49890f896231b73492\szymon_fixed.$proc$src/szymon_fixed.v:90$566'.
Removing empty process `$paramod$0207631bd49897fc40da4a49890f896231b73492\szymon_fixed.$proc$src/szymon_fixed.v:90$566'.
Removing empty process `$paramod\sync2\WIDTH=s32'00000000000000000000000000000100.$proc$src/sync2.v:20$554'.
Cleaned up 135 empty switches.

13.2.12. Executing OPT_EXPR pass (perform const folding).
Optimizing module $paramod\sync2\WIDTH=s32'00000000000000000000000000000011.
<suppressed ~4 debug messages>
Optimizing module $paramod$189e5c5ece264226de8c0df8c90596b8bf71b942\timebase.
<suppressed ~8 debug messages>
Optimizing module $paramod$143b15b9608e06eea62a21ca91d45c97880ffd0d\kb.
<suppressed ~68 debug messages>
Optimizing module $paramod$b92c0599001ba7fee29ca99bde4121d40086de58\regs.
<suppressed ~17 debug messages>
Optimizing module serial_link.
<suppressed ~45 debug messages>
Optimizing module rumcajs.
<suppressed ~2 debug messages>
Optimizing module reset_release.
<suppressed ~2 debug messages>
Optimizing module $paramod\auth_ctrl\AUTH_TIMEOUT_MS=s32'00000000000000000001001110001000.
<suppressed ~18 debug messages>
Optimizing module tt_um_rumcajs.
<suppressed ~7 debug messages>
Optimizing module $paramod$b049745b6f1e89ce45cffbd1455f86ba117e4804\buzzer.
<suppressed ~15 debug messages>
Optimizing module $paramod$0207631bd49897fc40da4a49890f896231b73492\szymon_fixed.
<suppressed ~20 debug messages>
Optimizing module $paramod\sync2\WIDTH=s32'00000000000000000000000000000100.
<suppressed ~4 debug messages>

13.3. Executing FUTURE pass.

13.4. Executing OPT_EXPR pass (perform const folding).
Optimizing module $paramod\sync2\WIDTH=s32'00000000000000000000000000000011.
Optimizing module $paramod$189e5c5ece264226de8c0df8c90596b8bf71b942\timebase.
Optimizing module $paramod$143b15b9608e06eea62a21ca91d45c97880ffd0d\kb.
Optimizing module $paramod$b92c0599001ba7fee29ca99bde4121d40086de58\regs.
Optimizing module serial_link.
Optimizing module rumcajs.
Optimizing module reset_release.
Optimizing module $paramod\auth_ctrl\AUTH_TIMEOUT_MS=s32'00000000000000000001001110001000.
Optimizing module tt_um_rumcajs.
Optimizing module $paramod$b049745b6f1e89ce45cffbd1455f86ba117e4804\buzzer.
Optimizing module $paramod$0207631bd49897fc40da4a49890f896231b73492\szymon_fixed.
Optimizing module $paramod\sync2\WIDTH=s32'00000000000000000000000000000100.

13.5. Executing OPT_CLEAN pass (remove unused cells and wires).
Finding unused cells or wires in module $paramod\sync2\WIDTH=s32'00000000000000000000000000000011..
Finding unused cells or wires in module $paramod$189e5c5ece264226de8c0df8c90596b8bf71b942\timebase..
Finding unused cells or wires in module $paramod$143b15b9608e06eea62a21ca91d45c97880ffd0d\kb..
Finding unused cells or wires in module $paramod$b92c0599001ba7fee29ca99bde4121d40086de58\regs..
Finding unused cells or wires in module \serial_link..
Finding unused cells or wires in module \rumcajs..
Finding unused cells or wires in module \reset_release..
Finding unused cells or wires in module $paramod\auth_ctrl\AUTH_TIMEOUT_MS=s32'00000000000000000001001110001000..
Finding unused cells or wires in module \tt_um_rumcajs..
Finding unused cells or wires in module $paramod$b049745b6f1e89ce45cffbd1455f86ba117e4804\buzzer..
Finding unused cells or wires in module $paramod$0207631bd49897fc40da4a49890f896231b73492\szymon_fixed..
Finding unused cells or wires in module $paramod\sync2\WIDTH=s32'00000000000000000000000000000100..
Removed 76 unused cells and 776 unused wires.
<suppressed ~89 debug messages>

13.6. Executing CHECK pass (checking for obvious problems).
Checking module $paramod$0207631bd49897fc40da4a49890f896231b73492\szymon_fixed...
Checking module $paramod$143b15b9608e06eea62a21ca91d45c97880ffd0d\kb...
Checking module $paramod$189e5c5ece264226de8c0df8c90596b8bf71b942\timebase...
Checking module $paramod$b049745b6f1e89ce45cffbd1455f86ba117e4804\buzzer...
Checking module $paramod$b92c0599001ba7fee29ca99bde4121d40086de58\regs...
Checking module $paramod\auth_ctrl\AUTH_TIMEOUT_MS=s32'00000000000000000001001110001000...
Checking module $paramod\sync2\WIDTH=s32'00000000000000000000000000000011...
Checking module $paramod\sync2\WIDTH=s32'00000000000000000000000000000100...
Checking module reset_release...
Checking module rumcajs...
Checking module serial_link...
Checking module tt_um_rumcajs...
Found and reported 0 problems.

13.7. Executing OPT pass (performing simple optimizations).

13.7.1. Executing OPT_EXPR pass (perform const folding).
Optimizing module $paramod$0207631bd49897fc40da4a49890f896231b73492\szymon_fixed.
Optimizing module $paramod$143b15b9608e06eea62a21ca91d45c97880ffd0d\kb.
Optimizing module $paramod$189e5c5ece264226de8c0df8c90596b8bf71b942\timebase.
Optimizing module $paramod$b049745b6f1e89ce45cffbd1455f86ba117e4804\buzzer.
Optimizing module $paramod$b92c0599001ba7fee29ca99bde4121d40086de58\regs.
Optimizing module $paramod\auth_ctrl\AUTH_TIMEOUT_MS=s32'00000000000000000001001110001000.
Optimizing module $paramod\sync2\WIDTH=s32'00000000000000000000000000000011.
Optimizing module $paramod\sync2\WIDTH=s32'00000000000000000000000000000100.
Optimizing module reset_release.
Optimizing module rumcajs.
Optimizing module serial_link.
Optimizing module tt_um_rumcajs.

13.7.2. Executing OPT_MERGE pass (detect identical cells).
Finding identical cells in module `$paramod$0207631bd49897fc40da4a49890f896231b73492\szymon_fixed'.
<suppressed ~96 debug messages>
Finding identical cells in module `$paramod$143b15b9608e06eea62a21ca91d45c97880ffd0d\kb'.
<suppressed ~36 debug messages>
Finding identical cells in module `$paramod$189e5c5ece264226de8c0df8c90596b8bf71b942\timebase'.
Finding identical cells in module `$paramod$b049745b6f1e89ce45cffbd1455f86ba117e4804\buzzer'.
<suppressed ~3 debug messages>
Finding identical cells in module `$paramod$b92c0599001ba7fee29ca99bde4121d40086de58\regs'.
<suppressed ~18 debug messages>
Finding identical cells in module `$paramod\auth_ctrl\AUTH_TIMEOUT_MS=s32'00000000000000000001001110001000'.
<suppressed ~93 debug messages>
Finding identical cells in module `$paramod\sync2\WIDTH=s32'00000000000000000000000000000011'.
Finding identical cells in module `$paramod\sync2\WIDTH=s32'00000000000000000000000000000100'.
Finding identical cells in module `\reset_release'.
Finding identical cells in module `\rumcajs'.
<suppressed ~3 debug messages>
Finding identical cells in module `\serial_link'.
<suppressed ~135 debug messages>
Finding identical cells in module `\tt_um_rumcajs'.
Removed a total of 128 cells.

13.7.3. Executing OPT_MUXTREE pass (detect dead branches in mux trees).
Running muxtree optimizer on module $paramod$0207631bd49897fc40da4a49890f896231b73492\szymon_fixed..
  Creating internal representation of mux trees.
  Evaluating internal representation of mux trees.
  Analyzing evaluation results.
Running muxtree optimizer on module $paramod$143b15b9608e06eea62a21ca91d45c97880ffd0d\kb..
  Creating internal representation of mux trees.
  Evaluating internal representation of mux trees.
      Replacing known input bits on port A of cell $procmux$1299: \blank_cycle -> 1'0
  Analyzing evaluation results.
    dead port 1/2 on $mux $procmux$957.
    dead port 1/2 on $mux $procmux$960.
    dead port 1/2 on $mux $procmux$963.
    dead port 1/2 on $mux $procmux$969.
    dead port 1/2 on $mux $procmux$972.
    dead port 1/2 on $mux $procmux$978.
Running muxtree optimizer on module $paramod$189e5c5ece264226de8c0df8c90596b8bf71b942\timebase..
  Creating internal representation of mux trees.
  Evaluating internal representation of mux trees.
  Analyzing evaluation results.
Running muxtree optimizer on module $paramod$b049745b6f1e89ce45cffbd1455f86ba117e4804\buzzer..
  Creating internal representation of mux trees.
  Evaluating internal representation of mux trees.
      Replacing known input bits on port A of cell $procmux$2008: \busy -> 1'1
      Replacing known input bits on port A of cell $procmux$2006: \busy -> 1'1
      Replacing known input bits on port A of cell $procmux$2011: \busy -> 1'0
  Analyzing evaluation results.
Running muxtree optimizer on module $paramod$b92c0599001ba7fee29ca99bde4121d40086de58\regs..
  Creating internal representation of mux trees.
  Evaluating internal representation of mux trees.
      Replacing known input bits on port B of cell $procmux$1420: \cold_rst_n -> 1'1
  Analyzing evaluation results.
Running muxtree optimizer on module $paramod\auth_ctrl\AUTH_TIMEOUT_MS=s32'00000000000000000001001110001000..
  Creating internal representation of mux trees.
  Evaluating internal representation of mux trees.
  Analyzing evaluation results.
Running muxtree optimizer on module $paramod\sync2\WIDTH=s32'00000000000000000000000000000011..
  Creating internal representation of mux trees.
  No muxes found in this module.
Running muxtree optimizer on module $paramod\sync2\WIDTH=s32'00000000000000000000000000000100..
  Creating internal representation of mux trees.
  No muxes found in this module.
Running muxtree optimizer on module \reset_release..
  Creating internal representation of mux trees.
  No muxes found in this module.
Running muxtree optimizer on module \rumcajs..
  Creating internal representation of mux trees.
  Evaluating internal representation of mux trees.
  Analyzing evaluation results.
Running muxtree optimizer on module \serial_link..
  Creating internal representation of mux trees.
  Evaluating internal representation of mux trees.
  Analyzing evaluation results.
Running muxtree optimizer on module \tt_um_rumcajs..
  Creating internal representation of mux trees.
  No muxes found in this module.
Removed 6 multiplexer ports.
<suppressed ~138 debug messages>

13.7.4. Executing OPT_REDUCE pass (consolidate $*mux and $reduce_* inputs).
  Optimizing cells in module $paramod$0207631bd49897fc40da4a49890f896231b73492\szymon_fixed.
    New ctrl vector for $pmux cell $procmux$2058: { \seal_ready $eq$src/szymon_fixed.v:220$624_Y \m_valid $auto$opt_reduce.cc:137:opt_pmux$2452 }
  Optimizing cells in module $paramod$0207631bd49897fc40da4a49890f896231b73492\szymon_fixed.
  Optimizing cells in module $paramod$143b15b9608e06eea62a21ca91d45c97880ffd0d\kb.
  Optimizing cells in module $paramod$189e5c5ece264226de8c0df8c90596b8bf71b942\timebase.
  Optimizing cells in module $paramod$b049745b6f1e89ce45cffbd1455f86ba117e4804\buzzer.
  Optimizing cells in module $paramod$b92c0599001ba7fee29ca99bde4121d40086de58\regs.
  Optimizing cells in module $paramod\auth_ctrl\AUTH_TIMEOUT_MS=s32'00000000000000000001001110001000.
  Optimizing cells in module $paramod\sync2\WIDTH=s32'00000000000000000000000000000011.
  Optimizing cells in module $paramod\sync2\WIDTH=s32'00000000000000000000000000000100.
  Optimizing cells in module \reset_release.
  Optimizing cells in module \rumcajs.
  Optimizing cells in module \serial_link.
    New ctrl vector for $pmux cell $procmux$1531: { $auto$opt_reduce.cc:137:opt_pmux$2454 $eq$src/serial_link.v:264$347_Y $eq$src/serial_link.v:75$294_Y $eq$src/serial_link.v:265$349_Y $eq$src/serial_link.v:267$352_Y }
  Optimizing cells in module \serial_link.
  Optimizing cells in module \tt_um_rumcajs.
Performed a total of 2 changes.

13.7.5. Executing OPT_MERGE pass (detect identical cells).
Finding identical cells in module `$paramod$0207631bd49897fc40da4a49890f896231b73492\szymon_fixed'.
<suppressed ~30 debug messages>
Finding identical cells in module `$paramod$143b15b9608e06eea62a21ca91d45c97880ffd0d\kb'.
<suppressed ~12 debug messages>
Finding identical cells in module `$paramod$189e5c5ece264226de8c0df8c90596b8bf71b942\timebase'.
Finding identical cells in module `$paramod$b049745b6f1e89ce45cffbd1455f86ba117e4804\buzzer'.
Finding identical cells in module `$paramod$b92c0599001ba7fee29ca99bde4121d40086de58\regs'.
Finding identical cells in module `$paramod\auth_ctrl\AUTH_TIMEOUT_MS=s32'00000000000000000001001110001000'.
<suppressed ~9 debug messages>
Finding identical cells in module `$paramod\sync2\WIDTH=s32'00000000000000000000000000000011'.
Finding identical cells in module `$paramod\sync2\WIDTH=s32'00000000000000000000000000000100'.
Finding identical cells in module `\reset_release'.
Finding identical cells in module `\rumcajs'.
Finding identical cells in module `\serial_link'.
<suppressed ~12 debug messages>
Finding identical cells in module `\tt_um_rumcajs'.
Removed a total of 21 cells.

13.7.6. Executing OPT_CLEAN pass (remove unused cells and wires).
Finding unused cells or wires in module $paramod$0207631bd49897fc40da4a49890f896231b73492\szymon_fixed..
Finding unused cells or wires in module $paramod$143b15b9608e06eea62a21ca91d45c97880ffd0d\kb..
Finding unused cells or wires in module $paramod$189e5c5ece264226de8c0df8c90596b8bf71b942\timebase..
Finding unused cells or wires in module $paramod$b049745b6f1e89ce45cffbd1455f86ba117e4804\buzzer..
Finding unused cells or wires in module $paramod$b92c0599001ba7fee29ca99bde4121d40086de58\regs..
Finding unused cells or wires in module $paramod\auth_ctrl\AUTH_TIMEOUT_MS=s32'00000000000000000001001110001000..
Finding unused cells or wires in module $paramod\sync2\WIDTH=s32'00000000000000000000000000000011..
Finding unused cells or wires in module $paramod\sync2\WIDTH=s32'00000000000000000000000000000100..
Finding unused cells or wires in module \reset_release..
Finding unused cells or wires in module \rumcajs..
Finding unused cells or wires in module \serial_link..
Finding unused cells or wires in module \tt_um_rumcajs..
Removed 0 unused cells and 153 unused wires.
<suppressed ~7 debug messages>

13.7.7. Executing OPT_EXPR pass (perform const folding).
Optimizing module $paramod$0207631bd49897fc40da4a49890f896231b73492\szymon_fixed.
<suppressed ~1 debug messages>
Optimizing module $paramod$143b15b9608e06eea62a21ca91d45c97880ffd0d\kb.
Optimizing module $paramod$189e5c5ece264226de8c0df8c90596b8bf71b942\timebase.
Optimizing module $paramod$b049745b6f1e89ce45cffbd1455f86ba117e4804\buzzer.
Optimizing module $paramod$b92c0599001ba7fee29ca99bde4121d40086de58\regs.
Optimizing module $paramod\auth_ctrl\AUTH_TIMEOUT_MS=s32'00000000000000000001001110001000.
Optimizing module $paramod\sync2\WIDTH=s32'00000000000000000000000000000011.
Optimizing module $paramod\sync2\WIDTH=s32'00000000000000000000000000000100.
Optimizing module reset_release.
Optimizing module rumcajs.
Optimizing module serial_link.
Optimizing module tt_um_rumcajs.

13.7.8. Rerunning OPT passes. (Maybe there is more to do..)

13.7.9. Executing OPT_MUXTREE pass (detect dead branches in mux trees).
Running muxtree optimizer on module $paramod$0207631bd49897fc40da4a49890f896231b73492\szymon_fixed..
  Creating internal representation of mux trees.
  Evaluating internal representation of mux trees.
  Analyzing evaluation results.
Running muxtree optimizer on module $paramod$143b15b9608e06eea62a21ca91d45c97880ffd0d\kb..
  Creating internal representation of mux trees.
  Evaluating internal representation of mux trees.
  Analyzing evaluation results.
Running muxtree optimizer on module $paramod$189e5c5ece264226de8c0df8c90596b8bf71b942\timebase..
  Creating internal representation of mux trees.
  Evaluating internal representation of mux trees.
  Analyzing evaluation results.
Running muxtree optimizer on module $paramod$b049745b6f1e89ce45cffbd1455f86ba117e4804\buzzer..
  Creating internal representation of mux trees.
  Evaluating internal representation of mux trees.
  Analyzing evaluation results.
Running muxtree optimizer on module $paramod$b92c0599001ba7fee29ca99bde4121d40086de58\regs..
  Creating internal representation of mux trees.
  Evaluating internal representation of mux trees.
  Analyzing evaluation results.
Running muxtree optimizer on module $paramod\auth_ctrl\AUTH_TIMEOUT_MS=s32'00000000000000000001001110001000..
  Creating internal representation of mux trees.
  Evaluating internal representation of mux trees.
  Analyzing evaluation results.
Running muxtree optimizer on module $paramod\sync2\WIDTH=s32'00000000000000000000000000000011..
  Creating internal representation of mux trees.
  No muxes found in this module.
Running muxtree optimizer on module $paramod\sync2\WIDTH=s32'00000000000000000000000000000100..
  Creating internal representation of mux trees.
  No muxes found in this module.
Running muxtree optimizer on module \reset_release..
  Creating internal representation of mux trees.
  No muxes found in this module.
Running muxtree optimizer on module \rumcajs..
  Creating internal representation of mux trees.
  Evaluating internal representation of mux trees.
  Analyzing evaluation results.
Running muxtree optimizer on module \serial_link..
  Creating internal representation of mux trees.
  Evaluating internal representation of mux trees.
  Analyzing evaluation results.
Running muxtree optimizer on module \tt_um_rumcajs..
  Creating internal representation of mux trees.
  No muxes found in this module.
Removed 0 multiplexer ports.
<suppressed ~130 debug messages>

13.7.10. Executing OPT_REDUCE pass (consolidate $*mux and $reduce_* inputs).
  Optimizing cells in module $paramod$0207631bd49897fc40da4a49890f896231b73492\szymon_fixed.
  Optimizing cells in module $paramod$143b15b9608e06eea62a21ca91d45c97880ffd0d\kb.
  Optimizing cells in module $paramod$189e5c5ece264226de8c0df8c90596b8bf71b942\timebase.
  Optimizing cells in module $paramod$b049745b6f1e89ce45cffbd1455f86ba117e4804\buzzer.
  Optimizing cells in module $paramod$b92c0599001ba7fee29ca99bde4121d40086de58\regs.
  Optimizing cells in module $paramod\auth_ctrl\AUTH_TIMEOUT_MS=s32'00000000000000000001001110001000.
  Optimizing cells in module $paramod\sync2\WIDTH=s32'00000000000000000000000000000011.
  Optimizing cells in module $paramod\sync2\WIDTH=s32'00000000000000000000000000000100.
  Optimizing cells in module \reset_release.
  Optimizing cells in module \rumcajs.
  Optimizing cells in module \serial_link.
    New ctrl vector for $pmux cell $procmux$1757: { $procmux$1565_CMP $auto$opt_reduce.cc:137:opt_pmux$2456 }
  Optimizing cells in module \serial_link.
  Optimizing cells in module \tt_um_rumcajs.
Performed a total of 1 changes.

13.7.11. Executing OPT_MERGE pass (detect identical cells).
Finding identical cells in module `$paramod$0207631bd49897fc40da4a49890f896231b73492\szymon_fixed'.
Finding identical cells in module `$paramod$143b15b9608e06eea62a21ca91d45c97880ffd0d\kb'.
Finding identical cells in module `$paramod$189e5c5ece264226de8c0df8c90596b8bf71b942\timebase'.
Finding identical cells in module `$paramod$b049745b6f1e89ce45cffbd1455f86ba117e4804\buzzer'.
Finding identical cells in module `$paramod$b92c0599001ba7fee29ca99bde4121d40086de58\regs'.
Finding identical cells in module `$paramod\auth_ctrl\AUTH_TIMEOUT_MS=s32'00000000000000000001001110001000'.
Finding identical cells in module `$paramod\sync2\WIDTH=s32'00000000000000000000000000000011'.
Finding identical cells in module `$paramod\sync2\WIDTH=s32'00000000000000000000000000000100'.
Finding identical cells in module `\reset_release'.
Finding identical cells in module `\rumcajs'.
Finding identical cells in module `\serial_link'.
Finding identical cells in module `\tt_um_rumcajs'.
Removed a total of 0 cells.

13.7.12. Executing OPT_CLEAN pass (remove unused cells and wires).
Finding unused cells or wires in module $paramod$0207631bd49897fc40da4a49890f896231b73492\szymon_fixed..
Finding unused cells or wires in module $paramod$143b15b9608e06eea62a21ca91d45c97880ffd0d\kb..
Finding unused cells or wires in module $paramod$189e5c5ece264226de8c0df8c90596b8bf71b942\timebase..
Finding unused cells or wires in module $paramod$b049745b6f1e89ce45cffbd1455f86ba117e4804\buzzer..
Finding unused cells or wires in module $paramod$b92c0599001ba7fee29ca99bde4121d40086de58\regs..
Finding unused cells or wires in module $paramod\auth_ctrl\AUTH_TIMEOUT_MS=s32'00000000000000000001001110001000..
Finding unused cells or wires in module $paramod\sync2\WIDTH=s32'00000000000000000000000000000011..
Finding unused cells or wires in module $paramod\sync2\WIDTH=s32'00000000000000000000000000000100..
Finding unused cells or wires in module \reset_release..
Finding unused cells or wires in module \rumcajs..
Finding unused cells or wires in module \serial_link..
Finding unused cells or wires in module \tt_um_rumcajs..
Removed 1 unused cells and 2 unused wires.
<suppressed ~2 debug messages>

13.7.13. Executing OPT_EXPR pass (perform const folding).
Optimizing module $paramod$0207631bd49897fc40da4a49890f896231b73492\szymon_fixed.
Optimizing module $paramod$143b15b9608e06eea62a21ca91d45c97880ffd0d\kb.
Optimizing module $paramod$189e5c5ece264226de8c0df8c90596b8bf71b942\timebase.
Optimizing module $paramod$b049745b6f1e89ce45cffbd1455f86ba117e4804\buzzer.
Optimizing module $paramod$b92c0599001ba7fee29ca99bde4121d40086de58\regs.
Optimizing module $paramod\auth_ctrl\AUTH_TIMEOUT_MS=s32'00000000000000000001001110001000.
Optimizing module $paramod\sync2\WIDTH=s32'00000000000000000000000000000011.
Optimizing module $paramod\sync2\WIDTH=s32'00000000000000000000000000000100.
Optimizing module reset_release.
Optimizing module rumcajs.
Optimizing module serial_link.
Optimizing module tt_um_rumcajs.

13.7.14. Rerunning OPT passes. (Maybe there is more to do..)

13.7.15. Executing OPT_MUXTREE pass (detect dead branches in mux trees).
Running muxtree optimizer on module $paramod$0207631bd49897fc40da4a49890f896231b73492\szymon_fixed..
  Creating internal representation of mux trees.
  Evaluating internal representation of mux trees.
  Analyzing evaluation results.
Running muxtree optimizer on module $paramod$143b15b9608e06eea62a21ca91d45c97880ffd0d\kb..
  Creating internal representation of mux trees.
  Evaluating internal representation of mux trees.
  Analyzing evaluation results.
Running muxtree optimizer on module $paramod$189e5c5ece264226de8c0df8c90596b8bf71b942\timebase..
  Creating internal representation of mux trees.
  Evaluating internal representation of mux trees.
  Analyzing evaluation results.
Running muxtree optimizer on module $paramod$b049745b6f1e89ce45cffbd1455f86ba117e4804\buzzer..
  Creating internal representation of mux trees.
  Evaluating internal representation of mux trees.
  Analyzing evaluation results.
Running muxtree optimizer on module $paramod$b92c0599001ba7fee29ca99bde4121d40086de58\regs..
  Creating internal representation of mux trees.
  Evaluating internal representation of mux trees.
  Analyzing evaluation results.
Running muxtree optimizer on module $paramod\auth_ctrl\AUTH_TIMEOUT_MS=s32'00000000000000000001001110001000..
  Creating internal representation of mux trees.
  Evaluating internal representation of mux trees.
  Analyzing evaluation results.
Running muxtree optimizer on module $paramod\sync2\WIDTH=s32'00000000000000000000000000000011..
  Creating internal representation of mux trees.
  No muxes found in this module.
Running muxtree optimizer on module $paramod\sync2\WIDTH=s32'00000000000000000000000000000100..
  Creating internal representation of mux trees.
  No muxes found in this module.
Running muxtree optimizer on module \reset_release..
  Creating internal representation of mux trees.
  No muxes found in this module.
Running muxtree optimizer on module \rumcajs..
  Creating internal representation of mux trees.
  Evaluating internal representation of mux trees.
  Analyzing evaluation results.
Running muxtree optimizer on module \serial_link..
  Creating internal representation of mux trees.
  Evaluating internal representation of mux trees.
  Analyzing evaluation results.
Running muxtree optimizer on module \tt_um_rumcajs..
  Creating internal representation of mux trees.
  No muxes found in this module.
Removed 0 multiplexer ports.
<suppressed ~130 debug messages>

13.7.16. Executing OPT_REDUCE pass (consolidate $*mux and $reduce_* inputs).
  Optimizing cells in module $paramod$0207631bd49897fc40da4a49890f896231b73492\szymon_fixed.
  Optimizing cells in module $paramod$143b15b9608e06eea62a21ca91d45c97880ffd0d\kb.
  Optimizing cells in module $paramod$189e5c5ece264226de8c0df8c90596b8bf71b942\timebase.
  Optimizing cells in module $paramod$b049745b6f1e89ce45cffbd1455f86ba117e4804\buzzer.
  Optimizing cells in module $paramod$b92c0599001ba7fee29ca99bde4121d40086de58\regs.
  Optimizing cells in module $paramod\auth_ctrl\AUTH_TIMEOUT_MS=s32'00000000000000000001001110001000.
  Optimizing cells in module $paramod\sync2\WIDTH=s32'00000000000000000000000000000011.
  Optimizing cells in module $paramod\sync2\WIDTH=s32'00000000000000000000000000000100.
  Optimizing cells in module \reset_release.
  Optimizing cells in module \rumcajs.
  Optimizing cells in module \serial_link.
  Optimizing cells in module \tt_um_rumcajs.
Performed a total of 0 changes.

13.7.17. Executing OPT_MERGE pass (detect identical cells).
Finding identical cells in module `$paramod$0207631bd49897fc40da4a49890f896231b73492\szymon_fixed'.
Finding identical cells in module `$paramod$143b15b9608e06eea62a21ca91d45c97880ffd0d\kb'.
Finding identical cells in module `$paramod$189e5c5ece264226de8c0df8c90596b8bf71b942\timebase'.
Finding identical cells in module `$paramod$b049745b6f1e89ce45cffbd1455f86ba117e4804\buzzer'.
Finding identical cells in module `$paramod$b92c0599001ba7fee29ca99bde4121d40086de58\regs'.
Finding identical cells in module `$paramod\auth_ctrl\AUTH_TIMEOUT_MS=s32'00000000000000000001001110001000'.
Finding identical cells in module `$paramod\sync2\WIDTH=s32'00000000000000000000000000000011'.
Finding identical cells in module `$paramod\sync2\WIDTH=s32'00000000000000000000000000000100'.
Finding identical cells in module `\reset_release'.
Finding identical cells in module `\rumcajs'.
Finding identical cells in module `\serial_link'.
Finding identical cells in module `\tt_um_rumcajs'.
Removed a total of 0 cells.

13.7.18. Executing OPT_CLEAN pass (remove unused cells and wires).
Finding unused cells or wires in module $paramod$0207631bd49897fc40da4a49890f896231b73492\szymon_fixed..
Finding unused cells or wires in module $paramod$143b15b9608e06eea62a21ca91d45c97880ffd0d\kb..
Finding unused cells or wires in module $paramod$189e5c5ece264226de8c0df8c90596b8bf71b942\timebase..
Finding unused cells or wires in module $paramod$b049745b6f1e89ce45cffbd1455f86ba117e4804\buzzer..
Finding unused cells or wires in module $paramod$b92c0599001ba7fee29ca99bde4121d40086de58\regs..
Finding unused cells or wires in module $paramod\auth_ctrl\AUTH_TIMEOUT_MS=s32'00000000000000000001001110001000..
Finding unused cells or wires in module $paramod\sync2\WIDTH=s32'00000000000000000000000000000011..
Finding unused cells or wires in module $paramod\sync2\WIDTH=s32'00000000000000000000000000000100..
Finding unused cells or wires in module \reset_release..
Finding unused cells or wires in module \rumcajs..
Finding unused cells or wires in module \serial_link..
Finding unused cells or wires in module \tt_um_rumcajs..

13.7.19. Executing OPT_EXPR pass (perform const folding).
Optimizing module $paramod$0207631bd49897fc40da4a49890f896231b73492\szymon_fixed.
Optimizing module $paramod$143b15b9608e06eea62a21ca91d45c97880ffd0d\kb.
Optimizing module $paramod$189e5c5ece264226de8c0df8c90596b8bf71b942\timebase.
Optimizing module $paramod$b049745b6f1e89ce45cffbd1455f86ba117e4804\buzzer.
Optimizing module $paramod$b92c0599001ba7fee29ca99bde4121d40086de58\regs.
Optimizing module $paramod\auth_ctrl\AUTH_TIMEOUT_MS=s32'00000000000000000001001110001000.
Optimizing module $paramod\sync2\WIDTH=s32'00000000000000000000000000000011.
Optimizing module $paramod\sync2\WIDTH=s32'00000000000000000000000000000100.
Optimizing module reset_release.
Optimizing module rumcajs.
Optimizing module serial_link.
Optimizing module tt_um_rumcajs.

13.7.20. Finished OPT passes. (There is nothing left to do.)

13.8. Executing WREDUCE pass (reducing word size of cells).
Removed top 1 bits (of 6) from port B of cell $paramod$0207631bd49897fc40da4a49890f896231b73492\szymon_fixed.$sub$src/szymon_fixed.v:84$558 ($sub).
Removed top 4 bits (of 6) from mux cell $paramod$0207631bd49897fc40da4a49890f896231b73492\szymon_fixed.$ternary$src/szymon_fixed.v:88$563 ($mux).
Removed top 4 bits (of 6) from port B of cell $paramod$0207631bd49897fc40da4a49890f896231b73492\szymon_fixed.$sub$src/szymon_fixed.v:88$564 ($sub).
Removed top 1 bits (of 3) from port B of cell $paramod$0207631bd49897fc40da4a49890f896231b73492\szymon_fixed.$ne$src/szymon_fixed.v:109$580 ($ne).
Removed top 2 bits (of 3) from port B of cell $paramod$0207631bd49897fc40da4a49890f896231b73492\szymon_fixed.$eq$src/szymon_fixed.v:129$600 ($eq).
Removed top 1 bits (of 3) from port B of cell $paramod$0207631bd49897fc40da4a49890f896231b73492\szymon_fixed.$eq$src/szymon_fixed.v:130$601 ($eq).
Removed top 1 bits (of 6) from port B of cell $paramod$0207631bd49897fc40da4a49890f896231b73492\szymon_fixed.$eq$src/szymon_fixed.v:175$615 ($eq).
Removed top 1 bits (of 3) from port B of cell $paramod$0207631bd49897fc40da4a49890f896231b73492\szymon_fixed.$eq$src/szymon_fixed.v:220$624 ($eq).
Removed top 2 bits (of 5) from mux cell $paramod$0207631bd49897fc40da4a49890f896231b73492\szymon_fixed.$procmux$2160 ($pmux).
Removed top 1 bits (of 2) from port B of cell $paramod$0207631bd49897fc40da4a49890f896231b73492\szymon_fixed.$procmux$2162_CMP0 ($eq).
Removed top 4 bits (of 6) from wire $paramod$0207631bd49897fc40da4a49890f896231b73492\szymon_fixed.$ternary$src/szymon_fixed.v:88$563_Y.
Removed top 2 bits (of 5) from wire $paramod$0207631bd49897fc40da4a49890f896231b73492\szymon_fixed.bit_offset.
Removed top 30 bits (of 32) from port B of cell $paramod$143b15b9608e06eea62a21ca91d45c97880ffd0d\kb.$ge$src/kb.v:77$841 ($ge).
Removed top 3 bits (of 4) from port A of cell $paramod$143b15b9608e06eea62a21ca91d45c97880ffd0d\kb.$shl$src/kb.v:94$845 ($shl).
Removed top 1 bits (of 2) from port B of cell $paramod$143b15b9608e06eea62a21ca91d45c97880ffd0d\kb.$eq$src/kb.v:171$861 ($eq).
Removed top 30 bits (of 32) from port B of cell $paramod$143b15b9608e06eea62a21ca91d45c97880ffd0d\kb.$ge$src/kb.v:183$862 ($ge).
Removed top 27 bits (of 32) from port Y of cell $paramod$143b15b9608e06eea62a21ca91d45c97880ffd0d\kb.$sub$src/kb.v:269$892 ($sub).
Removed top 31 bits (of 32) from port A of cell $paramod$143b15b9608e06eea62a21ca91d45c97880ffd0d\kb.$add$src/kb.v:38$908 ($add).
Removed top 31 bits (of 32) from port B of cell $paramod$143b15b9608e06eea62a21ca91d45c97880ffd0d\kb.$add$src/kb.v:38$908 ($add).
Removed top 30 bits (of 32) from port Y of cell $paramod$143b15b9608e06eea62a21ca91d45c97880ffd0d\kb.$add$src/kb.v:38$908 ($add).
Removed top 30 bits (of 32) from port A of cell $paramod$143b15b9608e06eea62a21ca91d45c97880ffd0d\kb.$add$src/kb.v:38$909 ($add).
Removed top 31 bits (of 32) from port B of cell $paramod$143b15b9608e06eea62a21ca91d45c97880ffd0d\kb.$add$src/kb.v:38$909 ($add).
Removed top 29 bits (of 32) from port Y of cell $paramod$143b15b9608e06eea62a21ca91d45c97880ffd0d\kb.$add$src/kb.v:38$909 ($add).
Removed top 29 bits (of 32) from port A of cell $paramod$143b15b9608e06eea62a21ca91d45c97880ffd0d\kb.$add$src/kb.v:38$910 ($add).
Removed top 31 bits (of 32) from port B of cell $paramod$143b15b9608e06eea62a21ca91d45c97880ffd0d\kb.$add$src/kb.v:38$910 ($add).
Removed top 28 bits (of 32) from port Y of cell $paramod$143b15b9608e06eea62a21ca91d45c97880ffd0d\kb.$add$src/kb.v:38$910 ($add).
Removed top 27 bits (of 32) from port A of cell $paramod$143b15b9608e06eea62a21ca91d45c97880ffd0d\kb.$ge$src/kb.v:40$911 ($ge).
Removed top 29 bits (of 32) from port B of cell $paramod$143b15b9608e06eea62a21ca91d45c97880ffd0d\kb.$ge$src/kb.v:40$911 ($ge).
Converting cell $paramod$143b15b9608e06eea62a21ca91d45c97880ffd0d\kb.$ge$src/kb.v:40$911 ($ge) from signed to unsigned.
Removed top 1 bits (of 5) from port A of cell $paramod$143b15b9608e06eea62a21ca91d45c97880ffd0d\kb.$ge$src/kb.v:40$911 ($ge).
Removed top 1 bits (of 3) from port B of cell $paramod$143b15b9608e06eea62a21ca91d45c97880ffd0d\kb.$ge$src/kb.v:40$911 ($ge).
Removed top 28 bits (of 32) from wire $paramod$143b15b9608e06eea62a21ca91d45c97880ffd0d\kb.$0\hit_count$func$src/kb.v:75$837.count[31:0]$907.
Removed top 30 bits (of 32) from wire $paramod$143b15b9608e06eea62a21ca91d45c97880ffd0d\kb.$add$src/kb.v:38$908_Y.
Removed top 29 bits (of 32) from wire $paramod$143b15b9608e06eea62a21ca91d45c97880ffd0d\kb.$add$src/kb.v:38$909_Y.
Removed top 1 bits (of 32) from wire $paramod$143b15b9608e06eea62a21ca91d45c97880ffd0d\kb.$and$src/kb.v:269$893_Y.
Removed top 31 bits (of 32) from wire $paramod$143b15b9608e06eea62a21ca91d45c97880ffd0d\kb.$sub$src/kb.v:269$892_Y.
Removed top 28 address bits (of 32) from memory init port $paramod$b92c0599001ba7fee29ca99bde4121d40086de58\regs.$auto$mem.cc:328:emit$934 ($auto$proc_rom.cc:155:do_switch$932).
Removed top 3 bits (of 16) from port B of cell $paramod$b92c0599001ba7fee29ca99bde4121d40086de58\regs.$eq$src/regs.v:69$783 ($eq).
Removed top 30 bits (of 32) from port B of cell $paramod$b92c0599001ba7fee29ca99bde4121d40086de58\regs.$ge$src/regs.v:98$785 ($ge).
Removed top 30 bits (of 32) from port B of cell $paramod$b92c0599001ba7fee29ca99bde4121d40086de58\regs.$lt$src/regs.v:110$803 ($lt).
Removed top 30 bits (of 32) from port B of cell $paramod$b92c0599001ba7fee29ca99bde4121d40086de58\regs.$le$src/regs.v:169$821 ($le).
Removed top 2 bits (of 4) from port B of cell $paramod\auth_ctrl\AUTH_TIMEOUT_MS=s32'00000000000000000001001110001000.$ne$src/auth_ctrl.v:69$683 ($ne).
Removed top 1 bits (of 4) from port B of cell $paramod\auth_ctrl\AUTH_TIMEOUT_MS=s32'00000000000000000001001110001000.$ne$src/auth_ctrl.v:69$685 ($ne).
Removed top 3 bits (of 4) from port B of cell $paramod\auth_ctrl\AUTH_TIMEOUT_MS=s32'00000000000000000001001110001000.$eq$src/auth_ctrl.v:79$694 ($eq).
Removed top 1 bits (of 4) from port B of cell $paramod\auth_ctrl\AUTH_TIMEOUT_MS=s32'00000000000000000001001110001000.$eq$src/auth_ctrl.v:80$695 ($eq).
Removed top 2 bits (of 4) from port B of cell $paramod\auth_ctrl\AUTH_TIMEOUT_MS=s32'00000000000000000001001110001000.$eq$src/auth_ctrl.v:81$696 ($eq).
Removed top 1 bits (of 4) from port B of cell $paramod\auth_ctrl\AUTH_TIMEOUT_MS=s32'00000000000000000001001110001000.$eq$src/auth_ctrl.v:82$697 ($eq).
Removed top 2 bits (of 4) from port B of cell $paramod\auth_ctrl\AUTH_TIMEOUT_MS=s32'00000000000000000001001110001000.$eq$src/auth_ctrl.v:86$701 ($eq).
Removed top 1 bits (of 4) from port B of cell $paramod\auth_ctrl\AUTH_TIMEOUT_MS=s32'00000000000000000001001110001000.$eq$src/auth_ctrl.v:180$730 ($eq).
Removed top 19 bits (of 32) from port B of cell $paramod\auth_ctrl\AUTH_TIMEOUT_MS=s32'00000000000000000001001110001000.$lt$src/auth_ctrl.v:194$737 ($lt).
Removed top 3 bits (of 4) from port B of cell $paramod\auth_ctrl\AUTH_TIMEOUT_MS=s32'00000000000000000001001110001000.$ge$src/auth_ctrl.v:197$741 ($ge).
Removed top 2 bits (of 4) from port B of cell $paramod\auth_ctrl\AUTH_TIMEOUT_MS=s32'00000000000000000001001110001000.$ge$src/auth_ctrl.v:199$745 ($ge).
Removed top 1 bits (of 4) from port B of cell $paramod\auth_ctrl\AUTH_TIMEOUT_MS=s32'00000000000000000001001110001000.$ge$src/auth_ctrl.v:201$749 ($ge).
Removed top 1 bits (of 4) from port B of cell $paramod\auth_ctrl\AUTH_TIMEOUT_MS=s32'00000000000000000001001110001000.$ge$src/auth_ctrl.v:203$753 ($ge).
Removed top 1 bits (of 4) from port B of cell $paramod\auth_ctrl\AUTH_TIMEOUT_MS=s32'00000000000000000001001110001000.$procmux$1948_CMP0 ($eq).
Removed top 1 bits (of 3) from port B of cell serial_link.$eq$src/serial_link.v:75$294 ($eq).
Removed top 1 bits (of 7) from port B of cell serial_link.$eq$src/serial_link.v:208$323 ($eq).
Removed top 1 bits (of 3) from port B of cell serial_link.$eq$src/serial_link.v:264$347 ($eq).
Removed top 2 bits (of 3) from port B of cell serial_link.$procmux$1564_CMP0 ($eq).

13.9. Executing OPT_CLEAN pass (remove unused cells and wires).
Finding unused cells or wires in module $paramod$0207631bd49897fc40da4a49890f896231b73492\szymon_fixed..
Finding unused cells or wires in module $paramod$143b15b9608e06eea62a21ca91d45c97880ffd0d\kb..
Finding unused cells or wires in module $paramod$189e5c5ece264226de8c0df8c90596b8bf71b942\timebase..
Finding unused cells or wires in module $paramod$b049745b6f1e89ce45cffbd1455f86ba117e4804\buzzer..
Finding unused cells or wires in module $paramod$b92c0599001ba7fee29ca99bde4121d40086de58\regs..
Finding unused cells or wires in module $paramod\auth_ctrl\AUTH_TIMEOUT_MS=s32'00000000000000000001001110001000..
Finding unused cells or wires in module $paramod\sync2\WIDTH=s32'00000000000000000000000000000011..
Finding unused cells or wires in module $paramod\sync2\WIDTH=s32'00000000000000000000000000000100..
Finding unused cells or wires in module \reset_release..
Finding unused cells or wires in module \rumcajs..
Finding unused cells or wires in module \serial_link..
Finding unused cells or wires in module \tt_um_rumcajs..
Removed 0 unused cells and 6 unused wires.
<suppressed ~2 debug messages>

13.10. Executing MEMORY_COLLECT pass (generating $mem cells).

13.11. Executing OPT pass (performing simple optimizations).

13.11.1. Executing OPT_EXPR pass (perform const folding).
Optimizing module $paramod$0207631bd49897fc40da4a49890f896231b73492\szymon_fixed.
Optimizing module $paramod$143b15b9608e06eea62a21ca91d45c97880ffd0d\kb.
Optimizing module $paramod$189e5c5ece264226de8c0df8c90596b8bf71b942\timebase.
Optimizing module $paramod$b049745b6f1e89ce45cffbd1455f86ba117e4804\buzzer.
Optimizing module $paramod$b92c0599001ba7fee29ca99bde4121d40086de58\regs.
Optimizing module $paramod\auth_ctrl\AUTH_TIMEOUT_MS=s32'00000000000000000001001110001000.
Optimizing module $paramod\sync2\WIDTH=s32'00000000000000000000000000000011.
Optimizing module $paramod\sync2\WIDTH=s32'00000000000000000000000000000100.
Optimizing module reset_release.
Optimizing module rumcajs.
Optimizing module serial_link.
Optimizing module tt_um_rumcajs.

13.11.2. Executing OPT_MERGE pass (detect identical cells).
Finding identical cells in module `$paramod$0207631bd49897fc40da4a49890f896231b73492\szymon_fixed'.
Finding identical cells in module `$paramod$143b15b9608e06eea62a21ca91d45c97880ffd0d\kb'.
Finding identical cells in module `$paramod$189e5c5ece264226de8c0df8c90596b8bf71b942\timebase'.
Finding identical cells in module `$paramod$b049745b6f1e89ce45cffbd1455f86ba117e4804\buzzer'.
Finding identical cells in module `$paramod$b92c0599001ba7fee29ca99bde4121d40086de58\regs'.
Finding identical cells in module `$paramod\auth_ctrl\AUTH_TIMEOUT_MS=s32'00000000000000000001001110001000'.
Finding identical cells in module `$paramod\sync2\WIDTH=s32'00000000000000000000000000000011'.
Finding identical cells in module `$paramod\sync2\WIDTH=s32'00000000000000000000000000000100'.
Finding identical cells in module `\reset_release'.
Finding identical cells in module `\rumcajs'.
Finding identical cells in module `\serial_link'.
Finding identical cells in module `\tt_um_rumcajs'.
Removed a total of 0 cells.

13.11.3. Executing OPT_CLEAN pass (remove unused cells and wires).
Finding unused cells or wires in module $paramod$0207631bd49897fc40da4a49890f896231b73492\szymon_fixed..
Finding unused cells or wires in module $paramod$143b15b9608e06eea62a21ca91d45c97880ffd0d\kb..
Finding unused cells or wires in module $paramod$189e5c5ece264226de8c0df8c90596b8bf71b942\timebase..
Finding unused cells or wires in module $paramod$b049745b6f1e89ce45cffbd1455f86ba117e4804\buzzer..
Finding unused cells or wires in module $paramod$b92c0599001ba7fee29ca99bde4121d40086de58\regs..
Finding unused cells or wires in module $paramod\auth_ctrl\AUTH_TIMEOUT_MS=s32'00000000000000000001001110001000..
Finding unused cells or wires in module $paramod\sync2\WIDTH=s32'00000000000000000000000000000011..
Finding unused cells or wires in module $paramod\sync2\WIDTH=s32'00000000000000000000000000000100..
Finding unused cells or wires in module \reset_release..
Finding unused cells or wires in module \rumcajs..
Finding unused cells or wires in module \serial_link..
Finding unused cells or wires in module \tt_um_rumcajs..

13.11.4. Finished fast OPT passes.

13.12. Printing statistics.

=== $paramod$0207631bd49897fc40da4a49890f896231b73492\szymon_fixed ===

   Number of wires:                140
   Number of wire bits:            505
   Number of public wires:          44
   Number of public wire bits:     147
   Number of ports:                 14
   Number of port bits:             14
   Number of memories:               0
   Number of memory bits:            0
   Number of processes:              0
   Number of cells:                138
     $add                            5
     $adff                           3
     $and                            4
     $check                          7
     $dff                            9
     $eq                            14
     $le                             3
     $logic_and                     12
     $logic_not                      7
     $logic_or                       5
     $lt                             1
     $mux                           47
     $ne                             1
     $not                            1
     $pmux                           4
     $reduce_bool                    1
     $reduce_or                      1
     $shiftx                         2
     $sub                            2
     $xor                            9

=== $paramod$143b15b9608e06eea62a21ca91d45c97880ffd0d\kb ===

   Number of wires:                220
   Number of wire bits:            534
   Number of public wires:          34
   Number of public wire bits:     109
   Number of ports:                 10
   Number of port bits:             19
   Number of memories:               0
   Number of memory bits:            0
   Number of processes:              0
   Number of cells:                212
     $add                            6
     $adff                          12
     $and                            1
     $check                          4
     $dff                            3
     $eq                             4
     $ge                             3
     $logic_and                     10
     $logic_not                      9
     $logic_or                       1
     $mux                          152
     $ne                             1
     $not                            1
     $paramod\sync2\WIDTH=s32'00000000000000000000000000000100      1
     $reduce_bool                    2
     $shl                            1
     $sub                            1

=== $paramod$189e5c5ece264226de8c0df8c90596b8bf71b942\timebase ===

   Number of wires:                 16
   Number of wire bits:             41
   Number of public wires:           6
   Number of public wire bits:      14
   Number of ports:                  4
   Number of port bits:              4
   Number of memories:               0
   Number of memory bits:            0
   Number of processes:              0
   Number of cells:                 14
     $add                            2
     $adff                           4
     $eq                             2
     $mux                            6

=== $paramod$b049745b6f1e89ce45cffbd1455f86ba117e4804\buzzer ===

   Number of wires:                 34
   Number of wire bits:             59
   Number of public wires:          10
   Number of public wire bits:      15
   Number of ports:                  7
   Number of port bits:              7
   Number of memories:               0
   Number of memory bits:            0
   Number of processes:              0
   Number of cells:                 29
     $add                            2
     $adff                           4
     $eq                             1
     $logic_and                      3
     $logic_not                      1
     $mux                           17
     $not                            1

=== $paramod$b92c0599001ba7fee29ca99bde4121d40086de58\regs ===

   Number of wires:                 92
   Number of wire bits:            328
   Number of public wires:          30
   Number of public wire bits:     101
   Number of ports:                 14
   Number of port bits:             17
   Number of memories:               0
   Number of memory bits:            0
   Number of processes:              0
   Number of cells:                 85
     $add                            2
     $adff                           5
     $check                          5
     $dff                            5
     $eq                             2
     $ge                             2
     $gt                             1
     $le                             1
     $logic_and                     14
     $logic_not                      6
     $logic_or                       1
     $lt                             1
     $mem_v2                         1
     $mux                           39

=== $paramod\auth_ctrl\AUTH_TIMEOUT_MS=s32'00000000000000000001001110001000 ===

   Number of wires:                143
   Number of wire bits:            281
   Number of public wires:          35
   Number of public wire bits:      53
   Number of ports:                 23
   Number of port bits:             23
   Number of memories:               0
   Number of memory bits:            0
   Number of processes:              0
   Number of cells:                141
     $add                            1
     $adff                           3
     $check                         13
     $dff                            7
     $eq                            11
     $ge                             4
     $le                             2
     $logic_and                     24
     $logic_not                      7
     $logic_or                       5
     $lt                             1
     $mux                           55
     $ne                             6
     $pmux                           1
     $reduce_bool                    1

=== $paramod\sync2\WIDTH=s32'00000000000000000000000000000011 ===

   Number of wires:                  5
   Number of wire bits:             11
   Number of public wires:           5
   Number of public wire bits:      11
   Number of ports:                  4
   Number of port bits:              8
   Number of memories:               0
   Number of memory bits:            0
   Number of processes:              0
   Number of cells:                  2
     $adff                           2

=== $paramod\sync2\WIDTH=s32'00000000000000000000000000000100 ===

   Number of wires:                  5
   Number of wire bits:             14
   Number of public wires:           5
   Number of public wire bits:      14
   Number of ports:                  4
   Number of port bits:             10
   Number of memories:               0
   Number of memory bits:            0
   Number of processes:              0
   Number of cells:                  2
     $adff                           2

=== reset_release ===

   Number of wires:                  4
   Number of wire bits:              5
   Number of public wires:           4
   Number of public wire bits:       5
   Number of ports:                  3
   Number of port bits:              3
   Number of memories:               0
   Number of memory bits:            0
   Number of processes:              0
   Number of cells:                  1
     $adff                           1

=== rumcajs ===

   Number of wires:                 57
   Number of wire bits:             69
   Number of public wires:          57
   Number of public wire bits:      69
   Number of ports:                 12
   Number of port bits:             18
   Number of memories:               0
   Number of memory bits:            0
   Number of processes:              0
   Number of cells:                 17
     $logic_and                      2
     $logic_or                       1
     $mux                            5
     $paramod$0207631bd49897fc40da4a49890f896231b73492\szymon_fixed      1
     $paramod$143b15b9608e06eea62a21ca91d45c97880ffd0d\kb      1
     $paramod$189e5c5ece264226de8c0df8c90596b8bf71b942\timebase      1
     $paramod$b049745b6f1e89ce45cffbd1455f86ba117e4804\buzzer      1
     $paramod$b92c0599001ba7fee29ca99bde4121d40086de58\regs      1
     $paramod\auth_ctrl\AUTH_TIMEOUT_MS=s32'00000000000000000001001110001000      1
     reset_release                   2
     serial_link                     1

=== serial_link ===

   Number of wires:                207
   Number of wire bits:            331
   Number of public wires:          47
   Number of public wire bits:      57
   Number of ports:                 22
   Number of port bits:             22
   Number of memories:               0
   Number of memory bits:            0
   Number of processes:              0
   Number of cells:                199
     $add                            1
     $adff                          16
     $check                          9
     $dff                            3
     $eq                             8
     $ge                             1
     $le                             2
     $logic_and                     21
     $logic_not                     15
     $logic_or                       6
     $mux                          103
     $ne                             2
     $not                            1
     $paramod\sync2\WIDTH=s32'00000000000000000000000000000011      1
     $pmux                           8
     $reduce_or                      2

=== tt_um_rumcajs ===

   Number of wires:                 14
   Number of wire bits:             52
   Number of public wires:          14
   Number of public wire bits:      52
   Number of ports:                  8
   Number of port bits:             43
   Number of memories:               0
   Number of memory bits:            0
   Number of processes:              0
   Number of cells:                  4
     $check                          3
     rumcajs                         1

=== design hierarchy ===

   tt_um_rumcajs                     1
     rumcajs                         1
       $paramod$0207631bd49897fc40da4a49890f896231b73492\szymon_fixed      1
       $paramod$143b15b9608e06eea62a21ca91d45c97880ffd0d\kb      1
         $paramod\sync2\WIDTH=s32'00000000000000000000000000000100      1
       $paramod$189e5c5ece264226de8c0df8c90596b8bf71b942\timebase      1
       $paramod$b049745b6f1e89ce45cffbd1455f86ba117e4804\buzzer      1
       $paramod$b92c0599001ba7fee29ca99bde4121d40086de58\regs      1
       $paramod\auth_ctrl\AUTH_TIMEOUT_MS=s32'00000000000000000001001110001000      1
       reset_release                 2
       serial_link                   1
         $paramod\sync2\WIDTH=s32'00000000000000000000000000000011      1

   Number of wires:                941
   Number of wire bits:           2235
   Number of public wires:         295
   Number of public wire bits:     652
   Number of ports:                128
   Number of port bits:            191
   Number of memories:               0
   Number of memory bits:            0
   Number of processes:              0
   Number of cells:                833
     $add                           19
     $adff                          53
     $and                            5
     $check                         41
     $dff                           27
     $eq                            42
     $ge                            10
     $gt                             1
     $le                             8
     $logic_and                     86
     $logic_not                     45
     $logic_or                      19
     $lt                             3
     $mem_v2                         1
     $mux                          424
     $ne                            10
     $not                            4
     $pmux                          13
     $reduce_bool                    4
     $reduce_or                      3
     $shiftx                         2
     $shl                            1
     $sub                            3
     $xor                            9

13.13. Executing CHECK pass (checking for obvious problems).
Checking module $paramod$0207631bd49897fc40da4a49890f896231b73492\szymon_fixed...
Checking module $paramod$143b15b9608e06eea62a21ca91d45c97880ffd0d\kb...
Checking module $paramod$189e5c5ece264226de8c0df8c90596b8bf71b942\timebase...
Checking module $paramod$b049745b6f1e89ce45cffbd1455f86ba117e4804\buzzer...
Checking module $paramod$b92c0599001ba7fee29ca99bde4121d40086de58\regs...
Checking module $paramod\auth_ctrl\AUTH_TIMEOUT_MS=s32'00000000000000000001001110001000...
Checking module $paramod\sync2\WIDTH=s32'00000000000000000000000000000011...
Checking module $paramod\sync2\WIDTH=s32'00000000000000000000000000000100...
Checking module reset_release...
Checking module rumcajs...
Checking module serial_link...
Checking module tt_um_rumcajs...
Found and reported 0 problems.

14. Executing ASYNC2SYNC pass.
Replacing $paramod$0207631bd49897fc40da4a49890f896231b73492\szymon_fixed.$procdff$2427 ($adff): ARST=\rst_n, D=$0\state[2:0], Q=\state
Replacing $paramod$0207631bd49897fc40da4a49890f896231b73492\szymon_fixed.$procdff$2432 ($adff): ARST=\rst_n, D=$0\bit_count[5:0], Q=\bit_count
Replacing $paramod$0207631bd49897fc40da4a49890f896231b73492\szymon_fixed.$procdff$2437 ($adff): ARST=\rst_n, D=$0\round_count[5:0], Q=\round_count
Replacing $paramod$143b15b9608e06eea62a21ca91d45c97880ffd0d\kb.$procdff$2201 ($adff): ARST=\rst_n, D=$0\key_valid[0:0], Q=\key_valid
Replacing $paramod$143b15b9608e06eea62a21ca91d45c97880ffd0d\kb.$procdff$2206 ($adff): ARST=\rst_n, D=$0\key_id[3:0], Q=\key_id
Replacing $paramod$143b15b9608e06eea62a21ca91d45c97880ffd0d\kb.$procdff$2211 ($adff): ARST=\rst_n, D=$0\row_index[1:0], Q=\row_index
Replacing $paramod$143b15b9608e06eea62a21ca91d45c97880ffd0d\kb.$procdff$2216 ($adff): ARST=\rst_n, D=$0\blank_cycle[0:0], Q=\blank_cycle
Replacing $paramod$143b15b9608e06eea62a21ca91d45c97880ffd0d\kb.$procdff$2221 ($adff): ARST=\rst_n, D=$0\frame_hits[1:0], Q=\frame_hits
Replacing $paramod$143b15b9608e06eea62a21ca91d45c97880ffd0d\kb.$procdff$2226 ($adff): ARST=\rst_n, D=$0\frame_first_id[3:0], Q=\frame_first_id
Replacing $paramod$143b15b9608e06eea62a21ca91d45c97880ffd0d\kb.$procdff$2231 ($adff): ARST=\rst_n, D=$0\armed[0:0], Q=\armed
Replacing $paramod$143b15b9608e06eea62a21ca91d45c97880ffd0d\kb.$procdff$2236 ($adff): ARST=\rst_n, D=$0\gesture_active[0:0], Q=\gesture_active
Replacing $paramod$143b15b9608e06eea62a21ca91d45c97880ffd0d\kb.$procdff$2241 ($adff): ARST=\rst_n, D=$0\gesture_qualified[0:0], Q=\gesture_qualified
Replacing $paramod$143b15b9608e06eea62a21ca91d45c97880ffd0d\kb.$procdff$2246 ($adff): ARST=\rst_n, D=$0\gesture_poisoned[0:0], Q=\gesture_poisoned
Replacing $paramod$143b15b9608e06eea62a21ca91d45c97880ffd0d\kb.$procdff$2251 ($adff): ARST=\rst_n, D=$0\releasing[0:0], Q=\releasing
Replacing $paramod$143b15b9608e06eea62a21ca91d45c97880ffd0d\kb.$procdff$2256 ($adff): ARST=\rst_n, D=$0\debounce_count[4:0], Q=\debounce_count
Replacing $paramod$189e5c5ece264226de8c0df8c90596b8bf71b942\timebase.$procdff$2178 ($adff): ARST=\rst_n, D=$0\ms_tick[0:0], Q=\ms_tick
Replacing $paramod$189e5c5ece264226de8c0df8c90596b8bf71b942\timebase.$procdff$2183 ($adff): ARST=\rst_n, D=$0\scan_tick[0:0], Q=\scan_tick
Replacing $paramod$189e5c5ece264226de8c0df8c90596b8bf71b942\timebase.$procdff$2188 ($adff): ARST=\rst_n, D=$0\scan_count[7:0], Q=\scan_count
Replacing $paramod$189e5c5ece264226de8c0df8c90596b8bf71b942\timebase.$procdff$2193 ($adff): ARST=\rst_n, D=$0\ms_count[1:0], Q=\ms_count
Replacing $paramod$b049745b6f1e89ce45cffbd1455f86ba117e4804\buzzer.$procdff$2401 ($adff): ARST=\rst_n, D=$0\busy[0:0], Q=\busy
Replacing $paramod$b049745b6f1e89ce45cffbd1455f86ba117e4804\buzzer.$procdff$2406 ($adff): ARST=\rst_n, D=$0\beep_count[5:0], Q=\beep_count
Replacing $paramod$b049745b6f1e89ce45cffbd1455f86ba117e4804\buzzer.$procdff$2411 ($adff): ARST=\rst_n, D=$0\tone_count[0:0], Q=\tone_count
Replacing $paramod$b049745b6f1e89ce45cffbd1455f86ba117e4804\buzzer.$procdff$2416 ($adff): ARST=\rst_n, D=$0\tone_phase[0:0], Q=\tone_phase
Replacing $paramod$b92c0599001ba7fee29ca99bde4121d40086de58\regs.$procdff$2266 ($adff): ARST=\session_rst_n, D=$0\txn_valid[0:0], Q=\txn_valid
Replacing $paramod$b92c0599001ba7fee29ca99bde4121d40086de58\regs.$procdff$2271 ($adff): ARST=\session_rst_n, D=$0\pin_shift[31:0], Q=\pin_shift
Replacing $paramod$b92c0599001ba7fee29ca99bde4121d40086de58\regs.$procdff$2276 ($adff): ARST=\session_rst_n, D=$0\digit_count[1:0], Q=\digit_count
Replacing $paramod$b92c0599001ba7fee29ca99bde4121d40086de58\regs.$procdff$2281 ($adff): ARST=\session_rst_n, D=$0\session_busy[0:0], Q=\session_busy
Replacing $paramod$b92c0599001ba7fee29ca99bde4121d40086de58\regs.$procdff$2286 ($adff): ARST=\cold_rst_n, D=$0\fail_count[1:0], Q=\fail_count
Replacing $paramod\auth_ctrl\AUTH_TIMEOUT_MS=s32'00000000000000000001001110001000.$procdff$2386 ($adff): ARST=\rst_n, D=$0\state[3:0], Q=\state
Replacing $paramod\auth_ctrl\AUTH_TIMEOUT_MS=s32'00000000000000000001001110001000.$procdff$2391 ($adff): ARST=\rst_n, D=$0\timeout_active[0:0], Q=\timeout_active
Replacing $paramod\auth_ctrl\AUTH_TIMEOUT_MS=s32'00000000000000000001001110001000.$procdff$2396 ($adff): ARST=\rst_n, D=$0\timeout_count[12:0], Q=\timeout_count
Replacing $paramod\sync2\WIDTH=s32'00000000000000000000000000000011.$procdff$2168 ($adff): ARST=\rst_n, D=\stage1, Q=\sync_out
Replacing $paramod\sync2\WIDTH=s32'00000000000000000000000000000011.$procdff$2173 ($adff): ARST=\rst_n, D=\async_in, Q=\stage1
Replacing $paramod\sync2\WIDTH=s32'00000000000000000000000000000100.$procdff$2445 ($adff): ARST=\rst_n, D=\stage1, Q=\sync_out
Replacing $paramod\sync2\WIDTH=s32'00000000000000000000000000000100.$procdff$2450 ($adff): ARST=\rst_n, D=\async_in, Q=\stage1
Replacing reset_release.$procdff$2374 ($adff): ARST=\async_n, D={ \release_pipe [0] 1'1 }, Q=\release_pipe
Replacing serial_link.$procdff$2294 ($adff): ARST=\rst_n, D=$0\rx_done[0:0], Q=\rx_done
Replacing serial_link.$procdff$2299 ($adff): ARST=\rst_n, D=$0\tx_done[0:0], Q=\tx_done
Replacing serial_link.$procdff$2304 ($adff): ARST=\rst_n, D=$0\protocol_error[0:0], Q=\protocol_error
Replacing serial_link.$procdff$2309 ($adff): ARST=\rst_n, D=$0\frame_start[0:0], Q=\frame_start
Replacing serial_link.$procdff$2314 ($adff): ARST=\rst_n, D=$0\state[2:0], Q=\state
Replacing serial_link.$procdff$2319 ($adff): ARST=\rst_n, D=\serial_sync [2], Q=\cs_n_d
Replacing serial_link.$procdff$2324 ($adff): ARST=\rst_n, D=\serial_sync [1], Q=\sclk_d
Replacing serial_link.$procdff$2329 ($adff): ARST=\rst_n, D=$0\seen_cs_high[0:0], Q=\seen_cs_high
Replacing serial_link.$procdff$2334 ($adff): ARST=\rst_n, D=$0\bit_count[6:0], Q=\bit_count
Replacing serial_link.$procdff$2339 ($adff): ARST=\rst_n, D=$0\rx_pending[0:0], Q=\rx_pending
Replacing serial_link.$procdff$2344 ($adff): ARST=\rst_n, D=$0\rx_bit_hold[0:0], Q=\rx_bit_hold
Replacing serial_link.$procdff$2349 ($adff): ARST=\rst_n, D=$0\tx_hold_valid[0:0], Q=\tx_hold_valid
Replacing serial_link.$procdff$2354 ($adff): ARST=\rst_n, D=$0\tx_hold_bit[0:0], Q=\tx_hold_bit
Replacing serial_link.$procdff$2359 ($adff): ARST=\rst_n, D=$0\tx_hold_last[0:0], Q=\tx_hold_last
Replacing serial_link.$procdff$2364 ($adff): ARST=\rst_n, D=$0\tx_sampled_wait_fall[0:0], Q=\tx_sampled_wait_fall
Replacing serial_link.$procdff$2369 ($adff): ARST=\rst_n, D=$0\tx_last_sampled[0:0], Q=\tx_last_sampled

15. Executing CLK2FFLOGIC pass (convert clocked FFs to generic $ff cells).

15.1. Executing PEEPOPT pass (run peephole optimizers).
Replacing $paramod$0207631bd49897fc40da4a49890f896231b73492\szymon_fixed.$procdff$2437 ($sdff): CLK=\clk, D=$0\round_count[5:0], Q=$auto$async2sync.cc:228:execute$2468
Replacing $paramod$0207631bd49897fc40da4a49890f896231b73492\szymon_fixed.$procdff$2432 ($sdff): CLK=\clk, D=$0\bit_count[5:0], Q=$auto$async2sync.cc:228:execute$2466
Replacing $paramod$0207631bd49897fc40da4a49890f896231b73492\szymon_fixed.$procdff$2427 ($sdff): CLK=\clk, D=$0\state[2:0], Q=$auto$async2sync.cc:228:execute$2464
Replacing $paramod$0207631bd49897fc40da4a49890f896231b73492\szymon_fixed.$procdff$2417 ($dff): CLK=\clk, D=$0\f_past_valid[0:0], Q=\f_past_valid
Replacing $paramod$0207631bd49897fc40da4a49890f896231b73492\szymon_fixed.$procdff$2418 ($dff): CLK=\clk, D=$0\f_prev_m_stall[0:0], Q=\f_prev_m_stall
Replacing $paramod$0207631bd49897fc40da4a49890f896231b73492\szymon_fixed.$procdff$2419 ($dff): CLK=\clk, D=$0\f_prev_m_bit[0:0], Q=\f_prev_m_bit
Replacing $paramod$0207631bd49897fc40da4a49890f896231b73492\szymon_fixed.$procdff$2420 ($dff): CLK=\clk, D=$0\f_prev_m_last[0:0], Q=\f_prev_m_last
Replacing $paramod$0207631bd49897fc40da4a49890f896231b73492\szymon_fixed.$procdff$2421 ($dff): CLK=\clk, D=$0\a[31:0], Q=\a
Replacing $paramod$0207631bd49897fc40da4a49890f896231b73492\szymon_fixed.$procdff$2422 ($dff): CLK=\clk, D=$0\b[31:0], Q=\b
Replacing $paramod$0207631bd49897fc40da4a49890f896231b73492\szymon_fixed.$procdff$2438 ($dff): CLK=\clk, D=$0\key_phase[1:0], Q=\key_phase
Replacing $paramod$0207631bd49897fc40da4a49890f896231b73492\szymon_fixed.$procdff$2439 ($dff): CLK=\clk, D=$0\key_depth[2:0], Q=\key_depth
Replacing $paramod$0207631bd49897fc40da4a49890f896231b73492\szymon_fixed.$procdff$2440 ($dff): CLK=\clk, D=$0\key_accumulator[0:0], Q=\key_accumulator
Replacing $paramod$143b15b9608e06eea62a21ca91d45c97880ffd0d\kb.$procdff$2256 ($sdff): CLK=\clk, D=$0\debounce_count[4:0], Q=$auto$async2sync.cc:228:execute$2492
Replacing $paramod$143b15b9608e06eea62a21ca91d45c97880ffd0d\kb.$procdff$2251 ($sdff): CLK=\clk, D=$0\releasing[0:0], Q=$auto$async2sync.cc:228:execute$2490
Replacing $paramod$143b15b9608e06eea62a21ca91d45c97880ffd0d\kb.$procdff$2246 ($sdff): CLK=\clk, D=$0\gesture_poisoned[0:0], Q=$auto$async2sync.cc:228:execute$2488
Replacing $paramod$143b15b9608e06eea62a21ca91d45c97880ffd0d\kb.$procdff$2241 ($sdff): CLK=\clk, D=$0\gesture_qualified[0:0], Q=$auto$async2sync.cc:228:execute$2486
Replacing $paramod$143b15b9608e06eea62a21ca91d45c97880ffd0d\kb.$procdff$2236 ($sdff): CLK=\clk, D=$0\gesture_active[0:0], Q=$auto$async2sync.cc:228:execute$2484
Replacing $paramod$143b15b9608e06eea62a21ca91d45c97880ffd0d\kb.$procdff$2231 ($sdff): CLK=\clk, D=$0\armed[0:0], Q=$auto$async2sync.cc:228:execute$2482
Replacing $paramod$143b15b9608e06eea62a21ca91d45c97880ffd0d\kb.$procdff$2226 ($sdff): CLK=\clk, D=$0\frame_first_id[3:0], Q=$auto$async2sync.cc:228:execute$2480
Replacing $paramod$143b15b9608e06eea62a21ca91d45c97880ffd0d\kb.$procdff$2221 ($sdff): CLK=\clk, D=$0\frame_hits[1:0], Q=$auto$async2sync.cc:228:execute$2478
Replacing $paramod$143b15b9608e06eea62a21ca91d45c97880ffd0d\kb.$procdff$2216 ($sdff): CLK=\clk, D=$0\blank_cycle[0:0], Q=$auto$async2sync.cc:228:execute$2476
Replacing $paramod$143b15b9608e06eea62a21ca91d45c97880ffd0d\kb.$procdff$2211 ($sdff): CLK=\clk, D=$0\row_index[1:0], Q=$auto$async2sync.cc:228:execute$2474
Replacing $paramod$143b15b9608e06eea62a21ca91d45c97880ffd0d\kb.$procdff$2206 ($sdff): CLK=\clk, D=$0\key_id[3:0], Q=$auto$async2sync.cc:228:execute$2472
Replacing $paramod$143b15b9608e06eea62a21ca91d45c97880ffd0d\kb.$procdff$2201 ($sdff): CLK=\clk, D=$0\key_valid[0:0], Q=$auto$async2sync.cc:228:execute$2470
Replacing $paramod$143b15b9608e06eea62a21ca91d45c97880ffd0d\kb.$procdff$2194 ($dff): CLK=\clk, D=$0\f_past_valid[0:0], Q=\f_past_valid
Replacing $paramod$143b15b9608e06eea62a21ca91d45c97880ffd0d\kb.$procdff$2195 ($dff): CLK=\clk, D=$0\f_prev_key_stall[0:0], Q=\f_prev_key_stall
Replacing $paramod$143b15b9608e06eea62a21ca91d45c97880ffd0d\kb.$procdff$2196 ($dff): CLK=\clk, D=$0\f_prev_key_id[3:0], Q=\f_prev_key_id
Replacing $paramod$189e5c5ece264226de8c0df8c90596b8bf71b942\timebase.$procdff$2193 ($sdff): CLK=\clk, D=$0\ms_count[1:0], Q=$auto$async2sync.cc:228:execute$2500
Replacing $paramod$189e5c5ece264226de8c0df8c90596b8bf71b942\timebase.$procdff$2188 ($sdff): CLK=\clk, D=$0\scan_count[7:0], Q=$auto$async2sync.cc:228:execute$2498
Replacing $paramod$189e5c5ece264226de8c0df8c90596b8bf71b942\timebase.$procdff$2183 ($sdff): CLK=\clk, D=$0\scan_tick[0:0], Q=$auto$async2sync.cc:228:execute$2496
Replacing $paramod$189e5c5ece264226de8c0df8c90596b8bf71b942\timebase.$procdff$2178 ($sdff): CLK=\clk, D=$0\ms_tick[0:0], Q=$auto$async2sync.cc:228:execute$2494
Replacing $paramod$b049745b6f1e89ce45cffbd1455f86ba117e4804\buzzer.$procdff$2416 ($sdff): CLK=\clk, D=$0\tone_phase[0:0], Q=$auto$async2sync.cc:228:execute$2508
Replacing $paramod$b049745b6f1e89ce45cffbd1455f86ba117e4804\buzzer.$procdff$2411 ($sdff): CLK=\clk, D=$0\tone_count[0:0], Q=$auto$async2sync.cc:228:execute$2506
Replacing $paramod$b049745b6f1e89ce45cffbd1455f86ba117e4804\buzzer.$procdff$2406 ($sdff): CLK=\clk, D=$0\beep_count[5:0], Q=$auto$async2sync.cc:228:execute$2504
Replacing $paramod$b049745b6f1e89ce45cffbd1455f86ba117e4804\buzzer.$procdff$2401 ($sdff): CLK=\clk, D=$0\busy[0:0], Q=$auto$async2sync.cc:228:execute$2502
Replacing $paramod$b92c0599001ba7fee29ca99bde4121d40086de58\regs.$procdff$2286 ($sdff): CLK=\clk, D=$0\fail_count[1:0], Q=$auto$async2sync.cc:228:execute$2518
Replacing $paramod$b92c0599001ba7fee29ca99bde4121d40086de58\regs.$procdff$2281 ($sdff): CLK=\clk, D=$0\session_busy[0:0], Q=$auto$async2sync.cc:228:execute$2516
Replacing $paramod$b92c0599001ba7fee29ca99bde4121d40086de58\regs.$procdff$2276 ($sdff): CLK=\clk, D=$0\digit_count[1:0], Q=$auto$async2sync.cc:228:execute$2514
Replacing $paramod$b92c0599001ba7fee29ca99bde4121d40086de58\regs.$procdff$2271 ($sdff): CLK=\clk, D=$0\pin_shift[31:0], Q=$auto$async2sync.cc:228:execute$2512
Replacing $paramod$b92c0599001ba7fee29ca99bde4121d40086de58\regs.$procdff$2266 ($sdff): CLK=\clk, D=$0\txn_valid[0:0], Q=$auto$async2sync.cc:228:execute$2510
Replacing $paramod$b92c0599001ba7fee29ca99bde4121d40086de58\regs.$procdff$2257 ($dff): CLK=\clk, D=$0\f_past_valid[0:0], Q=\f_past_valid
Replacing $paramod$b92c0599001ba7fee29ca99bde4121d40086de58\regs.$procdff$2258 ($dff): CLK=\clk, D=$0\f_prev_cold[0:0], Q=\f_prev_cold
Replacing $paramod$b92c0599001ba7fee29ca99bde4121d40086de58\regs.$procdff$2259 ($dff): CLK=\clk, D=$0\f_prev_fail_count[1:0], Q=\f_prev_fail_count
Replacing $paramod$b92c0599001ba7fee29ca99bde4121d40086de58\regs.$procdff$2260 ($dff): CLK=\clk, D=$0\f_prev_submit_bad[0:0], Q=\f_prev_submit_bad
Replacing $paramod$b92c0599001ba7fee29ca99bde4121d40086de58\regs.$procdff$2261 ($dff): CLK=\clk, D=$0\f_prev_txn_stall[0:0], Q=\f_prev_txn_stall
Replacing $paramod\auth_ctrl\AUTH_TIMEOUT_MS=s32'00000000000000000001001110001000.$procdff$2396 ($sdff): CLK=\clk, D=$0\timeout_count[12:0], Q=$auto$async2sync.cc:228:execute$2524
Replacing $paramod\auth_ctrl\AUTH_TIMEOUT_MS=s32'00000000000000000001001110001000.$procdff$2391 ($sdff): CLK=\clk, D=$0\timeout_active[0:0], Q=$auto$async2sync.cc:228:execute$2522
Replacing $paramod\auth_ctrl\AUTH_TIMEOUT_MS=s32'00000000000000000001001110001000.$procdff$2386 ($sdff): CLK=\clk, D=$0\state[3:0], Q=$auto$async2sync.cc:228:execute$2520
Replacing $paramod\auth_ctrl\AUTH_TIMEOUT_MS=s32'00000000000000000001001110001000.$procdff$2375 ($dff): CLK=\clk, D=$0\f_token[0:0], Q=\f_token
Replacing $paramod\auth_ctrl\AUTH_TIMEOUT_MS=s32'00000000000000000001001110001000.$procdff$2376 ($dff): CLK=\clk, D=$0\f_cmd_seen[0:0], Q=\f_cmd_seen
Replacing $paramod\auth_ctrl\AUTH_TIMEOUT_MS=s32'00000000000000000001001110001000.$procdff$2377 ($dff): CLK=\clk, D=$0\f_seal_seen[0:0], Q=\f_seal_seen
Replacing $paramod\auth_ctrl\AUTH_TIMEOUT_MS=s32'00000000000000000001001110001000.$procdff$2378 ($dff): CLK=\clk, D=$0\f_rx_complete[0:0], Q=\f_rx_complete
Replacing $paramod\auth_ctrl\AUTH_TIMEOUT_MS=s32'00000000000000000001001110001000.$procdff$2379 ($dff): CLK=\clk, D=$0\f_past_valid[0:0], Q=\f_past_valid
Replacing $paramod\auth_ctrl\AUTH_TIMEOUT_MS=s32'00000000000000000001001110001000.$procdff$2380 ($dff): CLK=\clk, D=$0\f_prev_timeout_now[0:0], Q=\f_prev_timeout_now
Replacing $paramod\auth_ctrl\AUTH_TIMEOUT_MS=s32'00000000000000000001001110001000.$procdff$2381 ($dff): CLK=\clk, D=$0\f_prev_state[3:0], Q=\f_prev_state
Replacing $paramod\sync2\WIDTH=s32'00000000000000000000000000000011.$procdff$2173 ($sdff): CLK=\clk, D=\async_in, Q=$auto$async2sync.cc:228:execute$2528
Replacing $paramod\sync2\WIDTH=s32'00000000000000000000000000000011.$procdff$2168 ($sdff): CLK=\clk, D=\stage1, Q=$auto$async2sync.cc:228:execute$2526
Replacing $paramod\sync2\WIDTH=s32'00000000000000000000000000000100.$procdff$2450 ($sdff): CLK=\clk, D=\async_in, Q=$auto$async2sync.cc:228:execute$2532
Replacing $paramod\sync2\WIDTH=s32'00000000000000000000000000000100.$procdff$2445 ($sdff): CLK=\clk, D=\stage1, Q=$auto$async2sync.cc:228:execute$2530
Replacing reset_release.$procdff$2374 ($sdff): CLK=\clk, D={ \release_pipe [0] 1'1 }, Q=$auto$async2sync.cc:228:execute$2534
Replacing serial_link.$procdff$2369 ($sdff): CLK=\clk, D=$0\tx_last_sampled[0:0], Q=$auto$async2sync.cc:228:execute$2566
Replacing serial_link.$procdff$2364 ($sdff): CLK=\clk, D=$0\tx_sampled_wait_fall[0:0], Q=$auto$async2sync.cc:228:execute$2564
Replacing serial_link.$procdff$2359 ($sdff): CLK=\clk, D=$0\tx_hold_last[0:0], Q=$auto$async2sync.cc:228:execute$2562
Replacing serial_link.$procdff$2354 ($sdff): CLK=\clk, D=$0\tx_hold_bit[0:0], Q=$auto$async2sync.cc:228:execute$2560
Replacing serial_link.$procdff$2349 ($sdff): CLK=\clk, D=$0\tx_hold_valid[0:0], Q=$auto$async2sync.cc:228:execute$2558
Replacing serial_link.$procdff$2344 ($sdff): CLK=\clk, D=$0\rx_bit_hold[0:0], Q=$auto$async2sync.cc:228:execute$2556
Replacing serial_link.$procdff$2339 ($sdff): CLK=\clk, D=$0\rx_pending[0:0], Q=$auto$async2sync.cc:228:execute$2554
Replacing serial_link.$procdff$2334 ($sdff): CLK=\clk, D=$0\bit_count[6:0], Q=$auto$async2sync.cc:228:execute$2552
Replacing serial_link.$procdff$2329 ($sdff): CLK=\clk, D=$0\seen_cs_high[0:0], Q=$auto$async2sync.cc:228:execute$2550
Replacing serial_link.$procdff$2324 ($sdff): CLK=\clk, D=\serial_sync [1], Q=$auto$async2sync.cc:228:execute$2548
Replacing serial_link.$procdff$2319 ($sdff): CLK=\clk, D=\serial_sync [2], Q=$auto$async2sync.cc:228:execute$2546
Replacing serial_link.$procdff$2314 ($sdff): CLK=\clk, D=$0\state[2:0], Q=$auto$async2sync.cc:228:execute$2544
Replacing serial_link.$procdff$2309 ($sdff): CLK=\clk, D=$0\frame_start[0:0], Q=$auto$async2sync.cc:228:execute$2542
Replacing serial_link.$procdff$2304 ($sdff): CLK=\clk, D=$0\protocol_error[0:0], Q=$auto$async2sync.cc:228:execute$2540
Replacing serial_link.$procdff$2299 ($sdff): CLK=\clk, D=$0\tx_done[0:0], Q=$auto$async2sync.cc:228:execute$2538
Replacing serial_link.$procdff$2294 ($sdff): CLK=\clk, D=$0\rx_done[0:0], Q=$auto$async2sync.cc:228:execute$2536
Replacing serial_link.$procdff$2287 ($dff): CLK=\clk, D=$0\f_past_valid[0:0], Q=\f_past_valid
Replacing serial_link.$procdff$2288 ($dff): CLK=\clk, D=$0\f_prev_s_stall[0:0], Q=\f_prev_s_stall
Replacing serial_link.$procdff$2289 ($dff): CLK=\clk, D=$0\f_prev_s_bit[0:0], Q=\f_prev_s_bit

16. Executing MEMORY_MAP pass (converting memories to logic and flip-flops).
Mapping memory $auto$proc_rom.cc:155:do_switch$932 in module $paramod$b92c0599001ba7fee29ca99bde4121d40086de58\regs:
  created 16 $dff cells and 0 static cells of width 6.
  read interface: 0 $dff and 15 $mux cells.
  write interface: 0 write mux blocks.

17. Executing FLATTEN pass (flatten design).
Deleting now unused module $paramod$0207631bd49897fc40da4a49890f896231b73492\szymon_fixed.
Deleting now unused module $paramod$143b15b9608e06eea62a21ca91d45c97880ffd0d\kb.
Deleting now unused module $paramod$189e5c5ece264226de8c0df8c90596b8bf71b942\timebase.
Deleting now unused module $paramod$b049745b6f1e89ce45cffbd1455f86ba117e4804\buzzer.
Deleting now unused module $paramod$b92c0599001ba7fee29ca99bde4121d40086de58\regs.
Deleting now unused module $paramod\auth_ctrl\AUTH_TIMEOUT_MS=s32'00000000000000000001001110001000.
Deleting now unused module $paramod\sync2\WIDTH=s32'00000000000000000000000000000011.
Deleting now unused module $paramod\sync2\WIDTH=s32'00000000000000000000000000000100.
Deleting now unused module reset_release.
Deleting now unused module rumcajs.
Deleting now unused module serial_link.
<suppressed ~12 debug messages>

18. Executing SAT pass (solving SAT problems in the circuit).

Setting up time step 1:
Final constraint equation: { } = { }
Imported 1367 cells to SAT database.
Import set-constraint from init attribute: $flatten\u_rumcajs.\u_timebase.$auto$clk2fflogic.cc:81:sample_control_edge$\clk#sampled$3115 = 1'1
Import set-constraint from init attribute: $flatten\u_rumcajs.\u_timebase.$auto$clk2fflogic.cc:95:sample_data$$auto$rtlil.cc:2914:Mux$3110#sampled$3113 = 1'0
Import set-constraint from init attribute: $flatten\u_rumcajs.\u_timebase.$auto$clk2fflogic.cc:81:sample_control_edge$\clk#sampled$3103 = 1'1
Import set-constraint from init attribute: $flatten\u_rumcajs.\u_timebase.$auto$clk2fflogic.cc:95:sample_data$$auto$rtlil.cc:2914:Mux$3098#sampled$3101 = 1'0
Import set-constraint from init attribute: $flatten\u_rumcajs.\u_timebase.$auto$clk2fflogic.cc:81:sample_control_edge$\clk#sampled$3091 = 1'1
Import set-constraint from init attribute: $flatten\u_rumcajs.\u_timebase.$auto$clk2fflogic.cc:95:sample_data$$auto$rtlil.cc:2914:Mux$3086#sampled$3089 = 8'00000000
Import set-constraint from init attribute: $flatten\u_rumcajs.\u_timebase.$auto$clk2fflogic.cc:81:sample_control_edge$\clk#sampled$3079 = 1'1
Import set-constraint from init attribute: $flatten\u_rumcajs.\u_timebase.$auto$clk2fflogic.cc:95:sample_data$$auto$rtlil.cc:2914:Mux$3074#sampled$3077 = 2'00
Import set-constraint from init attribute: $flatten\u_rumcajs.\u_session_release.$auto$clk2fflogic.cc:81:sample_control_edge$\clk#sampled$3439 = 1'1
Import set-constraint from init attribute: $flatten\u_rumcajs.\u_session_release.$auto$clk2fflogic.cc:95:sample_data$$auto$rtlil.cc:2914:Mux$3434#sampled$3437 = 2'00
Import set-constraint from init attribute: $flatten\u_rumcajs.\u_regs.$auto$clk2fflogic.cc:81:sample_control_edge$\clk#sampled$3273 = 1'1
Import set-constraint from init attribute: $flatten\u_rumcajs.\u_regs.$auto$clk2fflogic.cc:95:sample_data$$0\f_prev_txn_stall[0:0]#sampled$3271 = 1'0
Import set-constraint from init attribute: $flatten\u_rumcajs.\u_regs.$auto$clk2fflogic.cc:81:sample_control_edge$\clk#sampled$3263 = 1'1
Import set-constraint from init attribute: $flatten\u_rumcajs.\u_regs.$auto$clk2fflogic.cc:95:sample_data$$0\f_prev_submit_bad[0:0]#sampled$3261 = 1'0
Import set-constraint from init attribute: $flatten\u_rumcajs.\u_regs.$auto$clk2fflogic.cc:81:sample_control_edge$\clk#sampled$3253 = 1'1
Import set-constraint from init attribute: $flatten\u_rumcajs.\u_regs.$auto$clk2fflogic.cc:95:sample_data$$0\f_prev_fail_count[1:0]#sampled$3251 = 2'00
Import set-constraint from init attribute: $flatten\u_rumcajs.\u_regs.$auto$clk2fflogic.cc:81:sample_control_edge$\clk#sampled$3243 = 1'1
Import set-constraint from init attribute: $flatten\u_rumcajs.\u_regs.$auto$clk2fflogic.cc:95:sample_data$$0\f_prev_cold[0:0]#sampled$3241 = 1'0
Import set-constraint from init attribute: $flatten\u_rumcajs.\u_regs.$auto$clk2fflogic.cc:81:sample_control_edge$\clk#sampled$3233 = 1'1
Import set-constraint from init attribute: $flatten\u_rumcajs.\u_regs.$auto$clk2fflogic.cc:95:sample_data$$0\f_past_valid[0:0]#sampled$3231 = 1'0
Import set-constraint from init attribute: $flatten\u_rumcajs.\u_regs.$auto$clk2fflogic.cc:81:sample_control_edge$\clk#sampled$3223 = 1'1
Import set-constraint from init attribute: $flatten\u_rumcajs.\u_regs.$auto$clk2fflogic.cc:95:sample_data$$auto$rtlil.cc:2914:Mux$3218#sampled$3221 = 1'0
Import set-constraint from init attribute: $flatten\u_rumcajs.\u_regs.$auto$clk2fflogic.cc:81:sample_control_edge$\clk#sampled$3211 = 1'1
Import set-constraint from init attribute: $flatten\u_rumcajs.\u_regs.$auto$clk2fflogic.cc:95:sample_data$$auto$rtlil.cc:2914:Mux$3206#sampled$3209 = 0
Import set-constraint from init attribute: $flatten\u_rumcajs.\u_regs.$auto$clk2fflogic.cc:81:sample_control_edge$\clk#sampled$3199 = 1'1
Import set-constraint from init attribute: $flatten\u_rumcajs.\u_regs.$auto$clk2fflogic.cc:95:sample_data$$auto$rtlil.cc:2914:Mux$3194#sampled$3197 = 2'00
Import set-constraint from init attribute: $flatten\u_rumcajs.\u_regs.$auto$clk2fflogic.cc:81:sample_control_edge$\clk#sampled$3187 = 1'1
Import set-constraint from init attribute: $flatten\u_rumcajs.\u_regs.$auto$clk2fflogic.cc:95:sample_data$$auto$rtlil.cc:2914:Mux$3182#sampled$3185 = 1'0
Import set-constraint from init attribute: $flatten\u_rumcajs.\u_regs.$auto$clk2fflogic.cc:81:sample_control_edge$\clk#sampled$3175 = 1'1
Import set-constraint from init attribute: $flatten\u_rumcajs.\u_regs.$auto$clk2fflogic.cc:95:sample_data$$auto$rtlil.cc:2914:Mux$3170#sampled$3173 = 2'00
Import set-constraint from init attribute: $flatten\u_rumcajs.\u_link.\u_serial_sync.$auto$clk2fflogic.cc:95:sample_data$$auto$rtlil.cc:2914:Mux$3386#sampled$3389 = 3'000
Import set-constraint from init attribute: $flatten\u_rumcajs.\u_link.\u_serial_sync.$auto$clk2fflogic.cc:81:sample_control_edge$\clk#sampled$3391 = 1'1
Import set-constraint from init attribute: $flatten\u_rumcajs.\u_link.\u_serial_sync.$auto$clk2fflogic.cc:95:sample_data$$auto$rtlil.cc:2914:Mux$3398#sampled$3401 = 3'000
Import set-constraint from init attribute: $flatten\u_rumcajs.\u_link.\u_serial_sync.$auto$clk2fflogic.cc:81:sample_control_edge$\clk#sampled$3403 = 1'1
Import set-constraint from init attribute: $flatten\u_rumcajs.\u_link.$auto$clk2fflogic.cc:81:sample_control_edge$\clk#sampled$3661 = 1'1
Import set-constraint from init attribute: $flatten\u_rumcajs.\u_link.$auto$clk2fflogic.cc:95:sample_data$$0\f_prev_s_bit[0:0]#sampled$3659 = 1'0
Import set-constraint from init attribute: $flatten\u_rumcajs.\u_link.$auto$clk2fflogic.cc:81:sample_control_edge$\clk#sampled$3651 = 1'1
Import set-constraint from init attribute: $flatten\u_rumcajs.\u_link.$auto$clk2fflogic.cc:95:sample_data$$0\f_prev_s_stall[0:0]#sampled$3649 = 1'0
Import set-constraint from init attribute: $flatten\u_rumcajs.\u_link.$auto$clk2fflogic.cc:81:sample_control_edge$\clk#sampled$3641 = 1'1
Import set-constraint from init attribute: $flatten\u_rumcajs.\u_link.$auto$clk2fflogic.cc:95:sample_data$$0\f_past_valid[0:0]#sampled$3639 = 1'0
Import set-constraint from init attribute: $flatten\u_rumcajs.\u_link.$auto$clk2fflogic.cc:81:sample_control_edge$\clk#sampled$3631 = 1'1
Import set-constraint from init attribute: $flatten\u_rumcajs.\u_link.$auto$clk2fflogic.cc:95:sample_data$$auto$rtlil.cc:2914:Mux$3626#sampled$3629 = 1'0
Import set-constraint from init attribute: $flatten\u_rumcajs.\u_link.$auto$clk2fflogic.cc:81:sample_control_edge$\clk#sampled$3619 = 1'1
Import set-constraint from init attribute: $flatten\u_rumcajs.\u_link.$auto$clk2fflogic.cc:95:sample_data$$auto$rtlil.cc:2914:Mux$3614#sampled$3617 = 1'0
Import set-constraint from init attribute: $flatten\u_rumcajs.\u_link.$auto$clk2fflogic.cc:81:sample_control_edge$\clk#sampled$3607 = 1'1
Import set-constraint from init attribute: $flatten\u_rumcajs.\u_link.$auto$clk2fflogic.cc:95:sample_data$$auto$rtlil.cc:2914:Mux$3602#sampled$3605 = 1'0
Import set-constraint from init attribute: $flatten\u_rumcajs.\u_link.$auto$clk2fflogic.cc:81:sample_control_edge$\clk#sampled$3595 = 1'1
Import set-constraint from init attribute: $flatten\u_rumcajs.\u_link.$auto$clk2fflogic.cc:95:sample_data$$auto$rtlil.cc:2914:Mux$3590#sampled$3593 = 1'0
Import set-constraint from init attribute: $flatten\u_rumcajs.\u_link.$auto$clk2fflogic.cc:81:sample_control_edge$\clk#sampled$3583 = 1'1
Import set-constraint from init attribute: $flatten\u_rumcajs.\u_link.$auto$clk2fflogic.cc:95:sample_data$$auto$rtlil.cc:2914:Mux$3578#sampled$3581 = 3'000
Import set-constraint from init attribute: $flatten\u_rumcajs.\u_link.$auto$clk2fflogic.cc:81:sample_control_edge$\clk#sampled$3571 = 1'1
Import set-constraint from init attribute: $flatten\u_rumcajs.\u_link.$auto$clk2fflogic.cc:95:sample_data$$auto$rtlil.cc:2914:Mux$3566#sampled$3569 = 1'0
Import set-constraint from init attribute: $flatten\u_rumcajs.\u_link.$auto$clk2fflogic.cc:81:sample_control_edge$\clk#sampled$3559 = 1'1
Import set-constraint from init attribute: $flatten\u_rumcajs.\u_link.$auto$clk2fflogic.cc:95:sample_data$$auto$rtlil.cc:2914:Mux$3554#sampled$3557 = 1'0
Import set-constraint from init attribute: $flatten\u_rumcajs.\u_link.$auto$clk2fflogic.cc:81:sample_control_edge$\clk#sampled$3547 = 1'1
Import set-constraint from init attribute: $flatten\u_rumcajs.\u_link.$auto$clk2fflogic.cc:95:sample_data$$auto$rtlil.cc:2914:Mux$3542#sampled$3545 = 1'0
Import set-constraint from init attribute: $flatten\u_rumcajs.\u_link.$auto$clk2fflogic.cc:81:sample_control_edge$\clk#sampled$3535 = 1'1
Import set-constraint from init attribute: $flatten\u_rumcajs.\u_link.$auto$clk2fflogic.cc:95:sample_data$$auto$rtlil.cc:2914:Mux$3530#sampled$3533 = 7'0000000
Import set-constraint from init attribute: $flatten\u_rumcajs.\u_link.$auto$clk2fflogic.cc:81:sample_control_edge$\clk#sampled$3523 = 1'1
Import set-constraint from init attribute: $flatten\u_rumcajs.\u_link.$auto$clk2fflogic.cc:95:sample_data$$auto$rtlil.cc:2914:Mux$3518#sampled$3521 = 1'0
Import set-constraint from init attribute: $flatten\u_rumcajs.\u_link.$auto$clk2fflogic.cc:81:sample_control_edge$\clk#sampled$3511 = 1'1
Import set-constraint from init attribute: $flatten\u_rumcajs.\u_link.$auto$clk2fflogic.cc:95:sample_data$$auto$rtlil.cc:2914:Mux$3506#sampled$3509 = 1'0
Import set-constraint from init attribute: $flatten\u_rumcajs.\u_link.$auto$clk2fflogic.cc:81:sample_control_edge$\clk#sampled$3499 = 1'1
Import set-constraint from init attribute: $flatten\u_rumcajs.\u_link.$auto$clk2fflogic.cc:95:sample_data$$auto$rtlil.cc:2914:Mux$3494#sampled$3497 = 1'0
Import set-constraint from init attribute: $flatten\u_rumcajs.\u_link.$auto$clk2fflogic.cc:81:sample_control_edge$\clk#sampled$3487 = 1'1
Import set-constraint from init attribute: $flatten\u_rumcajs.\u_link.$auto$clk2fflogic.cc:95:sample_data$$auto$rtlil.cc:2914:Mux$3482#sampled$3485 = 1'0
Import set-constraint from init attribute: $flatten\u_rumcajs.\u_link.$auto$clk2fflogic.cc:81:sample_control_edge$\clk#sampled$3475 = 1'1
Import set-constraint from init attribute: $flatten\u_rumcajs.\u_link.$auto$clk2fflogic.cc:95:sample_data$$auto$rtlil.cc:2914:Mux$3470#sampled$3473 = 1'0
Import set-constraint from init attribute: $flatten\u_rumcajs.\u_link.$auto$clk2fflogic.cc:81:sample_control_edge$\clk#sampled$3463 = 1'1
Import set-constraint from init attribute: $flatten\u_rumcajs.\u_link.$auto$clk2fflogic.cc:95:sample_data$$auto$rtlil.cc:2914:Mux$3458#sampled$3461 = 1'0
Import set-constraint from init attribute: $flatten\u_rumcajs.\u_link.$auto$clk2fflogic.cc:81:sample_control_edge$\clk#sampled$3451 = 1'1
Import set-constraint from init attribute: $flatten\u_rumcajs.\u_link.$auto$clk2fflogic.cc:95:sample_data$$auto$rtlil.cc:2914:Mux$3446#sampled$3449 = 1'0
Import set-constraint from init attribute: $flatten\u_rumcajs.\u_kb.\u_col_sync.$auto$clk2fflogic.cc:95:sample_data$$auto$rtlil.cc:2914:Mux$3410#sampled$3413 = 4'0000
Import set-constraint from init attribute: $flatten\u_rumcajs.\u_kb.\u_col_sync.$auto$clk2fflogic.cc:81:sample_control_edge$\clk#sampled$3415 = 1'1
Import set-constraint from init attribute: $flatten\u_rumcajs.\u_kb.\u_col_sync.$auto$clk2fflogic.cc:95:sample_data$$auto$rtlil.cc:2914:Mux$3422#sampled$3425 = 4'0000
Import set-constraint from init attribute: $flatten\u_rumcajs.\u_kb.\u_col_sync.$auto$clk2fflogic.cc:81:sample_control_edge$\clk#sampled$3427 = 1'1
Import set-constraint from init attribute: $flatten\u_rumcajs.\u_kb.$auto$clk2fflogic.cc:81:sample_control_edge$\clk#sampled$3067 = 1'1
Import set-constraint from init attribute: $flatten\u_rumcajs.\u_kb.$auto$clk2fflogic.cc:95:sample_data$$0\f_prev_key_id[3:0]#sampled$3065 = 4'0000
Import set-constraint from init attribute: $flatten\u_rumcajs.\u_kb.$auto$clk2fflogic.cc:81:sample_control_edge$\clk#sampled$3057 = 1'1
Import set-constraint from init attribute: $flatten\u_rumcajs.\u_kb.$auto$clk2fflogic.cc:95:sample_data$$0\f_prev_key_stall[0:0]#sampled$3055 = 1'0
Import set-constraint from init attribute: $flatten\u_rumcajs.\u_kb.$auto$clk2fflogic.cc:81:sample_control_edge$\clk#sampled$3047 = 1'1
Import set-constraint from init attribute: $flatten\u_rumcajs.\u_kb.$auto$clk2fflogic.cc:95:sample_data$$0\f_past_valid[0:0]#sampled$3045 = 1'0
Import set-constraint from init attribute: $flatten\u_rumcajs.\u_kb.$auto$clk2fflogic.cc:81:sample_control_edge$\clk#sampled$3037 = 1'1
Import set-constraint from init attribute: $flatten\u_rumcajs.\u_kb.$auto$clk2fflogic.cc:95:sample_data$$auto$rtlil.cc:2914:Mux$3032#sampled$3035 = 1'0
Import set-constraint from init attribute: $flatten\u_rumcajs.\u_kb.$auto$clk2fflogic.cc:81:sample_control_edge$\clk#sampled$3025 = 1'1
Import set-constraint from init attribute: $flatten\u_rumcajs.\u_kb.$auto$clk2fflogic.cc:95:sample_data$$auto$rtlil.cc:2914:Mux$3020#sampled$3023 = 4'0000
Import set-constraint from init attribute: $flatten\u_rumcajs.\u_kb.$auto$clk2fflogic.cc:81:sample_control_edge$\clk#sampled$3013 = 1'1
Import set-constraint from init attribute: $flatten\u_rumcajs.\u_kb.$auto$clk2fflogic.cc:95:sample_data$$auto$rtlil.cc:2914:Mux$3008#sampled$3011 = 2'00
Import set-constraint from init attribute: $flatten\u_rumcajs.\u_kb.$auto$clk2fflogic.cc:81:sample_control_edge$\clk#sampled$3001 = 1'1
Import set-constraint from init attribute: $flatten\u_rumcajs.\u_kb.$auto$clk2fflogic.cc:95:sample_data$$auto$rtlil.cc:2914:Mux$2996#sampled$2999 = 1'0
Import set-constraint from init attribute: $flatten\u_rumcajs.\u_kb.$auto$clk2fflogic.cc:81:sample_control_edge$\clk#sampled$2989 = 1'1
Import set-constraint from init attribute: $flatten\u_rumcajs.\u_kb.$auto$clk2fflogic.cc:95:sample_data$$auto$rtlil.cc:2914:Mux$2984#sampled$2987 = 2'00
Import set-constraint from init attribute: $flatten\u_rumcajs.\u_kb.$auto$clk2fflogic.cc:81:sample_control_edge$\clk#sampled$2977 = 1'1
Import set-constraint from init attribute: $flatten\u_rumcajs.\u_kb.$auto$clk2fflogic.cc:95:sample_data$$auto$rtlil.cc:2914:Mux$2972#sampled$2975 = 4'0000
Import set-constraint from init attribute: $flatten\u_rumcajs.\u_kb.$auto$clk2fflogic.cc:81:sample_control_edge$\clk#sampled$2965 = 1'1
Import set-constraint from init attribute: $flatten\u_rumcajs.\u_kb.$auto$clk2fflogic.cc:95:sample_data$$auto$rtlil.cc:2914:Mux$2960#sampled$2963 = 1'0
Import set-constraint from init attribute: $flatten\u_rumcajs.\u_kb.$auto$clk2fflogic.cc:81:sample_control_edge$\clk#sampled$2953 = 1'1
Import set-constraint from init attribute: $flatten\u_rumcajs.\u_kb.$auto$clk2fflogic.cc:95:sample_data$$auto$rtlil.cc:2914:Mux$2948#sampled$2951 = 1'0
Import set-constraint from init attribute: $flatten\u_rumcajs.\u_kb.$auto$clk2fflogic.cc:81:sample_control_edge$\clk#sampled$2941 = 1'1
Import set-constraint from init attribute: $flatten\u_rumcajs.\u_kb.$auto$clk2fflogic.cc:95:sample_data$$auto$rtlil.cc:2914:Mux$2936#sampled$2939 = 1'0
Import set-constraint from init attribute: $flatten\u_rumcajs.\u_kb.$auto$clk2fflogic.cc:81:sample_control_edge$\clk#sampled$2929 = 1'1
Import set-constraint from init attribute: $flatten\u_rumcajs.\u_kb.$auto$clk2fflogic.cc:95:sample_data$$auto$rtlil.cc:2914:Mux$2924#sampled$2927 = 1'0
Import set-constraint from init attribute: $flatten\u_rumcajs.\u_kb.$auto$clk2fflogic.cc:81:sample_control_edge$\clk#sampled$2917 = 1'1
Import set-constraint from init attribute: $flatten\u_rumcajs.\u_kb.$auto$clk2fflogic.cc:95:sample_data$$auto$rtlil.cc:2914:Mux$2912#sampled$2915 = 1'0
Import set-constraint from init attribute: $flatten\u_rumcajs.\u_kb.$auto$clk2fflogic.cc:81:sample_control_edge$\clk#sampled$2905 = 1'1
Import set-constraint from init attribute: $flatten\u_rumcajs.\u_kb.$auto$clk2fflogic.cc:95:sample_data$$auto$rtlil.cc:2914:Mux$2900#sampled$2903 = 5'00000
Import set-constraint from init attribute: $flatten\u_rumcajs.\u_cold_release.$auto$clk2fflogic.cc:81:sample_control_edge$\clk#sampled$3439 = 1'1
Import set-constraint from init attribute: $flatten\u_rumcajs.\u_cold_release.$auto$clk2fflogic.cc:95:sample_data$$auto$rtlil.cc:2914:Mux$3434#sampled$3437 = 2'00
Import set-constraint from init attribute: $flatten\u_rumcajs.\u_buzzer.$auto$clk2fflogic.cc:81:sample_control_edge$\clk#sampled$3163 = 1'1
Import set-constraint from init attribute: $flatten\u_rumcajs.\u_buzzer.$auto$clk2fflogic.cc:95:sample_data$$auto$rtlil.cc:2914:Mux$3158#sampled$3161 = 1'0
Import set-constraint from init attribute: $flatten\u_rumcajs.\u_buzzer.$auto$clk2fflogic.cc:81:sample_control_edge$\clk#sampled$3151 = 1'1
Import set-constraint from init attribute: $flatten\u_rumcajs.\u_buzzer.$auto$clk2fflogic.cc:95:sample_data$$auto$rtlil.cc:2914:Mux$3146#sampled$3149 = 6'000000
Import set-constraint from init attribute: $flatten\u_rumcajs.\u_buzzer.$auto$clk2fflogic.cc:81:sample_control_edge$\clk#sampled$3139 = 1'1
Import set-constraint from init attribute: $flatten\u_rumcajs.\u_buzzer.$auto$clk2fflogic.cc:95:sample_data$$auto$rtlil.cc:2914:Mux$3134#sampled$3137 = 1'0
Import set-constraint from init attribute: $flatten\u_rumcajs.\u_buzzer.$auto$clk2fflogic.cc:81:sample_control_edge$\clk#sampled$3127 = 1'1
Import set-constraint from init attribute: $flatten\u_rumcajs.\u_buzzer.$auto$clk2fflogic.cc:95:sample_data$$auto$rtlil.cc:2914:Mux$3122#sampled$3125 = 1'0
Import set-constraint from init attribute: $flatten\u_rumcajs.\u_auth.$auto$clk2fflogic.cc:81:sample_control_edge$\clk#sampled$3379 = 1'1
Import set-constraint from init attribute: $flatten\u_rumcajs.\u_auth.$auto$clk2fflogic.cc:95:sample_data$$0\f_prev_state[3:0]#sampled$3377 = 4'0000
Import set-constraint from init attribute: $flatten\u_rumcajs.\u_auth.$auto$clk2fflogic.cc:81:sample_control_edge$\clk#sampled$3369 = 1'1
Import set-constraint from init attribute: $flatten\u_rumcajs.\u_auth.$auto$clk2fflogic.cc:95:sample_data$$0\f_prev_timeout_now[0:0]#sampled$3367 = 1'0
Import set-constraint from init attribute: $flatten\u_rumcajs.\u_auth.$auto$clk2fflogic.cc:81:sample_control_edge$\clk#sampled$3359 = 1'1
Import set-constraint from init attribute: $flatten\u_rumcajs.\u_auth.$auto$clk2fflogic.cc:95:sample_data$$0\f_past_valid[0:0]#sampled$3357 = 1'0
Import set-constraint from init attribute: $flatten\u_rumcajs.\u_auth.$auto$clk2fflogic.cc:81:sample_control_edge$\clk#sampled$3349 = 1'1
Import set-constraint from init attribute: $flatten\u_rumcajs.\u_auth.$auto$clk2fflogic.cc:95:sample_data$$0\f_rx_complete[0:0]#sampled$3347 = 1'0
Import set-constraint from init attribute: $flatten\u_rumcajs.\u_auth.$auto$clk2fflogic.cc:81:sample_control_edge$\clk#sampled$3339 = 1'1
Import set-constraint from init attribute: $flatten\u_rumcajs.\u_auth.$auto$clk2fflogic.cc:95:sample_data$$0\f_seal_seen[0:0]#sampled$3337 = 1'0
Import set-constraint from init attribute: $flatten\u_rumcajs.\u_auth.$auto$clk2fflogic.cc:81:sample_control_edge$\clk#sampled$3329 = 1'1
Import set-constraint from init attribute: $flatten\u_rumcajs.\u_auth.$auto$clk2fflogic.cc:95:sample_data$$0\f_cmd_seen[0:0]#sampled$3327 = 1'0
Import set-constraint from init attribute: $flatten\u_rumcajs.\u_auth.$auto$clk2fflogic.cc:81:sample_control_edge$\clk#sampled$3319 = 1'1
Import set-constraint from init attribute: $flatten\u_rumcajs.\u_auth.$auto$clk2fflogic.cc:95:sample_data$$0\f_token[0:0]#sampled$3317 = 1'0
Import set-constraint from init attribute: $flatten\u_rumcajs.\u_auth.$auto$clk2fflogic.cc:81:sample_control_edge$\clk#sampled$3309 = 1'1
Import set-constraint from init attribute: $flatten\u_rumcajs.\u_auth.$auto$clk2fflogic.cc:95:sample_data$$auto$rtlil.cc:2914:Mux$3304#sampled$3307 = 4'0000
Import set-constraint from init attribute: $flatten\u_rumcajs.\u_auth.$auto$clk2fflogic.cc:81:sample_control_edge$\clk#sampled$3297 = 1'1
Import set-constraint from init attribute: $flatten\u_rumcajs.\u_auth.$auto$clk2fflogic.cc:95:sample_data$$auto$rtlil.cc:2914:Mux$3292#sampled$3295 = 1'0
Import set-constraint from init attribute: $flatten\u_rumcajs.\u_auth.$auto$clk2fflogic.cc:81:sample_control_edge$\clk#sampled$3285 = 1'1
Import set-constraint from init attribute: $flatten\u_rumcajs.\u_auth.$auto$clk2fflogic.cc:95:sample_data$$auto$rtlil.cc:2914:Mux$3280#sampled$3283 = 13'0000000000000
Import set-constraint from init attribute: $flatten\u_rumcajs.\g_fixed_key_core.u_szymon.$auto$clk2fflogic.cc:81:sample_control_edge$\clk#sampled$2893 = 1'1
Import set-constraint from init attribute: $flatten\u_rumcajs.\g_fixed_key_core.u_szymon.$auto$clk2fflogic.cc:95:sample_data$$0\key_accumulator[0:0]#sampled$2891 = 1'0
Import set-constraint from init attribute: $flatten\u_rumcajs.\g_fixed_key_core.u_szymon.$auto$clk2fflogic.cc:81:sample_control_edge$\clk#sampled$2883 = 1'1
Import set-constraint from init attribute: $flatten\u_rumcajs.\g_fixed_key_core.u_szymon.$auto$clk2fflogic.cc:95:sample_data$$0\key_depth[2:0]#sampled$2881 = 3'000
Import set-constraint from init attribute: $flatten\u_rumcajs.\g_fixed_key_core.u_szymon.$auto$clk2fflogic.cc:81:sample_control_edge$\clk#sampled$2873 = 1'1
Import set-constraint from init attribute: $flatten\u_rumcajs.\g_fixed_key_core.u_szymon.$auto$clk2fflogic.cc:95:sample_data$$0\key_phase[1:0]#sampled$2871 = 2'00
Import set-constraint from init attribute: $flatten\u_rumcajs.\g_fixed_key_core.u_szymon.$auto$clk2fflogic.cc:81:sample_control_edge$\clk#sampled$2863 = 1'1
Import set-constraint from init attribute: $flatten\u_rumcajs.\g_fixed_key_core.u_szymon.$auto$clk2fflogic.cc:95:sample_data$$0\b[31:0]#sampled$2861 = 0
Import set-constraint from init attribute: $flatten\u_rumcajs.\g_fixed_key_core.u_szymon.$auto$clk2fflogic.cc:81:sample_control_edge$\clk#sampled$2853 = 1'1
Import set-constraint from init attribute: $flatten\u_rumcajs.\g_fixed_key_core.u_szymon.$auto$clk2fflogic.cc:95:sample_data$$0\a[31:0]#sampled$2851 = 0
Import set-constraint from init attribute: $flatten\u_rumcajs.\g_fixed_key_core.u_szymon.$auto$clk2fflogic.cc:81:sample_control_edge$\clk#sampled$2843 = 1'1
Import set-constraint from init attribute: $flatten\u_rumcajs.\g_fixed_key_core.u_szymon.$auto$clk2fflogic.cc:95:sample_data$$0\f_prev_m_last[0:0]#sampled$2841 = 1'0
Import set-constraint from init attribute: $flatten\u_rumcajs.\g_fixed_key_core.u_szymon.$auto$clk2fflogic.cc:81:sample_control_edge$\clk#sampled$2833 = 1'1
Import set-constraint from init attribute: $flatten\u_rumcajs.\g_fixed_key_core.u_szymon.$auto$clk2fflogic.cc:95:sample_data$$0\f_prev_m_bit[0:0]#sampled$2831 = 1'0
Import set-constraint from init attribute: $flatten\u_rumcajs.\g_fixed_key_core.u_szymon.$auto$clk2fflogic.cc:81:sample_control_edge$\clk#sampled$2823 = 1'1
Import set-constraint from init attribute: $flatten\u_rumcajs.\g_fixed_key_core.u_szymon.$auto$clk2fflogic.cc:95:sample_data$$0\f_prev_m_stall[0:0]#sampled$2821 = 1'0
Import set-constraint from init attribute: $flatten\u_rumcajs.\g_fixed_key_core.u_szymon.$auto$clk2fflogic.cc:81:sample_control_edge$\clk#sampled$2813 = 1'1
Import set-constraint from init attribute: $flatten\u_rumcajs.\g_fixed_key_core.u_szymon.$auto$clk2fflogic.cc:95:sample_data$$0\f_past_valid[0:0]#sampled$2811 = 1'0
Import set-constraint from init attribute: $flatten\u_rumcajs.\g_fixed_key_core.u_szymon.$auto$clk2fflogic.cc:81:sample_control_edge$\clk#sampled$2803 = 1'1
Import set-constraint from init attribute: $flatten\u_rumcajs.\g_fixed_key_core.u_szymon.$auto$clk2fflogic.cc:95:sample_data$$auto$rtlil.cc:2914:Mux$2798#sampled$2801 = 3'000
Import set-constraint from init attribute: $flatten\u_rumcajs.\g_fixed_key_core.u_szymon.$auto$clk2fflogic.cc:81:sample_control_edge$\clk#sampled$2791 = 1'1
Import set-constraint from init attribute: $flatten\u_rumcajs.\g_fixed_key_core.u_szymon.$auto$clk2fflogic.cc:95:sample_data$$auto$rtlil.cc:2914:Mux$2786#sampled$2789 = 6'000000
Import set-constraint from init attribute: $flatten\u_rumcajs.\g_fixed_key_core.u_szymon.$auto$clk2fflogic.cc:81:sample_control_edge$\clk#sampled$2779 = 1'1
Import set-constraint from init attribute: $flatten\u_rumcajs.\g_fixed_key_core.u_szymon.$auto$clk2fflogic.cc:95:sample_data$$auto$rtlil.cc:2914:Mux$2774#sampled$2777 = 6'000000
Final init constraint equation: { $flatten\u_rumcajs.\g_fixed_key_core.u_szymon.$auto$clk2fflogic.cc:95:sample_data$$auto$async2sync.cc:228:execute$2468#sampled$2775 $flatten\u_rumcajs.\g_fixed_key_core.u_szymon.$auto$clk2fflogic.cc:95:sample_data$$auto$async2sync.cc:228:execute$2466#sampled$2787 $flatten\u_rumcajs.\g_fixed_key_core.u_szymon.$auto$clk2fflogic.cc:95:sample_data$$auto$async2sync.cc:228:execute$2464#sampled$2799 $flatten\u_rumcajs.\g_fixed_key_core.u_szymon.$auto$clk2fflogic.cc:95:sample_data$\f_past_valid#sampled$2809 $flatten\u_rumcajs.\g_fixed_key_core.u_szymon.$auto$clk2fflogic.cc:95:sample_data$\f_prev_m_stall#sampled$2819 $flatten\u_rumcajs.\g_fixed_key_core.u_szymon.$auto$clk2fflogic.cc:95:sample_data$\f_prev_m_bit#sampled$2829 $flatten\u_rumcajs.\g_fixed_key_core.u_szymon.$auto$clk2fflogic.cc:95:sample_data$\f_prev_m_last#sampled$2839 $flatten\u_rumcajs.\g_fixed_key_core.u_szymon.$auto$clk2fflogic.cc:95:sample_data$\a#sampled$2849 $flatten\u_rumcajs.\g_fixed_key_core.u_szymon.$auto$clk2fflogic.cc:95:sample_data$\b#sampled$2859 $flatten\u_rumcajs.\g_fixed_key_core.u_szymon.$auto$clk2fflogic.cc:95:sample_data$\key_phase#sampled$2869 $flatten\u_rumcajs.\g_fixed_key_core.u_szymon.$auto$clk2fflogic.cc:95:sample_data$\key_depth#sampled$2879 $flatten\u_rumcajs.\g_fixed_key_core.u_szymon.$auto$clk2fflogic.cc:95:sample_data$\key_accumulator#sampled$2889 $flatten\u_rumcajs.\u_auth.$auto$clk2fflogic.cc:95:sample_data$$auto$async2sync.cc:228:execute$2524#sampled$3281 $flatten\u_rumcajs.\u_auth.$auto$clk2fflogic.cc:95:sample_data$$auto$async2sync.cc:228:execute$2522#sampled$3293 $flatten\u_rumcajs.\u_auth.$auto$clk2fflogic.cc:95:sample_data$$auto$async2sync.cc:228:execute$2520#sampled$3305 $flatten\u_rumcajs.\u_auth.$auto$clk2fflogic.cc:95:sample_data$\f_token#sampled$3315 $flatten\u_rumcajs.\u_auth.$auto$clk2fflogic.cc:95:sample_data$\f_cmd_seen#sampled$3325 $flatten\u_rumcajs.\u_auth.$auto$clk2fflogic.cc:95:sample_data$\f_seal_seen#sampled$3335 $flatten\u_rumcajs.\u_auth.$auto$clk2fflogic.cc:95:sample_data$\f_rx_complete#sampled$3345 $flatten\u_rumcajs.\u_auth.$auto$clk2fflogic.cc:95:sample_data$\f_past_valid#sampled$3355 $flatten\u_rumcajs.\u_auth.$auto$clk2fflogic.cc:95:sample_data$\f_prev_timeout_now#sampled$3365 $flatten\u_rumcajs.\u_auth.$auto$clk2fflogic.cc:95:sample_data$\f_prev_state#sampled$3375 $flatten\u_rumcajs.\u_buzzer.$auto$clk2fflogic.cc:95:sample_data$$auto$async2sync.cc:228:execute$2508#sampled$3123 $flatten\u_rumcajs.\u_buzzer.$auto$clk2fflogic.cc:95:sample_data$$auto$async2sync.cc:228:execute$2506#sampled$3135 $flatten\u_rumcajs.\u_buzzer.$auto$clk2fflogic.cc:95:sample_data$$auto$async2sync.cc:228:execute$2504#sampled$3147 $flatten\u_rumcajs.\u_buzzer.$auto$clk2fflogic.cc:95:sample_data$$auto$async2sync.cc:228:execute$2502#sampled$3159 $flatten\u_rumcajs.\u_cold_release.$auto$clk2fflogic.cc:95:sample_data$$auto$async2sync.cc:228:execute$2534#sampled$3435 $flatten\u_rumcajs.\u_kb.$auto$clk2fflogic.cc:95:sample_data$$auto$async2sync.cc:228:execute$2492#sampled$2901 $flatten\u_rumcajs.\u_kb.$auto$clk2fflogic.cc:95:sample_data$$auto$async2sync.cc:228:execute$2490#sampled$2913 $flatten\u_rumcajs.\u_kb.$auto$clk2fflogic.cc:95:sample_data$$auto$async2sync.cc:228:execute$2488#sampled$2925 $flatten\u_rumcajs.\u_kb.$auto$clk2fflogic.cc:95:sample_data$$auto$async2sync.cc:228:execute$2486#sampled$2937 $flatten\u_rumcajs.\u_kb.$auto$clk2fflogic.cc:95:sample_data$$auto$async2sync.cc:228:execute$2484#sampled$2949 $flatten\u_rumcajs.\u_kb.$auto$clk2fflogic.cc:95:sample_data$$auto$async2sync.cc:228:execute$2482#sampled$2961 $flatten\u_rumcajs.\u_kb.$auto$clk2fflogic.cc:95:sample_data$$auto$async2sync.cc:228:execute$2480#sampled$2973 $flatten\u_rumcajs.\u_kb.$auto$clk2fflogic.cc:95:sample_data$$auto$async2sync.cc:228:execute$2478#sampled$2985 $flatten\u_rumcajs.\u_kb.$auto$clk2fflogic.cc:95:sample_data$$auto$async2sync.cc:228:execute$2476#sampled$2997 $flatten\u_rumcajs.\u_kb.$auto$clk2fflogic.cc:95:sample_data$$auto$async2sync.cc:228:execute$2474#sampled$3009 $flatten\u_rumcajs.\u_kb.$auto$clk2fflogic.cc:95:sample_data$$auto$async2sync.cc:228:execute$2472#sampled$3021 $flatten\u_rumcajs.\u_kb.$auto$clk2fflogic.cc:95:sample_data$$auto$async2sync.cc:228:execute$2470#sampled$3033 $flatten\u_rumcajs.\u_kb.$auto$clk2fflogic.cc:95:sample_data$\f_past_valid#sampled$3043 $flatten\u_rumcajs.\u_kb.$auto$clk2fflogic.cc:95:sample_data$\f_prev_key_stall#sampled$3053 $flatten\u_rumcajs.\u_kb.$auto$clk2fflogic.cc:95:sample_data$\f_prev_key_id#sampled$3063 $flatten\u_rumcajs.\u_kb.\u_col_sync.$auto$clk2fflogic.cc:95:sample_data$$auto$async2sync.cc:228:execute$2530#sampled$3423 $flatten\u_rumcajs.\u_kb.\u_col_sync.$auto$clk2fflogic.cc:95:sample_data$$auto$async2sync.cc:228:execute$2532#sampled$3411 $flatten\u_rumcajs.\u_link.$auto$clk2fflogic.cc:95:sample_data$$auto$async2sync.cc:228:execute$2566#sampled$3447 $flatten\u_rumcajs.\u_link.$auto$clk2fflogic.cc:95:sample_data$$auto$async2sync.cc:228:execute$2564#sampled$3459 $flatten\u_rumcajs.\u_link.$auto$clk2fflogic.cc:95:sample_data$$auto$async2sync.cc:228:execute$2562#sampled$3471 $flatten\u_rumcajs.\u_link.$auto$clk2fflogic.cc:95:sample_data$$auto$async2sync.cc:228:execute$2560#sampled$3483 $flatten\u_rumcajs.\u_link.$auto$clk2fflogic.cc:95:sample_data$$auto$async2sync.cc:228:execute$2558#sampled$3495 $flatten\u_rumcajs.\u_link.$auto$clk2fflogic.cc:95:sample_data$$auto$async2sync.cc:228:execute$2556#sampled$3507 $flatten\u_rumcajs.\u_link.$auto$clk2fflogic.cc:95:sample_data$$auto$async2sync.cc:228:execute$2554#sampled$3519 $flatten\u_rumcajs.\u_link.$auto$clk2fflogic.cc:95:sample_data$$auto$async2sync.cc:228:execute$2552#sampled$3531 $flatten\u_rumcajs.\u_link.$auto$clk2fflogic.cc:95:sample_data$$auto$async2sync.cc:228:execute$2550#sampled$3543 $flatten\u_rumcajs.\u_link.$auto$clk2fflogic.cc:95:sample_data$$auto$async2sync.cc:228:execute$2548#sampled$3555 $flatten\u_rumcajs.\u_link.$auto$clk2fflogic.cc:95:sample_data$$auto$async2sync.cc:228:execute$2546#sampled$3567 $flatten\u_rumcajs.\u_link.$auto$clk2fflogic.cc:95:sample_data$$auto$async2sync.cc:228:execute$2544#sampled$3579 $flatten\u_rumcajs.\u_link.$auto$clk2fflogic.cc:95:sample_data$$auto$async2sync.cc:228:execute$2542#sampled$3591 $flatten\u_rumcajs.\u_link.$auto$clk2fflogic.cc:95:sample_data$$auto$async2sync.cc:228:execute$2540#sampled$3603 $flatten\u_rumcajs.\u_link.$auto$clk2fflogic.cc:95:sample_data$$auto$async2sync.cc:228:execute$2538#sampled$3615 $flatten\u_rumcajs.\u_link.$auto$clk2fflogic.cc:95:sample_data$$auto$async2sync.cc:228:execute$2536#sampled$3627 $flatten\u_rumcajs.\u_link.$auto$clk2fflogic.cc:95:sample_data$\f_past_valid#sampled$3637 $flatten\u_rumcajs.\u_link.$auto$clk2fflogic.cc:95:sample_data$\f_prev_s_stall#sampled$3647 $flatten\u_rumcajs.\u_link.$auto$clk2fflogic.cc:95:sample_data$\f_prev_s_bit#sampled$3657 $flatten\u_rumcajs.\u_link.\u_serial_sync.$auto$clk2fflogic.cc:95:sample_data$$auto$async2sync.cc:228:execute$2526#sampled$3399 $flatten\u_rumcajs.\u_link.\u_serial_sync.$auto$clk2fflogic.cc:95:sample_data$$auto$async2sync.cc:228:execute$2528#sampled$3387 $flatten\u_rumcajs.\u_regs.$auto$clk2fflogic.cc:95:sample_data$$auto$async2sync.cc:228:execute$2518#sampled$3171 $flatten\u_rumcajs.\u_regs.$auto$clk2fflogic.cc:95:sample_data$$auto$async2sync.cc:228:execute$2516#sampled$3183 $flatten\u_rumcajs.\u_regs.$auto$clk2fflogic.cc:95:sample_data$$auto$async2sync.cc:228:execute$2514#sampled$3195 $flatten\u_rumcajs.\u_regs.$auto$clk2fflogic.cc:95:sample_data$$auto$async2sync.cc:228:execute$2512#sampled$3207 $flatten\u_rumcajs.\u_regs.$auto$clk2fflogic.cc:95:sample_data$$auto$async2sync.cc:228:execute$2510#sampled$3219 $flatten\u_rumcajs.\u_regs.$auto$clk2fflogic.cc:95:sample_data$\f_past_valid#sampled$3229 $flatten\u_rumcajs.\u_regs.$auto$clk2fflogic.cc:95:sample_data$\f_prev_cold#sampled$3239 $flatten\u_rumcajs.\u_regs.$auto$clk2fflogic.cc:95:sample_data$\f_prev_fail_count#sampled$3249 $flatten\u_rumcajs.\u_regs.$auto$clk2fflogic.cc:95:sample_data$\f_prev_submit_bad#sampled$3259 $flatten\u_rumcajs.\u_regs.$auto$clk2fflogic.cc:95:sample_data$\f_prev_txn_stall#sampled$3269 $flatten\u_rumcajs.\u_session_release.$auto$clk2fflogic.cc:95:sample_data$$auto$async2sync.cc:228:execute$2534#sampled$3435 $flatten\u_rumcajs.\u_timebase.$auto$clk2fflogic.cc:95:sample_data$$auto$async2sync.cc:228:execute$2500#sampled$3075 $flatten\u_rumcajs.\u_timebase.$auto$clk2fflogic.cc:95:sample_data$$auto$async2sync.cc:228:execute$2498#sampled$3087 $flatten\u_rumcajs.\u_timebase.$auto$clk2fflogic.cc:95:sample_data$$auto$async2sync.cc:228:execute$2496#sampled$3099 $flatten\u_rumcajs.\u_timebase.$auto$clk2fflogic.cc:95:sample_data$$auto$async2sync.cc:228:execute$2494#sampled$3111 $flatten\u_rumcajs.\g_fixed_key_core.u_szymon.$auto$clk2fflogic.cc:95:sample_data$$auto$rtlil.cc:2914:Mux$2774#sampled$2777 $flatten\u_rumcajs.\g_fixed_key_core.u_szymon.$auto$clk2fflogic.cc:81:sample_control_edge$\clk#sampled$2779 $flatten\u_rumcajs.\g_fixed_key_core.u_szymon.$auto$clk2fflogic.cc:95:sample_data$$auto$rtlil.cc:2914:Mux$2786#sampled$2789 $flatten\u_rumcajs.\g_fixed_key_core.u_szymon.$auto$clk2fflogic.cc:81:sample_control_edge$\clk#sampled$2791 $flatten\u_rumcajs.\g_fixed_key_core.u_szymon.$auto$clk2fflogic.cc:95:sample_data$$auto$rtlil.cc:2914:Mux$2798#sampled$2801 $flatten\u_rumcajs.\g_fixed_key_core.u_szymon.$auto$clk2fflogic.cc:81:sample_control_edge$\clk#sampled$2803 $flatten\u_rumcajs.\g_fixed_key_core.u_szymon.$auto$clk2fflogic.cc:95:sample_data$$0\f_past_valid[0:0]#sampled$2811 $flatten\u_rumcajs.\g_fixed_key_core.u_szymon.$auto$clk2fflogic.cc:81:sample_control_edge$\clk#sampled$2813 $flatten\u_rumcajs.\g_fixed_key_core.u_szymon.$auto$clk2fflogic.cc:95:sample_data$$0\f_prev_m_stall[0:0]#sampled$2821 $flatten\u_rumcajs.\g_fixed_key_core.u_szymon.$auto$clk2fflogic.cc:81:sample_control_edge$\clk#sampled$2823 $flatten\u_rumcajs.\g_fixed_key_core.u_szymon.$auto$clk2fflogic.cc:95:sample_data$$0\f_prev_m_bit[0:0]#sampled$2831 $flatten\u_rumcajs.\g_fixed_key_core.u_szymon.$auto$clk2fflogic.cc:81:sample_control_edge$\clk#sampled$2833 $flatten\u_rumcajs.\g_fixed_key_core.u_szymon.$auto$clk2fflogic.cc:95:sample_data$$0\f_prev_m_last[0:0]#sampled$2841 $flatten\u_rumcajs.\g_fixed_key_core.u_szymon.$auto$clk2fflogic.cc:81:sample_control_edge$\clk#sampled$2843 $flatten\u_rumcajs.\g_fixed_key_core.u_szymon.$auto$clk2fflogic.cc:95:sample_data$$0\a[31:0]#sampled$2851 $flatten\u_rumcajs.\g_fixed_key_core.u_szymon.$auto$clk2fflogic.cc:81:sample_control_edge$\clk#sampled$2853 $flatten\u_rumcajs.\g_fixed_key_core.u_szymon.$auto$clk2fflogic.cc:95:sample_data$$0\b[31:0]#sampled$2861 $flatten\u_rumcajs.\g_fixed_key_core.u_szymon.$auto$clk2fflogic.cc:81:sample_control_edge$\clk#sampled$2863 $flatten\u_rumcajs.\g_fixed_key_core.u_szymon.$auto$clk2fflogic.cc:95:sample_data$$0\key_phase[1:0]#sampled$2871 $flatten\u_rumcajs.\g_fixed_key_core.u_szymon.$auto$clk2fflogic.cc:81:sample_control_edge$\clk#sampled$2873 $flatten\u_rumcajs.\g_fixed_key_core.u_szymon.$auto$clk2fflogic.cc:95:sample_data$$0\key_depth[2:0]#sampled$2881 $flatten\u_rumcajs.\g_fixed_key_core.u_szymon.$auto$clk2fflogic.cc:81:sample_control_edge$\clk#sampled$2883 $flatten\u_rumcajs.\g_fixed_key_core.u_szymon.$auto$clk2fflogic.cc:95:sample_data$$0\key_accumulator[0:0]#sampled$2891 $flatten\u_rumcajs.\g_fixed_key_core.u_szymon.$auto$clk2fflogic.cc:81:sample_control_edge$\clk#sampled$2893 $flatten\u_rumcajs.\u_auth.$auto$clk2fflogic.cc:95:sample_data$$auto$rtlil.cc:2914:Mux$3280#sampled$3283 $flatten\u_rumcajs.\u_auth.$auto$clk2fflogic.cc:81:sample_control_edge$\clk#sampled$3285 $flatten\u_rumcajs.\u_auth.$auto$clk2fflogic.cc:95:sample_data$$auto$rtlil.cc:2914:Mux$3292#sampled$3295 $flatten\u_rumcajs.\u_auth.$auto$clk2fflogic.cc:81:sample_control_edge$\clk#sampled$3297 $flatten\u_rumcajs.\u_auth.$auto$clk2fflogic.cc:95:sample_data$$auto$rtlil.cc:2914:Mux$3304#sampled$3307 $flatten\u_rumcajs.\u_auth.$auto$clk2fflogic.cc:81:sample_control_edge$\clk#sampled$3309 $flatten\u_rumcajs.\u_auth.$auto$clk2fflogic.cc:95:sample_data$$0\f_token[0:0]#sampled$3317 $flatten\u_rumcajs.\u_auth.$auto$clk2fflogic.cc:81:sample_control_edge$\clk#sampled$3319 $flatten\u_rumcajs.\u_auth.$auto$clk2fflogic.cc:95:sample_data$$0\f_cmd_seen[0:0]#sampled$3327 $flatten\u_rumcajs.\u_auth.$auto$clk2fflogic.cc:81:sample_control_edge$\clk#sampled$3329 $flatten\u_rumcajs.\u_auth.$auto$clk2fflogic.cc:95:sample_data$$0\f_seal_seen[0:0]#sampled$3337 $flatten\u_rumcajs.\u_auth.$auto$clk2fflogic.cc:81:sample_control_edge$\clk#sampled$3339 $flatten\u_rumcajs.\u_auth.$auto$clk2fflogic.cc:95:sample_data$$0\f_rx_complete[0:0]#sampled$3347 $flatten\u_rumcajs.\u_auth.$auto$clk2fflogic.cc:81:sample_control_edge$\clk#sampled$3349 $flatten\u_rumcajs.\u_auth.$auto$clk2fflogic.cc:95:sample_data$$0\f_past_valid[0:0]#sampled$3357 $flatten\u_rumcajs.\u_auth.$auto$clk2fflogic.cc:81:sample_control_edge$\clk#sampled$3359 $flatten\u_rumcajs.\u_auth.$auto$clk2fflogic.cc:95:sample_data$$0\f_prev_timeout_now[0:0]#sampled$3367 $flatten\u_rumcajs.\u_auth.$auto$clk2fflogic.cc:81:sample_control_edge$\clk#sampled$3369 $flatten\u_rumcajs.\u_auth.$auto$clk2fflogic.cc:95:sample_data$$0\f_prev_state[3:0]#sampled$3377 $flatten\u_rumcajs.\u_auth.$auto$clk2fflogic.cc:81:sample_control_edge$\clk#sampled$3379 $flatten\u_rumcajs.\u_buzzer.$auto$clk2fflogic.cc:95:sample_data$$auto$rtlil.cc:2914:Mux$3122#sampled$3125 $flatten\u_rumcajs.\u_buzzer.$auto$clk2fflogic.cc:81:sample_control_edge$\clk#sampled$3127 $flatten\u_rumcajs.\u_buzzer.$auto$clk2fflogic.cc:95:sample_data$$auto$rtlil.cc:2914:Mux$3134#sampled$3137 $flatten\u_rumcajs.\u_buzzer.$auto$clk2fflogic.cc:81:sample_control_edge$\clk#sampled$3139 $flatten\u_rumcajs.\u_buzzer.$auto$clk2fflogic.cc:95:sample_data$$auto$rtlil.cc:2914:Mux$3146#sampled$3149 $flatten\u_rumcajs.\u_buzzer.$auto$clk2fflogic.cc:81:sample_control_edge$\clk#sampled$3151 $flatten\u_rumcajs.\u_buzzer.$auto$clk2fflogic.cc:95:sample_data$$auto$rtlil.cc:2914:Mux$3158#sampled$3161 $flatten\u_rumcajs.\u_buzzer.$auto$clk2fflogic.cc:81:sample_control_edge$\clk#sampled$3163 $flatten\u_rumcajs.\u_cold_release.$auto$clk2fflogic.cc:95:sample_data$$auto$rtlil.cc:2914:Mux$3434#sampled$3437 $flatten\u_rumcajs.\u_cold_release.$auto$clk2fflogic.cc:81:sample_control_edge$\clk#sampled$3439 $flatten\u_rumcajs.\u_kb.$auto$clk2fflogic.cc:95:sample_data$$auto$rtlil.cc:2914:Mux$2900#sampled$2903 $flatten\u_rumcajs.\u_kb.$auto$clk2fflogic.cc:81:sample_control_edge$\clk#sampled$2905 $flatten\u_rumcajs.\u_kb.$auto$clk2fflogic.cc:95:sample_data$$auto$rtlil.cc:2914:Mux$2912#sampled$2915 $flatten\u_rumcajs.\u_kb.$auto$clk2fflogic.cc:81:sample_control_edge$\clk#sampled$2917 $flatten\u_rumcajs.\u_kb.$auto$clk2fflogic.cc:95:sample_data$$auto$rtlil.cc:2914:Mux$2924#sampled$2927 $flatten\u_rumcajs.\u_kb.$auto$clk2fflogic.cc:81:sample_control_edge$\clk#sampled$2929 $flatten\u_rumcajs.\u_kb.$auto$clk2fflogic.cc:95:sample_data$$auto$rtlil.cc:2914:Mux$2936#sampled$2939 $flatten\u_rumcajs.\u_kb.$auto$clk2fflogic.cc:81:sample_control_edge$\clk#sampled$2941 $flatten\u_rumcajs.\u_kb.$auto$clk2fflogic.cc:95:sample_data$$auto$rtlil.cc:2914:Mux$2948#sampled$2951 $flatten\u_rumcajs.\u_kb.$auto$clk2fflogic.cc:81:sample_control_edge$\clk#sampled$2953 $flatten\u_rumcajs.\u_kb.$auto$clk2fflogic.cc:95:sample_data$$auto$rtlil.cc:2914:Mux$2960#sampled$2963 $flatten\u_rumcajs.\u_kb.$auto$clk2fflogic.cc:81:sample_control_edge$\clk#sampled$2965 $flatten\u_rumcajs.\u_kb.$auto$clk2fflogic.cc:95:sample_data$$auto$rtlil.cc:2914:Mux$2972#sampled$2975 $flatten\u_rumcajs.\u_kb.$auto$clk2fflogic.cc:81:sample_control_edge$\clk#sampled$2977 $flatten\u_rumcajs.\u_kb.$auto$clk2fflogic.cc:95:sample_data$$auto$rtlil.cc:2914:Mux$2984#sampled$2987 $flatten\u_rumcajs.\u_kb.$auto$clk2fflogic.cc:81:sample_control_edge$\clk#sampled$2989 $flatten\u_rumcajs.\u_kb.$auto$clk2fflogic.cc:95:sample_data$$auto$rtlil.cc:2914:Mux$2996#sampled$2999 $flatten\u_rumcajs.\u_kb.$auto$clk2fflogic.cc:81:sample_control_edge$\clk#sampled$3001 $flatten\u_rumcajs.\u_kb.$auto$clk2fflogic.cc:95:sample_data$$auto$rtlil.cc:2914:Mux$3008#sampled$3011 $flatten\u_rumcajs.\u_kb.$auto$clk2fflogic.cc:81:sample_control_edge$\clk#sampled$3013 $flatten\u_rumcajs.\u_kb.$auto$clk2fflogic.cc:95:sample_data$$auto$rtlil.cc:2914:Mux$3020#sampled$3023 $flatten\u_rumcajs.\u_kb.$auto$clk2fflogic.cc:81:sample_control_edge$\clk#sampled$3025 $flatten\u_rumcajs.\u_kb.$auto$clk2fflogic.cc:95:sample_data$$auto$rtlil.cc:2914:Mux$3032#sampled$3035 $flatten\u_rumcajs.\u_kb.$auto$clk2fflogic.cc:81:sample_control_edge$\clk#sampled$3037 $flatten\u_rumcajs.\u_kb.$auto$clk2fflogic.cc:95:sample_data$$0\f_past_valid[0:0]#sampled$3045 $flatten\u_rumcajs.\u_kb.$auto$clk2fflogic.cc:81:sample_control_edge$\clk#sampled$3047 $flatten\u_rumcajs.\u_kb.$auto$clk2fflogic.cc:95:sample_data$$0\f_prev_key_stall[0:0]#sampled$3055 $flatten\u_rumcajs.\u_kb.$auto$clk2fflogic.cc:81:sample_control_edge$\clk#sampled$3057 $flatten\u_rumcajs.\u_kb.$auto$clk2fflogic.cc:95:sample_data$$0\f_prev_key_id[3:0]#sampled$3065 $flatten\u_rumcajs.\u_kb.$auto$clk2fflogic.cc:81:sample_control_edge$\clk#sampled$3067 $flatten\u_rumcajs.\u_kb.\u_col_sync.$auto$clk2fflogic.cc:81:sample_control_edge$\clk#sampled$3427 $flatten\u_rumcajs.\u_kb.\u_col_sync.$auto$clk2fflogic.cc:95:sample_data$$auto$rtlil.cc:2914:Mux$3422#sampled$3425 $flatten\u_rumcajs.\u_kb.\u_col_sync.$auto$clk2fflogic.cc:81:sample_control_edge$\clk#sampled$3415 $flatten\u_rumcajs.\u_kb.\u_col_sync.$auto$clk2fflogic.cc:95:sample_data$$auto$rtlil.cc:2914:Mux$3410#sampled$3413 $flatten\u_rumcajs.\u_link.$auto$clk2fflogic.cc:95:sample_data$$auto$rtlil.cc:2914:Mux$3446#sampled$3449 $flatten\u_rumcajs.\u_link.$auto$clk2fflogic.cc:81:sample_control_edge$\clk#sampled$3451 $flatten\u_rumcajs.\u_link.$auto$clk2fflogic.cc:95:sample_data$$auto$rtlil.cc:2914:Mux$3458#sampled$3461 $flatten\u_rumcajs.\u_link.$auto$clk2fflogic.cc:81:sample_control_edge$\clk#sampled$3463 $flatten\u_rumcajs.\u_link.$auto$clk2fflogic.cc:95:sample_data$$auto$rtlil.cc:2914:Mux$3470#sampled$3473 $flatten\u_rumcajs.\u_link.$auto$clk2fflogic.cc:81:sample_control_edge$\clk#sampled$3475 $flatten\u_rumcajs.\u_link.$auto$clk2fflogic.cc:95:sample_data$$auto$rtlil.cc:2914:Mux$3482#sampled$3485 $flatten\u_rumcajs.\u_link.$auto$clk2fflogic.cc:81:sample_control_edge$\clk#sampled$3487 $flatten\u_rumcajs.\u_link.$auto$clk2fflogic.cc:95:sample_data$$auto$rtlil.cc:2914:Mux$3494#sampled$3497 $flatten\u_rumcajs.\u_link.$auto$clk2fflogic.cc:81:sample_control_edge$\clk#sampled$3499 $flatten\u_rumcajs.\u_link.$auto$clk2fflogic.cc:95:sample_data$$auto$rtlil.cc:2914:Mux$3506#sampled$3509 $flatten\u_rumcajs.\u_link.$auto$clk2fflogic.cc:81:sample_control_edge$\clk#sampled$3511 $flatten\u_rumcajs.\u_link.$auto$clk2fflogic.cc:95:sample_data$$auto$rtlil.cc:2914:Mux$3518#sampled$3521 $flatten\u_rumcajs.\u_link.$auto$clk2fflogic.cc:81:sample_control_edge$\clk#sampled$3523 $flatten\u_rumcajs.\u_link.$auto$clk2fflogic.cc:95:sample_data$$auto$rtlil.cc:2914:Mux$3530#sampled$3533 $flatten\u_rumcajs.\u_link.$auto$clk2fflogic.cc:81:sample_control_edge$\clk#sampled$3535 $flatten\u_rumcajs.\u_link.$auto$clk2fflogic.cc:95:sample_data$$auto$rtlil.cc:2914:Mux$3542#sampled$3545 $flatten\u_rumcajs.\u_link.$auto$clk2fflogic.cc:81:sample_control_edge$\clk#sampled$3547 $flatten\u_rumcajs.\u_link.$auto$clk2fflogic.cc:95:sample_data$$auto$rtlil.cc:2914:Mux$3554#sampled$3557 $flatten\u_rumcajs.\u_link.$auto$clk2fflogic.cc:81:sample_control_edge$\clk#sampled$3559 $flatten\u_rumcajs.\u_link.$auto$clk2fflogic.cc:95:sample_data$$auto$rtlil.cc:2914:Mux$3566#sampled$3569 $flatten\u_rumcajs.\u_link.$auto$clk2fflogic.cc:81:sample_control_edge$\clk#sampled$3571 $flatten\u_rumcajs.\u_link.$auto$clk2fflogic.cc:95:sample_data$$auto$rtlil.cc:2914:Mux$3578#sampled$3581 $flatten\u_rumcajs.\u_link.$auto$clk2fflogic.cc:81:sample_control_edge$\clk#sampled$3583 $flatten\u_rumcajs.\u_link.$auto$clk2fflogic.cc:95:sample_data$$auto$rtlil.cc:2914:Mux$3590#sampled$3593 $flatten\u_rumcajs.\u_link.$auto$clk2fflogic.cc:81:sample_control_edge$\clk#sampled$3595 $flatten\u_rumcajs.\u_link.$auto$clk2fflogic.cc:95:sample_data$$auto$rtlil.cc:2914:Mux$3602#sampled$3605 $flatten\u_rumcajs.\u_link.$auto$clk2fflogic.cc:81:sample_control_edge$\clk#sampled$3607 $flatten\u_rumcajs.\u_link.$auto$clk2fflogic.cc:95:sample_data$$auto$rtlil.cc:2914:Mux$3614#sampled$3617 $flatten\u_rumcajs.\u_link.$auto$clk2fflogic.cc:81:sample_control_edge$\clk#sampled$3619 $flatten\u_rumcajs.\u_link.$auto$clk2fflogic.cc:95:sample_data$$auto$rtlil.cc:2914:Mux$3626#sampled$3629 $flatten\u_rumcajs.\u_link.$auto$clk2fflogic.cc:81:sample_control_edge$\clk#sampled$3631 $flatten\u_rumcajs.\u_link.$auto$clk2fflogic.cc:95:sample_data$$0\f_past_valid[0:0]#sampled$3639 $flatten\u_rumcajs.\u_link.$auto$clk2fflogic.cc:81:sample_control_edge$\clk#sampled$3641 $flatten\u_rumcajs.\u_link.$auto$clk2fflogic.cc:95:sample_data$$0\f_prev_s_stall[0:0]#sampled$3649 $flatten\u_rumcajs.\u_link.$auto$clk2fflogic.cc:81:sample_control_edge$\clk#sampled$3651 $flatten\u_rumcajs.\u_link.$auto$clk2fflogic.cc:95:sample_data$$0\f_prev_s_bit[0:0]#sampled$3659 $flatten\u_rumcajs.\u_link.$auto$clk2fflogic.cc:81:sample_control_edge$\clk#sampled$3661 $flatten\u_rumcajs.\u_link.\u_serial_sync.$auto$clk2fflogic.cc:81:sample_control_edge$\clk#sampled$3403 $flatten\u_rumcajs.\u_link.\u_serial_sync.$auto$clk2fflogic.cc:95:sample_data$$auto$rtlil.cc:2914:Mux$3398#sampled$3401 $flatten\u_rumcajs.\u_link.\u_serial_sync.$auto$clk2fflogic.cc:81:sample_control_edge$\clk#sampled$3391 $flatten\u_rumcajs.\u_link.\u_serial_sync.$auto$clk2fflogic.cc:95:sample_data$$auto$rtlil.cc:2914:Mux$3386#sampled$3389 $flatten\u_rumcajs.\u_regs.$auto$clk2fflogic.cc:95:sample_data$$auto$rtlil.cc:2914:Mux$3170#sampled$3173 $flatten\u_rumcajs.\u_regs.$auto$clk2fflogic.cc:81:sample_control_edge$\clk#sampled$3175 $flatten\u_rumcajs.\u_regs.$auto$clk2fflogic.cc:95:sample_data$$auto$rtlil.cc:2914:Mux$3182#sampled$3185 $flatten\u_rumcajs.\u_regs.$auto$clk2fflogic.cc:81:sample_control_edge$\clk#sampled$3187 $flatten\u_rumcajs.\u_regs.$auto$clk2fflogic.cc:95:sample_data$$auto$rtlil.cc:2914:Mux$3194#sampled$3197 $flatten\u_rumcajs.\u_regs.$auto$clk2fflogic.cc:81:sample_control_edge$\clk#sampled$3199 $flatten\u_rumcajs.\u_regs.$auto$clk2fflogic.cc:95:sample_data$$auto$rtlil.cc:2914:Mux$3206#sampled$3209 $flatten\u_rumcajs.\u_regs.$auto$clk2fflogic.cc:81:sample_control_edge$\clk#sampled$3211 $flatten\u_rumcajs.\u_regs.$auto$clk2fflogic.cc:95:sample_data$$auto$rtlil.cc:2914:Mux$3218#sampled$3221 $flatten\u_rumcajs.\u_regs.$auto$clk2fflogic.cc:81:sample_control_edge$\clk#sampled$3223 $flatten\u_rumcajs.\u_regs.$auto$clk2fflogic.cc:95:sample_data$$0\f_past_valid[0:0]#sampled$3231 $flatten\u_rumcajs.\u_regs.$auto$clk2fflogic.cc:81:sample_control_edge$\clk#sampled$3233 $flatten\u_rumcajs.\u_regs.$auto$clk2fflogic.cc:95:sample_data$$0\f_prev_cold[0:0]#sampled$3241 $flatten\u_rumcajs.\u_regs.$auto$clk2fflogic.cc:81:sample_control_edge$\clk#sampled$3243 $flatten\u_rumcajs.\u_regs.$auto$clk2fflogic.cc:95:sample_data$$0\f_prev_fail_count[1:0]#sampled$3251 $flatten\u_rumcajs.\u_regs.$auto$clk2fflogic.cc:81:sample_control_edge$\clk#sampled$3253 $flatten\u_rumcajs.\u_regs.$auto$clk2fflogic.cc:95:sample_data$$0\f_prev_submit_bad[0:0]#sampled$3261 $flatten\u_rumcajs.\u_regs.$auto$clk2fflogic.cc:81:sample_control_edge$\clk#sampled$3263 $flatten\u_rumcajs.\u_regs.$auto$clk2fflogic.cc:95:sample_data$$0\f_prev_txn_stall[0:0]#sampled$3271 $flatten\u_rumcajs.\u_regs.$auto$clk2fflogic.cc:81:sample_control_edge$\clk#sampled$3273 $flatten\u_rumcajs.\u_session_release.$auto$clk2fflogic.cc:95:sample_data$$auto$rtlil.cc:2914:Mux$3434#sampled$3437 $flatten\u_rumcajs.\u_session_release.$auto$clk2fflogic.cc:81:sample_control_edge$\clk#sampled$3439 $flatten\u_rumcajs.\u_timebase.$auto$clk2fflogic.cc:95:sample_data$$auto$rtlil.cc:2914:Mux$3074#sampled$3077 $flatten\u_rumcajs.\u_timebase.$auto$clk2fflogic.cc:81:sample_control_edge$\clk#sampled$3079 $flatten\u_rumcajs.\u_timebase.$auto$clk2fflogic.cc:95:sample_data$$auto$rtlil.cc:2914:Mux$3086#sampled$3089 $flatten\u_rumcajs.\u_timebase.$auto$clk2fflogic.cc:81:sample_control_edge$\clk#sampled$3091 $flatten\u_rumcajs.\u_timebase.$auto$clk2fflogic.cc:95:sample_data$$auto$rtlil.cc:2914:Mux$3098#sampled$3101 $flatten\u_rumcajs.\u_timebase.$auto$clk2fflogic.cc:81:sample_control_edge$\clk#sampled$3103 $flatten\u_rumcajs.\u_timebase.$auto$clk2fflogic.cc:95:sample_data$$auto$rtlil.cc:2914:Mux$3110#sampled$3113 $flatten\u_rumcajs.\u_timebase.$auto$clk2fflogic.cc:81:sample_control_edge$\clk#sampled$3115 } = 594'000000000000000000000000000000000000000000000000000000000000000000000000000000000000000000000000000000000000000000000000000000000000000000000000000000000000000000000000000000000000000000000000000000000000000000000000000000000000000000000000000000000000000000000001000000100010101010100000000000000000000000000000000100000000000000000000000000000000100100010100000000000001010000101010101010100001010100000010100100000101010101010000100101001000010101010000110000100000101010101010100000001010101000101010101010101100010000010100100000000000000000000000000000000101010100101010010010000000010101
Import proof for assert: $flatten\u_rumcajs.\u_regs.$auto$rtlil.cc:2914:Mux$3268 when $flatten\u_rumcajs.\u_regs.$assert$src/regs.v:174$828_EN.
Import proof for assert: $flatten\u_rumcajs.\u_regs.$ge$src/regs.v:172$826_Y when $flatten\u_rumcajs.\u_regs.$assert$src/regs.v:172$825_EN.
Import proof for assert: $flatten\u_rumcajs.\u_regs.$logic_not$src/regs.v:170$823_Y when $flatten\u_rumcajs.\u_regs.$assert$src/regs.v:170$822_EN.
Import proof for assert: $flatten\u_rumcajs.\u_regs.$le$src/regs.v:169$821_Y when $flatten\u_rumcajs.\u_regs.$assert$src/regs.v:169$820_EN.
Import proof for assert: \u_rumcajs.u_regs.txn_valid when $flatten\u_rumcajs.\u_regs.$assert$src/regs.v:176$832_EN.
Import proof for assert: \u_rumcajs.u_link.rx_pending when $flatten\u_rumcajs.\u_link.$assert$src/serial_link.v:271$362_EN.
Import proof for assert: $flatten\u_rumcajs.\u_link.$eq$src/serial_link.v:269$358_Y when $flatten\u_rumcajs.\u_link.$assert$src/serial_link.v:269$357_EN.
Import proof for assert: $flatten\u_rumcajs.\u_link.$eq$src/serial_link.v:268$356_Y when $flatten\u_rumcajs.\u_link.$assert$src/serial_link.v:268$355_EN.
Import proof for assert: \u_rumcajs.u_link.tx_active when $flatten\u_rumcajs.\u_link.$assert$src/serial_link.v:267$350_EN.
Import proof for assert: $flatten\u_rumcajs.\u_link.$eq$src/serial_link.v:265$349_Y when $flatten\u_rumcajs.\u_link.$assert$src/serial_link.v:265$348_EN.
Import proof for assert: \u_rumcajs.u_link.rx_active when $flatten\u_rumcajs.\u_link.$assert$src/serial_link.v:264$346_EN.
Import proof for assert: $flatten\u_rumcajs.\u_link.$le$src/serial_link.v:263$345_Y when $flatten\u_rumcajs.\u_link.$assert$src/serial_link.v:262$342_EN.
Import proof for assert: $flatten\u_rumcajs.\u_link.$le$src/serial_link.v:262$343_Y when $flatten\u_rumcajs.\u_link.$assert$src/serial_link.v:262$342_EN.
Import proof for assert: $flatten\u_rumcajs.\u_link.$eq$src/serial_link.v:272$364_Y when $flatten\u_rumcajs.\u_link.$assert$src/serial_link.v:271$362_EN.
Import proof for assert: \u_rumcajs.u_kb.key_valid when $flatten\u_rumcajs.\u_kb.$assert$src/kb.v:272$900_EN.
Import proof for assert: $flatten\u_rumcajs.\u_kb.$logic_not$src/kb.v:158$852_Y when $flatten\u_rumcajs.\u_kb.$assert$src/kb.v:270$895_EN.
Import proof for assert: $flatten\u_rumcajs.\u_kb.$eq$src/kb.v:269$894_Y when $flatten\u_rumcajs.\u_kb.$assert$src/kb.v:269$891_EN.
Import proof for assert: $flatten\u_rumcajs.\u_kb.$eq$src/kb.v:273$902_Y when $flatten\u_rumcajs.\u_kb.$assert$src/kb.v:272$900_EN.
Import proof for assert: $flatten\u_rumcajs.\u_auth.$logic_or$src/auth_ctrl.v:211$775_Y when $flatten\u_rumcajs.\u_auth.$assert$src/auth_ctrl.v:193$734_EN.
Import proof for assert: \u_rumcajs.u_auth.session_end when $flatten\u_rumcajs.\u_auth.$assert$src/auth_ctrl.v:210$771_EN.
Import proof for assert: $flatten\u_rumcajs.\u_auth.$logic_and$src/auth_ctrl.v:208$768_Y when $flatten\u_rumcajs.\u_auth.$assert$src/auth_ctrl.v:208$765_EN.
Import proof for assert: $flatten\u_rumcajs.\u_auth.$logic_and$src/auth_ctrl.v:206$763_Y when $flatten\u_rumcajs.\u_auth.$assert$src/auth_ctrl.v:206$761_EN.
Import proof for assert: $flatten\u_rumcajs.\u_auth.$logic_not$src/auth_ctrl.v:196$740_Y when $flatten\u_rumcajs.\u_auth.$assert$src/auth_ctrl.v:205$758_EN.
Import proof for assert: $flatten\u_rumcajs.\u_auth.$auto$rtlil.cc:2914:Mux$3344 when $flatten\u_rumcajs.\u_auth.$assert$src/auth_ctrl.v:204$756_EN.
Import proof for assert: $flatten\u_rumcajs.\u_auth.$auto$rtlil.cc:2914:Mux$3354 when $flatten\u_rumcajs.\u_auth.$assert$src/auth_ctrl.v:202$752_EN.
Import proof for assert: $flatten\u_rumcajs.\u_auth.$auto$rtlil.cc:2914:Mux$3334 when $flatten\u_rumcajs.\u_auth.$assert$src/auth_ctrl.v:200$748_EN.
Import proof for assert: $flatten\u_rumcajs.\u_auth.$auto$rtlil.cc:2914:Mux$3324 when $flatten\u_rumcajs.\u_auth.$assert$src/auth_ctrl.v:198$744_EN.
Import proof for assert: $flatten\u_rumcajs.\u_auth.$logic_not$src/auth_ctrl.v:196$740_Y when $flatten\u_rumcajs.\u_auth.$assert$src/auth_ctrl.v:196$739_EN.
Import proof for assert: $flatten\u_rumcajs.\u_auth.$lt$src/auth_ctrl.v:194$737_Y when $flatten\u_rumcajs.\u_auth.$assert$src/auth_ctrl.v:193$734_EN.
Import proof for assert: $flatten\u_rumcajs.\u_auth.$le$src/auth_ctrl.v:193$735_Y when $flatten\u_rumcajs.\u_auth.$assert$src/auth_ctrl.v:193$734_EN.
Import proof for assert: $flatten\u_rumcajs.\u_auth.$logic_or$src/auth_ctrl.v:212$778_Y when $flatten\u_rumcajs.\u_auth.$assert$src/auth_ctrl.v:193$734_EN.
Import proof for assert: $flatten\u_rumcajs.\g_fixed_key_core.u_szymon.$eq$src/szymon_fixed.v:263$659_Y when $flatten\u_rumcajs.\g_fixed_key_core.u_szymon.$assert$src/szymon_fixed.v:261$655_EN.
Import proof for assert: $flatten\u_rumcajs.\g_fixed_key_core.u_szymon.$eq$src/szymon_fixed.v:262$657_Y when $flatten\u_rumcajs.\g_fixed_key_core.u_szymon.$assert$src/szymon_fixed.v:261$655_EN.
Import proof for assert: \u_rumcajs.g_fixed_key_core.u_szymon.m_valid when $flatten\u_rumcajs.\g_fixed_key_core.u_szymon.$assert$src/szymon_fixed.v:261$655_EN.
Import proof for assert: $flatten\u_rumcajs.\g_fixed_key_core.u_szymon.$le$src/szymon_fixed.v:259$651_Y when $flatten\u_rumcajs.\g_fixed_key_core.u_szymon.$assert$src/szymon_fixed.v:257$646_EN.
Import proof for assert: $flatten\u_rumcajs.\g_fixed_key_core.u_szymon.$le$src/szymon_fixed.v:258$649_Y when $flatten\u_rumcajs.\g_fixed_key_core.u_szymon.$assert$src/szymon_fixed.v:257$646_EN.
Import proof for assert: $flatten\u_rumcajs.\g_fixed_key_core.u_szymon.$le$src/szymon_fixed.v:257$647_Y when $flatten\u_rumcajs.\g_fixed_key_core.u_szymon.$assert$src/szymon_fixed.v:257$646_EN.
Import proof for assert: 1'1 when $flatten\u_rumcajs.\g_fixed_key_core.u_szymon.$assert$src/szymon_fixed.v:257$646_EN.
Import proof for assert: 1'1 when 1'1.
Import proof for assert: 1'1 when 1'1.
Import proof for assert: 1'1 when 1'1.

Setting up time step 2:
Final constraint equation: { } = { }
Imported 1367 cells to SAT database.
Import proof for assert: $flatten\u_rumcajs.\u_regs.$auto$rtlil.cc:2914:Mux$3268 when $flatten\u_rumcajs.\u_regs.$assert$src/regs.v:174$828_EN.
Import proof for assert: $flatten\u_rumcajs.\u_regs.$ge$src/regs.v:172$826_Y when $flatten\u_rumcajs.\u_regs.$assert$src/regs.v:172$825_EN.
Import proof for assert: $flatten\u_rumcajs.\u_regs.$logic_not$src/regs.v:170$823_Y when $flatten\u_rumcajs.\u_regs.$assert$src/regs.v:170$822_EN.
Import proof for assert: $flatten\u_rumcajs.\u_regs.$le$src/regs.v:169$821_Y when $flatten\u_rumcajs.\u_regs.$assert$src/regs.v:169$820_EN.
Import proof for assert: \u_rumcajs.u_regs.txn_valid when $flatten\u_rumcajs.\u_regs.$assert$src/regs.v:176$832_EN.
Import proof for assert: \u_rumcajs.u_link.rx_pending when $flatten\u_rumcajs.\u_link.$assert$src/serial_link.v:271$362_EN.
Import proof for assert: $flatten\u_rumcajs.\u_link.$eq$src/serial_link.v:269$358_Y when $flatten\u_rumcajs.\u_link.$assert$src/serial_link.v:269$357_EN.
Import proof for assert: $flatten\u_rumcajs.\u_link.$eq$src/serial_link.v:268$356_Y when $flatten\u_rumcajs.\u_link.$assert$src/serial_link.v:268$355_EN.
Import proof for assert: \u_rumcajs.u_link.tx_active when $flatten\u_rumcajs.\u_link.$assert$src/serial_link.v:267$350_EN.
Import proof for assert: $flatten\u_rumcajs.\u_link.$eq$src/serial_link.v:265$349_Y when $flatten\u_rumcajs.\u_link.$assert$src/serial_link.v:265$348_EN.
Import proof for assert: \u_rumcajs.u_link.rx_active when $flatten\u_rumcajs.\u_link.$assert$src/serial_link.v:264$346_EN.
Import proof for assert: $flatten\u_rumcajs.\u_link.$le$src/serial_link.v:263$345_Y when $flatten\u_rumcajs.\u_link.$assert$src/serial_link.v:262$342_EN.
Import proof for assert: $flatten\u_rumcajs.\u_link.$le$src/serial_link.v:262$343_Y when $flatten\u_rumcajs.\u_link.$assert$src/serial_link.v:262$342_EN.
Import proof for assert: $flatten\u_rumcajs.\u_link.$eq$src/serial_link.v:272$364_Y when $flatten\u_rumcajs.\u_link.$assert$src/serial_link.v:271$362_EN.
Import proof for assert: \u_rumcajs.u_kb.key_valid when $flatten\u_rumcajs.\u_kb.$assert$src/kb.v:272$900_EN.
Import proof for assert: $flatten\u_rumcajs.\u_kb.$logic_not$src/kb.v:158$852_Y when $flatten\u_rumcajs.\u_kb.$assert$src/kb.v:270$895_EN.
Import proof for assert: $flatten\u_rumcajs.\u_kb.$eq$src/kb.v:269$894_Y when $flatten\u_rumcajs.\u_kb.$assert$src/kb.v:269$891_EN.
Import proof for assert: $flatten\u_rumcajs.\u_kb.$eq$src/kb.v:273$902_Y when $flatten\u_rumcajs.\u_kb.$assert$src/kb.v:272$900_EN.
Import proof for assert: $flatten\u_rumcajs.\u_auth.$logic_or$src/auth_ctrl.v:211$775_Y when $flatten\u_rumcajs.\u_auth.$assert$src/auth_ctrl.v:193$734_EN.
Import proof for assert: \u_rumcajs.u_auth.session_end when $flatten\u_rumcajs.\u_auth.$assert$src/auth_ctrl.v:210$771_EN.
Import proof for assert: $flatten\u_rumcajs.\u_auth.$logic_and$src/auth_ctrl.v:208$768_Y when $flatten\u_rumcajs.\u_auth.$assert$src/auth_ctrl.v:208$765_EN.
Import proof for assert: $flatten\u_rumcajs.\u_auth.$logic_and$src/auth_ctrl.v:206$763_Y when $flatten\u_rumcajs.\u_auth.$assert$src/auth_ctrl.v:206$761_EN.
Import proof for assert: $flatten\u_rumcajs.\u_auth.$logic_not$src/auth_ctrl.v:196$740_Y when $flatten\u_rumcajs.\u_auth.$assert$src/auth_ctrl.v:205$758_EN.
Import proof for assert: $flatten\u_rumcajs.\u_auth.$auto$rtlil.cc:2914:Mux$3344 when $flatten\u_rumcajs.\u_auth.$assert$src/auth_ctrl.v:204$756_EN.
Import proof for assert: $flatten\u_rumcajs.\u_auth.$auto$rtlil.cc:2914:Mux$3354 when $flatten\u_rumcajs.\u_auth.$assert$src/auth_ctrl.v:202$752_EN.
Import proof for assert: $flatten\u_rumcajs.\u_auth.$auto$rtlil.cc:2914:Mux$3334 when $flatten\u_rumcajs.\u_auth.$assert$src/auth_ctrl.v:200$748_EN.
Import proof for assert: $flatten\u_rumcajs.\u_auth.$auto$rtlil.cc:2914:Mux$3324 when $flatten\u_rumcajs.\u_auth.$assert$src/auth_ctrl.v:198$744_EN.
Import proof for assert: $flatten\u_rumcajs.\u_auth.$logic_not$src/auth_ctrl.v:196$740_Y when $flatten\u_rumcajs.\u_auth.$assert$src/auth_ctrl.v:196$739_EN.
Import proof for assert: $flatten\u_rumcajs.\u_auth.$lt$src/auth_ctrl.v:194$737_Y when $flatten\u_rumcajs.\u_auth.$assert$src/auth_ctrl.v:193$734_EN.
Import proof for assert: $flatten\u_rumcajs.\u_auth.$le$src/auth_ctrl.v:193$735_Y when $flatten\u_rumcajs.\u_auth.$assert$src/auth_ctrl.v:193$734_EN.
Import proof for assert: $flatten\u_rumcajs.\u_auth.$logic_or$src/auth_ctrl.v:212$778_Y when $flatten\u_rumcajs.\u_auth.$assert$src/auth_ctrl.v:193$734_EN.
Import proof for assert: $flatten\u_rumcajs.\g_fixed_key_core.u_szymon.$eq$src/szymon_fixed.v:263$659_Y when $flatten\u_rumcajs.\g_fixed_key_core.u_szymon.$assert$src/szymon_fixed.v:261$655_EN.
Import proof for assert: $flatten\u_rumcajs.\g_fixed_key_core.u_szymon.$eq$src/szymon_fixed.v:262$657_Y when $flatten\u_rumcajs.\g_fixed_key_core.u_szymon.$assert$src/szymon_fixed.v:261$655_EN.
Import proof for assert: \u_rumcajs.g_fixed_key_core.u_szymon.m_valid when $flatten\u_rumcajs.\g_fixed_key_core.u_szymon.$assert$src/szymon_fixed.v:261$655_EN.
Import proof for assert: $flatten\u_rumcajs.\g_fixed_key_core.u_szymon.$le$src/szymon_fixed.v:259$651_Y when $flatten\u_rumcajs.\g_fixed_key_core.u_szymon.$assert$src/szymon_fixed.v:257$646_EN.
Import proof for assert: $flatten\u_rumcajs.\g_fixed_key_core.u_szymon.$le$src/szymon_fixed.v:258$649_Y when $flatten\u_rumcajs.\g_fixed_key_core.u_szymon.$assert$src/szymon_fixed.v:257$646_EN.
Import proof for assert: $flatten\u_rumcajs.\g_fixed_key_core.u_szymon.$le$src/szymon_fixed.v:257$647_Y when $flatten\u_rumcajs.\g_fixed_key_core.u_szymon.$assert$src/szymon_fixed.v:257$646_EN.
Import proof for assert: 1'1 when $flatten\u_rumcajs.\g_fixed_key_core.u_szymon.$assert$src/szymon_fixed.v:257$646_EN.
Import proof for assert: 1'1 when 1'1.
Import proof for assert: 1'1 when 1'1.
Import proof for assert: 1'1 when 1'1.

Solving problem with 98099 variables and 276718 clauses..
SAT proof finished - no model found: SUCCESS!

                  /$$$$$$      /$$$$$$$$     /$$$$$$$    
                 /$$__  $$    | $$_____/    | $$__  $$   
                | $$  \ $$    | $$          | $$  \ $$   
                | $$  | $$    | $$$$$       | $$  | $$   
                | $$  | $$    | $$__/       | $$  | $$   
                | $$/$$ $$    | $$          | $$  | $$   
                |  $$$$$$/ /$$| $$$$$$$$ /$$| $$$$$$$//$$
                 \____ $$$|__/|________/|__/|_______/|__/
                       \__/                              

End of script. Logfile hash: d26bc05917, CPU: user 0.77s system 0.20s, MEM: 89.34 MB peak
Yosys 0.52 (git sha1 fee39a3284c90249e1d9684cf6944ffbbcbb8f90)
Time spent: 51% 1x sat (0 sec), 9% 13x read_verilog (0 sec), ...
