Error: Could not find net. Did you run iverilog with '-ginterconnect'?
Error: Could not find net. Did you run iverilog with '-ginterconnect'?
Error: Could not find net. Did you run iverilog with '-ginterconnect'?
Error: Could not find net. Did you run iverilog with '-ginterconnect'?
Error: Could not find net. Did you run iverilog with '-ginterconnect'?
Error: Could not find net. Did you run iverilog with '-ginterconnect'?
Error: Could not find net. Did you run iverilog with '-ginterconnect'?
Error: Could not find net. Did you run iverilog with '-ginterconnect'?
Error: Could not find net. Did you run iverilog with '-ginterconnect'?
Error: Could not find net. Did you run iverilog with '-ginterconnect'?
Error: Could not find net. Did you run iverilog with '-ginterconnect'?
Error: Could not find net. Did you run iverilog with '-ginterconnect'?
Error: Could not find net. Did you run iverilog with '-ginterconnect'?
Error: Could not find net. Did you run iverilog with '-ginterconnect'?
Error: Could not find net. Did you run iverilog with '-ginterconnect'?
Error: Could not find net. Did you run iverilog with '-ginterconnect'?
Error: Could not find net. Did you run iverilog with '-ginterconnect'?
Error: Could not find net. Did you run iverilog with '-ginterconnect'?
Error: Could not find net. Did you run iverilog with '-ginterconnect'?
Error: Could not find net. Did you run iverilog with '-ginterconnect'?
Error: Could not find net. Did you run iverilog with '-ginterconnect'?
Error: Could not find net. Did you run iverilog with '-ginterconnect'?
Error: Could not find net. Did you run iverilog with '-ginterconnect'?
Error: Could not find net. Did you run iverilog with '-ginterconnect'?
Error: Could not find net. Did you run iverilog with '-ginterconnect'?
Error: Could not find net. Did you run iverilog with '-ginterconnect'?
Error: Could not find net. Did you run iverilog with '-ginterconnect'?
Error: Could not find net. Did you run iverilog with '-ginterconnect'?
SDF ERROR: runs/single_key_wipe_p80_h0/final/sdf/nom_fast_1p32V_m40C/tt_um_rumcajs__nom_fast_1p32V_m40C.sdf:9: Chosen value not defined.
SDF ERROR: runs/single_key_wipe_p80_h0/final/sdf/nom_fast_1p32V_m40C/tt_um_rumcajs__nom_fast_1p32V_m40C.sdf:11: Chosen value not defined.
SDF ERROR: runs/single_key_wipe_p80_h0/final/sdf/nom_fast_1p32V_m40C/tt_um_rumcajs__nom_fast_1p32V_m40C.sdf:18: Could not find intermodpath!
SDF ERROR: runs/single_key_wipe_p80_h0/final/sdf/nom_fast_1p32V_m40C/tt_um_rumcajs__nom_fast_1p32V_m40C.sdf:19: Could not find intermodpath!
SDF ERROR: runs/single_key_wipe_p80_h0/final/sdf/nom_fast_1p32V_m40C/tt_um_rumcajs__nom_fast_1p32V_m40C.sdf:20: Could not find intermodpath!
SDF ERROR: runs/single_key_wipe_p80_h0/final/sdf/nom_fast_1p32V_m40C/tt_um_rumcajs__nom_fast_1p32V_m40C.sdf:21: Could not find intermodpath!
SDF ERROR: runs/single_key_wipe_p80_h0/final/sdf/nom_fast_1p32V_m40C/tt_um_rumcajs__nom_fast_1p32V_m40C.sdf:22: Could not find intermodpath!
SDF ERROR: runs/single_key_wipe_p80_h0/final/sdf/nom_fast_1p32V_m40C/tt_um_rumcajs__nom_fast_1p32V_m40C.sdf:23: Could not find intermodpath!
SDF ERROR: runs/single_key_wipe_p80_h0/final/sdf/nom_fast_1p32V_m40C/tt_um_rumcajs__nom_fast_1p32V_m40C.sdf:24: Could not find intermodpath!
SDF ERROR: runs/single_key_wipe_p80_h0/final/sdf/nom_fast_1p32V_m40C/tt_um_rumcajs__nom_fast_1p32V_m40C.sdf:25: Could not find intermodpath!
SDF ERROR: runs/single_key_wipe_p80_h0/final/sdf/nom_fast_1p32V_m40C/tt_um_rumcajs__nom_fast_1p32V_m40C.sdf:26: Could not find intermodpath!
SDF ERROR: runs/single_key_wipe_p80_h0/final/sdf/nom_fast_1p32V_m40C/tt_um_rumcajs__nom_fast_1p32V_m40C.sdf:27: Could not find intermodpath!
SDF ERROR: runs/single_key_wipe_p80_h0/final/sdf/nom_fast_1p32V_m40C/tt_um_rumcajs__nom_fast_1p32V_m40C.sdf:28: Could not find intermodpath!
SDF ERROR: runs/single_key_wipe_p80_h0/final/sdf/nom_fast_1p32V_m40C/tt_um_rumcajs__nom_fast_1p32V_m40C.sdf:29: Could not find intermodpath!
SDF ERROR: runs/single_key_wipe_p80_h0/final/sdf/nom_fast_1p32V_m40C/tt_um_rumcajs__nom_fast_1p32V_m40C.sdf:30: Could not find intermodpath!
SDF ERROR: runs/single_key_wipe_p80_h0/final/sdf/nom_fast_1p32V_m40C/tt_um_rumcajs__nom_fast_1p32V_m40C.sdf:31: Could not find intermodpath!
SDF ERROR: runs/single_key_wipe_p80_h0/final/sdf/nom_fast_1p32V_m40C/tt_um_rumcajs__nom_fast_1p32V_m40C.sdf:32: Could not find intermodpath!
SDF ERROR: runs/single_key_wipe_p80_h0/final/sdf/nom_fast_1p32V_m40C/tt_um_rumcajs__nom_fast_1p32V_m40C.sdf:33: Could not find intermodpath!
SDF ERROR: runs/single_key_wipe_p80_h0/final/sdf/nom_fast_1p32V_m40C/tt_um_rumcajs__nom_fast_1p32V_m40C.sdf:34: Could not find intermodpath!
SDF ERROR: runs/single_key_wipe_p80_h0/final/sdf/nom_fast_1p32V_m40C/tt_um_rumcajs__nom_fast_1p32V_m40C.sdf:35: Could not find intermodpath!
SDF ERROR: runs/single_key_wipe_p80_h0/final/sdf/nom_fast_1p32V_m40C/tt_um_rumcajs__nom_fast_1p32V_m40C.sdf:36: Could not find intermodpath!
SDF ERROR: runs/single_key_wipe_p80_h0/final/sdf/nom_fast_1p32V_m40C/tt_um_rumcajs__nom_fast_1p32V_m40C.sdf:37: Could not find intermodpath!
SDF ERROR: runs/single_key_wipe_p80_h0/final/sdf/nom_fast_1p32V_m40C/tt_um_rumcajs__nom_fast_1p32V_m40C.sdf:38: Could not find intermodpath!
SDF ERROR: runs/single_key_wipe_p80_h0/final/sdf/nom_fast_1p32V_m40C/tt_um_rumcajs__nom_fast_1p32V_m40C.sdf:39: Could not find intermodpath!
SDF ERROR: runs/single_key_wipe_p80_h0/final/sdf/nom_fast_1p32V_m40C/tt_um_rumcajs__nom_fast_1p32V_m40C.sdf:40: Could not find intermodpath!
SDF ERROR: runs/single_key_wipe_p80_h0/final/sdf/nom_fast_1p32V_m40C/tt_um_rumcajs__nom_fast_1p32V_m40C.sdf:41: Could not find intermodpath!
SDF ERROR: runs/single_key_wipe_p80_h0/final/sdf/nom_fast_1p32V_m40C/tt_um_rumcajs__nom_fast_1p32V_m40C.sdf:42: Could not find intermodpath!
SDF ERROR: runs/single_key_wipe_p80_h0/final/sdf/nom_fast_1p32V_m40C/tt_um_rumcajs__nom_fast_1p32V_m40C.sdf:43: Could not find intermodpath!
SDF ERROR: runs/single_key_wipe_p80_h0/final/sdf/nom_fast_1p32V_m40C/tt_um_rumcajs__nom_fast_1p32V_m40C.sdf:44: Could not find intermodpath!
SDF ERROR: runError: Could not find net. Did you run iverilog with '-ginterconnect'?
Error: Could not find net. Did you run iverilog with '-ginterconnect'?
Error: Could not find net. Did you run iverilog with '-ginterconnect'?
Error: Could not find net. Did you run iverilog with '-ginterconnect'?
Error: Could not find net. Did you run iverilog with '-ginterconnect'?
Error: Could not find net. Did you run iverilog with '-ginterconnect'?
Error: Could not find net. Did you run iverilog with '-ginterconnect'?
Error: Could not find net. Did you run iverilog with '-ginterconnect'?
Error: Could not find net. Did you run iverilog with '-ginterconnect'?
Error: Could not find net. Did you run iverilog with '-ginterconnect'?
Error: Could not find net. Did you run iverilog with '-ginterconnect'?
Error: Could not find net. Did you run iverilog with '-ginterconnect'?
Error: Could not find net. Did you run iverilog with '-ginterconnect'?
Error: Could not find net. Did you run iverilog with '-ginterconnect'?
Error: Could not find net. Did you run iverilog with '-ginterconnect'?
Error: Could not find net. Did you run iverilog with '-ginterconnect'?
Error: Could not find net. Did you run iverilog with '-ginterconnect'?
Error: Could not find net. Did you run iverilog with '-ginterconnect'?
Error: Could not find net. Did you run iverilog with '-ginterconnect'?
Error: Could not find net. Did you run iverilog with '-ginterconnect'?
Error: Could not find net. Did you run iverilog with '-ginterconnect'?
Error: Could not find net. Did you run iverilog with '-ginterconnect'?
Error: Could not find net. Did you run iverilog with '-ginterconnect'?
Error: Could not find net. Did you run iverilog with '-ginterconnect'?
Error: Could not find net. Did you run iverilog with '-ginterconnect'?
Error: Could not find net. Did you run iverilog with '-ginterconnect'?
Error: Could not find net. Did you run iverilog with '-ginterconnect'?
Error: Could not find net. Did you run iverilog with '-ginterconnect'?
Error: Could not find net. Did you run iverilog with '-ginterconnect'?
s/single_key_wipe_p80_h0/final/sdf/nom_fast_1p32V_m40C/tt_um_rumcajs__nom_fast_1p32V_m40C.sdf:45: Could not find intermodpath!
SDF ERROR: runs/single_key_wipe_p80_h0/final/sdf/nom_fast_1p32V_m40C/tt_um_rumcajs__nom_fast_1p32V_m40C.sdf:46: Could not find intermodpath!
SDF ERROR: runs/single_key_wipe_p80_h0/final/sdf/nom_fast_1p32V_m40C/tt_um_rumcajs__nom_fast_1p32V_m40C.sdf:47: Could not find intermodpath!
SDF ERROR: runs/single_key_wipe_p80_h0/final/sdf/nom_fast_1p32V_m40C/tt_um_rumcajs__nom_fast_1p32V_m40C.sdf:48: Could not find intermodpath!
SDF ERROR: runs/single_key_wipe_p80_h0/final/sdf/nom_fast_1p32V_m40C/tt_um_rumcajs__nom_fast_1p32V_m40C.sdf:49: Could not find intermodpath!
SDF ERROR: runs/single_key_wipe_p80_h0/final/sdf/nom_fast_1p32V_m40C/tt_um_rumcajs__nom_fast_1p32V_m40C.sdf:50: Could not find intermodpath!
SDF ERROR: runs/single_key_wipe_p80_h0/final/sdf/nom_fast_1p32V_m40C/tt_um_rumcajs__nom_fast_1p32V_m40C.sdf:51: Could not find intermodpath!
SDF ERROR: runs/single_key_wipe_p80_h0/final/sdf/nom_fast_1p32V_m40C/tt_um_rumcajs__nom_fast_1p32V_m40C.sdf:52: Could not find intermodpath!
SDF ERROR: runs/single_key_wipe_p80_h0/final/sdf/nom_fast_1p32V_m40C/tt_um_rumcajs__nom_fast_1p32V_m40C.sdf:53: Could not find intermodpath!
SDF ERROR: runs/single_key_wipe_p80_h0/final/sdf/nom_fast_1p32V_m40C/tt_um_rumcajs__nom_fast_1p32V_m40C.sdf:54: Could not find intermodpath!
SDF ERROR: runs/single_key_wipe_p80_h0/final/sdf/nom_fast_1p32V_m40C/tt_um_rumcajs__nom_fast_1p32V_m40C.sdf:55: Could not find intermodpath!
SDF ERROR: runs/single_key_wipe_p80_h0/final/sdf/nom_fast_1p32V_m40C/tt_um_rumcajs__nom_fast_1p32V_m40C.sdf:56: Could not find intermodpath!
SDF ERROR: runs/single_key_wipe_p80_h0/final/sdf/nom_fast_1p32V_m40C/tt_um_rumcajs__nom_fast_1p32V_m40C.sdf:57: Could not find intermodpath!
SDF ERROR: runs/single_key_wipe_p80_h0/final/sdf/nom_fast_1p32V_m40C/tt_um_rumcajs__nom_fast_1p32V_m40C.sdf:58: Could not find intermodpath!
SDF ERROR: runs/single_key_wipe_p80_h0/final/sdf/nom_fast_1p32V_m40C/tt_um_rumcajs__nom_fast_1p32V_m40C.sdf:59: Could not find intermodpath!
SDF ERROR: runs/single_key_wipe_p80_h0/final/sdf/nom_fast_1p32V_m40C/tt_um_rumcajs__nom_fast_1p32V_m40C.sdf:60: Could not find intermodpath!
SDF ERROR: runs/single_key_wipe_p80_h0/final/sdf/nom_fast_1p32V_m40C/tt_um_rumcajs__nom_fast_1p32V_m40C.sdf:61: Could not find intermodpath!
SDF ERROR: runs/single_key_wipe_p80_h0/final/sdf/nom_fast_1p32V_m40C/tt_um_rumcajs__nom_fast_1p32V_m40C.sdf:62: Could not find intermodpath!
SDF ERROR: runs/single_key_wipe_p80_h0/final/sdf/nom_fast_1p32V_m40C/tt_um_rumcajs__nom_fast_1p32V_m40C.sdf:63: Could not find intermodpath!
SDF ERROR: runs/single_key_wipe_p80_h0/final/sdf/nom_fast_1p32V_m40C/tt_um_rumcajs__nom_fast_1p32V_m40C.sdf:64: Could not find intermodpath!
SDF ERROR: runs/single_key_wipe_p80_h0/final/sdf/nom_fast_1p32V_m40C/tt_um_rumcajs__nom_fast_1p32V_m40C.sdf:65: Could not find intermodpath!
SDF ERROR: runs/single_key_wipe_p80_h0/final/sdf/nom_fast_1p32V_m40C/tt_um_rumcajs__nom_fast_1p32V_m40C.sdf:66: Could not find intermodpath!
SDF ERROR: runs/single_key_wipe_p80_h0/final/sdf/nom_fast_1p32V_m40C/tt_um_rumcajs__nom_fast_1p32V_m40C.sdf:67: Could not find intermodpath!
SDF ERROR: runs/single_key_wipe_p80_h0/final/sdf/nom_fast_1p32V_m40C/tt_um_rumcajs__nom_fast_1p32V_m40C.sdf:68: Could not find intermodpath!
SDF ERROR: runs/single_key_wipe_p80_h0/final/sdf/nom_fast_1p32V_m40C/tt_um_rumcajs__nom_fast_1p32V_m40C.sdf:69: Could not find intermodpath!
SDF ERROR: runs/single_key_wipe_p80_h0/final/sdf/nom_fast_1p32V_m40C/tt_um_rumcajs__nom_fast_1p32V_m40C.sdf:70: Could not find intermodpath!
SDF ERROR: runs/single_key_wipe_p80_h0/final/sdf/nom_fast_1p32V_m40C/tt_um_rumcajs__nom_fast_1p32V_m40C.sdf:71: Could not find intermodpath!
SDF ERROR: runs/single_key_wipe_p80_h0/final/sdf/nom_fast_1p32V_m40C/tt_um_rumcajs__nom_fast_1p32V_m40C.sdf:72: Could not find intermodpath!
SDF ERROR: runs/single_key_wipe_p80_h0/final/sdf/nom_fast_1p32V_m40C/tt_um_rumcajs__nom_fast_1p32V_m40C.sdf:73: Could not find intermodpath!
SDF ERROR: runs/singlError: Could not find net. Did you run iverilog with '-ginterconnect'?
Error: Could not find net. Did you run iverilog with '-ginterconnect'?
Error: Could not find net. Did you run iverilog with '-ginterconnect'?
Error: Could not find net. Did you run iverilog with '-ginterconnect'?
Error: Could not find net. Did you run iverilog with '-ginterconnect'?
Error: Could not find net. Did you run iverilog with '-ginterconnect'?
Error: Could not find net. Did you run iverilog with '-ginterconnect'?
Error: Could not find net. Did you run iverilog with '-ginterconnect'?
Error: Could not find net. Did you run iverilog with '-ginterconnect'?
Error: Could not find net. Did you run iverilog with '-ginterconnect'?
Error: Could not find net. Did you run iverilog with '-ginterconnect'?
Error: Could not find net. Did you run iverilog with '-ginterconnect'?
Error: Could not find net. Did you run iverilog with '-ginterconnect'?
Error: Could not find net. Did you run iverilog with '-ginterconnect'?
Error: Could not find net. Did you run iverilog with '-ginterconnect'?
Error: Could not find net. Did you run iverilog with '-ginterconnect'?
Error: Could not find net. Did you run iverilog with '-ginterconnect'?
Error: Could not find net. Did you run iverilog with '-ginterconnect'?
Error: Could not find net. Did you run iverilog with '-ginterconnect'?
Error: Could not find net. Did you run iverilog with '-ginterconnect'?
Error: Could not find net. Did you run iverilog with '-ginterconnect'?
Error: Could not find net. Did you run iverilog with '-ginterconnect'?
Error: Could not find net. Did you run iverilog with '-ginterconnect'?
Error: Could not find net. Did you run iverilog with '-ginterconnect'?
Error: Could not find net. Did you run iverilog with '-ginterconnect'?
Error: Could not find net. Did you run iverilog with '-ginterconnect'?
Error: Could not find net. Did you run iverilog with '-ginterconnect'?
Error: Could not find net. Did you run iverilog with '-ginterconnect'?
Error: Could not find net. Did you run iverilog with '-ginterconnect'?
e_key_wipe_p80_h0/final/sdf/nom_fast_1p32V_m40C/tt_um_rumcajs__nom_fast_1p32V_m40C.sdf:74: Could not find intermodpath!
SDF ERROR: runs/single_key_wipe_p80_h0/final/sdf/nom_fast_1p32V_m40C/tt_um_rumcajs__nom_fast_1p32V_m40C.sdf:75: Could not find intermodpath!
SDF ERROR: runs/single_key_wipe_p80_h0/final/sdf/nom_fast_1p32V_m40C/tt_um_rumcajs__nom_fast_1p32V_m40C.sdf:76: Could not find intermodpath!
SDF ERROR: runs/single_key_wipe_p80_h0/final/sdf/nom_fast_1p32V_m40C/tt_um_rumcajs__nom_fast_1p32V_m40C.sdf:77: Could not find intermodpath!
SDF ERROR: runs/single_key_wipe_p80_h0/final/sdf/nom_fast_1p32V_m40C/tt_um_rumcajs__nom_fast_1p32V_m40C.sdf:78: Could not find intermodpath!
SDF ERROR: runs/single_key_wipe_p80_h0/final/sdf/nom_fast_1p32V_m40C/tt_um_rumcajs__nom_fast_1p32V_m40C.sdf:79: Could not find intermodpath!
SDF ERROR: runs/single_key_wipe_p80_h0/final/sdf/nom_fast_1p32V_m40C/tt_um_rumcajs__nom_fast_1p32V_m40C.sdf:80: Could not find intermodpath!
SDF ERROR: runs/single_key_wipe_p80_h0/final/sdf/nom_fast_1p32V_m40C/tt_um_rumcajs__nom_fast_1p32V_m40C.sdf:81: Could not find intermodpath!
SDF ERROR: runs/single_key_wipe_p80_h0/final/sdf/nom_fast_1p32V_m40C/tt_um_rumcajs__nom_fast_1p32V_m40C.sdf:82: Could not find intermodpath!
SDF ERROR: runs/single_key_wipe_p80_h0/final/sdf/nom_fast_1p32V_m40C/tt_um_rumcajs__nom_fast_1p32V_m40C.sdf:83: Could not find intermodpath!
SDF ERROR: runs/single_key_wipe_p80_h0/final/sdf/nom_fast_1p32V_m40C/tt_um_rumcajs__nom_fast_1p32V_m40C.sdf:84: Could not find intermodpath!
SDF ERROR: runs/single_key_wipe_p80_h0/final/sdf/nom_fast_1p32V_m40C/tt_um_rumcajs__nom_fast_1p32V_m40C.sdf:85: Could not find intermodpath!
SDF ERROR: runs/single_key_wipe_p80_h0/final/sdf/nom_fast_1p32V_m40C/tt_um_rumcajs__nom_fast_1p32V_m40C.sdf:86: Could not find intermodpath!
SDF ERROR: runs/single_key_wipe_p80_h0/final/sdf/nom_fast_1p32V_m40C/tt_um_rumcajs__nom_fast_1p32V_m40C.sdf:87: Could not find intermodpath!
SDF ERROR: runs/single_key_wipe_p80_h0/final/sdf/nom_fast_1p32V_m40C/tt_um_rumcajs__nom_fast_1p32V_m40C.sdf:88: Could not find intermodpath!
SDF ERROR: runs/single_key_wipe_p80_h0/final/sdf/nom_fast_1p32V_m40C/tt_um_rumcajs__nom_fast_1p32V_m40C.sdf:89: Could not find intermodpath!
SDF ERROR: runs/single_key_wipe_p80_h0/final/sdf/nom_fast_1p32V_m40C/tt_um_rumcajs__nom_fast_1p32V_m40C.sdf:90: Could not find intermodpath!
SDF ERROR: runs/single_key_wipe_p80_h0/final/sdf/nom_fast_1p32V_m40C/tt_um_rumcajs__nom_fast_1p32V_m40C.sdf:91: Could not find intermodpath!
SDF ERROR: runs/single_key_wipe_p80_h0/final/sdf/nom_fast_1p32V_m40C/tt_um_rumcajs__nom_fast_1p32V_m40C.sdf:92: Could not find intermodpath!
SDF ERROR: runs/single_key_wipe_p80_h0/final/sdf/nom_fast_1p32V_m40C/tt_um_rumcajs__nom_fast_1p32V_m40C.sdf:93: Could not find intermodpath!
SDF ERROR: runs/single_key_wipe_p80_h0/final/sdf/nom_fast_1p32V_m40C/tt_um_rumcajs__nom_fast_1p32V_m40C.sdf:94: Could not find intermodpath!
SDF ERROR: runs/single_key_wipe_p80_h0/final/sdf/nom_fast_1p32V_m40C/tt_um_rumcajs__nom_fast_1p32V_m40C.sdf:95: Could not find intermodpath!
SDF ERROR: runs/single_key_wipe_p80_h0/final/sdf/nom_fast_1p32V_m40C/tt_um_rumcajs__nom_fast_1p32V_m40C.sdf:96: Could not find intermodpath!
SDF ERROR: runs/single_key_wipe_p80_h0/final/sdf/nom_fast_1p32V_m40C/tt_um_rumcajs__nom_fast_1p32V_m40C.sdf:97: Could not find intermodpath!
SDF ERROR: runs/single_key_wipe_p80_h0/final/sdf/nom_fast_1p32V_m40C/tt_um_rumcajs__nom_fast_1p32V_m40C.sdf:98: Could not find intermodpath!
SDF ERROR: runs/single_key_wipe_p80_h0/final/sdf/nom_fast_1p32V_m40C/tt_um_rumcajs__nom_fast_1p32V_m40C.sdf:99: Could not find intermodpath!
SDF ERROR: runs/single_key_wipe_p80_h0/final/sdf/nom_fast_1p32V_m40C/tt_um_rumcajs__nom_fast_1p32V_m40C.sdf:100: Could not find intermodpath!
SDF ERROR: runs/single_key_wipe_p80_h0/final/sdf/nom_fast_1p32V_m40C/tt_um_rumcajs__nom_fast_1p32V_m40C.sdf:101: Could not find intermodpath!
SDF ERROR: runs/single_key_wipe_p80_h0/final/sdf/nom_fast_1p32V_m40C/tt_um_rumcajs__nom_fast_1p32V_m40C.sdf:102: Could not find intermodpath!
SDF ERROR: runs/single_keError: Could not find net. Did you run iverilog with '-ginterconnect'?
Error: Could not find net. Did you run iverilog with '-ginterconnect'?
Error: Could not find net. Did you run iverilog with '-ginterconnect'?
Error: Could not find net. Did you run iverilog with '-ginterconnect'?
Error: Could not find net. Did you run iverilog with '-ginterconnect'?
Error: Could not find net. Did you run iverilog with '-ginterconnect'?
Error: Could not find net. Did you run iverilog with '-ginterconnect'?
Error: Could not find net. Did you run iverilog with '-ginterconnect'?
Error: Could not find net. Did you run iverilog with '-ginterconnect'?
Error: Could not find net. Did you run iverilog with '-ginterconnect'?
Error: Could not find net. Did you run iverilog with '-ginterconnect'?
Error: Could not find net. Did you run iverilog with '-ginterconnect'?
Error: Could not find net. Did you run iverilog with '-ginterconnect'?
Error: Could not find net. Did you run iverilog with '-ginterconnect'?
Error: Could not find net. Did you run iverilog with '-ginterconnect'?
Error: Could not find net. Did you run iverilog with '-ginterconnect'?
Error: Could not find net. Did you run iverilog with '-ginterconnect'?
Error: Could not find net. Did you run iverilog with '-ginterconnect'?
Error: Could not find net. Did you run iverilog with '-ginterconnect'?
Error: Could not find net. Did you run iverilog with '-ginterconnect'?
Error: Could not find net. Did you run iverilog with '-ginterconnect'?
Error: Could not find net. Did you run iverilog with '-ginterconnect'?
Error: Could not find net. Did you run iverilog with '-ginterconnect'?
Error: Could not find net. Did you run iverilog with '-ginterconnect'?
Error: Could not find net. Did you run iverilog with '-ginterconnect'?
Error: Could not find net. Did you run iverilog with '-ginterconnect'?
Error: Could not find net. Did you run iverilog with '-ginterconnect'?
Error: Could not find net. Did you run iverilog with '-ginterconnect'?
Error: Could not find net. Did you run iverilog with '-ginterconnect'?
y_wipe_p80_h0/final/sdf/nom_fast_1p32V_m40C/tt_um_rumcajs__nom_fast_1p32V_m40C.sdf:103: Could not find intermodpath!
SDF ERROR: runs/single_key_wipe_p80_h0/final/sdf/nom_fast_1p32V_m40C/tt_um_rumcajs__nom_fast_1p32V_m40C.sdf:104: Could not find intermodpath!
SDF ERROR: runs/single_key_wipe_p80_h0/final/sdf/nom_fast_1p32V_m40C/tt_um_rumcajs__nom_fast_1p32V_m40C.sdf:105: Could not find intermodpath!
SDF ERROR: runs/single_key_wipe_p80_h0/final/sdf/nom_fast_1p32V_m40C/tt_um_rumcajs__nom_fast_1p32V_m40C.sdf:106: Could not find intermodpath!
SDF ERROR: runs/single_key_wipe_p80_h0/final/sdf/nom_fast_1p32V_m40C/tt_um_rumcajs__nom_fast_1p32V_m40C.sdf:107: Could not find intermodpath!
SDF ERROR: runs/single_key_wipe_p80_h0/final/sdf/nom_fast_1p32V_m40C/tt_um_rumcajs__nom_fast_1p32V_m40C.sdf:108: Could not find intermodpath!
SDF ERROR: runs/single_key_wipe_p80_h0/final/sdf/nom_fast_1p32V_m40C/tt_um_rumcajs__nom_fast_1p32V_m40C.sdf:109: Could not find intermodpath!
SDF ERROR: runs/single_key_wipe_p80_h0/final/sdf/nom_fast_1p32V_m40C/tt_um_rumcajs__nom_fast_1p32V_m40C.sdf:110: Could not find intermodpath!
SDF ERROR: runs/single_key_wipe_p80_h0/final/sdf/nom_fast_1p32V_m40C/tt_um_rumcajs__nom_fast_1p32V_m40C.sdf:111: Could not find intermodpath!
SDF ERROR: runs/single_key_wipe_p80_h0/final/sdf/nom_fast_1p32V_m40C/tt_um_rumcajs__nom_fast_1p32V_m40C.sdf:112: Could not find intermodpath!
SDF ERROR: runs/single_key_wipe_p80_h0/final/sdf/nom_fast_1p32V_m40C/tt_um_rumcajs__nom_fast_1p32V_m40C.sdf:113: Could not find intermodpath!
SDF ERROR: runs/single_key_wipe_p80_h0/final/sdf/nom_fast_1p32V_m40C/tt_um_rumcajs__nom_fast_1p32V_m40C.sdf:114: Could not find intermodpath!
SDF ERROR: runs/single_key_wipe_p80_h0/final/sdf/nom_fast_1p32V_m40C/tt_um_rumcajs__nom_fast_1p32V_m40C.sdf:115: Could not find intermodpath!
SDF ERROR: runs/single_key_wipe_p80_h0/final/sdf/nom_fast_1p32V_m40C/tt_um_rumcajs__nom_fast_1p32V_m40C.sdf:116: Could not find intermodpath!
SDF ERROR: runs/single_key_wipe_p80_h0/final/sdf/nom_fast_1p32V_m40C/tt_um_rumcajs__nom_fast_1p32V_m40C.sdf:117: Could not find intermodpath!
SDF ERROR: runs/single_key_wipe_p80_h0/final/sdf/nom_fast_1p32V_m40C/tt_um_rumcajs__nom_fast_1p32V_m40C.sdf:118: Could not find intermodpath!
SDF ERROR: runs/single_key_wipe_p80_h0/final/sdf/nom_fast_1p32V_m40C/tt_um_rumcajs__nom_fast_1p32V_m40C.sdf:119: Could not find intermodpath!
SDF ERROR: runs/single_key_wipe_p80_h0/final/sdf/nom_fast_1p32V_m40C/tt_um_rumcajs__nom_fast_1p32V_m40C.sdf:120: Could not find intermodpath!
SDF ERROR: runs/single_key_wipe_p80_h0/final/sdf/nom_fast_1p32V_m40C/tt_um_rumcajs__nom_fast_1p32V_m40C.sdf:121: Could not find intermodpath!
SDF ERROR: runs/single_key_wipe_p80_h0/final/sdf/nom_fast_1p32V_m40C/tt_um_rumcajs__nom_fast_1p32V_m40C.sdf:122: Could not find intermodpath!
SDF ERROR: runs/single_key_wipe_p80_h0/final/sdf/nom_fast_1p32V_m40C/tt_um_rumcajs__nom_fast_1p32V_m40C.sdf:123: Could not find intermodpath!
SDF ERROR: runs/single_key_wipe_p80_h0/final/sdf/nom_fast_1p32V_m40C/tt_um_rumcajs__nom_fast_1p32V_m40C.sdf:124: Could not find intermodpath!
SDF ERROR: runs/single_key_wipe_p80_h0/final/sdf/nom_fast_1p32V_m40C/tt_um_rumcajs__nom_fast_1p32V_m40C.sdf:125: Could not find intermodpath!
SDF ERROR: runs/single_key_wipe_p80_h0/final/sdf/nom_fast_1p32V_m40C/tt_um_rumcajs__nom_fast_1p32V_m40C.sdf:126: Could not find intermodpath!
SDF ERROR: runs/single_key_wipe_p80_h0/final/sdf/nom_fast_1p32V_m40C/tt_um_rumcajs__nom_fast_1p32V_m40C.sdf:127: Could not find intermodpath!
SDF ERROR: runs/single_key_wipe_p80_h0/final/sdf/nom_fast_1p32V_m40C/tt_um_rumcajs__nom_fast_1p32V_m40C.sdf:128: Could not find intermodpath!
SDF ERROR: runs/single_key_wipe_p80_h0/final/sdf/nom_fast_1p32V_m40C/tt_um_rumcajs__nom_fast_1p32V_m40C.sdf:129: Could not find intermodpath!
SDF ERROR: runs/single_key_wipe_p80_h0/final/sdf/nom_fast_1p32V_m40C/tt_um_rumcajs__nom_fast_1p32V_m40C.sdf:130: Could not find intermodpath!
SDF ERROR: runs/single_key_wipe_p80_h0/final/sdf/nom_fast_1p32V_m40C/tt_um_rumcajs__nom_fast_1p32V_m40C.sdf:131: Could not find intermodpath!
SDFError: Could not find net. Did you run iverilog with '-ginterconnect'?
Error: Could not find net. Did you run iverilog with '-ginterconnect'?
Error: Could not find net. Did you run iverilog with '-ginterconnect'?
Error: Could not find net. Did you run iverilog with '-ginterconnect'?
Error: Could not find net. Did you run iverilog with '-ginterconnect'?
Error: Could not find net. Did you run iverilog with '-ginterconnect'?
Error: Could not find net. Did you run iverilog with '-ginterconnect'?
Error: Could not find net. Did you run iverilog with '-ginterconnect'?
Error: Could not find net. Did you run iverilog with '-ginterconnect'?
Error: Could not find net. Did you run iverilog with '-ginterconnect'?
Error: Could not find net. Did you run iverilog with '-ginterconnect'?
Error: Could not find net. Did you run iverilog with '-ginterconnect'?
Error: Could not find net. Did you run iverilog with '-ginterconnect'?
Error: Could not find net. Did you run iverilog with '-ginterconnect'?
Error: Could not find net. Did you run iverilog with '-ginterconnect'?
Error: Could not find net. Did you run iverilog with '-ginterconnect'?
Error: Could not find net. Did you run iverilog with '-ginterconnect'?
Error: Could not find net. Did you run iverilog with '-ginterconnect'?
Error: Could not find net. Did you run iverilog with '-ginterconnect'?
Error: Could not find net. Did you run iverilog with '-ginterconnect'?
Error: Could not find net. Did you run iverilog with '-ginterconnect'?
Error: Could not find net. Did you run iverilog with '-ginterconnect'?
Error: Could not find net. Did you run iverilog with '-ginterconnect'?
Error: Could not find net. Did you run iverilog with '-ginterconnect'?
Error: Could not find net. Did you run iverilog with '-ginterconnect'?
Error: Could not find net. Did you run iverilog with '-ginterconnect'?
Error: Could not find net. Did you run iverilog with '-ginterconnect'?
Error: Could not find net. Did you run iverilog with '-ginterconnect'?
 ERROR: runs/single_key_wipe_p80_h0/final/sdf/nom_fast_1p32V_m40C/tt_um_rumcajs__nom_fast_1p32V_m40C.sdf:132: Could not find intermodpath!
SDF ERROR: runs/single_key_wipe_p80_h0/final/sdf/nom_fast_1p32V_m40C/tt_um_rumcajs__nom_fast_1p32V_m40C.sdf:133: Could not find intermodpath!
SDF ERROR: runs/single_key_wipe_p80_h0/final/sdf/nom_fast_1p32V_m40C/tt_um_rumcajs__nom_fast_1p32V_m40C.sdf:134: Could not find intermodpath!
SDF ERROR: runs/single_key_wipe_p80_h0/final/sdf/nom_fast_1p32V_m40C/tt_um_rumcajs__nom_fast_1p32V_m40C.sdf:135: Could not find intermodpath!
SDF ERROR: runs/single_key_wipe_p80_h0/final/sdf/nom_fast_1p32V_m40C/tt_um_rumcajs__nom_fast_1p32V_m40C.sdf:136: Could not find intermodpath!
SDF ERROR: runs/single_key_wipe_p80_h0/final/sdf/nom_fast_1p32V_m40C/tt_um_rumcajs__nom_fast_1p32V_m40C.sdf:137: Could not find intermodpath!
SDF ERROR: runs/single_key_wipe_p80_h0/final/sdf/nom_fast_1p32V_m40C/tt_um_rumcajs__nom_fast_1p32V_m40C.sdf:138: Could not find intermodpath!
SDF ERROR: runs/single_key_wipe_p80_h0/final/sdf/nom_fast_1p32V_m40C/tt_um_rumcajs__nom_fast_1p32V_m40C.sdf:139: Could not find intermodpath!
SDF ERROR: runs/single_key_wipe_p80_h0/final/sdf/nom_fast_1p32V_m40C/tt_um_rumcajs__nom_fast_1p32V_m40C.sdf:140: Could not find intermodpath!
SDF ERROR: runs/single_key_wipe_p80_h0/final/sdf/nom_fast_1p32V_m40C/tt_um_rumcajs__nom_fast_1p32V_m40C.sdf:141: Could not find intermodpath!
SDF ERROR: runs/single_key_wipe_p80_h0/final/sdf/nom_fast_1p32V_m40C/tt_um_rumcajs__nom_fast_1p32V_m40C.sdf:142: Could not find intermodpath!
SDF ERROR: runs/single_key_wipe_p80_h0/final/sdf/nom_fast_1p32V_m40C/tt_um_rumcajs__nom_fast_1p32V_m40C.sdf:143: Could not find intermodpath!
SDF ERROR: runs/single_key_wipe_p80_h0/final/sdf/nom_fast_1p32V_m40C/tt_um_rumcajs__nom_fast_1p32V_m40C.sdf:144: Could not find intermodpath!
SDF ERROR: runs/single_key_wipe_p80_h0/final/sdf/nom_fast_1p32V_m40C/tt_um_rumcajs__nom_fast_1p32V_m40C.sdf:145: Could not find intermodpath!
SDF ERROR: runs/single_key_wipe_p80_h0/final/sdf/nom_fast_1p32V_m40C/tt_um_rumcajs__nom_fast_1p32V_m40C.sdf:146: Could not find intermodpath!
SDF ERROR: runs/single_key_wipe_p80_h0/final/sdf/nom_fast_1p32V_m40C/tt_um_rumcajs__nom_fast_1p32V_m40C.sdf:147: Could not find intermodpath!
SDF ERROR: runs/single_key_wipe_p80_h0/final/sdf/nom_fast_1p32V_m40C/tt_um_rumcajs__nom_fast_1p32V_m40C.sdf:148: Could not find intermodpath!
SDF ERROR: runs/single_key_wipe_p80_h0/final/sdf/nom_fast_1p32V_m40C/tt_um_rumcajs__nom_fast_1p32V_m40C.sdf:149: Could not find intermodpath!
SDF ERROR: runs/single_key_wipe_p80_h0/final/sdf/nom_fast_1p32V_m40C/tt_um_rumcajs__nom_fast_1p32V_m40C.sdf:150: Could not find intermodpath!
SDF ERROR: runs/single_key_wipe_p80_h0/final/sdf/nom_fast_1p32V_m40C/tt_um_rumcajs__nom_fast_1p32V_m40C.sdf:151: Could not find intermodpath!
SDF ERROR: runs/single_key_wipe_p80_h0/final/sdf/nom_fast_1p32V_m40C/tt_um_rumcajs__nom_fast_1p32V_m40C.sdf:152: Could not find intermodpath!
SDF ERROR: runs/single_key_wipe_p80_h0/final/sdf/nom_fast_1p32V_m40C/tt_um_rumcajs__nom_fast_1p32V_m40C.sdf:153: Could not find intermodpath!
SDF ERROR: runs/single_key_wipe_p80_h0/final/sdf/nom_fast_1p32V_m40C/tt_um_rumcajs__nom_fast_1p32V_m40C.sdf:154: Could not find intermodpath!
SDF ERROR: runs/single_key_wipe_p80_h0/final/sdf/nom_fast_1p32V_m40C/tt_um_rumcajs__nom_fast_1p32V_m40C.sdf:155: Could not find intermodpath!
SDF ERROR: runs/single_key_wipe_p80_h0/final/sdf/nom_fast_1p32V_m40C/tt_um_rumcajs__nom_fast_1p32V_m40C.sdf:156: Could not find intermodpath!
SDF ERROR: runs/single_key_wipe_p80_h0/final/sdf/nom_fast_1p32V_m40C/tt_um_rumcajs__nom_fast_1p32V_m40C.sdf:157: Could not find intermodpath!
SDF ERROR: runs/single_key_wipe_p80_h0/final/sdf/nom_fast_1p32V_m40C/tt_um_rumcajs__nom_fast_1p32V_m40C.sdf:158: Could not find intermodpath!
SDF ERROR: runs/single_key_wipe_p80_h0/final/sdf/nom_fast_1p32V_m40C/tt_um_rumcajs__nom_fast_1p32V_m40C.sdf:159: Could not find intermodpath!
SDF ERROR: runs/single_key_wipe_p80_h0/final/sdf/nom_fast_1p32V_m40C/tt_um_rumcajs__nom_fast_1p32V_m40C.sdf:160: Could not Error: Could not find net. Did you run iverilog with '-ginterconnect'?
Error: Could not find net. Did you run iverilog with '-ginterconnect'?
Error: Could not find net. Did you run iverilog with '-ginterconnect'?
Error: Could not find net. Did you run iverilog with '-ginterconnect'?
Error: Could not find net. Did you run iverilog with '-ginterconnect'?
Error: Could not find net. Did you run iverilog with '-ginterconnect'?
Error: Could not find net. Did you run iverilog with '-ginterconnect'?
Error: Could not find net. Did you run iverilog with '-ginterconnect'?
Error: Could not find net. Did you run iverilog with '-ginterconnect'?
Error: Could not find net. Did you run iverilog with '-ginterconnect'?
Error: Could not find net. Did you run iverilog with '-ginterconnect'?
Error: Could not find net. Did you run iverilog with '-ginterconnect'?
Error: Could not find net. Did you run iverilog with '-ginterconnect'?
Error: Could not find net. Did you run iverilog with '-ginterconnect'?
Error: Could not find net. Did you run iverilog with '-ginterconnect'?
Error: Could not find net. Did you run iverilog with '-ginterconnect'?
Error: Could not find net. Did you run iverilog with '-ginterconnect'?
Error: Could not find net. Did you run iverilog with '-ginterconnect'?
Error: Could not find net. Did you run iverilog with '-ginterconnect'?
Error: Could not find net. Did you run iverilog with '-ginterconnect'?
Error: Could not find net. Did you run iverilog with '-ginterconnect'?
Error: Could not find net. Did you run iverilog with '-ginterconnect'?
Error: Could not find net. Did you run iverilog with '-ginterconnect'?
Error: Could not find net. Did you run iverilog with '-ginterconnect'?
Error: Could not find net. Did you run iverilog with '-ginterconnect'?
Error: Could not find net. Did you run iverilog with '-ginterconnect'?
Error: Could not find net. Did you run iverilog with '-ginterconnect'?
Error: Could not find net. Did you run iverilog with '-ginterconnect'?
Error: Could not find net. Did you run iverilog with '-ginterconnect'?
find intermodpath!
SDF ERROR: runs/single_key_wipe_p80_h0/final/sdf/nom_fast_1p32V_m40C/tt_um_rumcajs__nom_fast_1p32V_m40C.sdf:161: Could not find intermodpath!
SDF ERROR: runs/single_key_wipe_p80_h0/final/sdf/nom_fast_1p32V_m40C/tt_um_rumcajs__nom_fast_1p32V_m40C.sdf:162: Could not find intermodpath!
SDF ERROR: runs/single_key_wipe_p80_h0/final/sdf/nom_fast_1p32V_m40C/tt_um_rumcajs__nom_fast_1p32V_m40C.sdf:163: Could not find intermodpath!
SDF ERROR: runs/single_key_wipe_p80_h0/final/sdf/nom_fast_1p32V_m40C/tt_um_rumcajs__nom_fast_1p32V_m40C.sdf:164: Could not find intermodpath!
SDF ERROR: runs/single_key_wipe_p80_h0/final/sdf/nom_fast_1p32V_m40C/tt_um_rumcajs__nom_fast_1p32V_m40C.sdf:165: Could not find intermodpath!
SDF ERROR: runs/single_key_wipe_p80_h0/final/sdf/nom_fast_1p32V_m40C/tt_um_rumcajs__nom_fast_1p32V_m40C.sdf:166: Could not find intermodpath!
SDF ERROR: runs/single_key_wipe_p80_h0/final/sdf/nom_fast_1p32V_m40C/tt_um_rumcajs__nom_fast_1p32V_m40C.sdf:167: Could not find intermodpath!
SDF ERROR: runs/single_key_wipe_p80_h0/final/sdf/nom_fast_1p32V_m40C/tt_um_rumcajs__nom_fast_1p32V_m40C.sdf:168: Could not find intermodpath!
SDF ERROR: runs/single_key_wipe_p80_h0/final/sdf/nom_fast_1p32V_m40C/tt_um_rumcajs__nom_fast_1p32V_m40C.sdf:169: Could not find intermodpath!
SDF ERROR: runs/single_key_wipe_p80_h0/final/sdf/nom_fast_1p32V_m40C/tt_um_rumcajs__nom_fast_1p32V_m40C.sdf:170: Could not find intermodpath!
SDF ERROR: runs/single_key_wipe_p80_h0/final/sdf/nom_fast_1p32V_m40C/tt_um_rumcajs__nom_fast_1p32V_m40C.sdf:171: Could not find intermodpath!
SDF ERROR: runs/single_key_wipe_p80_h0/final/sdf/nom_fast_1p32V_m40C/tt_um_rumcajs__nom_fast_1p32V_m40C.sdf:172: Could not find intermodpath!
SDF ERROR: runs/single_key_wipe_p80_h0/final/sdf/nom_fast_1p32V_m40C/tt_um_rumcajs__nom_fast_1p32V_m40C.sdf:173: Could not find intermodpath!
SDF ERROR: runs/single_key_wipe_p80_h0/final/sdf/nom_fast_1p32V_m40C/tt_um_rumcajs__nom_fast_1p32V_m40C.sdf:174: Could not find intermodpath!
SDF ERROR: runs/single_key_wipe_p80_h0/final/sdf/nom_fast_1p32V_m40C/tt_um_rumcajs__nom_fast_1p32V_m40C.sdf:175: Could not find intermodpath!
SDF ERROR: runs/single_key_wipe_p80_h0/final/sdf/nom_fast_1p32V_m40C/tt_um_rumcajs__nom_fast_1p32V_m40C.sdf:176: Could not find intermodpath!
SDF ERROR: runs/single_key_wipe_p80_h0/final/sdf/nom_fast_1p32V_m40C/tt_um_rumcajs__nom_fast_1p32V_m40C.sdf:177: Could not find intermodpath!
SDF ERROR: runs/single_key_wipe_p80_h0/final/sdf/nom_fast_1p32V_m40C/tt_um_rumcajs__nom_fast_1p32V_m40C.sdf:178: Could not find intermodpath!
SDF ERROR: runs/single_key_wipe_p80_h0/final/sdf/nom_fast_1p32V_m40C/tt_um_rumcajs__nom_fast_1p32V_m40C.sdf:179: Could not find intermodpath!
SDF ERROR: runs/single_key_wipe_p80_h0/final/sdf/nom_fast_1p32V_m40C/tt_um_rumcajs__nom_fast_1p32V_m40C.sdf:180: Could not find intermodpath!
SDF ERROR: runs/single_key_wipe_p80_h0/final/sdf/nom_fast_1p32V_m40C/tt_um_rumcajs__nom_fast_1p32V_m40C.sdf:181: Could not find intermodpath!
SDF ERROR: runs/single_key_wipe_p80_h0/final/sdf/nom_fast_1p32V_m40C/tt_um_rumcajs__nom_fast_1p32V_m40C.sdf:182: Could not find intermodpath!
SDF ERROR: runs/single_key_wipe_p80_h0/final/sdf/nom_fast_1p32V_m40C/tt_um_rumcajs__nom_fast_1p32V_m40C.sdf:183: Could not find intermodpath!
SDF ERROR: runs/single_key_wipe_p80_h0/final/sdf/nom_fast_1p32V_m40C/tt_um_rumcajs__nom_fast_1p32V_m40C.sdf:184: Could not find intermodpath!
SDF ERROR: runs/single_key_wipe_p80_h0/final/sdf/nom_fast_1p32V_m40C/tt_um_rumcajs__nom_fast_1p32V_m40C.sdf:185: Could not find intermodpath!
SDF ERROR: runs/single_key_wipe_p80_h0/final/sdf/nom_fast_1p32V_m40C/tt_um_rumcajs__nom_fast_1p32V_m40C.sdf:186: Could not find intermodpath!
SDF ERROR: runs/single_key_wipe_p80_h0/final/sdf/nom_fast_1p32V_m40C/tt_um_rumcajs__nom_fast_1p32V_m40C.sdf:187: Could not find intermodpath!
SDF ERROR: runs/single_key_wipe_p80_h0/final/sdf/nom_fast_1p32V_m40C/tt_um_rumcajs__nom_fast_1p32V_m40C.sdf:188: Could not find intermodpath!
SDF ERROR: runs/single_key_wipe_p80_h0/final/sdf/nom_fast_1p32V_m40C/tt_um_rumcajs__nom_fast_1p32V_m4Error: Could not find net. Did you run iverilog with '-ginterconnect'?
Error: Could not find net. Did you run iverilog with '-ginterconnect'?
Error: Could not find net. Did you run iverilog with '-ginterconnect'?
Error: Could not find net. Did you run iverilog with '-ginterconnect'?
Error: Could not find net. Did you run iverilog with '-ginterconnect'?
Error: Could not find net. Did you run iverilog with '-ginterconnect'?
Error: Could not find net. Did you run iverilog with '-ginterconnect'?
Error: Could not find net. Did you run iverilog with '-ginterconnect'?
Error: Could not find net. Did you run iverilog with '-ginterconnect'?
Error: Could not find net. Did you run iverilog with '-ginterconnect'?
Error: Could not find net. Did you run iverilog with '-ginterconnect'?
Error: Could not find net. Did you run iverilog with '-ginterconnect'?
Error: Could not find net. Did you run iverilog with '-ginterconnect'?
Error: Could not find net. Did you run iverilog with '-ginterconnect'?
Error: Could not find net. Did you run iverilog with '-ginterconnect'?
Error: Could not find net. Did you run iverilog with '-ginterconnect'?
Error: Could not find net. Did you run iverilog with '-ginterconnect'?
Error: Could not find net. Did you run iverilog with '-ginterconnect'?
Error: Could not find net. Did you run iverilog with '-ginterconnect'?
Error: Could not find net. Did you run iverilog with '-ginterconnect'?
Error: Could not find net. Did you run iverilog with '-ginterconnect'?
Error: Could not find net. Did you run iverilog with '-ginterconnect'?
Error: Could not find net. Did you run iverilog with '-ginterconnect'?
Error: Could not find net. Did you run iverilog with '-ginterconnect'?
Error: Could not find net. Did you run iverilog with '-ginterconnect'?
Error: Could not find net. Did you run iverilog with '-ginterconnect'?
Error: Could not find net. Did you run iverilog with '-ginterconnect'?
Error: Could not find net. Did you run iverilog with '-ginterconnect'?
Error: Could not find net. Did you run iverilog with '-ginterconnect'?
0C.sdf:189: Could not find intermodpath!
SDF ERROR: runs/single_key_wipe_p80_h0/final/sdf/nom_fast_1p32V_m40C/tt_um_rumcajs__nom_fast_1p32V_m40C.sdf:190: Could not find intermodpath!
SDF ERROR: runs/single_key_wipe_p80_h0/final/sdf/nom_fast_1p32V_m40C/tt_um_rumcajs__nom_fast_1p32V_m40C.sdf:191: Could not find intermodpath!
SDF ERROR: runs/single_key_wipe_p80_h0/final/sdf/nom_fast_1p32V_m40C/tt_um_rumcajs__nom_fast_1p32V_m40C.sdf:192: Could not find intermodpath!
SDF ERROR: runs/single_key_wipe_p80_h0/final/sdf/nom_fast_1p32V_m40C/tt_um_rumcajs__nom_fast_1p32V_m40C.sdf:193: Could not find intermodpath!
SDF ERROR: runs/single_key_wipe_p80_h0/final/sdf/nom_fast_1p32V_m40C/tt_um_rumcajs__nom_fast_1p32V_m40C.sdf:194: Could not find intermodpath!
SDF ERROR: runs/single_key_wipe_p80_h0/final/sdf/nom_fast_1p32V_m40C/tt_um_rumcajs__nom_fast_1p32V_m40C.sdf:195: Could not find intermodpath!
SDF ERROR: runs/single_key_wipe_p80_h0/final/sdf/nom_fast_1p32V_m40C/tt_um_rumcajs__nom_fast_1p32V_m40C.sdf:196: Could not find intermodpath!
SDF ERROR: runs/single_key_wipe_p80_h0/final/sdf/nom_fast_1p32V_m40C/tt_um_rumcajs__nom_fast_1p32V_m40C.sdf:197: Could not find intermodpath!
SDF ERROR: runs/single_key_wipe_p80_h0/final/sdf/nom_fast_1p32V_m40C/tt_um_rumcajs__nom_fast_1p32V_m40C.sdf:198: Could not find intermodpath!
SDF ERROR: runs/single_key_wipe_p80_h0/final/sdf/nom_fast_1p32V_m40C/tt_um_rumcajs__nom_fast_1p32V_m40C.sdf:199: Could not find intermodpath!
SDF ERROR: runs/single_key_wipe_p80_h0/final/sdf/nom_fast_1p32V_m40C/tt_um_rumcajs__nom_fast_1p32V_m40C.sdf:200: Could not find intermodpath!
SDF ERROR: runs/single_key_wipe_p80_h0/final/sdf/nom_fast_1p32V_m40C/tt_um_rumcajs__nom_fast_1p32V_m40C.sdf:201: Could not find intermodpath!
SDF ERROR: runs/single_key_wipe_p80_h0/final/sdf/nom_fast_1p32V_m40C/tt_um_rumcajs__nom_fast_1p32V_m40C.sdf:202: Could not find intermodpath!
SDF ERROR: runs/single_key_wipe_p80_h0/final/sdf/nom_fast_1p32V_m40C/tt_um_rumcajs__nom_fast_1p32V_m40C.sdf:203: Could not find intermodpath!
SDF ERROR: runs/single_key_wipe_p80_h0/final/sdf/nom_fast_1p32V_m40C/tt_um_rumcajs__nom_fast_1p32V_m40C.sdf:204: Could not find intermodpath!
SDF ERROR: runs/single_key_wipe_p80_h0/final/sdf/nom_fast_1p32V_m40C/tt_um_rumcajs__nom_fast_1p32V_m40C.sdf:205: Could not find intermodpath!
SDF ERROR: runs/single_key_wipe_p80_h0/final/sdf/nom_fast_1p32V_m40C/tt_um_rumcajs__nom_fast_1p32V_m40C.sdf:206: Could not find intermodpath!
SDF ERROR: runs/single_key_wipe_p80_h0/final/sdf/nom_fast_1p32V_m40C/tt_um_rumcajs__nom_fast_1p32V_m40C.sdf:207: Could not find intermodpath!
SDF ERROR: runs/single_key_wipe_p80_h0/final/sdf/nom_fast_1p32V_m40C/tt_um_rumcajs__nom_fast_1p32V_m40C.sdf:208: Could not find intermodpath!
SDF ERROR: runs/single_key_wipe_p80_h0/final/sdf/nom_fast_1p32V_m40C/tt_um_rumcajs__nom_fast_1p32V_m40C.sdf:209: Could not find intermodpath!
SDF ERROR: runs/single_key_wipe_p80_h0/final/sdf/nom_fast_1p32V_m40C/tt_um_rumcajs__nom_fast_1p32V_m40C.sdf:210: Could not find intermodpath!
SDF ERROR: runs/single_key_wipe_p80_h0/final/sdf/nom_fast_1p32V_m40C/tt_um_rumcajs__nom_fast_1p32V_m40C.sdf:211: Could not find intermodpath!
SDF ERROR: runs/single_key_wipe_p80_h0/final/sdf/nom_fast_1p32V_m40C/tt_um_rumcajs__nom_fast_1p32V_m40C.sdf:212: Could not find intermodpath!
SDF ERROR: runs/single_key_wipe_p80_h0/final/sdf/nom_fast_1p32V_m40C/tt_um_rumcajs__nom_fast_1p32V_m40C.sdf:213: Could not find intermodpath!
SDF ERROR: runs/single_key_wipe_p80_h0/final/sdf/nom_fast_1p32V_m40C/tt_um_rumcajs__nom_fast_1p32V_m40C.sdf:214: Could not find intermodpath!
SDF ERROR: runs/single_key_wipe_p80_h0/final/sdf/nom_fast_1p32V_m40C/tt_um_rumcajs__nom_fast_1p32V_m40C.sdf:215: Could not find intermodpath!
SDF ERROR: runs/single_key_wipe_p80_h0/final/sdf/nom_fast_1p32V_m40C/tt_um_rumcajs__nom_fast_1p32V_m40C.sdf:216: Could not find intermodpath!
SDF ERROR: runs/single_key_wipe_p80_h0/final/sdf/nom_fast_1p32V_m40C/tt_um_rumcajs__nom_fast_1p32V_m40C.sdf:217: Could not find intermodpath!
SDF ERROR: runs/single_key_wipe_p80_h0/final/sdf/nom_fast_1p32V_m40C/tt_um_rumcError: Could not find net. Did you run iverilog with '-ginterconnect'?
Error: Could not find net. Did you run iverilog with '-ginterconnect'?
Error: Could not find net. Did you run iverilog with '-ginterconnect'?
Error: Could not find net. Did you run iverilog with '-ginterconnect'?
Error: Could not find net. Did you run iverilog with '-ginterconnect'?
Error: Could not find net. Did you run iverilog with '-ginterconnect'?
Error: Could not find net. Did you run iverilog with '-ginterconnect'?
Error: Could not find net. Did you run iverilog with '-ginterconnect'?
Error: Could not find net. Did you run iverilog with '-ginterconnect'?
Error: Could not find net. Did you run iverilog with '-ginterconnect'?
Error: Could not find net. Did you run iverilog with '-ginterconnect'?
Error: Could not find net. Did you run iverilog with '-ginterconnect'?
Error: Could not find net. Did you run iverilog with '-ginterconnect'?
Error: Could not find net. Did you run iverilog with '-ginterconnect'?
Error: Could not find net. Did you run iverilog with '-ginterconnect'?
Error: Could not find net. Did you run iverilog with '-ginterconnect'?
Error: Could not find net. Did you run iverilog with '-ginterconnect'?
Error: Could not find net. Did you run iverilog with '-ginterconnect'?
Error: Could not find net. Did you run iverilog with '-ginterconnect'?
Error: Could not find net. Did you run iverilog with '-ginterconnect'?
Error: Could not find net. Did you run iverilog with '-ginterconnect'?
Error: Could not find net. Did you run iverilog with '-ginterconnect'?
Error: Could not find net. Did you run iverilog with '-ginterconnect'?
Error: Could not find net. Did you run iverilog with '-ginterconnect'?
Error: Could not find net. Did you run iverilog with '-ginterconnect'?
Error: Could not find net. Did you run iverilog with '-ginterconnect'?
Error: Could not find net. Did you run iverilog with '-ginterconnect'?
Error: Could not find net. Did you run iverilog with '-ginterconnect'?
Error: Could not find net. Did you run iverilog with '-ginterconnect'?
ajs__nom_fast_1p32V_m40C.sdf:218: Could not find intermodpath!
SDF ERROR: runs/single_key_wipe_p80_h0/final/sdf/nom_fast_1p32V_m40C/tt_um_rumcajs__nom_fast_1p32V_m40C.sdf:219: Could not find intermodpath!
SDF ERROR: runs/single_key_wipe_p80_h0/final/sdf/nom_fast_1p32V_m40C/tt_um_rumcajs__nom_fast_1p32V_m40C.sdf:220: Could not find intermodpath!
SDF ERROR: runs/single_key_wipe_p80_h0/final/sdf/nom_fast_1p32V_m40C/tt_um_rumcajs__nom_fast_1p32V_m40C.sdf:221: Could not find intermodpath!
SDF ERROR: runs/single_key_wipe_p80_h0/final/sdf/nom_fast_1p32V_m40C/tt_um_rumcajs__nom_fast_1p32V_m40C.sdf:222: Could not find intermodpath!
SDF ERROR: runs/single_key_wipe_p80_h0/final/sdf/nom_fast_1p32V_m40C/tt_um_rumcajs__nom_fast_1p32V_m40C.sdf:223: Could not find intermodpath!
SDF ERROR: runs/single_key_wipe_p80_h0/final/sdf/nom_fast_1p32V_m40C/tt_um_rumcajs__nom_fast_1p32V_m40C.sdf:224: Could not find intermodpath!
SDF ERROR: runs/single_key_wipe_p80_h0/final/sdf/nom_fast_1p32V_m40C/tt_um_rumcajs__nom_fast_1p32V_m40C.sdf:225: Could not find intermodpath!
SDF ERROR: runs/single_key_wipe_p80_h0/final/sdf/nom_fast_1p32V_m40C/tt_um_rumcajs__nom_fast_1p32V_m40C.sdf:226: Could not find intermodpath!
SDF ERROR: runs/single_key_wipe_p80_h0/final/sdf/nom_fast_1p32V_m40C/tt_um_rumcajs__nom_fast_1p32V_m40C.sdf:227: Could not find intermodpath!
SDF ERROR: runs/single_key_wipe_p80_h0/final/sdf/nom_fast_1p32V_m40C/tt_um_rumcajs__nom_fast_1p32V_m40C.sdf:228: Could not find intermodpath!
SDF ERROR: runs/single_key_wipe_p80_h0/final/sdf/nom_fast_1p32V_m40C/tt_um_rumcajs__nom_fast_1p32V_m40C.sdf:229: Could not find intermodpath!
SDF ERROR: runs/single_key_wipe_p80_h0/final/sdf/nom_fast_1p32V_m40C/tt_um_rumcajs__nom_fast_1p32V_m40C.sdf:230: Could not find intermodpath!
SDF ERROR: runs/single_key_wipe_p80_h0/final/sdf/nom_fast_1p32V_m40C/tt_um_rumcajs__nom_fast_1p32V_m40C.sdf:231: Could not find intermodpath!
SDF ERROR: runs/single_key_wipe_p80_h0/final/sdf/nom_fast_1p32V_m40C/tt_um_rumcajs__nom_fast_1p32V_m40C.sdf:232: Could not find intermodpath!
SDF ERROR: runs/single_key_wipe_p80_h0/final/sdf/nom_fast_1p32V_m40C/tt_um_rumcajs__nom_fast_1p32V_m40C.sdf:233: Could not find intermodpath!
SDF ERROR: runs/single_key_wipe_p80_h0/final/sdf/nom_fast_1p32V_m40C/tt_um_rumcajs__nom_fast_1p32V_m40C.sdf:234: Could not find intermodpath!
SDF ERROR: runs/single_key_wipe_p80_h0/final/sdf/nom_fast_1p32V_m40C/tt_um_rumcajs__nom_fast_1p32V_m40C.sdf:235: Could not find intermodpath!
SDF ERROR: runs/single_key_wipe_p80_h0/final/sdf/nom_fast_1p32V_m40C/tt_um_rumcajs__nom_fast_1p32V_m40C.sdf:236: Could not find intermodpath!
SDF ERROR: runs/single_key_wipe_p80_h0/final/sdf/nom_fast_1p32V_m40C/tt_um_rumcajs__nom_fast_1p32V_m40C.sdf:237: Could not find intermodpath!
SDF ERROR: runs/single_key_wipe_p80_h0/final/sdf/nom_fast_1p32V_m40C/tt_um_rumcajs__nom_fast_1p32V_m40C.sdf:238: Could not find intermodpath!
SDF ERROR: runs/single_key_wipe_p80_h0/final/sdf/nom_fast_1p32V_m40C/tt_um_rumcajs__nom_fast_1p32V_m40C.sdf:239: Could not find intermodpath!
SDF ERROR: runs/single_key_wipe_p80_h0/final/sdf/nom_fast_1p32V_m40C/tt_um_rumcajs__nom_fast_1p32V_m40C.sdf:240: Could not find intermodpath!
SDF ERROR: runs/single_key_wipe_p80_h0/final/sdf/nom_fast_1p32V_m40C/tt_um_rumcajs__nom_fast_1p32V_m40C.sdf:241: Could not find intermodpath!
SDF ERROR: runs/single_key_wipe_p80_h0/final/sdf/nom_fast_1p32V_m40C/tt_um_rumcajs__nom_fast_1p32V_m40C.sdf:242: Could not find intermodpath!
SDF ERROR: runs/single_key_wipe_p80_h0/final/sdf/nom_fast_1p32V_m40C/tt_um_rumcajs__nom_fast_1p32V_m40C.sdf:243: Could not find intermodpath!
SDF ERROR: runs/single_key_wipe_p80_h0/final/sdf/nom_fast_1p32V_m40C/tt_um_rumcajs__nom_fast_1p32V_m40C.sdf:244: Could not find intermodpath!
SDF ERROR: runs/single_key_wipe_p80_h0/final/sdf/nom_fast_1p32V_m40C/tt_um_rumcajs__nom_fast_1p32V_m40C.sdf:245: Could not find intermodpath!
SDF ERROR: runs/single_key_wipe_p80_h0/final/sdf/nom_fast_1p32V_m40C/tt_um_rumcajs__nom_fast_1p32V_m40C.sdf:246: Could not find intermodpath!
SDF ERROR: runs/single_key_wipe_p80_h0/final/sdf/nom_fastError: Could not find net. Did you run iverilog with '-ginterconnect'?
Error: Could not find net. Did you run iverilog with '-ginterconnect'?
Error: Could not find net. Did you run iverilog with '-ginterconnect'?
Error: Could not find net. Did you run iverilog with '-ginterconnect'?
Error: Could not find net. Did you run iverilog with '-ginterconnect'?
Error: Could not find net. Did you run iverilog with '-ginterconnect'?
Error: Could not find net. Did you run iverilog with '-ginterconnect'?
Error: Could not find net. Did you run iverilog with '-ginterconnect'?
Error: Could not find net. Did you run iverilog with '-ginterconnect'?
Error: Could not find net. Did you run iverilog with '-ginterconnect'?
Error: Could not find net. Did you run iverilog with '-ginterconnect'?
Error: Could not find net. Did you run iverilog with '-ginterconnect'?
Error: Could not find net. Did you run iverilog with '-ginterconnect'?
Error: Could not find net. Did you run iverilog with '-ginterconnect'?
Error: Could not find net. Did you run iverilog with '-ginterconnect'?
Error: Could not find net. Did you run iverilog with '-ginterconnect'?
Error: Could not find net. Did you run iverilog with '-ginterconnect'?
Error: Could not find net. Did you run iverilog with '-ginterconnect'?
Error: Could not find net. Did you run iverilog with '-ginterconnect'?
Error: Could not find net. Did you run iverilog with '-ginterconnect'?
Error: Could not find net. Did you run iverilog with '-ginterconnect'?
Error: Could not find net. Did you run iverilog with '-ginterconnect'?
Error: Could not find net. Did you run iverilog with '-ginterconnect'?
Error: Could not find net. Did you run iverilog with '-ginterconnect'?
Error: Could not find net. Did you run iverilog with '-ginterconnect'?
Error: Could not find net. Did you run iverilog with '-ginterconnect'?
Error: Could not find net. Did you run iverilog with '-ginterconnect'?
Error: Could not find net. Did you run iverilog with '-ginterconnect'?
Error: Could not find net. Did you run iverilog with '-ginterconnect'?
_1p32V_m40C/tt_um_rumcajs__nom_fast_1p32V_m40C.sdf:247: Could not find intermodpath!
SDF ERROR: runs/single_key_wipe_p80_h0/final/sdf/nom_fast_1p32V_m40C/tt_um_rumcajs__nom_fast_1p32V_m40C.sdf:248: Could not find intermodpath!
SDF ERROR: runs/single_key_wipe_p80_h0/final/sdf/nom_fast_1p32V_m40C/tt_um_rumcajs__nom_fast_1p32V_m40C.sdf:249: Could not find intermodpath!
SDF ERROR: runs/single_key_wipe_p80_h0/final/sdf/nom_fast_1p32V_m40C/tt_um_rumcajs__nom_fast_1p32V_m40C.sdf:250: Could not find intermodpath!
SDF ERROR: runs/single_key_wipe_p80_h0/final/sdf/nom_fast_1p32V_m40C/tt_um_rumcajs__nom_fast_1p32V_m40C.sdf:251: Could not find intermodpath!
SDF ERROR: runs/single_key_wipe_p80_h0/final/sdf/nom_fast_1p32V_m40C/tt_um_rumcajs__nom_fast_1p32V_m40C.sdf:252: Could not find intermodpath!
SDF ERROR: runs/single_key_wipe_p80_h0/final/sdf/nom_fast_1p32V_m40C/tt_um_rumcajs__nom_fast_1p32V_m40C.sdf:253: Could not find intermodpath!
SDF ERROR: runs/single_key_wipe_p80_h0/final/sdf/nom_fast_1p32V_m40C/tt_um_rumcajs__nom_fast_1p32V_m40C.sdf:254: Could not find intermodpath!
SDF ERROR: runs/single_key_wipe_p80_h0/final/sdf/nom_fast_1p32V_m40C/tt_um_rumcajs__nom_fast_1p32V_m40C.sdf:255: Could not find intermodpath!
SDF ERROR: runs/single_key_wipe_p80_h0/final/sdf/nom_fast_1p32V_m40C/tt_um_rumcajs__nom_fast_1p32V_m40C.sdf:256: Could not find intermodpath!
SDF ERROR: runs/single_key_wipe_p80_h0/final/sdf/nom_fast_1p32V_m40C/tt_um_rumcajs__nom_fast_1p32V_m40C.sdf:257: Could not find intermodpath!
SDF ERROR: runs/single_key_wipe_p80_h0/final/sdf/nom_fast_1p32V_m40C/tt_um_rumcajs__nom_fast_1p32V_m40C.sdf:258: Could not find intermodpath!
SDF ERROR: runs/single_key_wipe_p80_h0/final/sdf/nom_fast_1p32V_m40C/tt_um_rumcajs__nom_fast_1p32V_m40C.sdf:259: Could not find intermodpath!
SDF ERROR: runs/single_key_wipe_p80_h0/final/sdf/nom_fast_1p32V_m40C/tt_um_rumcajs__nom_fast_1p32V_m40C.sdf:260: Could not find intermodpath!
SDF ERROR: runs/single_key_wipe_p80_h0/final/sdf/nom_fast_1p32V_m40C/tt_um_rumcajs__nom_fast_1p32V_m40C.sdf:261: Could not find intermodpath!
SDF ERROR: runs/single_key_wipe_p80_h0/final/sdf/nom_fast_1p32V_m40C/tt_um_rumcajs__nom_fast_1p32V_m40C.sdf:262: Could not find intermodpath!
SDF ERROR: runs/single_key_wipe_p80_h0/final/sdf/nom_fast_1p32V_m40C/tt_um_rumcajs__nom_fast_1p32V_m40C.sdf:263: Could not find intermodpath!
SDF ERROR: runs/single_key_wipe_p80_h0/final/sdf/nom_fast_1p32V_m40C/tt_um_rumcajs__nom_fast_1p32V_m40C.sdf:264: Could not find intermodpath!
SDF ERROR: runs/single_key_wipe_p80_h0/final/sdf/nom_fast_1p32V_m40C/tt_um_rumcajs__nom_fast_1p32V_m40C.sdf:265: Could not find intermodpath!
SDF ERROR: runs/single_key_wipe_p80_h0/final/sdf/nom_fast_1p32V_m40C/tt_um_rumcajs__nom_fast_1p32V_m40C.sdf:266: Could not find intermodpath!
SDF ERROR: runs/single_key_wipe_p80_h0/final/sdf/nom_fast_1p32V_m40C/tt_um_rumcajs__nom_fast_1p32V_m40C.sdf:267: Could not find intermodpath!
SDF ERROR: runs/single_key_wipe_p80_h0/final/sdf/nom_fast_1p32V_m40C/tt_um_rumcajs__nom_fast_1p32V_m40C.sdf:268: Could not find intermodpath!
SDF ERROR: runs/single_key_wipe_p80_h0/final/sdf/nom_fast_1p32V_m40C/tt_um_rumcajs__nom_fast_1p32V_m40C.sdf:269: Could not find intermodpath!
SDF ERROR: runs/single_key_wipe_p80_h0/final/sdf/nom_fast_1p32V_m40C/tt_um_rumcajs__nom_fast_1p32V_m40C.sdf:270: Could not find intermodpath!
SDF ERROR: runs/single_key_wipe_p80_h0/final/sdf/nom_fast_1p32V_m40C/tt_um_rumcajs__nom_fast_1p32V_m40C.sdf:271: Could not find intermodpath!
SDF ERROR: runs/single_key_wipe_p80_h0/final/sdf/nom_fast_1p32V_m40C/tt_um_rumcajs__nom_fast_1p32V_m40C.sdf:272: Could not find intermodpath!
SDF ERROR: runs/single_key_wipe_p80_h0/final/sdf/nom_fast_1p32V_m40C/tt_um_rumcajs__nom_fast_1p32V_m40C.sdf:273: Could not find intermodpath!
SDF ERROR: runs/single_key_wipe_p80_h0/final/sdf/nom_fast_1p32V_m40C/tt_um_rumcajs__nom_fast_1p32V_m40C.sdf:274: Could not find intermodpath!
SDF ERROR: runs/single_key_wipe_p80_h0/final/sdf/nom_fast_1p32V_m40C/tt_um_rumcajs__nom_fast_1p32V_m40C.sdf:275: Could not find intermodpath!
SDF ERROR: runs/single_key_wipe_p80Error: Could not find net. Did you run iverilog with '-ginterconnect'?
Error: Could not find net. Did you run iverilog with '-ginterconnect'?
Error: Could not find net. Did you run iverilog with '-ginterconnect'?
Error: Could not find net. Did you run iverilog with '-ginterconnect'?
Error: Could not find net. Did you run iverilog with '-ginterconnect'?
Error: Could not find net. Did you run iverilog with '-ginterconnect'?
Error: Could not find net. Did you run iverilog with '-ginterconnect'?
Error: Could not find net. Did you run iverilog with '-ginterconnect'?
Error: Could not find net. Did you run iverilog with '-ginterconnect'?
Error: Could not find net. Did you run iverilog with '-ginterconnect'?
Error: Could not find net. Did you run iverilog with '-ginterconnect'?
Error: Could not find net. Did you run iverilog with '-ginterconnect'?
Error: Could not find net. Did you run iverilog with '-ginterconnect'?
Error: Could not find net. Did you run iverilog with '-ginterconnect'?
Error: Could not find net. Did you run iverilog with '-ginterconnect'?
Error: Could not find net. Did you run iverilog with '-ginterconnect'?
Error: Could not find net. Did you run iverilog with '-ginterconnect'?
Error: Could not find net. Did you run iverilog with '-ginterconnect'?
Error: Could not find net. Did you run iverilog with '-ginterconnect'?
Error: Could not find net. Did you run iverilog with '-ginterconnect'?
Error: Could not find net. Did you run iverilog with '-ginterconnect'?
Error: Could not find net. Did you run iverilog with '-ginterconnect'?
Error: Could not find net. Did you run iverilog with '-ginterconnect'?
Error: Could not find net. Did you run iverilog with '-ginterconnect'?
Error: Could not find net. Did you run iverilog with '-ginterconnect'?
Error: Could not find net. Did you run iverilog with '-ginterconnect'?
Error: Could not find net. Did you run iverilog with '-ginterconnect'?
Error: Could not find net. Did you run iverilog with '-ginterconnect'?
Error: Could not find net. Did you run iverilog with '-ginterconnect'?
_h0/final/sdf/nom_fast_1p32V_m40C/tt_um_rumcajs__nom_fast_1p32V_m40C.sdf:276: Could not find intermodpath!
SDF ERROR: runs/single_key_wipe_p80_h0/final/sdf/nom_fast_1p32V_m40C/tt_um_rumcajs__nom_fast_1p32V_m40C.sdf:277: Could not find intermodpath!
SDF ERROR: runs/single_key_wipe_p80_h0/final/sdf/nom_fast_1p32V_m40C/tt_um_rumcajs__nom_fast_1p32V_m40C.sdf:278: Could not find intermodpath!
SDF ERROR: runs/single_key_wipe_p80_h0/final/sdf/nom_fast_1p32V_m40C/tt_um_rumcajs__nom_fast_1p32V_m40C.sdf:279: Could not find intermodpath!
SDF ERROR: runs/single_key_wipe_p80_h0/final/sdf/nom_fast_1p32V_m40C/tt_um_rumcajs__nom_fast_1p32V_m40C.sdf:280: Could not find intermodpath!
SDF ERROR: runs/single_key_wipe_p80_h0/final/sdf/nom_fast_1p32V_m40C/tt_um_rumcajs__nom_fast_1p32V_m40C.sdf:281: Could not find intermodpath!
SDF ERROR: runs/single_key_wipe_p80_h0/final/sdf/nom_fast_1p32V_m40C/tt_um_rumcajs__nom_fast_1p32V_m40C.sdf:282: Could not find intermodpath!
SDF ERROR: runs/single_key_wipe_p80_h0/final/sdf/nom_fast_1p32V_m40C/tt_um_rumcajs__nom_fast_1p32V_m40C.sdf:283: Could not find intermodpath!
SDF ERROR: runs/single_key_wipe_p80_h0/final/sdf/nom_fast_1p32V_m40C/tt_um_rumcajs__nom_fast_1p32V_m40C.sdf:284: Could not find intermodpath!
SDF ERROR: runs/single_key_wipe_p80_h0/final/sdf/nom_fast_1p32V_m40C/tt_um_rumcajs__nom_fast_1p32V_m40C.sdf:285: Could not find intermodpath!
SDF ERROR: runs/single_key_wipe_p80_h0/final/sdf/nom_fast_1p32V_m40C/tt_um_rumcajs__nom_fast_1p32V_m40C.sdf:286: Could not find intermodpath!
SDF ERROR: runs/single_key_wipe_p80_h0/final/sdf/nom_fast_1p32V_m40C/tt_um_rumcajs__nom_fast_1p32V_m40C.sdf:287: Could not find intermodpath!
SDF ERROR: runs/single_key_wipe_p80_h0/final/sdf/nom_fast_1p32V_m40C/tt_um_rumcajs__nom_fast_1p32V_m40C.sdf:288: Could not find intermodpath!
SDF ERROR: runs/single_key_wipe_p80_h0/final/sdf/nom_fast_1p32V_m40C/tt_um_rumcajs__nom_fast_1p32V_m40C.sdf:289: Could not find intermodpath!
SDF ERROR: runs/single_key_wipe_p80_h0/final/sdf/nom_fast_1p32V_m40C/tt_um_rumcajs__nom_fast_1p32V_m40C.sdf:290: Could not find intermodpath!
SDF ERROR: runs/single_key_wipe_p80_h0/final/sdf/nom_fast_1p32V_m40C/tt_um_rumcajs__nom_fast_1p32V_m40C.sdf:291: Could not find intermodpath!
SDF ERROR: runs/single_key_wipe_p80_h0/final/sdf/nom_fast_1p32V_m40C/tt_um_rumcajs__nom_fast_1p32V_m40C.sdf:292: Could not find intermodpath!
SDF ERROR: runs/single_key_wipe_p80_h0/final/sdf/nom_fast_1p32V_m40C/tt_um_rumcajs__nom_fast_1p32V_m40C.sdf:293: Could not find intermodpath!
SDF ERROR: runs/single_key_wipe_p80_h0/final/sdf/nom_fast_1p32V_m40C/tt_um_rumcajs__nom_fast_1p32V_m40C.sdf:294: Could not find intermodpath!
SDF ERROR: runs/single_key_wipe_p80_h0/final/sdf/nom_fast_1p32V_m40C/tt_um_rumcajs__nom_fast_1p32V_m40C.sdf:295: Could not find intermodpath!
SDF ERROR: runs/single_key_wipe_p80_h0/final/sdf/nom_fast_1p32V_m40C/tt_um_rumcajs__nom_fast_1p32V_m40C.sdf:296: Could not find intermodpath!
SDF ERROR: runs/single_key_wipe_p80_h0/final/sdf/nom_fast_1p32V_m40C/tt_um_rumcajs__nom_fast_1p32V_m40C.sdf:297: Could not find intermodpath!
SDF ERROR: runs/single_key_wipe_p80_h0/final/sdf/nom_fast_1p32V_m40C/tt_um_rumcajs__nom_fast_1p32V_m40C.sdf:298: Could not find intermodpath!
SDF ERROR: runs/single_key_wipe_p80_h0/final/sdf/nom_fast_1p32V_m40C/tt_um_rumcajs__nom_fast_1p32V_m40C.sdf:299: Could not find intermodpath!
SDF ERROR: runs/single_key_wipe_p80_h0/final/sdf/nom_fast_1p32V_m40C/tt_um_rumcajs__nom_fast_1p32V_m40C.sdf:300: Could not find intermodpath!
SDF ERROR: runs/single_key_wipe_p80_h0/final/sdf/nom_fast_1p32V_m40C/tt_um_rumcajs__nom_fast_1p32V_m40C.sdf:301: Could not find intermodpath!
SDF ERROR: runs/single_key_wipe_p80_h0/final/sdf/nom_fast_1p32V_m40C/tt_um_rumcajs__nom_fast_1p32V_m40C.sdf:302: Could not find intermodpath!
SDF ERROR: runs/single_key_wipe_p80_h0/final/sdf/nom_fast_1p32V_m40C/tt_um_rumcajs__nom_fast_1p32V_m40C.sdf:303: Could not find intermodpath!
SDF ERROR: runs/single_key_wipe_p80_h0/final/sdf/nom_fast_1p32V_m40C/tt_um_rumcajs__nom_fast_1p32V_m40C.sdf:304: Could not find intermodpath!
SDF ERROR: ruError: Could not find net. Did you run iverilog with '-ginterconnect'?
Error: Could not find net. Did you run iverilog with '-ginterconnect'?
Error: Could not find net. Did you run iverilog with '-ginterconnect'?
Error: Could not find net. Did you run iverilog with '-ginterconnect'?
Error: Could not find net. Did you run iverilog with '-ginterconnect'?
Error: Could not find net. Did you run iverilog with '-ginterconnect'?
Error: Could not find net. Did you run iverilog with '-ginterconnect'?
Error: Could not find net. Did you run iverilog with '-ginterconnect'?
Error: Could not find net. Did you run iverilog with '-ginterconnect'?
Error: Could not find net. Did you run iverilog with '-ginterconnect'?
Error: Could not find net. Did you run iverilog with '-ginterconnect'?
Error: Could not find net. Did you run iverilog with '-ginterconnect'?
Error: Could not find net. Did you run iverilog with '-ginterconnect'?
Error: Could not find net. Did you run iverilog with '-ginterconnect'?
Error: Could not find net. Did you run iverilog with '-ginterconnect'?
Error: Could not find net. Did you run iverilog with '-ginterconnect'?
Error: Could not find net. Did you run iverilog with '-ginterconnect'?
Error: Could not find net. Did you run iverilog with '-ginterconnect'?
Error: Could not find net. Did you run iverilog with '-ginterconnect'?
Error: Could not find net. Did you run iverilog with '-ginterconnect'?
Error: Could not find net. Did you run iverilog with '-ginterconnect'?
Error: Could not find net. Did you run iverilog with '-ginterconnect'?
Error: Could not find net. Did you run iverilog with '-ginterconnect'?
Error: Could not find net. Did you run iverilog with '-ginterconnect'?
Error: Could not find net. Did you run iverilog with '-ginterconnect'?
Error: Could not find net. Did you run iverilog with '-ginterconnect'?
Error: Could not find net. Did you run iverilog with '-ginterconnect'?
Error: Could not find net. Did you run iverilog with '-ginterconnect'?
ns/single_key_wipe_p80_h0/final/sdf/nom_fast_1p32V_m40C/tt_um_rumcajs__nom_fast_1p32V_m40C.sdf:305: Could not find intermodpath!
SDF ERROR: runs/single_key_wipe_p80_h0/final/sdf/nom_fast_1p32V_m40C/tt_um_rumcajs__nom_fast_1p32V_m40C.sdf:306: Could not find intermodpath!
SDF ERROR: runs/single_key_wipe_p80_h0/final/sdf/nom_fast_1p32V_m40C/tt_um_rumcajs__nom_fast_1p32V_m40C.sdf:307: Could not find intermodpath!
SDF ERROR: runs/single_key_wipe_p80_h0/final/sdf/nom_fast_1p32V_m40C/tt_um_rumcajs__nom_fast_1p32V_m40C.sdf:308: Could not find intermodpath!
SDF ERROR: runs/single_key_wipe_p80_h0/final/sdf/nom_fast_1p32V_m40C/tt_um_rumcajs__nom_fast_1p32V_m40C.sdf:309: Could not find intermodpath!
SDF ERROR: runs/single_key_wipe_p80_h0/final/sdf/nom_fast_1p32V_m40C/tt_um_rumcajs__nom_fast_1p32V_m40C.sdf:310: Could not find intermodpath!
SDF ERROR: runs/single_key_wipe_p80_h0/final/sdf/nom_fast_1p32V_m40C/tt_um_rumcajs__nom_fast_1p32V_m40C.sdf:311: Could not find intermodpath!
SDF ERROR: runs/single_key_wipe_p80_h0/final/sdf/nom_fast_1p32V_m40C/tt_um_rumcajs__nom_fast_1p32V_m40C.sdf:312: Could not find intermodpath!
SDF ERROR: runs/single_key_wipe_p80_h0/final/sdf/nom_fast_1p32V_m40C/tt_um_rumcajs__nom_fast_1p32V_m40C.sdf:313: Could not find intermodpath!
SDF ERROR: runs/single_key_wipe_p80_h0/final/sdf/nom_fast_1p32V_m40C/tt_um_rumcajs__nom_fast_1p32V_m40C.sdf:314: Could not find intermodpath!
SDF ERROR: runs/single_key_wipe_p80_h0/final/sdf/nom_fast_1p32V_m40C/tt_um_rumcajs__nom_fast_1p32V_m40C.sdf:315: Could not find intermodpath!
SDF ERROR: runs/single_key_wipe_p80_h0/final/sdf/nom_fast_1p32V_m40C/tt_um_rumcajs__nom_fast_1p32V_m40C.sdf:316: Could not find intermodpath!
SDF ERROR: runs/single_key_wipe_p80_h0/final/sdf/nom_fast_1p32V_m40C/tt_um_rumcajs__nom_fast_1p32V_m40C.sdf:317: Could not find intermodpath!
SDF ERROR: runs/single_key_wipe_p80_h0/final/sdf/nom_fast_1p32V_m40C/tt_um_rumcajs__nom_fast_1p32V_m40C.sdf:318: Could not find intermodpath!
SDF ERROR: runs/single_key_wipe_p80_h0/final/sdf/nom_fast_1p32V_m40C/tt_um_rumcajs__nom_fast_1p32V_m40C.sdf:319: Could not find intermodpath!
SDF ERROR: runs/single_key_wipe_p80_h0/final/sdf/nom_fast_1p32V_m40C/tt_um_rumcajs__nom_fast_1p32V_m40C.sdf:320: Could not find intermodpath!
SDF ERROR: runs/single_key_wipe_p80_h0/final/sdf/nom_fast_1p32V_m40C/tt_um_rumcajs__nom_fast_1p32V_m40C.sdf:321: Could not find intermodpath!
SDF ERROR: runs/single_key_wipe_p80_h0/final/sdf/nom_fast_1p32V_m40C/tt_um_rumcajs__nom_fast_1p32V_m40C.sdf:322: Could not find intermodpath!
SDF ERROR: runs/single_key_wipe_p80_h0/final/sdf/nom_fast_1p32V_m40C/tt_um_rumcajs__nom_fast_1p32V_m40C.sdf:323: Could not find intermodpath!
SDF ERROR: runs/single_key_wipe_p80_h0/final/sdf/nom_fast_1p32V_m40C/tt_um_rumcajs__nom_fast_1p32V_m40C.sdf:324: Could not find intermodpath!
SDF ERROR: runs/single_key_wipe_p80_h0/final/sdf/nom_fast_1p32V_m40C/tt_um_rumcajs__nom_fast_1p32V_m40C.sdf:325: Could not find intermodpath!
SDF ERROR: runs/single_key_wipe_p80_h0/final/sdf/nom_fast_1p32V_m40C/tt_um_rumcajs__nom_fast_1p32V_m40C.sdf:326: Could not find intermodpath!
SDF ERROR: runs/single_key_wipe_p80_h0/final/sdf/nom_fast_1p32V_m40C/tt_um_rumcajs__nom_fast_1p32V_m40C.sdf:327: Could not find intermodpath!
SDF ERROR: runs/single_key_wipe_p80_h0/final/sdf/nom_fast_1p32V_m40C/tt_um_rumcajs__nom_fast_1p32V_m40C.sdf:328: Could not find intermodpath!
SDF ERROR: runs/single_key_wipe_p80_h0/final/sdf/nom_fast_1p32V_m40C/tt_um_rumcajs__nom_fast_1p32V_m40C.sdf:329: Could not find intermodpath!
SDF ERROR: runs/single_key_wipe_p80_h0/final/sdf/nom_fast_1p32V_m40C/tt_um_rumcajs__nom_fast_1p32V_m40C.sdf:330: Could not find intermodpath!
SDF ERROR: runs/single_key_wipe_p80_h0/final/sdf/nom_fast_1p32V_m40C/tt_um_rumcajs__nom_fast_1p32V_m40C.sdf:331: Could not find intermodpath!
SDF ERROR: runs/single_key_wipe_p80_h0/final/sdf/nom_fast_1p32V_m40C/tt_um_rumcajs__nom_fast_1p32V_m40C.sdf:332: Could not find intermodpath!
SDF ERROR: runs/single_key_wipe_p80_h0/final/sdf/nom_fast_1p32V_m40C/tt_um_rumcajs__nom_fast_1p32V_m40C.sdf:333: Could not find interError: Could not find net. Did you run iverilog with '-ginterconnect'?
Error: Could not find net. Did you run iverilog with '-ginterconnect'?
Error: Could not find net. Did you run iverilog with '-ginterconnect'?
Error: Could not find net. Did you run iverilog with '-ginterconnect'?
Error: Could not find net. Did you run iverilog with '-ginterconnect'?
Error: Could not find net. Did you run iverilog with '-ginterconnect'?
Error: Could not find net. Did you run iverilog with '-ginterconnect'?
Error: Could not find net. Did you run iverilog with '-ginterconnect'?
Error: Could not find net. Did you run iverilog with '-ginterconnect'?
Error: Could not find net. Did you run iverilog with '-ginterconnect'?
Error: Could not find net. Did you run iverilog with '-ginterconnect'?
Error: Could not find net. Did you run iverilog with '-ginterconnect'?
Error: Could not find net. Did you run iverilog with '-ginterconnect'?
Error: Could not find net. Did you run iverilog with '-ginterconnect'?
Error: Could not find net. Did you run iverilog with '-ginterconnect'?
Error: Could not find net. Did you run iverilog with '-ginterconnect'?
Error: Could not find net. Did you run iverilog with '-ginterconnect'?
Error: Could not find net. Did you run iverilog with '-ginterconnect'?
Error: Could not find net. Did you run iverilog with '-ginterconnect'?
Error: Could not find net. Did you run iverilog with '-ginterconnect'?
Error: Could not find net. Did you run iverilog with '-ginterconnect'?
Error: Could not find net. Did you run iverilog with '-ginterconnect'?
Error: Could not find net. Did you run iverilog with '-ginterconnect'?
Error: Could not find net. Did you run iverilog with '-ginterconnect'?
Error: Could not find net. Did you run iverilog with '-ginterconnect'?
Error: Could not find net. Did you run iverilog with '-ginterconnect'?
Error: Could not find net. Did you run iverilog with '-ginterconnect'?
Error: Could not find net. Did you run iverilog with '-ginterconnect'?
Error: Could not find net. Did you run iverilog with '-ginterconnect'?
modpath!
SDF ERROR: runs/single_key_wipe_p80_h0/final/sdf/nom_fast_1p32V_m40C/tt_um_rumcajs__nom_fast_1p32V_m40C.sdf:334: Could not find intermodpath!
SDF ERROR: runs/single_key_wipe_p80_h0/final/sdf/nom_fast_1p32V_m40C/tt_um_rumcajs__nom_fast_1p32V_m40C.sdf:335: Could not find intermodpath!
SDF ERROR: runs/single_key_wipe_p80_h0/final/sdf/nom_fast_1p32V_m40C/tt_um_rumcajs__nom_fast_1p32V_m40C.sdf:336: Could not find intermodpath!
SDF ERROR: runs/single_key_wipe_p80_h0/final/sdf/nom_fast_1p32V_m40C/tt_um_rumcajs__nom_fast_1p32V_m40C.sdf:337: Could not find intermodpath!
SDF ERROR: runs/single_key_wipe_p80_h0/final/sdf/nom_fast_1p32V_m40C/tt_um_rumcajs__nom_fast_1p32V_m40C.sdf:338: Could not find intermodpath!
SDF ERROR: runs/single_key_wipe_p80_h0/final/sdf/nom_fast_1p32V_m40C/tt_um_rumcajs__nom_fast_1p32V_m40C.sdf:339: Could not find intermodpath!
SDF ERROR: runs/single_key_wipe_p80_h0/final/sdf/nom_fast_1p32V_m40C/tt_um_rumcajs__nom_fast_1p32V_m40C.sdf:340: Could not find intermodpath!
SDF ERROR: runs/single_key_wipe_p80_h0/final/sdf/nom_fast_1p32V_m40C/tt_um_rumcajs__nom_fast_1p32V_m40C.sdf:341: Could not find intermodpath!
SDF ERROR: runs/single_key_wipe_p80_h0/final/sdf/nom_fast_1p32V_m40C/tt_um_rumcajs__nom_fast_1p32V_m40C.sdf:342: Could not find intermodpath!
SDF ERROR: runs/single_key_wipe_p80_h0/final/sdf/nom_fast_1p32V_m40C/tt_um_rumcajs__nom_fast_1p32V_m40C.sdf:343: Could not find intermodpath!
SDF ERROR: runs/single_key_wipe_p80_h0/final/sdf/nom_fast_1p32V_m40C/tt_um_rumcajs__nom_fast_1p32V_m40C.sdf:344: Could not find intermodpath!
SDF ERROR: runs/single_key_wipe_p80_h0/final/sdf/nom_fast_1p32V_m40C/tt_um_rumcajs__nom_fast_1p32V_m40C.sdf:345: Could not find intermodpath!
SDF ERROR: runs/single_key_wipe_p80_h0/final/sdf/nom_fast_1p32V_m40C/tt_um_rumcajs__nom_fast_1p32V_m40C.sdf:346: Could not find intermodpath!
SDF ERROR: runs/single_key_wipe_p80_h0/final/sdf/nom_fast_1p32V_m40C/tt_um_rumcajs__nom_fast_1p32V_m40C.sdf:347: Could not find intermodpath!
SDF ERROR: runs/single_key_wipe_p80_h0/final/sdf/nom_fast_1p32V_m40C/tt_um_rumcajs__nom_fast_1p32V_m40C.sdf:348: Could not find intermodpath!
SDF ERROR: runs/single_key_wipe_p80_h0/final/sdf/nom_fast_1p32V_m40C/tt_um_rumcajs__nom_fast_1p32V_m40C.sdf:349: Could not find intermodpath!
SDF ERROR: runs/single_key_wipe_p80_h0/final/sdf/nom_fast_1p32V_m40C/tt_um_rumcajs__nom_fast_1p32V_m40C.sdf:350: Could not find intermodpath!
SDF ERROR: runs/single_key_wipe_p80_h0/final/sdf/nom_fast_1p32V_m40C/tt_um_rumcajs__nom_fast_1p32V_m40C.sdf:351: Could not find intermodpath!
SDF ERROR: runs/single_key_wipe_p80_h0/final/sdf/nom_fast_1p32V_m40C/tt_um_rumcajs__nom_fast_1p32V_m40C.sdf:352: Could not find intermodpath!
SDF ERROR: runs/single_key_wipe_p80_h0/final/sdf/nom_fast_1p32V_m40C/tt_um_rumcajs__nom_fast_1p32V_m40C.sdf:353: Could not find intermodpath!
SDF ERROR: runs/single_key_wipe_p80_h0/final/sdf/nom_fast_1p32V_m40C/tt_um_rumcajs__nom_fast_1p32V_m40C.sdf:354: Could not find intermodpath!
SDF ERROR: runs/single_key_wipe_p80_h0/final/sdf/nom_fast_1p32V_m40C/tt_um_rumcajs__nom_fast_1p32V_m40C.sdf:355: Could not find intermodpath!
SDF ERROR: runs/single_key_wipe_p80_h0/final/sdf/nom_fast_1p32V_m40C/tt_um_rumcajs__nom_fast_1p32V_m40C.sdf:356: Could not find intermodpath!
SDF ERROR: runs/single_key_wipe_p80_h0/final/sdf/nom_fast_1p32V_m40C/tt_um_rumcajs__nom_fast_1p32V_m40C.sdf:357: Could not find intermodpath!
SDF ERROR: runs/single_key_wipe_p80_h0/final/sdf/nom_fast_1p32V_m40C/tt_um_rumcajs__nom_fast_1p32V_m40C.sdf:358: Could not find intermodpath!
SDF ERROR: runs/single_key_wipe_p80_h0/final/sdf/nom_fast_1p32V_m40C/tt_um_rumcajs__nom_fast_1p32V_m40C.sdf:359: Could not find intermodpath!
SDF ERROR: runs/single_key_wipe_p80_h0/final/sdf/nom_fast_1p32V_m40C/tt_um_rumcajs__nom_fast_1p32V_m40C.sdf:360: Could not find intermodpath!
SDF ERROR: runs/single_key_wipe_p80_h0/final/sdf/nom_fast_1p32V_m40C/tt_um_rumcajs__nom_fast_1p32V_m40C.sdf:361: Could not find intermodpath!
SDF ERROR: runs/single_key_wipe_p80_h0/final/sdf/nom_fast_1p32V_m40C/tt_um_rumcajs__nom_fast_1p32V_m40C.sdf:362Error: Could not find net. Did you run iverilog with '-ginterconnect'?
Error: Could not find net. Did you run iverilog with '-ginterconnect'?
Error: Could not find net. Did you run iverilog with '-ginterconnect'?
Error: Could not find net. Did you run iverilog with '-ginterconnect'?
Error: Could not find net. Did you run iverilog with '-ginterconnect'?
Error: Could not find net. Did you run iverilog with '-ginterconnect'?
Error: Could not find net. Did you run iverilog with '-ginterconnect'?
Error: Could not find net. Did you run iverilog with '-ginterconnect'?
Error: Could not find net. Did you run iverilog with '-ginterconnect'?
Error: Could not find net. Did you run iverilog with '-ginterconnect'?
Error: Could not find net. Did you run iverilog with '-ginterconnect'?
Error: Could not find net. Did you run iverilog with '-ginterconnect'?
Error: Could not find net. Did you run iverilog with '-ginterconnect'?
Error: Could not find net. Did you run iverilog with '-ginterconnect'?
Error: Could not find net. Did you run iverilog with '-ginterconnect'?
Error: Could not find net. Did you run iverilog with '-ginterconnect'?
Error: Could not find net. Did you run iverilog with '-ginterconnect'?
Error: Could not find net. Did you run iverilog with '-ginterconnect'?
Error: Could not find net. Did you run iverilog with '-ginterconnect'?
Error: Could not find net. Did you run iverilog with '-ginterconnect'?
Error: Could not find net. Did you run iverilog with '-ginterconnect'?
Error: Could not find net. Did you run iverilog with '-ginterconnect'?
Error: Could not find net. Did you run iverilog with '-ginterconnect'?
Error: Could not find net. Did you run iverilog with '-ginterconnect'?
Error: Could not find net. Did you run iverilog with '-ginterconnect'?
Error: Could not find net. Did you run iverilog with '-ginterconnect'?
Error: Could not find net. Did you run iverilog with '-ginterconnect'?
Error: Could not find net. Did you run iverilog with '-ginterconnect'?
Error: Could not find net. Did you run iverilog with '-ginterconnect'?
: Could not find intermodpath!
SDF ERROR: runs/single_key_wipe_p80_h0/final/sdf/nom_fast_1p32V_m40C/tt_um_rumcajs__nom_fast_1p32V_m40C.sdf:363: Could not find intermodpath!
SDF ERROR: runs/single_key_wipe_p80_h0/final/sdf/nom_fast_1p32V_m40C/tt_um_rumcajs__nom_fast_1p32V_m40C.sdf:364: Could not find intermodpath!
SDF ERROR: runs/single_key_wipe_p80_h0/final/sdf/nom_fast_1p32V_m40C/tt_um_rumcajs__nom_fast_1p32V_m40C.sdf:365: Could not find intermodpath!
SDF ERROR: runs/single_key_wipe_p80_h0/final/sdf/nom_fast_1p32V_m40C/tt_um_rumcajs__nom_fast_1p32V_m40C.sdf:366: Could not find intermodpath!
SDF ERROR: runs/single_key_wipe_p80_h0/final/sdf/nom_fast_1p32V_m40C/tt_um_rumcajs__nom_fast_1p32V_m40C.sdf:367: Could not find intermodpath!
SDF ERROR: runs/single_key_wipe_p80_h0/final/sdf/nom_fast_1p32V_m40C/tt_um_rumcajs__nom_fast_1p32V_m40C.sdf:368: Could not find intermodpath!
SDF ERROR: runs/single_key_wipe_p80_h0/final/sdf/nom_fast_1p32V_m40C/tt_um_rumcajs__nom_fast_1p32V_m40C.sdf:369: Could not find intermodpath!
SDF ERROR: runs/single_key_wipe_p80_h0/final/sdf/nom_fast_1p32V_m40C/tt_um_rumcajs__nom_fast_1p32V_m40C.sdf:370: Could not find intermodpath!
SDF ERROR: runs/single_key_wipe_p80_h0/final/sdf/nom_fast_1p32V_m40C/tt_um_rumcajs__nom_fast_1p32V_m40C.sdf:371: Could not find intermodpath!
SDF ERROR: runs/single_key_wipe_p80_h0/final/sdf/nom_fast_1p32V_m40C/tt_um_rumcajs__nom_fast_1p32V_m40C.sdf:372: Could not find intermodpath!
SDF ERROR: runs/single_key_wipe_p80_h0/final/sdf/nom_fast_1p32V_m40C/tt_um_rumcajs__nom_fast_1p32V_m40C.sdf:373: Could not find intermodpath!
SDF ERROR: runs/single_key_wipe_p80_h0/final/sdf/nom_fast_1p32V_m40C/tt_um_rumcajs__nom_fast_1p32V_m40C.sdf:374: Could not find intermodpath!
SDF ERROR: runs/single_key_wipe_p80_h0/final/sdf/nom_fast_1p32V_m40C/tt_um_rumcajs__nom_fast_1p32V_m40C.sdf:375: Could not find intermodpath!
SDF ERROR: runs/single_key_wipe_p80_h0/final/sdf/nom_fast_1p32V_m40C/tt_um_rumcajs__nom_fast_1p32V_m40C.sdf:376: Could not find intermodpath!
SDF ERROR: runs/single_key_wipe_p80_h0/final/sdf/nom_fast_1p32V_m40C/tt_um_rumcajs__nom_fast_1p32V_m40C.sdf:377: Could not find intermodpath!
SDF ERROR: runs/single_key_wipe_p80_h0/final/sdf/nom_fast_1p32V_m40C/tt_um_rumcajs__nom_fast_1p32V_m40C.sdf:378: Could not find intermodpath!
SDF ERROR: runs/single_key_wipe_p80_h0/final/sdf/nom_fast_1p32V_m40C/tt_um_rumcajs__nom_fast_1p32V_m40C.sdf:379: Could not find intermodpath!
SDF ERROR: runs/single_key_wipe_p80_h0/final/sdf/nom_fast_1p32V_m40C/tt_um_rumcajs__nom_fast_1p32V_m40C.sdf:380: Could not find intermodpath!
SDF ERROR: runs/single_key_wipe_p80_h0/final/sdf/nom_fast_1p32V_m40C/tt_um_rumcajs__nom_fast_1p32V_m40C.sdf:381: Could not find intermodpath!
SDF ERROR: runs/single_key_wipe_p80_h0/final/sdf/nom_fast_1p32V_m40C/tt_um_rumcajs__nom_fast_1p32V_m40C.sdf:382: Could not find intermodpath!
SDF ERROR: runs/single_key_wipe_p80_h0/final/sdf/nom_fast_1p32V_m40C/tt_um_rumcajs__nom_fast_1p32V_m40C.sdf:383: Could not find intermodpath!
SDF ERROR: runs/single_key_wipe_p80_h0/final/sdf/nom_fast_1p32V_m40C/tt_um_rumcajs__nom_fast_1p32V_m40C.sdf:384: Could not find intermodpath!
SDF ERROR: runs/single_key_wipe_p80_h0/final/sdf/nom_fast_1p32V_m40C/tt_um_rumcajs__nom_fast_1p32V_m40C.sdf:385: Could not find intermodpath!
SDF ERROR: runs/single_key_wipe_p80_h0/final/sdf/nom_fast_1p32V_m40C/tt_um_rumcajs__nom_fast_1p32V_m40C.sdf:386: Could not find intermodpath!
SDF ERROR: runs/single_key_wipe_p80_h0/final/sdf/nom_fast_1p32V_m40C/tt_um_rumcajs__nom_fast_1p32V_m40C.sdf:387: Could not find intermodpath!
SDF ERROR: runs/single_key_wipe_p80_h0/final/sdf/nom_fast_1p32V_m40C/tt_um_rumcajs__nom_fast_1p32V_m40C.sdf:388: Could not find intermodpath!
SDF ERROR: runs/single_key_wipe_p80_h0/final/sdf/nom_fast_1p32V_m40C/tt_um_rumcajs__nom_fast_1p32V_m40C.sdf:389: Could not find intermodpath!
SDF ERROR: runs/single_key_wipe_p80_h0/final/sdf/nom_fast_1p32V_m40C/tt_um_rumcajs__nom_fast_1p32V_m40C.sdf:390: Could not find intermodpath!
SDF ERROR: runs/single_key_wipe_p80_h0/final/sdf/nom_fast_1p32V_m40C/tt_um_rumcajs__nom_fError: Could not find net. Did you run iverilog with '-ginterconnect'?
Error: Could not find net. Did you run iverilog with '-ginterconnect'?
Error: Could not find net. Did you run iverilog with '-ginterconnect'?
Error: Could not find net. Did you run iverilog with '-ginterconnect'?
Error: Could not find net. Did you run iverilog with '-ginterconnect'?
Error: Could not find net. Did you run iverilog with '-ginterconnect'?
Error: Could not find net. Did you run iverilog with '-ginterconnect'?
Error: Could not find net. Did you run iverilog with '-ginterconnect'?
Error: Could not find net. Did you run iverilog with '-ginterconnect'?
Error: Could not find net. Did you run iverilog with '-ginterconnect'?
Error: Could not find net. Did you run iverilog with '-ginterconnect'?
Error: Could not find net. Did you run iverilog with '-ginterconnect'?
Error: Could not find net. Did you run iverilog with '-ginterconnect'?
Error: Could not find net. Did you run iverilog with '-ginterconnect'?
Error: Could not find net. Did you run iverilog with '-ginterconnect'?
Error: Could not find net. Did you run iverilog with '-ginterconnect'?
Error: Could not find net. Did you run iverilog with '-ginterconnect'?
Error: Could not find net. Did you run iverilog with '-ginterconnect'?
Error: Could not find net. Did you run iverilog with '-ginterconnect'?
Error: Could not find net. Did you run iverilog with '-ginterconnect'?
Error: Could not find net. Did you run iverilog with '-ginterconnect'?
Error: Could not find net. Did you run iverilog with '-ginterconnect'?
Error: Could not find net. Did you run iverilog with '-ginterconnect'?
Error: Could not find net. Did you run iverilog with '-ginterconnect'?
Error: Could not find net. Did you run iverilog with '-ginterconnect'?
Error: Could not find net. Did you run iverilog with '-ginterconnect'?
Error: Could not find net. Did you run iverilog with '-ginterconnect'?
Error: Could not find net. Did you run iverilog with '-ginterconnect'?
Error: Could not find net. Did you run iverilog with '-ginterconnect'?
ast_1p32V_m40C.sdf:391: Could not find intermodpath!
SDF ERROR: runs/single_key_wipe_p80_h0/final/sdf/nom_fast_1p32V_m40C/tt_um_rumcajs__nom_fast_1p32V_m40C.sdf:392: Could not find intermodpath!
SDF ERROR: runs/single_key_wipe_p80_h0/final/sdf/nom_fast_1p32V_m40C/tt_um_rumcajs__nom_fast_1p32V_m40C.sdf:393: Could not find intermodpath!
SDF ERROR: runs/single_key_wipe_p80_h0/final/sdf/nom_fast_1p32V_m40C/tt_um_rumcajs__nom_fast_1p32V_m40C.sdf:394: Could not find intermodpath!
SDF ERROR: runs/single_key_wipe_p80_h0/final/sdf/nom_fast_1p32V_m40C/tt_um_rumcajs__nom_fast_1p32V_m40C.sdf:395: Could not find intermodpath!
SDF ERROR: runs/single_key_wipe_p80_h0/final/sdf/nom_fast_1p32V_m40C/tt_um_rumcajs__nom_fast_1p32V_m40C.sdf:396: Could not find intermodpath!
SDF ERROR: runs/single_key_wipe_p80_h0/final/sdf/nom_fast_1p32V_m40C/tt_um_rumcajs__nom_fast_1p32V_m40C.sdf:397: Could not find intermodpath!
SDF ERROR: runs/single_key_wipe_p80_h0/final/sdf/nom_fast_1p32V_m40C/tt_um_rumcajs__nom_fast_1p32V_m40C.sdf:398: Could not find intermodpath!
SDF ERROR: runs/single_key_wipe_p80_h0/final/sdf/nom_fast_1p32V_m40C/tt_um_rumcajs__nom_fast_1p32V_m40C.sdf:399: Could not find intermodpath!
SDF ERROR: runs/single_key_wipe_p80_h0/final/sdf/nom_fast_1p32V_m40C/tt_um_rumcajs__nom_fast_1p32V_m40C.sdf:400: Could not find intermodpath!
SDF ERROR: runs/single_key_wipe_p80_h0/final/sdf/nom_fast_1p32V_m40C/tt_um_rumcajs__nom_fast_1p32V_m40C.sdf:401: Could not find intermodpath!
SDF ERROR: runs/single_key_wipe_p80_h0/final/sdf/nom_fast_1p32V_m40C/tt_um_rumcajs__nom_fast_1p32V_m40C.sdf:402: Could not find intermodpath!
SDF ERROR: runs/single_key_wipe_p80_h0/final/sdf/nom_fast_1p32V_m40C/tt_um_rumcajs__nom_fast_1p32V_m40C.sdf:403: Could not find intermodpath!
SDF ERROR: runs/single_key_wipe_p80_h0/final/sdf/nom_fast_1p32V_m40C/tt_um_rumcajs__nom_fast_1p32V_m40C.sdf:404: Could not find intermodpath!
SDF ERROR: runs/single_key_wipe_p80_h0/final/sdf/nom_fast_1p32V_m40C/tt_um_rumcajs__nom_fast_1p32V_m40C.sdf:405: Could not find intermodpath!
SDF ERROR: runs/single_key_wipe_p80_h0/final/sdf/nom_fast_1p32V_m40C/tt_um_rumcajs__nom_fast_1p32V_m40C.sdf:406: Could not find intermodpath!
SDF ERROR: runs/single_key_wipe_p80_h0/final/sdf/nom_fast_1p32V_m40C/tt_um_rumcajs__nom_fast_1p32V_m40C.sdf:407: Could not find intermodpath!
SDF ERROR: runs/single_key_wipe_p80_h0/final/sdf/nom_fast_1p32V_m40C/tt_um_rumcajs__nom_fast_1p32V_m40C.sdf:408: Could not find intermodpath!
SDF ERROR: runs/single_key_wipe_p80_h0/final/sdf/nom_fast_1p32V_m40C/tt_um_rumcajs__nom_fast_1p32V_m40C.sdf:409: Could not find intermodpath!
SDF ERROR: runs/single_key_wipe_p80_h0/final/sdf/nom_fast_1p32V_m40C/tt_um_rumcajs__nom_fast_1p32V_m40C.sdf:410: Could not find intermodpath!
SDF ERROR: runs/single_key_wipe_p80_h0/final/sdf/nom_fast_1p32V_m40C/tt_um_rumcajs__nom_fast_1p32V_m40C.sdf:411: Could not find intermodpath!
SDF ERROR: runs/single_key_wipe_p80_h0/final/sdf/nom_fast_1p32V_m40C/tt_um_rumcajs__nom_fast_1p32V_m40C.sdf:412: Could not find intermodpath!
SDF ERROR: runs/single_key_wipe_p80_h0/final/sdf/nom_fast_1p32V_m40C/tt_um_rumcajs__nom_fast_1p32V_m40C.sdf:413: Could not find intermodpath!
SDF ERROR: runs/single_key_wipe_p80_h0/final/sdf/nom_fast_1p32V_m40C/tt_um_rumcajs__nom_fast_1p32V_m40C.sdf:414: Could not find intermodpath!
SDF ERROR: runs/single_key_wipe_p80_h0/final/sdf/nom_fast_1p32V_m40C/tt_um_rumcajs__nom_fast_1p32V_m40C.sdf:415: Could not find intermodpath!
SDF ERROR: runs/single_key_wipe_p80_h0/final/sdf/nom_fast_1p32V_m40C/tt_um_rumcajs__nom_fast_1p32V_m40C.sdf:416: Could not find intermodpath!
SDF ERROR: runs/single_key_wipe_p80_h0/final/sdf/nom_fast_1p32V_m40C/tt_um_rumcajs__nom_fast_1p32V_m40C.sdf:417: Could not find intermodpath!
SDF ERROR: runs/single_key_wipe_p80_h0/final/sdf/nom_fast_1p32V_m40C/tt_um_rumcajs__nom_fast_1p32V_m40C.sdf:418: Could not find intermodpath!
SDF ERROR: runs/single_key_wipe_p80_h0/final/sdf/nom_fast_1p32V_m40C/tt_um_rumcajs__nom_fast_1p32V_m40C.sdf:419: Could not find intermodpath!
SDF ERROR: runs/single_key_wipe_p80_h0/final/sdf/nom_fast_1p32V_m40Error: Could not find net. Did you run iverilog with '-ginterconnect'?
Error: Could not find net. Did you run iverilog with '-ginterconnect'?
Error: Could not find net. Did you run iverilog with '-ginterconnect'?
Error: Could not find net. Did you run iverilog with '-ginterconnect'?
Error: Could not find net. Did you run iverilog with '-ginterconnect'?
Error: Could not find net. Did you run iverilog with '-ginterconnect'?
Error: Could not find net. Did you run iverilog with '-ginterconnect'?
Error: Could not find net. Did you run iverilog with '-ginterconnect'?
Error: Could not find net. Did you run iverilog with '-ginterconnect'?
Error: Could not find net. Did you run iverilog with '-ginterconnect'?
Error: Could not find net. Did you run iverilog with '-ginterconnect'?
Error: Could not find net. Did you run iverilog with '-ginterconnect'?
Error: Could not find net. Did you run iverilog with '-ginterconnect'?
Error: Could not find net. Did you run iverilog with '-ginterconnect'?
Error: Could not find net. Did you run iverilog with '-ginterconnect'?
Error: Could not find net. Did you run iverilog with '-ginterconnect'?
Error: Could not find net. Did you run iverilog with '-ginterconnect'?
Error: Could not find net. Did you run iverilog with '-ginterconnect'?
Error: Could not find net. Did you run iverilog with '-ginterconnect'?
Error: Could not find net. Did you run iverilog with '-ginterconnect'?
Error: Could not find net. Did you run iverilog with '-ginterconnect'?
Error: Could not find net. Did you run iverilog with '-ginterconnect'?
Error: Could not find net. Did you run iverilog with '-ginterconnect'?
Error: Could not find net. Did you run iverilog with '-ginterconnect'?
Error: Could not find net. Did you run iverilog with '-ginterconnect'?
Error: Could not find net. Did you run iverilog with '-ginterconnect'?
Error: Could not find net. Did you run iverilog with '-ginterconnect'?
Error: Could not find net. Did you run iverilog with '-ginterconnect'?
Error: Could not find net. Did you run iverilog with '-ginterconnect'?
C/tt_um_rumcajs__nom_fast_1p32V_m40C.sdf:420: Could not find intermodpath!
SDF ERROR: runs/single_key_wipe_p80_h0/final/sdf/nom_fast_1p32V_m40C/tt_um_rumcajs__nom_fast_1p32V_m40C.sdf:421: Could not find intermodpath!
SDF ERROR: runs/single_key_wipe_p80_h0/final/sdf/nom_fast_1p32V_m40C/tt_um_rumcajs__nom_fast_1p32V_m40C.sdf:422: Could not find intermodpath!
SDF ERROR: runs/single_key_wipe_p80_h0/final/sdf/nom_fast_1p32V_m40C/tt_um_rumcajs__nom_fast_1p32V_m40C.sdf:423: Could not find intermodpath!
SDF ERROR: runs/single_key_wipe_p80_h0/final/sdf/nom_fast_1p32V_m40C/tt_um_rumcajs__nom_fast_1p32V_m40C.sdf:424: Could not find intermodpath!
SDF ERROR: runs/single_key_wipe_p80_h0/final/sdf/nom_fast_1p32V_m40C/tt_um_rumcajs__nom_fast_1p32V_m40C.sdf:425: Could not find intermodpath!
SDF ERROR: runs/single_key_wipe_p80_h0/final/sdf/nom_fast_1p32V_m40C/tt_um_rumcajs__nom_fast_1p32V_m40C.sdf:426: Could not find intermodpath!
SDF ERROR: runs/single_key_wipe_p80_h0/final/sdf/nom_fast_1p32V_m40C/tt_um_rumcajs__nom_fast_1p32V_m40C.sdf:427: Could not find intermodpath!
SDF ERROR: runs/single_key_wipe_p80_h0/final/sdf/nom_fast_1p32V_m40C/tt_um_rumcajs__nom_fast_1p32V_m40C.sdf:428: Could not find intermodpath!
SDF ERROR: runs/single_key_wipe_p80_h0/final/sdf/nom_fast_1p32V_m40C/tt_um_rumcajs__nom_fast_1p32V_m40C.sdf:429: Could not find intermodpath!
SDF ERROR: runs/single_key_wipe_p80_h0/final/sdf/nom_fast_1p32V_m40C/tt_um_rumcajs__nom_fast_1p32V_m40C.sdf:430: Could not find intermodpath!
SDF ERROR: runs/single_key_wipe_p80_h0/final/sdf/nom_fast_1p32V_m40C/tt_um_rumcajs__nom_fast_1p32V_m40C.sdf:431: Could not find intermodpath!
SDF ERROR: runs/single_key_wipe_p80_h0/final/sdf/nom_fast_1p32V_m40C/tt_um_rumcajs__nom_fast_1p32V_m40C.sdf:432: Could not find intermodpath!
SDF ERROR: runs/single_key_wipe_p80_h0/final/sdf/nom_fast_1p32V_m40C/tt_um_rumcajs__nom_fast_1p32V_m40C.sdf:433: Could not find intermodpath!
SDF ERROR: runs/single_key_wipe_p80_h0/final/sdf/nom_fast_1p32V_m40C/tt_um_rumcajs__nom_fast_1p32V_m40C.sdf:434: Could not find intermodpath!
SDF ERROR: runs/single_key_wipe_p80_h0/final/sdf/nom_fast_1p32V_m40C/tt_um_rumcajs__nom_fast_1p32V_m40C.sdf:435: Could not find intermodpath!
SDF ERROR: runs/single_key_wipe_p80_h0/final/sdf/nom_fast_1p32V_m40C/tt_um_rumcajs__nom_fast_1p32V_m40C.sdf:436: Could not find intermodpath!
SDF ERROR: runs/single_key_wipe_p80_h0/final/sdf/nom_fast_1p32V_m40C/tt_um_rumcajs__nom_fast_1p32V_m40C.sdf:437: Could not find intermodpath!
SDF ERROR: runs/single_key_wipe_p80_h0/final/sdf/nom_fast_1p32V_m40C/tt_um_rumcajs__nom_fast_1p32V_m40C.sdf:438: Could not find intermodpath!
SDF ERROR: runs/single_key_wipe_p80_h0/final/sdf/nom_fast_1p32V_m40C/tt_um_rumcajs__nom_fast_1p32V_m40C.sdf:439: Could not find intermodpath!
SDF ERROR: runs/single_key_wipe_p80_h0/final/sdf/nom_fast_1p32V_m40C/tt_um_rumcajs__nom_fast_1p32V_m40C.sdf:440: Could not find intermodpath!
SDF ERROR: runs/single_key_wipe_p80_h0/final/sdf/nom_fast_1p32V_m40C/tt_um_rumcajs__nom_fast_1p32V_m40C.sdf:441: Could not find intermodpath!
SDF ERROR: runs/single_key_wipe_p80_h0/final/sdf/nom_fast_1p32V_m40C/tt_um_rumcajs__nom_fast_1p32V_m40C.sdf:442: Could not find intermodpath!
SDF ERROR: runs/single_key_wipe_p80_h0/final/sdf/nom_fast_1p32V_m40C/tt_um_rumcajs__nom_fast_1p32V_m40C.sdf:443: Could not find intermodpath!
SDF ERROR: runs/single_key_wipe_p80_h0/final/sdf/nom_fast_1p32V_m40C/tt_um_rumcajs__nom_fast_1p32V_m40C.sdf:444: Could not find intermodpath!
SDF ERROR: runs/single_key_wipe_p80_h0/final/sdf/nom_fast_1p32V_m40C/tt_um_rumcajs__nom_fast_1p32V_m40C.sdf:445: Could not find intermodpath!
SDF ERROR: runs/single_key_wipe_p80_h0/final/sdf/nom_fast_1p32V_m40C/tt_um_rumcajs__nom_fast_1p32V_m40C.sdf:446: Could not find intermodpath!
SDF ERROR: runs/single_key_wipe_p80_h0/final/sdf/nom_fast_1p32V_m40C/tt_um_rumcajs__nom_fast_1p32V_m40C.sdf:447: Could not find intermodpath!
SDF ERROR: runs/single_key_wipe_p80_h0/final/sdf/nom_fast_1p32V_m40C/tt_um_rumcajs__nom_fast_1p32V_m40C.sdf:448: Could not find intermodpath!
SDF ERROR: runs/single_key_wipe_p80_h0/final/Error: Could not find net. Did you run iverilog with '-ginterconnect'?
Error: Could not find net. Did you run iverilog with '-ginterconnect'?
Error: Could not find net. Did you run iverilog with '-ginterconnect'?
Error: Could not find net. Did you run iverilog with '-ginterconnect'?
Error: Could not find net. Did you run iverilog with '-ginterconnect'?
Error: Could not find net. Did you run iverilog with '-ginterconnect'?
Error: Could not find net. Did you run iverilog with '-ginterconnect'?
Error: Could not find net. Did you run iverilog with '-ginterconnect'?
Error: Could not find net. Did you run iverilog with '-ginterconnect'?
Error: Could not find net. Did you run iverilog with '-ginterconnect'?
Error: Could not find net. Did you run iverilog with '-ginterconnect'?
Error: Could not find net. Did you run iverilog with '-ginterconnect'?
Error: Could not find net. Did you run iverilog with '-ginterconnect'?
Error: Could not find net. Did you run iverilog with '-ginterconnect'?
Error: Could not find net. Did you run iverilog with '-ginterconnect'?
Error: Could not find net. Did you run iverilog with '-ginterconnect'?
Error: Could not find net. Did you run iverilog with '-ginterconnect'?
Error: Could not find net. Did you run iverilog with '-ginterconnect'?
Error: Could not find net. Did you run iverilog with '-ginterconnect'?
Error: Could not find net. Did you run iverilog with '-ginterconnect'?
Error: Could not find net. Did you run iverilog with '-ginterconnect'?
Error: Could not find net. Did you run iverilog with '-ginterconnect'?
Error: Could not find net. Did you run iverilog with '-ginterconnect'?
Error: Could not find net. Did you run iverilog with '-ginterconnect'?
Error: Could not find net. Did you run iverilog with '-ginterconnect'?
Error: Could not find net. Did you run iverilog with '-ginterconnect'?
Error: Could not find net. Did you run iverilog with '-ginterconnect'?
Error: Could not find net. Did you run iverilog with '-ginterconnect'?
Error: Could not find net. Did you run iverilog with '-ginterconnect'?
sdf/nom_fast_1p32V_m40C/tt_um_rumcajs__nom_fast_1p32V_m40C.sdf:449: Could not find intermodpath!
SDF ERROR: runs/single_key_wipe_p80_h0/final/sdf/nom_fast_1p32V_m40C/tt_um_rumcajs__nom_fast_1p32V_m40C.sdf:450: Could not find intermodpath!
SDF ERROR: runs/single_key_wipe_p80_h0/final/sdf/nom_fast_1p32V_m40C/tt_um_rumcajs__nom_fast_1p32V_m40C.sdf:451: Could not find intermodpath!
SDF ERROR: runs/single_key_wipe_p80_h0/final/sdf/nom_fast_1p32V_m40C/tt_um_rumcajs__nom_fast_1p32V_m40C.sdf:452: Could not find intermodpath!
SDF ERROR: runs/single_key_wipe_p80_h0/final/sdf/nom_fast_1p32V_m40C/tt_um_rumcajs__nom_fast_1p32V_m40C.sdf:453: Could not find intermodpath!
SDF ERROR: runs/single_key_wipe_p80_h0/final/sdf/nom_fast_1p32V_m40C/tt_um_rumcajs__nom_fast_1p32V_m40C.sdf:454: Could not find intermodpath!
SDF ERROR: runs/single_key_wipe_p80_h0/final/sdf/nom_fast_1p32V_m40C/tt_um_rumcajs__nom_fast_1p32V_m40C.sdf:455: Could not find intermodpath!
SDF ERROR: runs/single_key_wipe_p80_h0/final/sdf/nom_fast_1p32V_m40C/tt_um_rumcajs__nom_fast_1p32V_m40C.sdf:456: Could not find intermodpath!
SDF ERROR: runs/single_key_wipe_p80_h0/final/sdf/nom_fast_1p32V_m40C/tt_um_rumcajs__nom_fast_1p32V_m40C.sdf:457: Could not find intermodpath!
SDF ERROR: runs/single_key_wipe_p80_h0/final/sdf/nom_fast_1p32V_m40C/tt_um_rumcajs__nom_fast_1p32V_m40C.sdf:458: Could not find intermodpath!
SDF ERROR: runs/single_key_wipe_p80_h0/final/sdf/nom_fast_1p32V_m40C/tt_um_rumcajs__nom_fast_1p32V_m40C.sdf:459: Could not find intermodpath!
SDF ERROR: runs/single_key_wipe_p80_h0/final/sdf/nom_fast_1p32V_m40C/tt_um_rumcajs__nom_fast_1p32V_m40C.sdf:460: Could not find intermodpath!
SDF ERROR: runs/single_key_wipe_p80_h0/final/sdf/nom_fast_1p32V_m40C/tt_um_rumcajs__nom_fast_1p32V_m40C.sdf:461: Could not find intermodpath!
SDF ERROR: runs/single_key_wipe_p80_h0/final/sdf/nom_fast_1p32V_m40C/tt_um_rumcajs__nom_fast_1p32V_m40C.sdf:462: Could not find intermodpath!
SDF ERROR: runs/single_key_wipe_p80_h0/final/sdf/nom_fast_1p32V_m40C/tt_um_rumcajs__nom_fast_1p32V_m40C.sdf:463: Could not find intermodpath!
SDF ERROR: runs/single_key_wipe_p80_h0/final/sdf/nom_fast_1p32V_m40C/tt_um_rumcajs__nom_fast_1p32V_m40C.sdf:464: Could not find intermodpath!
SDF ERROR: runs/single_key_wipe_p80_h0/final/sdf/nom_fast_1p32V_m40C/tt_um_rumcajs__nom_fast_1p32V_m40C.sdf:465: Could not find intermodpath!
SDF ERROR: runs/single_key_wipe_p80_h0/final/sdf/nom_fast_1p32V_m40C/tt_um_rumcajs__nom_fast_1p32V_m40C.sdf:466: Could not find intermodpath!
SDF ERROR: runs/single_key_wipe_p80_h0/final/sdf/nom_fast_1p32V_m40C/tt_um_rumcajs__nom_fast_1p32V_m40C.sdf:467: Could not find intermodpath!
SDF ERROR: runs/single_key_wipe_p80_h0/final/sdf/nom_fast_1p32V_m40C/tt_um_rumcajs__nom_fast_1p32V_m40C.sdf:468: Could not find intermodpath!
SDF ERROR: runs/single_key_wipe_p80_h0/final/sdf/nom_fast_1p32V_m40C/tt_um_rumcajs__nom_fast_1p32V_m40C.sdf:469: Could not find intermodpath!
SDF ERROR: runs/single_key_wipe_p80_h0/final/sdf/nom_fast_1p32V_m40C/tt_um_rumcajs__nom_fast_1p32V_m40C.sdf:470: Could not find intermodpath!
SDF ERROR: runs/single_key_wipe_p80_h0/final/sdf/nom_fast_1p32V_m40C/tt_um_rumcajs__nom_fast_1p32V_m40C.sdf:471: Could not find intermodpath!
SDF ERROR: runs/single_key_wipe_p80_h0/final/sdf/nom_fast_1p32V_m40C/tt_um_rumcajs__nom_fast_1p32V_m40C.sdf:472: Could not find intermodpath!
SDF ERROR: runs/single_key_wipe_p80_h0/final/sdf/nom_fast_1p32V_m40C/tt_um_rumcajs__nom_fast_1p32V_m40C.sdf:473: Could not find intermodpath!
SDF ERROR: runs/single_key_wipe_p80_h0/final/sdf/nom_fast_1p32V_m40C/tt_um_rumcajs__nom_fast_1p32V_m40C.sdf:474: Could not find intermodpath!
SDF ERROR: runs/single_key_wipe_p80_h0/final/sdf/nom_fast_1p32V_m40C/tt_um_rumcajs__nom_fast_1p32V_m40C.sdf:475: Could not find intermodpath!
SDF ERROR: runs/single_key_wipe_p80_h0/final/sdf/nom_fast_1p32V_m40C/tt_um_rumcajs__nom_fast_1p32V_m40C.sdf:476: Could not find intermodpath!
SDF ERROR: runs/single_key_wipe_p80_h0/final/sdf/nom_fast_1p32V_m40C/tt_um_rumcajs__nom_fast_1p32V_m40C.sdf:477: Could not find intermodpath!
SDF ERROR: runs/single_Error: Could not find net. Did you run iverilog with '-ginterconnect'?
Error: Could not find net. Did you run iverilog with '-ginterconnect'?
Error: Could not find net. Did you run iverilog with '-ginterconnect'?
Error: Could not find net. Did you run iverilog with '-ginterconnect'?
Error: Could not find net. Did you run iverilog with '-ginterconnect'?
Error: Could not find net. Did you run iverilog with '-ginterconnect'?
Error: Could not find net. Did you run iverilog with '-ginterconnect'?
Error: Could not find net. Did you run iverilog with '-ginterconnect'?
Error: Could not find net. Did you run iverilog with '-ginterconnect'?
Error: Could not find net. Did you run iverilog with '-ginterconnect'?
Error: Could not find net. Did you run iverilog with '-ginterconnect'?
Error: Could not find net. Did you run iverilog with '-ginterconnect'?
Error: Could not find net. Did you run iverilog with '-ginterconnect'?
Error: Could not find net. Did you run iverilog with '-ginterconnect'?
Error: Could not find net. Did you run iverilog with '-ginterconnect'?
Error: Could not find net. Did you run iverilog with '-ginterconnect'?
Error: Could not find net. Did you run iverilog with '-ginterconnect'?
Error: Could not find net. Did you run iverilog with '-ginterconnect'?
Error: Could not find net. Did you run iverilog with '-ginterconnect'?
Error: Could not find net. Did you run iverilog with '-ginterconnect'?
Error: Could not find net. Did you run iverilog with '-ginterconnect'?
Error: Could not find net. Did you run iverilog with '-ginterconnect'?
Error: Could not find net. Did you run iverilog with '-ginterconnect'?
Error: Could not find net. Did you run iverilog with '-ginterconnect'?
Error: Could not find net. Did you run iverilog with '-ginterconnect'?
Error: Could not find net. Did you run iverilog with '-ginterconnect'?
Error: Could not find net. Did you run iverilog with '-ginterconnect'?
Error: Could not find net. Did you run iverilog with '-ginterconnect'?
Error: Could not find net. Did you run iverilog with '-ginterconnect'?
key_wipe_p80_h0/final/sdf/nom_fast_1p32V_m40C/tt_um_rumcajs__nom_fast_1p32V_m40C.sdf:478: Could not find intermodpath!
SDF ERROR: runs/single_key_wipe_p80_h0/final/sdf/nom_fast_1p32V_m40C/tt_um_rumcajs__nom_fast_1p32V_m40C.sdf:479: Could not find intermodpath!
SDF ERROR: runs/single_key_wipe_p80_h0/final/sdf/nom_fast_1p32V_m40C/tt_um_rumcajs__nom_fast_1p32V_m40C.sdf:480: Could not find intermodpath!
SDF ERROR: runs/single_key_wipe_p80_h0/final/sdf/nom_fast_1p32V_m40C/tt_um_rumcajs__nom_fast_1p32V_m40C.sdf:481: Could not find intermodpath!
SDF ERROR: runs/single_key_wipe_p80_h0/final/sdf/nom_fast_1p32V_m40C/tt_um_rumcajs__nom_fast_1p32V_m40C.sdf:482: Could not find intermodpath!
SDF ERROR: runs/single_key_wipe_p80_h0/final/sdf/nom_fast_1p32V_m40C/tt_um_rumcajs__nom_fast_1p32V_m40C.sdf:483: Could not find intermodpath!
SDF ERROR: runs/single_key_wipe_p80_h0/final/sdf/nom_fast_1p32V_m40C/tt_um_rumcajs__nom_fast_1p32V_m40C.sdf:484: Could not find intermodpath!
SDF ERROR: runs/single_key_wipe_p80_h0/final/sdf/nom_fast_1p32V_m40C/tt_um_rumcajs__nom_fast_1p32V_m40C.sdf:485: Could not find intermodpath!
SDF ERROR: runs/single_key_wipe_p80_h0/final/sdf/nom_fast_1p32V_m40C/tt_um_rumcajs__nom_fast_1p32V_m40C.sdf:486: Could not find intermodpath!
SDF ERROR: runs/single_key_wipe_p80_h0/final/sdf/nom_fast_1p32V_m40C/tt_um_rumcajs__nom_fast_1p32V_m40C.sdf:487: Could not find intermodpath!
SDF ERROR: runs/single_key_wipe_p80_h0/final/sdf/nom_fast_1p32V_m40C/tt_um_rumcajs__nom_fast_1p32V_m40C.sdf:488: Could not find intermodpath!
SDF ERROR: runs/single_key_wipe_p80_h0/final/sdf/nom_fast_1p32V_m40C/tt_um_rumcajs__nom_fast_1p32V_m40C.sdf:489: Could not find intermodpath!
SDF ERROR: runs/single_key_wipe_p80_h0/final/sdf/nom_fast_1p32V_m40C/tt_um_rumcajs__nom_fast_1p32V_m40C.sdf:490: Could not find intermodpath!
SDF ERROR: runs/single_key_wipe_p80_h0/final/sdf/nom_fast_1p32V_m40C/tt_um_rumcajs__nom_fast_1p32V_m40C.sdf:491: Could not find intermodpath!
SDF ERROR: runs/single_key_wipe_p80_h0/final/sdf/nom_fast_1p32V_m40C/tt_um_rumcajs__nom_fast_1p32V_m40C.sdf:492: Could not find intermodpath!
SDF ERROR: runs/single_key_wipe_p80_h0/final/sdf/nom_fast_1p32V_m40C/tt_um_rumcajs__nom_fast_1p32V_m40C.sdf:493: Could not find intermodpath!
SDF ERROR: runs/single_key_wipe_p80_h0/final/sdf/nom_fast_1p32V_m40C/tt_um_rumcajs__nom_fast_1p32V_m40C.sdf:494: Could not find intermodpath!
SDF ERROR: runs/single_key_wipe_p80_h0/final/sdf/nom_fast_1p32V_m40C/tt_um_rumcajs__nom_fast_1p32V_m40C.sdf:495: Could not find intermodpath!
SDF ERROR: runs/single_key_wipe_p80_h0/final/sdf/nom_fast_1p32V_m40C/tt_um_rumcajs__nom_fast_1p32V_m40C.sdf:496: Could not find intermodpath!
SDF ERROR: runs/single_key_wipe_p80_h0/final/sdf/nom_fast_1p32V_m40C/tt_um_rumcajs__nom_fast_1p32V_m40C.sdf:497: Could not find intermodpath!
SDF ERROR: runs/single_key_wipe_p80_h0/final/sdf/nom_fast_1p32V_m40C/tt_um_rumcajs__nom_fast_1p32V_m40C.sdf:498: Could not find intermodpath!
SDF ERROR: runs/single_key_wipe_p80_h0/final/sdf/nom_fast_1p32V_m40C/tt_um_rumcajs__nom_fast_1p32V_m40C.sdf:499: Could not find intermodpath!
SDF ERROR: runs/single_key_wipe_p80_h0/final/sdf/nom_fast_1p32V_m40C/tt_um_rumcajs__nom_fast_1p32V_m40C.sdf:500: Could not find intermodpath!
SDF ERROR: runs/single_key_wipe_p80_h0/final/sdf/nom_fast_1p32V_m40C/tt_um_rumcajs__nom_fast_1p32V_m40C.sdf:501: Could not find intermodpath!
SDF ERROR: runs/single_key_wipe_p80_h0/final/sdf/nom_fast_1p32V_m40C/tt_um_rumcajs__nom_fast_1p32V_m40C.sdf:502: Could not find intermodpath!
SDF ERROR: runs/single_key_wipe_p80_h0/final/sdf/nom_fast_1p32V_m40C/tt_um_rumcajs__nom_fast_1p32V_m40C.sdf:503: Could not find intermodpath!
SDF ERROR: runs/single_key_wipe_p80_h0/final/sdf/nom_fast_1p32V_m40C/tt_um_rumcajs__nom_fast_1p32V_m40C.sdf:504: Could not find intermodpath!
SDF ERROR: runs/single_key_wipe_p80_h0/final/sdf/nom_fast_1p32V_m40C/tt_um_rumcajs__nom_fast_1p32V_m40C.sdf:505: Could not find intermodpath!
SDF ERROR: runs/single_key_wipe_p80_h0/final/sdf/nom_fast_1p32V_m40C/tt_um_rumcajs__nom_fast_1p32V_m40C.sdf:506: Could not find intermodpath!
SError: Could not find net. Did you run iverilog with '-ginterconnect'?
Error: Could not find net. Did you run iverilog with '-ginterconnect'?
Error: Could not find net. Did you run iverilog with '-ginterconnect'?
Error: Could not find net. Did you run iverilog with '-ginterconnect'?
Error: Could not find net. Did you run iverilog with '-ginterconnect'?
Error: Could not find net. Did you run iverilog with '-ginterconnect'?
Error: Could not find net. Did you run iverilog with '-ginterconnect'?
Error: Could not find net. Did you run iverilog with '-ginterconnect'?
Error: Could not find net. Did you run iverilog with '-ginterconnect'?
Error: Could not find net. Did you run iverilog with '-ginterconnect'?
Error: Could not find net. Did you run iverilog with '-ginterconnect'?
Error: Could not find net. Did you run iverilog with '-ginterconnect'?
Error: Could not find net. Did you run iverilog with '-ginterconnect'?
Error: Could not find net. Did you run iverilog with '-ginterconnect'?
Error: Could not find net. Did you run iverilog with '-ginterconnect'?
Error: Could not find net. Did you run iverilog with '-ginterconnect'?
Error: Could not find net. Did you run iverilog with '-ginterconnect'?
Error: Could not find net. Did you run iverilog with '-ginterconnect'?
Error: Could not find net. Did you run iverilog with '-ginterconnect'?
Error: Could not find net. Did you run iverilog with '-ginterconnect'?
Error: Could not find net. Did you run iverilog with '-ginterconnect'?
Error: Could not find net. Did you run iverilog with '-ginterconnect'?
Error: Could not find net. Did you run iverilog with '-ginterconnect'?
Error: Could not find net. Did you run iverilog with '-ginterconnect'?
Error: Could not find net. Did you run iverilog with '-ginterconnect'?
Error: Could not find net. Did you run iverilog with '-ginterconnect'?
Error: Could not find net. Did you run iverilog with '-ginterconnect'?
Error: Could not find net. Did you run iverilog with '-ginterconnect'?
DF ERROR: runs/single_key_wipe_p80_h0/final/sdf/nom_fast_1p32V_m40C/tt_um_rumcajs__nom_fast_1p32V_m40C.sdf:507: Could not find intermodpath!
SDF ERROR: runs/single_key_wipe_p80_h0/final/sdf/nom_fast_1p32V_m40C/tt_um_rumcajs__nom_fast_1p32V_m40C.sdf:508: Could not find intermodpath!
SDF ERROR: runs/single_key_wipe_p80_h0/final/sdf/nom_fast_1p32V_m40C/tt_um_rumcajs__nom_fast_1p32V_m40C.sdf:509: Could not find intermodpath!
SDF ERROR: runs/single_key_wipe_p80_h0/final/sdf/nom_fast_1p32V_m40C/tt_um_rumcajs__nom_fast_1p32V_m40C.sdf:510: Could not find intermodpath!
SDF ERROR: runs/single_key_wipe_p80_h0/final/sdf/nom_fast_1p32V_m40C/tt_um_rumcajs__nom_fast_1p32V_m40C.sdf:511: Could not find intermodpath!
SDF ERROR: runs/single_key_wipe_p80_h0/final/sdf/nom_fast_1p32V_m40C/tt_um_rumcajs__nom_fast_1p32V_m40C.sdf:512: Could not find intermodpath!
SDF ERROR: runs/single_key_wipe_p80_h0/final/sdf/nom_fast_1p32V_m40C/tt_um_rumcajs__nom_fast_1p32V_m40C.sdf:513: Could not find intermodpath!
SDF ERROR: runs/single_key_wipe_p80_h0/final/sdf/nom_fast_1p32V_m40C/tt_um_rumcajs__nom_fast_1p32V_m40C.sdf:514: Could not find intermodpath!
SDF ERROR: runs/single_key_wipe_p80_h0/final/sdf/nom_fast_1p32V_m40C/tt_um_rumcajs__nom_fast_1p32V_m40C.sdf:515: Could not find intermodpath!
SDF ERROR: runs/single_key_wipe_p80_h0/final/sdf/nom_fast_1p32V_m40C/tt_um_rumcajs__nom_fast_1p32V_m40C.sdf:516: Could not find intermodpath!
SDF ERROR: runs/single_key_wipe_p80_h0/final/sdf/nom_fast_1p32V_m40C/tt_um_rumcajs__nom_fast_1p32V_m40C.sdf:517: Could not find intermodpath!
SDF ERROR: runs/single_key_wipe_p80_h0/final/sdf/nom_fast_1p32V_m40C/tt_um_rumcajs__nom_fast_1p32V_m40C.sdf:518: Could not find intermodpath!
SDF ERROR: runs/single_key_wipe_p80_h0/final/sdf/nom_fast_1p32V_m40C/tt_um_rumcajs__nom_fast_1p32V_m40C.sdf:519: Could not find intermodpath!
SDF ERROR: runs/single_key_wipe_p80_h0/final/sdf/nom_fast_1p32V_m40C/tt_um_rumcajs__nom_fast_1p32V_m40C.sdf:520: Could not find intermodpath!
SDF ERROR: runs/single_key_wipe_p80_h0/final/sdf/nom_fast_1p32V_m40C/tt_um_rumcajs__nom_fast_1p32V_m40C.sdf:521: Could not find intermodpath!
SDF ERROR: runs/single_key_wipe_p80_h0/final/sdf/nom_fast_1p32V_m40C/tt_um_rumcajs__nom_fast_1p32V_m40C.sdf:522: Could not find intermodpath!
SDF ERROR: runs/single_key_wipe_p80_h0/final/sdf/nom_fast_1p32V_m40C/tt_um_rumcajs__nom_fast_1p32V_m40C.sdf:523: Could not find intermodpath!
SDF ERROR: runs/single_key_wipe_p80_h0/final/sdf/nom_fast_1p32V_m40C/tt_um_rumcajs__nom_fast_1p32V_m40C.sdf:524: Could not find intermodpath!
SDF ERROR: runs/single_key_wipe_p80_h0/final/sdf/nom_fast_1p32V_m40C/tt_um_rumcajs__nom_fast_1p32V_m40C.sdf:525: Could not find intermodpath!
SDF ERROR: runs/single_key_wipe_p80_h0/final/sdf/nom_fast_1p32V_m40C/tt_um_rumcajs__nom_fast_1p32V_m40C.sdf:526: Could not find intermodpath!
SDF ERROR: runs/single_key_wipe_p80_h0/final/sdf/nom_fast_1p32V_m40C/tt_um_rumcajs__nom_fast_1p32V_m40C.sdf:527: Could not find intermodpath!
SDF ERROR: runs/single_key_wipe_p80_h0/final/sdf/nom_fast_1p32V_m40C/tt_um_rumcajs__nom_fast_1p32V_m40C.sdf:528: Could not find intermodpath!
SDF ERROR: runs/single_key_wipe_p80_h0/final/sdf/nom_fast_1p32V_m40C/tt_um_rumcajs__nom_fast_1p32V_m40C.sdf:529: Could not find intermodpath!
SDF ERROR: runs/single_key_wipe_p80_h0/final/sdf/nom_fast_1p32V_m40C/tt_um_rumcajs__nom_fast_1p32V_m40C.sdf:530: Could not find intermodpath!
SDF ERROR: runs/single_key_wipe_p80_h0/final/sdf/nom_fast_1p32V_m40C/tt_um_rumcajs__nom_fast_1p32V_m40C.sdf:531: Could not find intermodpath!
SDF ERROR: runs/single_key_wipe_p80_h0/final/sdf/nom_fast_1p32V_m40C/tt_um_rumcajs__nom_fast_1p32V_m40C.sdf:532: Could not find intermodpath!
SDF ERROR: runs/single_key_wipe_p80_h0/final/sdf/nom_fast_1p32V_m40C/tt_um_rumcajs__nom_fast_1p32V_m40C.sdf:533: Could not find intermodpath!
SDF ERROR: runs/single_key_wipe_p80_h0/final/sdf/nom_fast_1p32V_m40C/tt_um_rumcajs__nom_fast_1p32V_m40C.sdf:534: Could not find intermodpath!
SDF ERROR: runs/single_key_wipe_p80_h0/final/sdf/nom_fast_1p32V_m40C/tt_um_rumcajs__nom_fast_1p32V_m40C.sdf:535: Could noError: Could not find net. Did you run iverilog with '-ginterconnect'?
Error: Could not find net. Did you run iverilog with '-ginterconnect'?
Error: Could not find net. Did you run iverilog with '-ginterconnect'?
Error: Could not find net. Did you run iverilog with '-ginterconnect'?
Error: Could not find net. Did you run iverilog with '-ginterconnect'?
Error: Could not find net. Did you run iverilog with '-ginterconnect'?
Error: Could not find net. Did you run iverilog with '-ginterconnect'?
Error: Could not find net. Did you run iverilog with '-ginterconnect'?
Error: Could not find net. Did you run iverilog with '-ginterconnect'?
Error: Could not find net. Did you run iverilog with '-ginterconnect'?
Error: Could not find net. Did you run iverilog with '-ginterconnect'?
Error: Could not find net. Did you run iverilog with '-ginterconnect'?
Error: Could not find net. Did you run iverilog with '-ginterconnect'?
Error: Could not find net. Did you run iverilog with '-ginterconnect'?
Error: Could not find net. Did you run iverilog with '-ginterconnect'?
Error: Could not find net. Did you run iverilog with '-ginterconnect'?
Error: Could not find net. Did you run iverilog with '-ginterconnect'?
Error: Could not find net. Did you run iverilog with '-ginterconnect'?
Error: Could not find net. Did you run iverilog with '-ginterconnect'?
Error: Could not find net. Did you run iverilog with '-ginterconnect'?
Error: Could not find net. Did you run iverilog with '-ginterconnect'?
Error: Could not find net. Did you run iverilog with '-ginterconnect'?
Error: Could not find net. Did you run iverilog with '-ginterconnect'?
Error: Could not find net. Did you run iverilog with '-ginterconnect'?
Error: Could not find net. Did you run iverilog with '-ginterconnect'?
Error: Could not find net. Did you run iverilog with '-ginterconnect'?
Error: Could not find net. Did you run iverilog with '-ginterconnect'?
Error: Could not find net. Did you run iverilog with '-ginterconnect'?
Error: Could not find net. Did you run iverilog with '-ginterconnect'?
t find intermodpath!
SDF ERROR: runs/single_key_wipe_p80_h0/final/sdf/nom_fast_1p32V_m40C/tt_um_rumcajs__nom_fast_1p32V_m40C.sdf:536: Could not find intermodpath!
SDF ERROR: runs/single_key_wipe_p80_h0/final/sdf/nom_fast_1p32V_m40C/tt_um_rumcajs__nom_fast_1p32V_m40C.sdf:537: Could not find intermodpath!
SDF ERROR: runs/single_key_wipe_p80_h0/final/sdf/nom_fast_1p32V_m40C/tt_um_rumcajs__nom_fast_1p32V_m40C.sdf:538: Could not find intermodpath!
SDF ERROR: runs/single_key_wipe_p80_h0/final/sdf/nom_fast_1p32V_m40C/tt_um_rumcajs__nom_fast_1p32V_m40C.sdf:539: Could not find intermodpath!
SDF ERROR: runs/single_key_wipe_p80_h0/final/sdf/nom_fast_1p32V_m40C/tt_um_rumcajs__nom_fast_1p32V_m40C.sdf:540: Could not find intermodpath!
SDF ERROR: runs/single_key_wipe_p80_h0/final/sdf/nom_fast_1p32V_m40C/tt_um_rumcajs__nom_fast_1p32V_m40C.sdf:541: Could not find intermodpath!
SDF ERROR: runs/single_key_wipe_p80_h0/final/sdf/nom_fast_1p32V_m40C/tt_um_rumcajs__nom_fast_1p32V_m40C.sdf:542: Could not find intermodpath!
SDF ERROR: runs/single_key_wipe_p80_h0/final/sdf/nom_fast_1p32V_m40C/tt_um_rumcajs__nom_fast_1p32V_m40C.sdf:543: Could not find intermodpath!
SDF ERROR: runs/single_key_wipe_p80_h0/final/sdf/nom_fast_1p32V_m40C/tt_um_rumcajs__nom_fast_1p32V_m40C.sdf:544: Could not find intermodpath!
SDF ERROR: runs/single_key_wipe_p80_h0/final/sdf/nom_fast_1p32V_m40C/tt_um_rumcajs__nom_fast_1p32V_m40C.sdf:545: Could not find intermodpath!
SDF ERROR: runs/single_key_wipe_p80_h0/final/sdf/nom_fast_1p32V_m40C/tt_um_rumcajs__nom_fast_1p32V_m40C.sdf:546: Could not find intermodpath!
SDF ERROR: runs/single_key_wipe_p80_h0/final/sdf/nom_fast_1p32V_m40C/tt_um_rumcajs__nom_fast_1p32V_m40C.sdf:547: Could not find intermodpath!
SDF ERROR: runs/single_key_wipe_p80_h0/final/sdf/nom_fast_1p32V_m40C/tt_um_rumcajs__nom_fast_1p32V_m40C.sdf:548: Could not find intermodpath!
SDF ERROR: runs/single_key_wipe_p80_h0/final/sdf/nom_fast_1p32V_m40C/tt_um_rumcajs__nom_fast_1p32V_m40C.sdf:549: Could not find intermodpath!
SDF ERROR: runs/single_key_wipe_p80_h0/final/sdf/nom_fast_1p32V_m40C/tt_um_rumcajs__nom_fast_1p32V_m40C.sdf:550: Could not find intermodpath!
SDF ERROR: runs/single_key_wipe_p80_h0/final/sdf/nom_fast_1p32V_m40C/tt_um_rumcajs__nom_fast_1p32V_m40C.sdf:551: Could not find intermodpath!
SDF ERROR: runs/single_key_wipe_p80_h0/final/sdf/nom_fast_1p32V_m40C/tt_um_rumcajs__nom_fast_1p32V_m40C.sdf:552: Could not find intermodpath!
SDF ERROR: runs/single_key_wipe_p80_h0/final/sdf/nom_fast_1p32V_m40C/tt_um_rumcajs__nom_fast_1p32V_m40C.sdf:553: Could not find intermodpath!
SDF ERROR: runs/single_key_wipe_p80_h0/final/sdf/nom_fast_1p32V_m40C/tt_um_rumcajs__nom_fast_1p32V_m40C.sdf:554: Could not find intermodpath!
SDF ERROR: runs/single_key_wipe_p80_h0/final/sdf/nom_fast_1p32V_m40C/tt_um_rumcajs__nom_fast_1p32V_m40C.sdf:555: Could not find intermodpath!
SDF ERROR: runs/single_key_wipe_p80_h0/final/sdf/nom_fast_1p32V_m40C/tt_um_rumcajs__nom_fast_1p32V_m40C.sdf:556: Could not find intermodpath!
SDF ERROR: runs/single_key_wipe_p80_h0/final/sdf/nom_fast_1p32V_m40C/tt_um_rumcajs__nom_fast_1p32V_m40C.sdf:557: Could not find intermodpath!
SDF ERROR: runs/single_key_wipe_p80_h0/final/sdf/nom_fast_1p32V_m40C/tt_um_rumcajs__nom_fast_1p32V_m40C.sdf:558: Could not find intermodpath!
SDF ERROR: runs/single_key_wipe_p80_h0/final/sdf/nom_fast_1p32V_m40C/tt_um_rumcajs__nom_fast_1p32V_m40C.sdf:559: Could not find intermodpath!
SDF ERROR: runs/single_key_wipe_p80_h0/final/sdf/nom_fast_1p32V_m40C/tt_um_rumcajs__nom_fast_1p32V_m40C.sdf:560: Could not find intermodpath!
SDF ERROR: runs/single_key_wipe_p80_h0/final/sdf/nom_fast_1p32V_m40C/tt_um_rumcajs__nom_fast_1p32V_m40C.sdf:561: Could not find intermodpath!
SDF ERROR: runs/single_key_wipe_p80_h0/final/sdf/nom_fast_1p32V_m40C/tt_um_rumcajs__nom_fast_1p32V_m40C.sdf:562: Could not find intermodpath!
SDF ERROR: runs/single_key_wipe_p80_h0/final/sdf/nom_fast_1p32V_m40C/tt_um_rumcajs__nom_fast_1p32V_m40C.sdf:563: Could not find intermodpath!
SDF ERROR: runs/single_key_wipe_p80_h0/final/sdf/nom_fast_1p32V_m40C/tt_um_rumcajs__nom_fast_1p32V_Error: Could not find net. Did you run iverilog with '-ginterconnect'?
Error: Could not find net. Did you run iverilog with '-ginterconnect'?
Error: Could not find net. Did you run iverilog with '-ginterconnect'?
Error: Could not find net. Did you run iverilog with '-ginterconnect'?
Error: Could not find net. Did you run iverilog with '-ginterconnect'?
Error: Could not find net. Did you run iverilog with '-ginterconnect'?
Error: Could not find net. Did you run iverilog with '-ginterconnect'?
Error: Could not find net. Did you run iverilog with '-ginterconnect'?
Error: Could not find net. Did you run iverilog with '-ginterconnect'?
Error: Could not find net. Did you run iverilog with '-ginterconnect'?
Error: Could not find net. Did you run iverilog with '-ginterconnect'?
Error: Could not find net. Did you run iverilog with '-ginterconnect'?
Error: Could not find net. Did you run iverilog with '-ginterconnect'?
Error: Could not find net. Did you run iverilog with '-ginterconnect'?
Error: Could not find net. Did you run iverilog with '-ginterconnect'?
Error: Could not find net. Did you run iverilog with '-ginterconnect'?
Error: Could not find net. Did you run iverilog with '-ginterconnect'?
Error: Could not find net. Did you run iverilog with '-ginterconnect'?
Error: Could not find net. Did you run iverilog with '-ginterconnect'?
Error: Could not find net. Did you run iverilog with '-ginterconnect'?
Error: Could not find net. Did you run iverilog with '-ginterconnect'?
Error: Could not find net. Did you run iverilog with '-ginterconnect'?
Error: Could not find net. Did you run iverilog with '-ginterconnect'?
Error: Could not find net. Did you run iverilog with '-ginterconnect'?
Error: Could not find net. Did you run iverilog with '-ginterconnect'?
Error: Could not find net. Did you run iverilog with '-ginterconnect'?
Error: Could not find net. Did you run iverilog with '-ginterconnect'?
Error: Could not find net. Did you run iverilog with '-ginterconnect'?
Error: Could not find net. Did you run iverilog with '-ginterconnect'?
m40C.sdf:564: Could not find intermodpath!
SDF ERROR: runs/single_key_wipe_p80_h0/final/sdf/nom_fast_1p32V_m40C/tt_um_rumcajs__nom_fast_1p32V_m40C.sdf:565: Could not find intermodpath!
SDF ERROR: runs/single_key_wipe_p80_h0/final/sdf/nom_fast_1p32V_m40C/tt_um_rumcajs__nom_fast_1p32V_m40C.sdf:566: Could not find intermodpath!
SDF ERROR: runs/single_key_wipe_p80_h0/final/sdf/nom_fast_1p32V_m40C/tt_um_rumcajs__nom_fast_1p32V_m40C.sdf:567: Could not find intermodpath!
SDF ERROR: runs/single_key_wipe_p80_h0/final/sdf/nom_fast_1p32V_m40C/tt_um_rumcajs__nom_fast_1p32V_m40C.sdf:568: Could not find intermodpath!
SDF ERROR: runs/single_key_wipe_p80_h0/final/sdf/nom_fast_1p32V_m40C/tt_um_rumcajs__nom_fast_1p32V_m40C.sdf:569: Could not find intermodpath!
SDF ERROR: runs/single_key_wipe_p80_h0/final/sdf/nom_fast_1p32V_m40C/tt_um_rumcajs__nom_fast_1p32V_m40C.sdf:570: Could not find intermodpath!
SDF ERROR: runs/single_key_wipe_p80_h0/final/sdf/nom_fast_1p32V_m40C/tt_um_rumcajs__nom_fast_1p32V_m40C.sdf:571: Could not find intermodpath!
SDF ERROR: runs/single_key_wipe_p80_h0/final/sdf/nom_fast_1p32V_m40C/tt_um_rumcajs__nom_fast_1p32V_m40C.sdf:572: Could not find intermodpath!
SDF ERROR: runs/single_key_wipe_p80_h0/final/sdf/nom_fast_1p32V_m40C/tt_um_rumcajs__nom_fast_1p32V_m40C.sdf:573: Could not find intermodpath!
SDF ERROR: runs/single_key_wipe_p80_h0/final/sdf/nom_fast_1p32V_m40C/tt_um_rumcajs__nom_fast_1p32V_m40C.sdf:574: Could not find intermodpath!
SDF ERROR: runs/single_key_wipe_p80_h0/final/sdf/nom_fast_1p32V_m40C/tt_um_rumcajs__nom_fast_1p32V_m40C.sdf:575: Could not find intermodpath!
SDF ERROR: runs/single_key_wipe_p80_h0/final/sdf/nom_fast_1p32V_m40C/tt_um_rumcajs__nom_fast_1p32V_m40C.sdf:576: Could not find intermodpath!
SDF ERROR: runs/single_key_wipe_p80_h0/final/sdf/nom_fast_1p32V_m40C/tt_um_rumcajs__nom_fast_1p32V_m40C.sdf:577: Could not find intermodpath!
SDF ERROR: runs/single_key_wipe_p80_h0/final/sdf/nom_fast_1p32V_m40C/tt_um_rumcajs__nom_fast_1p32V_m40C.sdf:578: Could not find intermodpath!
SDF ERROR: runs/single_key_wipe_p80_h0/final/sdf/nom_fast_1p32V_m40C/tt_um_rumcajs__nom_fast_1p32V_m40C.sdf:579: Could not find intermodpath!
SDF ERROR: runs/single_key_wipe_p80_h0/final/sdf/nom_fast_1p32V_m40C/tt_um_rumcajs__nom_fast_1p32V_m40C.sdf:580: Could not find intermodpath!
SDF ERROR: runs/single_key_wipe_p80_h0/final/sdf/nom_fast_1p32V_m40C/tt_um_rumcajs__nom_fast_1p32V_m40C.sdf:581: Could not find intermodpath!
SDF ERROR: runs/single_key_wipe_p80_h0/final/sdf/nom_fast_1p32V_m40C/tt_um_rumcajs__nom_fast_1p32V_m40C.sdf:582: Could not find intermodpath!
SDF ERROR: runs/single_key_wipe_p80_h0/final/sdf/nom_fast_1p32V_m40C/tt_um_rumcajs__nom_fast_1p32V_m40C.sdf:583: Could not find intermodpath!
SDF ERROR: runs/single_key_wipe_p80_h0/final/sdf/nom_fast_1p32V_m40C/tt_um_rumcajs__nom_fast_1p32V_m40C.sdf:584: Could not find intermodpath!
SDF ERROR: runs/single_key_wipe_p80_h0/final/sdf/nom_fast_1p32V_m40C/tt_um_rumcajs__nom_fast_1p32V_m40C.sdf:585: Could not find intermodpath!
SDF ERROR: runs/single_key_wipe_p80_h0/final/sdf/nom_fast_1p32V_m40C/tt_um_rumcajs__nom_fast_1p32V_m40C.sdf:586: Could not find intermodpath!
SDF ERROR: runs/single_key_wipe_p80_h0/final/sdf/nom_fast_1p32V_m40C/tt_um_rumcajs__nom_fast_1p32V_m40C.sdf:587: Could not find intermodpath!
SDF ERROR: runs/single_key_wipe_p80_h0/final/sdf/nom_fast_1p32V_m40C/tt_um_rumcajs__nom_fast_1p32V_m40C.sdf:588: Could not find intermodpath!
SDF ERROR: runs/single_key_wipe_p80_h0/final/sdf/nom_fast_1p32V_m40C/tt_um_rumcajs__nom_fast_1p32V_m40C.sdf:589: Could not find intermodpath!
SDF ERROR: runs/single_key_wipe_p80_h0/final/sdf/nom_fast_1p32V_m40C/tt_um_rumcajs__nom_fast_1p32V_m40C.sdf:590: Could not find intermodpath!
SDF ERROR: runs/single_key_wipe_p80_h0/final/sdf/nom_fast_1p32V_m40C/tt_um_rumcajs__nom_fast_1p32V_m40C.sdf:591: Could not find intermodpath!
SDF ERROR: runs/single_key_wipe_p80_h0/final/sdf/nom_fast_1p32V_m40C/tt_um_rumcajs__nom_fast_1p32V_m40C.sdf:592: Could not find intermodpath!
SDF ERROR: runs/single_key_wipe_p80_h0/final/sdf/nom_fast_1p32V_m40C/tt_um_ruError: Could not find net. Did you run iverilog with '-ginterconnect'?
Error: Could not find net. Did you run iverilog with '-ginterconnect'?
Error: Could not find net. Did you run iverilog with '-ginterconnect'?
Error: Could not find net. Did you run iverilog with '-ginterconnect'?
Error: Could not find net. Did you run iverilog with '-ginterconnect'?
Error: Could not find net. Did you run iverilog with '-ginterconnect'?
Error: Could not find net. Did you run iverilog with '-ginterconnect'?
Error: Could not find net. Did you run iverilog with '-ginterconnect'?
Error: Could not find net. Did you run iverilog with '-ginterconnect'?
Error: Could not find net. Did you run iverilog with '-ginterconnect'?
Error: Could not find net. Did you run iverilog with '-ginterconnect'?
Error: Could not find net. Did you run iverilog with '-ginterconnect'?
Error: Could not find net. Did you run iverilog with '-ginterconnect'?
Error: Could not find net. Did you run iverilog with '-ginterconnect'?
Error: Could not find net. Did you run iverilog with '-ginterconnect'?
Error: Could not find net. Did you run iverilog with '-ginterconnect'?
Error: Could not find net. Did you run iverilog with '-ginterconnect'?
Error: Could not find net. Did you run iverilog with '-ginterconnect'?
Error: Could not find net. Did you run iverilog with '-ginterconnect'?
Error: Could not find net. Did you run iverilog with '-ginterconnect'?
Error: Could not find net. Did you run iverilog with '-ginterconnect'?
Error: Could not find net. Did you run iverilog with '-ginterconnect'?
Error: Could not find net. Did you run iverilog with '-ginterconnect'?
Error: Could not find net. Did you run iverilog with '-ginterconnect'?
Error: Could not find net. Did you run iverilog with '-ginterconnect'?
Error: Could not find net. Did you run iverilog with '-ginterconnect'?
Error: Could not find net. Did you run iverilog with '-ginterconnect'?
Error: Could not find net. Did you run iverilog with '-ginterconnect'?
Error: Could not find net. Did you run iverilog with '-ginterconnect'?
mcajs__nom_fast_1p32V_m40C.sdf:593: Could not find intermodpath!
SDF ERROR: runs/single_key_wipe_p80_h0/final/sdf/nom_fast_1p32V_m40C/tt_um_rumcajs__nom_fast_1p32V_m40C.sdf:594: Could not find intermodpath!
SDF ERROR: runs/single_key_wipe_p80_h0/final/sdf/nom_fast_1p32V_m40C/tt_um_rumcajs__nom_fast_1p32V_m40C.sdf:595: Could not find intermodpath!
SDF ERROR: runs/single_key_wipe_p80_h0/final/sdf/nom_fast_1p32V_m40C/tt_um_rumcajs__nom_fast_1p32V_m40C.sdf:596: Could not find intermodpath!
SDF ERROR: runs/single_key_wipe_p80_h0/final/sdf/nom_fast_1p32V_m40C/tt_um_rumcajs__nom_fast_1p32V_m40C.sdf:597: Could not find intermodpath!
SDF ERROR: runs/single_key_wipe_p80_h0/final/sdf/nom_fast_1p32V_m40C/tt_um_rumcajs__nom_fast_1p32V_m40C.sdf:598: Could not find intermodpath!
SDF ERROR: runs/single_key_wipe_p80_h0/final/sdf/nom_fast_1p32V_m40C/tt_um_rumcajs__nom_fast_1p32V_m40C.sdf:599: Could not find intermodpath!
SDF ERROR: runs/single_key_wipe_p80_h0/final/sdf/nom_fast_1p32V_m40C/tt_um_rumcajs__nom_fast_1p32V_m40C.sdf:600: Could not find intermodpath!
SDF ERROR: runs/single_key_wipe_p80_h0/final/sdf/nom_fast_1p32V_m40C/tt_um_rumcajs__nom_fast_1p32V_m40C.sdf:601: Could not find intermodpath!
SDF ERROR: runs/single_key_wipe_p80_h0/final/sdf/nom_fast_1p32V_m40C/tt_um_rumcajs__nom_fast_1p32V_m40C.sdf:602: Could not find intermodpath!
SDF ERROR: runs/single_key_wipe_p80_h0/final/sdf/nom_fast_1p32V_m40C/tt_um_rumcajs__nom_fast_1p32V_m40C.sdf:603: Could not find intermodpath!
SDF ERROR: runs/single_key_wipe_p80_h0/final/sdf/nom_fast_1p32V_m40C/tt_um_rumcajs__nom_fast_1p32V_m40C.sdf:604: Could not find intermodpath!
SDF ERROR: runs/single_key_wipe_p80_h0/final/sdf/nom_fast_1p32V_m40C/tt_um_rumcajs__nom_fast_1p32V_m40C.sdf:605: Could not find intermodpath!
SDF ERROR: runs/single_key_wipe_p80_h0/final/sdf/nom_fast_1p32V_m40C/tt_um_rumcajs__nom_fast_1p32V_m40C.sdf:606: Could not find intermodpath!
SDF ERROR: runs/single_key_wipe_p80_h0/final/sdf/nom_fast_1p32V_m40C/tt_um_rumcajs__nom_fast_1p32V_m40C.sdf:607: Could not find intermodpath!
SDF ERROR: runs/single_key_wipe_p80_h0/final/sdf/nom_fast_1p32V_m40C/tt_um_rumcajs__nom_fast_1p32V_m40C.sdf:608: Could not find intermodpath!
SDF ERROR: runs/single_key_wipe_p80_h0/final/sdf/nom_fast_1p32V_m40C/tt_um_rumcajs__nom_fast_1p32V_m40C.sdf:609: Could not find intermodpath!
SDF ERROR: runs/single_key_wipe_p80_h0/final/sdf/nom_fast_1p32V_m40C/tt_um_rumcajs__nom_fast_1p32V_m40C.sdf:610: Could not find intermodpath!
SDF ERROR: runs/single_key_wipe_p80_h0/final/sdf/nom_fast_1p32V_m40C/tt_um_rumcajs__nom_fast_1p32V_m40C.sdf:611: Could not find intermodpath!
SDF ERROR: runs/single_key_wipe_p80_h0/final/sdf/nom_fast_1p32V_m40C/tt_um_rumcajs__nom_fast_1p32V_m40C.sdf:612: Could not find intermodpath!
SDF ERROR: runs/single_key_wipe_p80_h0/final/sdf/nom_fast_1p32V_m40C/tt_um_rumcajs__nom_fast_1p32V_m40C.sdf:613: Could not find intermodpath!
SDF ERROR: runs/single_key_wipe_p80_h0/final/sdf/nom_fast_1p32V_m40C/tt_um_rumcajs__nom_fast_1p32V_m40C.sdf:614: Could not find intermodpath!
SDF ERROR: runs/single_key_wipe_p80_h0/final/sdf/nom_fast_1p32V_m40C/tt_um_rumcajs__nom_fast_1p32V_m40C.sdf:615: Could not find intermodpath!
SDF ERROR: runs/single_key_wipe_p80_h0/final/sdf/nom_fast_1p32V_m40C/tt_um_rumcajs__nom_fast_1p32V_m40C.sdf:616: Could not find intermodpath!
SDF ERROR: runs/single_key_wipe_p80_h0/final/sdf/nom_fast_1p32V_m40C/tt_um_rumcajs__nom_fast_1p32V_m40C.sdf:617: Could not find intermodpath!
SDF ERROR: runs/single_key_wipe_p80_h0/final/sdf/nom_fast_1p32V_m40C/tt_um_rumcajs__nom_fast_1p32V_m40C.sdf:618: Could not find intermodpath!
SDF ERROR: runs/single_key_wipe_p80_h0/final/sdf/nom_fast_1p32V_m40C/tt_um_rumcajs__nom_fast_1p32V_m40C.sdf:619: Could not find intermodpath!
SDF ERROR: runs/single_key_wipe_p80_h0/final/sdf/nom_fast_1p32V_m40C/tt_um_rumcajs__nom_fast_1p32V_m40C.sdf:620: Could not find intermodpath!
SDF ERROR: runs/single_key_wipe_p80_h0/final/sdf/nom_fast_1p32V_m40C/tt_um_rumcajs__nom_fast_1p32V_m40C.sdf:621: Could not find intermodpath!
SDF ERROR: runs/single_key_wipe_p80_h0/final/sdf/nom_faError: Could not find net. Did you run iverilog with '-ginterconnect'?
Error: Could not find net. Did you run iverilog with '-ginterconnect'?
Error: Could not find net. Did you run iverilog with '-ginterconnect'?
Error: Could not find net. Did you run iverilog with '-ginterconnect'?
Error: Could not find net. Did you run iverilog with '-ginterconnect'?
Error: Could not find net. Did you run iverilog with '-ginterconnect'?
Error: Could not find net. Did you run iverilog with '-ginterconnect'?
Error: Could not find net. Did you run iverilog with '-ginterconnect'?
Error: Could not find net. Did you run iverilog with '-ginterconnect'?
Error: Could not find net. Did you run iverilog with '-ginterconnect'?
Error: Could not find net. Did you run iverilog with '-ginterconnect'?
Error: Could not find net. Did you run iverilog with '-ginterconnect'?
Error: Could not find net. Did you run iverilog with '-ginterconnect'?
Error: Could not find net. Did you run iverilog with '-ginterconnect'?
Error: Could not find net. Did you run iverilog with '-ginterconnect'?
Error: Could not find net. Did you run iverilog with '-ginterconnect'?
Error: Could not find net. Did you run iverilog with '-ginterconnect'?
Error: Could not find net. Did you run iverilog with '-ginterconnect'?
Error: Could not find net. Did you run iverilog with '-ginterconnect'?
Error: Could not find net. Did you run iverilog with '-ginterconnect'?
Error: Could not find net. Did you run iverilog with '-ginterconnect'?
Error: Could not find net. Did you run iverilog with '-ginterconnect'?
Error: Could not find net. Did you run iverilog with '-ginterconnect'?
Error: Could not find net. Did you run iverilog with '-ginterconnect'?
Error: Could not find net. Did you run iverilog with '-ginterconnect'?
Error: Could not find net. Did you run iverilog with '-ginterconnect'?
Error: Could not find net. Did you run iverilog with '-ginterconnect'?
Error: Could not find net. Did you run iverilog with '-ginterconnect'?
Error: Could not find net. Did you run iverilog with '-ginterconnect'?
st_1p32V_m40C/tt_um_rumcajs__nom_fast_1p32V_m40C.sdf:622: Could not find intermodpath!
SDF ERROR: runs/single_key_wipe_p80_h0/final/sdf/nom_fast_1p32V_m40C/tt_um_rumcajs__nom_fast_1p32V_m40C.sdf:623: Could not find intermodpath!
SDF ERROR: runs/single_key_wipe_p80_h0/final/sdf/nom_fast_1p32V_m40C/tt_um_rumcajs__nom_fast_1p32V_m40C.sdf:624: Could not find intermodpath!
SDF ERROR: runs/single_key_wipe_p80_h0/final/sdf/nom_fast_1p32V_m40C/tt_um_rumcajs__nom_fast_1p32V_m40C.sdf:625: Could not find intermodpath!
SDF ERROR: runs/single_key_wipe_p80_h0/final/sdf/nom_fast_1p32V_m40C/tt_um_rumcajs__nom_fast_1p32V_m40C.sdf:626: Could not find intermodpath!
SDF ERROR: runs/single_key_wipe_p80_h0/final/sdf/nom_fast_1p32V_m40C/tt_um_rumcajs__nom_fast_1p32V_m40C.sdf:627: Could not find intermodpath!
SDF ERROR: runs/single_key_wipe_p80_h0/final/sdf/nom_fast_1p32V_m40C/tt_um_rumcajs__nom_fast_1p32V_m40C.sdf:628: Could not find intermodpath!
SDF ERROR: runs/single_key_wipe_p80_h0/final/sdf/nom_fast_1p32V_m40C/tt_um_rumcajs__nom_fast_1p32V_m40C.sdf:629: Could not find intermodpath!
SDF ERROR: runs/single_key_wipe_p80_h0/final/sdf/nom_fast_1p32V_m40C/tt_um_rumcajs__nom_fast_1p32V_m40C.sdf:630: Could not find intermodpath!
SDF ERROR: runs/single_key_wipe_p80_h0/final/sdf/nom_fast_1p32V_m40C/tt_um_rumcajs__nom_fast_1p32V_m40C.sdf:631: Could not find intermodpath!
SDF ERROR: runs/single_key_wipe_p80_h0/final/sdf/nom_fast_1p32V_m40C/tt_um_rumcajs__nom_fast_1p32V_m40C.sdf:632: Could not find intermodpath!
SDF ERROR: runs/single_key_wipe_p80_h0/final/sdf/nom_fast_1p32V_m40C/tt_um_rumcajs__nom_fast_1p32V_m40C.sdf:633: Could not find intermodpath!
SDF ERROR: runs/single_key_wipe_p80_h0/final/sdf/nom_fast_1p32V_m40C/tt_um_rumcajs__nom_fast_1p32V_m40C.sdf:634: Could not find intermodpath!
SDF ERROR: runs/single_key_wipe_p80_h0/final/sdf/nom_fast_1p32V_m40C/tt_um_rumcajs__nom_fast_1p32V_m40C.sdf:635: Could not find intermodpath!
SDF ERROR: runs/single_key_wipe_p80_h0/final/sdf/nom_fast_1p32V_m40C/tt_um_rumcajs__nom_fast_1p32V_m40C.sdf:636: Could not find intermodpath!
SDF ERROR: runs/single_key_wipe_p80_h0/final/sdf/nom_fast_1p32V_m40C/tt_um_rumcajs__nom_fast_1p32V_m40C.sdf:637: Could not find intermodpath!
SDF ERROR: runs/single_key_wipe_p80_h0/final/sdf/nom_fast_1p32V_m40C/tt_um_rumcajs__nom_fast_1p32V_m40C.sdf:638: Could not find intermodpath!
SDF ERROR: runs/single_key_wipe_p80_h0/final/sdf/nom_fast_1p32V_m40C/tt_um_rumcajs__nom_fast_1p32V_m40C.sdf:639: Could not find intermodpath!
SDF ERROR: runs/single_key_wipe_p80_h0/final/sdf/nom_fast_1p32V_m40C/tt_um_rumcajs__nom_fast_1p32V_m40C.sdf:640: Could not find intermodpath!
SDF ERROR: runs/single_key_wipe_p80_h0/final/sdf/nom_fast_1p32V_m40C/tt_um_rumcajs__nom_fast_1p32V_m40C.sdf:641: Could not find intermodpath!
SDF ERROR: runs/single_key_wipe_p80_h0/final/sdf/nom_fast_1p32V_m40C/tt_um_rumcajs__nom_fast_1p32V_m40C.sdf:642: Could not find intermodpath!
SDF ERROR: runs/single_key_wipe_p80_h0/final/sdf/nom_fast_1p32V_m40C/tt_um_rumcajs__nom_fast_1p32V_m40C.sdf:643: Could not find intermodpath!
SDF ERROR: runs/single_key_wipe_p80_h0/final/sdf/nom_fast_1p32V_m40C/tt_um_rumcajs__nom_fast_1p32V_m40C.sdf:644: Could not find intermodpath!
SDF ERROR: runs/single_key_wipe_p80_h0/final/sdf/nom_fast_1p32V_m40C/tt_um_rumcajs__nom_fast_1p32V_m40C.sdf:645: Could not find intermodpath!
SDF ERROR: runs/single_key_wipe_p80_h0/final/sdf/nom_fast_1p32V_m40C/tt_um_rumcajs__nom_fast_1p32V_m40C.sdf:646: Could not find intermodpath!
SDF ERROR: runs/single_key_wipe_p80_h0/final/sdf/nom_fast_1p32V_m40C/tt_um_rumcajs__nom_fast_1p32V_m40C.sdf:647: Could not find intermodpath!
SDF ERROR: runs/single_key_wipe_p80_h0/final/sdf/nom_fast_1p32V_m40C/tt_um_rumcajs__nom_fast_1p32V_m40C.sdf:648: Could not find intermodpath!
SDF ERROR: runs/single_key_wipe_p80_h0/final/sdf/nom_fast_1p32V_m40C/tt_um_rumcajs__nom_fast_1p32V_m40C.sdf:649: Could not find intermodpath!
SDF ERROR: runs/single_key_wipe_p80_h0/final/sdf/nom_fast_1p32V_m40C/tt_um_rumcajs__nom_fast_1p32V_m40C.sdf:650: Could not find intermodpath!
SDF ERROR: runs/single_key_wipe_pError: Could not find net. Did you run iverilog with '-ginterconnect'?
Error: Could not find net. Did you run iverilog with '-ginterconnect'?
Error: Could not find net. Did you run iverilog with '-ginterconnect'?
Error: Could not find net. Did you run iverilog with '-ginterconnect'?
Error: Could not find net. Did you run iverilog with '-ginterconnect'?
Error: Could not find net. Did you run iverilog with '-ginterconnect'?
Error: Could not find net. Did you run iverilog with '-ginterconnect'?
Error: Could not find net. Did you run iverilog with '-ginterconnect'?
Error: Could not find net. Did you run iverilog with '-ginterconnect'?
Error: Could not find net. Did you run iverilog with '-ginterconnect'?
Error: Could not find net. Did you run iverilog with '-ginterconnect'?
Error: Could not find net. Did you run iverilog with '-ginterconnect'?
Error: Could not find net. Did you run iverilog with '-ginterconnect'?
Error: Could not find net. Did you run iverilog with '-ginterconnect'?
Error: Could not find net. Did you run iverilog with '-ginterconnect'?
Error: Could not find net. Did you run iverilog with '-ginterconnect'?
Error: Could not find net. Did you run iverilog with '-ginterconnect'?
Error: Could not find net. Did you run iverilog with '-ginterconnect'?
Error: Could not find net. Did you run iverilog with '-ginterconnect'?
Error: Could not find net. Did you run iverilog with '-ginterconnect'?
Error: Could not find net. Did you run iverilog with '-ginterconnect'?
Error: Could not find net. Did you run iverilog with '-ginterconnect'?
Error: Could not find net. Did you run iverilog with '-ginterconnect'?
Error: Could not find net. Did you run iverilog with '-ginterconnect'?
Error: Could not find net. Did you run iverilog with '-ginterconnect'?
Error: Could not find net. Did you run iverilog with '-ginterconnect'?
Error: Could not find net. Did you run iverilog with '-ginterconnect'?
Error: Could not find net. Did you run iverilog with '-ginterconnect'?
Error: Could not find net. Did you run iverilog with '-ginterconnect'?
80_h0/final/sdf/nom_fast_1p32V_m40C/tt_um_rumcajs__nom_fast_1p32V_m40C.sdf:651: Could not find intermodpath!
SDF ERROR: runs/single_key_wipe_p80_h0/final/sdf/nom_fast_1p32V_m40C/tt_um_rumcajs__nom_fast_1p32V_m40C.sdf:652: Could not find intermodpath!
SDF ERROR: runs/single_key_wipe_p80_h0/final/sdf/nom_fast_1p32V_m40C/tt_um_rumcajs__nom_fast_1p32V_m40C.sdf:653: Could not find intermodpath!
SDF ERROR: runs/single_key_wipe_p80_h0/final/sdf/nom_fast_1p32V_m40C/tt_um_rumcajs__nom_fast_1p32V_m40C.sdf:654: Could not find intermodpath!
SDF ERROR: runs/single_key_wipe_p80_h0/final/sdf/nom_fast_1p32V_m40C/tt_um_rumcajs__nom_fast_1p32V_m40C.sdf:655: Could not find intermodpath!
SDF ERROR: runs/single_key_wipe_p80_h0/final/sdf/nom_fast_1p32V_m40C/tt_um_rumcajs__nom_fast_1p32V_m40C.sdf:656: Could not find intermodpath!
SDF ERROR: runs/single_key_wipe_p80_h0/final/sdf/nom_fast_1p32V_m40C/tt_um_rumcajs__nom_fast_1p32V_m40C.sdf:657: Could not find intermodpath!
SDF ERROR: runs/single_key_wipe_p80_h0/final/sdf/nom_fast_1p32V_m40C/tt_um_rumcajs__nom_fast_1p32V_m40C.sdf:658: Could not find intermodpath!
SDF ERROR: runs/single_key_wipe_p80_h0/final/sdf/nom_fast_1p32V_m40C/tt_um_rumcajs__nom_fast_1p32V_m40C.sdf:659: Could not find intermodpath!
SDF ERROR: runs/single_key_wipe_p80_h0/final/sdf/nom_fast_1p32V_m40C/tt_um_rumcajs__nom_fast_1p32V_m40C.sdf:660: Could not find intermodpath!
SDF ERROR: runs/single_key_wipe_p80_h0/final/sdf/nom_fast_1p32V_m40C/tt_um_rumcajs__nom_fast_1p32V_m40C.sdf:661: Could not find intermodpath!
SDF ERROR: runs/single_key_wipe_p80_h0/final/sdf/nom_fast_1p32V_m40C/tt_um_rumcajs__nom_fast_1p32V_m40C.sdf:662: Could not find intermodpath!
SDF ERROR: runs/single_key_wipe_p80_h0/final/sdf/nom_fast_1p32V_m40C/tt_um_rumcajs__nom_fast_1p32V_m40C.sdf:663: Could not find intermodpath!
SDF ERROR: runs/single_key_wipe_p80_h0/final/sdf/nom_fast_1p32V_m40C/tt_um_rumcajs__nom_fast_1p32V_m40C.sdf:664: Could not find intermodpath!
SDF ERROR: runs/single_key_wipe_p80_h0/final/sdf/nom_fast_1p32V_m40C/tt_um_rumcajs__nom_fast_1p32V_m40C.sdf:665: Could not find intermodpath!
SDF ERROR: runs/single_key_wipe_p80_h0/final/sdf/nom_fast_1p32V_m40C/tt_um_rumcajs__nom_fast_1p32V_m40C.sdf:666: Could not find intermodpath!
SDF ERROR: runs/single_key_wipe_p80_h0/final/sdf/nom_fast_1p32V_m40C/tt_um_rumcajs__nom_fast_1p32V_m40C.sdf:667: Could not find intermodpath!
SDF ERROR: runs/single_key_wipe_p80_h0/final/sdf/nom_fast_1p32V_m40C/tt_um_rumcajs__nom_fast_1p32V_m40C.sdf:668: Could not find intermodpath!
SDF ERROR: runs/single_key_wipe_p80_h0/final/sdf/nom_fast_1p32V_m40C/tt_um_rumcajs__nom_fast_1p32V_m40C.sdf:669: Could not find intermodpath!
SDF ERROR: runs/single_key_wipe_p80_h0/final/sdf/nom_fast_1p32V_m40C/tt_um_rumcajs__nom_fast_1p32V_m40C.sdf:670: Could not find intermodpath!
SDF ERROR: runs/single_key_wipe_p80_h0/final/sdf/nom_fast_1p32V_m40C/tt_um_rumcajs__nom_fast_1p32V_m40C.sdf:671: Could not find intermodpath!
SDF ERROR: runs/single_key_wipe_p80_h0/final/sdf/nom_fast_1p32V_m40C/tt_um_rumcajs__nom_fast_1p32V_m40C.sdf:672: Could not find intermodpath!
SDF ERROR: runs/single_key_wipe_p80_h0/final/sdf/nom_fast_1p32V_m40C/tt_um_rumcajs__nom_fast_1p32V_m40C.sdf:673: Could not find intermodpath!
SDF ERROR: runs/single_key_wipe_p80_h0/final/sdf/nom_fast_1p32V_m40C/tt_um_rumcajs__nom_fast_1p32V_m40C.sdf:674: Could not find intermodpath!
SDF ERROR: runs/single_key_wipe_p80_h0/final/sdf/nom_fast_1p32V_m40C/tt_um_rumcajs__nom_fast_1p32V_m40C.sdf:675: Could not find intermodpath!
SDF ERROR: runs/single_key_wipe_p80_h0/final/sdf/nom_fast_1p32V_m40C/tt_um_rumcajs__nom_fast_1p32V_m40C.sdf:676: Could not find intermodpath!
SDF ERROR: runs/single_key_wipe_p80_h0/final/sdf/nom_fast_1p32V_m40C/tt_um_rumcajs__nom_fast_1p32V_m40C.sdf:677: Could not find intermodpath!
SDF ERROR: runs/single_key_wipe_p80_h0/final/sdf/nom_fast_1p32V_m40C/tt_um_rumcajs__nom_fast_1p32V_m40C.sdf:678: Could not find intermodpath!
SDF ERROR: runs/single_key_wipe_p80_h0/final/sdf/nom_fast_1p32V_m40C/tt_um_rumcajs__nom_fast_1p32V_m40C.sdf:679: Could not find intermodpath!
SDF ERROR: Error: Could not find net. Did you run iverilog with '-ginterconnect'?
Error: Could not find net. Did you run iverilog with '-ginterconnect'?
Error: Could not find net. Did you run iverilog with '-ginterconnect'?
Error: Could not find net. Did you run iverilog with '-ginterconnect'?
Error: Could not find net. Did you run iverilog with '-ginterconnect'?
Error: Could not find net. Did you run iverilog with '-ginterconnect'?
Error: Could not find net. Did you run iverilog with '-ginterconnect'?
Error: Could not find net. Did you run iverilog with '-ginterconnect'?
Error: Could not find net. Did you run iverilog with '-ginterconnect'?
Error: Could not find net. Did you run iverilog with '-ginterconnect'?
Error: Could not find net. Did you run iverilog with '-ginterconnect'?
Error: Could not find net. Did you run iverilog with '-ginterconnect'?
Error: Could not find net. Did you run iverilog with '-ginterconnect'?
Error: Could not find net. Did you run iverilog with '-ginterconnect'?
Error: Could not find net. Did you run iverilog with '-ginterconnect'?
Error: Could not find net. Did you run iverilog with '-ginterconnect'?
Error: Could not find net. Did you run iverilog with '-ginterconnect'?
Error: Could not find net. Did you run iverilog with '-ginterconnect'?
Error: Could not find net. Did you run iverilog with '-ginterconnect'?
Error: Could not find net. Did you run iverilog with '-ginterconnect'?
Error: Could not find net. Did you run iverilog with '-ginterconnect'?
Error: Could not find net. Did you run iverilog with '-ginterconnect'?
Error: Could not find net. Did you run iverilog with '-ginterconnect'?
Error: Could not find net. Did you run iverilog with '-ginterconnect'?
Error: Could not find net. Did you run iverilog with '-ginterconnect'?
Error: Could not find net. Did you run iverilog with '-ginterconnect'?
Error: Could not find net. Did you run iverilog with '-ginterconnect'?
Error: Could not find net. Did you run iverilog with '-ginterconnect'?
runs/single_key_wipe_p80_h0/final/sdf/nom_fast_1p32V_m40C/tt_um_rumcajs__nom_fast_1p32V_m40C.sdf:680: Could not find intermodpath!
SDF ERROR: runs/single_key_wipe_p80_h0/final/sdf/nom_fast_1p32V_m40C/tt_um_rumcajs__nom_fast_1p32V_m40C.sdf:681: Could not find intermodpath!
SDF ERROR: runs/single_key_wipe_p80_h0/final/sdf/nom_fast_1p32V_m40C/tt_um_rumcajs__nom_fast_1p32V_m40C.sdf:682: Could not find intermodpath!
SDF ERROR: runs/single_key_wipe_p80_h0/final/sdf/nom_fast_1p32V_m40C/tt_um_rumcajs__nom_fast_1p32V_m40C.sdf:683: Could not find intermodpath!
SDF ERROR: runs/single_key_wipe_p80_h0/final/sdf/nom_fast_1p32V_m40C/tt_um_rumcajs__nom_fast_1p32V_m40C.sdf:684: Could not find intermodpath!
SDF ERROR: runs/single_key_wipe_p80_h0/final/sdf/nom_fast_1p32V_m40C/tt_um_rumcajs__nom_fast_1p32V_m40C.sdf:685: Could not find intermodpath!
SDF ERROR: runs/single_key_wipe_p80_h0/final/sdf/nom_fast_1p32V_m40C/tt_um_rumcajs__nom_fast_1p32V_m40C.sdf:686: Could not find intermodpath!
SDF ERROR: runs/single_key_wipe_p80_h0/final/sdf/nom_fast_1p32V_m40C/tt_um_rumcajs__nom_fast_1p32V_m40C.sdf:687: Could not find intermodpath!
SDF ERROR: runs/single_key_wipe_p80_h0/final/sdf/nom_fast_1p32V_m40C/tt_um_rumcajs__nom_fast_1p32V_m40C.sdf:688: Could not find intermodpath!
SDF ERROR: runs/single_key_wipe_p80_h0/final/sdf/nom_fast_1p32V_m40C/tt_um_rumcajs__nom_fast_1p32V_m40C.sdf:689: Could not find intermodpath!
SDF ERROR: runs/single_key_wipe_p80_h0/final/sdf/nom_fast_1p32V_m40C/tt_um_rumcajs__nom_fast_1p32V_m40C.sdf:690: Could not find intermodpath!
SDF ERROR: runs/single_key_wipe_p80_h0/final/sdf/nom_fast_1p32V_m40C/tt_um_rumcajs__nom_fast_1p32V_m40C.sdf:691: Could not find intermodpath!
SDF ERROR: runs/single_key_wipe_p80_h0/final/sdf/nom_fast_1p32V_m40C/tt_um_rumcajs__nom_fast_1p32V_m40C.sdf:692: Could not find intermodpath!
SDF ERROR: runs/single_key_wipe_p80_h0/final/sdf/nom_fast_1p32V_m40C/tt_um_rumcajs__nom_fast_1p32V_m40C.sdf:693: Could not find intermodpath!
SDF ERROR: runs/single_key_wipe_p80_h0/final/sdf/nom_fast_1p32V_m40C/tt_um_rumcajs__nom_fast_1p32V_m40C.sdf:694: Could not find intermodpath!
SDF ERROR: runs/single_key_wipe_p80_h0/final/sdf/nom_fast_1p32V_m40C/tt_um_rumcajs__nom_fast_1p32V_m40C.sdf:695: Could not find intermodpath!
SDF ERROR: runs/single_key_wipe_p80_h0/final/sdf/nom_fast_1p32V_m40C/tt_um_rumcajs__nom_fast_1p32V_m40C.sdf:696: Could not find intermodpath!
SDF ERROR: runs/single_key_wipe_p80_h0/final/sdf/nom_fast_1p32V_m40C/tt_um_rumcajs__nom_fast_1p32V_m40C.sdf:697: Could not find intermodpath!
SDF ERROR: runs/single_key_wipe_p80_h0/final/sdf/nom_fast_1p32V_m40C/tt_um_rumcajs__nom_fast_1p32V_m40C.sdf:698: Could not find intermodpath!
SDF ERROR: runs/single_key_wipe_p80_h0/final/sdf/nom_fast_1p32V_m40C/tt_um_rumcajs__nom_fast_1p32V_m40C.sdf:699: Could not find intermodpath!
SDF ERROR: runs/single_key_wipe_p80_h0/final/sdf/nom_fast_1p32V_m40C/tt_um_rumcajs__nom_fast_1p32V_m40C.sdf:700: Could not find intermodpath!
SDF ERROR: runs/single_key_wipe_p80_h0/final/sdf/nom_fast_1p32V_m40C/tt_um_rumcajs__nom_fast_1p32V_m40C.sdf:701: Could not find intermodpath!
SDF ERROR: runs/single_key_wipe_p80_h0/final/sdf/nom_fast_1p32V_m40C/tt_um_rumcajs__nom_fast_1p32V_m40C.sdf:702: Could not find intermodpath!
SDF ERROR: runs/single_key_wipe_p80_h0/final/sdf/nom_fast_1p32V_m40C/tt_um_rumcajs__nom_fast_1p32V_m40C.sdf:703: Could not find intermodpath!
SDF ERROR: runs/single_key_wipe_p80_h0/final/sdf/nom_fast_1p32V_m40C/tt_um_rumcajs__nom_fast_1p32V_m40C.sdf:704: Could not find intermodpath!
SDF ERROR: runs/single_key_wipe_p80_h0/final/sdf/nom_fast_1p32V_m40C/tt_um_rumcajs__nom_fast_1p32V_m40C.sdf:705: Could not find intermodpath!
SDF ERROR: runs/single_key_wipe_p80_h0/final/sdf/nom_fast_1p32V_m40C/tt_um_rumcajs__nom_fast_1p32V_m40C.sdf:706: Could not find intermodpath!
SDF ERROR: runs/single_key_wipe_p80_h0/final/sdf/nom_fast_1p32V_m40C/tt_um_rumcajs__nom_fast_1p32V_m40C.sdf:707: Could not find intermodpath!
SDF ERROR: runs/single_key_wipe_p80_h0/final/sdf/nom_fast_1p32V_m40C/tt_um_rumcajs__nom_fast_1p32V_m40C.sdf:708: Could not find intError: Could not find net. Did you run iverilog with '-ginterconnect'?
Error: Could not find net. Did you run iverilog with '-ginterconnect'?
Error: Could not find net. Did you run iverilog with '-ginterconnect'?
Error: Could not find net. Did you run iverilog with '-ginterconnect'?
Error: Could not find net. Did you run iverilog with '-ginterconnect'?
Error: Could not find net. Did you run iverilog with '-ginterconnect'?
Error: Could not find net. Did you run iverilog with '-ginterconnect'?
Error: Could not find net. Did you run iverilog with '-ginterconnect'?
Error: Could not find net. Did you run iverilog with '-ginterconnect'?
Error: Could not find net. Did you run iverilog with '-ginterconnect'?
Error: Could not find net. Did you run iverilog with '-ginterconnect'?
Error: Could not find net. Did you run iverilog with '-ginterconnect'?
Error: Could not find net. Did you run iverilog with '-ginterconnect'?
Error: Could not find net. Did you run iverilog with '-ginterconnect'?
Error: Could not find net. Did you run iverilog with '-ginterconnect'?
Error: Could not find net. Did you run iverilog with '-ginterconnect'?
Error: Could not find net. Did you run iverilog with '-ginterconnect'?
Error: Could not find net. Did you run iverilog with '-ginterconnect'?
Error: Could not find net. Did you run iverilog with '-ginterconnect'?
Error: Could not find net. Did you run iverilog with '-ginterconnect'?
Error: Could not find net. Did you run iverilog with '-ginterconnect'?
Error: Could not find net. Did you run iverilog with '-ginterconnect'?
Error: Could not find net. Did you run iverilog with '-ginterconnect'?
Error: Could not find net. Did you run iverilog with '-ginterconnect'?
Error: Could not find net. Did you run iverilog with '-ginterconnect'?
Error: Could not find net. Did you run iverilog with '-ginterconnect'?
Error: Could not find net. Did you run iverilog with '-ginterconnect'?
Error: Could not find net. Did you run iverilog with '-ginterconnect'?
Error: Could not find net. Did you run iverilog with '-ginterconnect'?
ermodpath!
SDF ERROR: runs/single_key_wipe_p80_h0/final/sdf/nom_fast_1p32V_m40C/tt_um_rumcajs__nom_fast_1p32V_m40C.sdf:709: Could not find intermodpath!
SDF ERROR: runs/single_key_wipe_p80_h0/final/sdf/nom_fast_1p32V_m40C/tt_um_rumcajs__nom_fast_1p32V_m40C.sdf:710: Could not find intermodpath!
SDF ERROR: runs/single_key_wipe_p80_h0/final/sdf/nom_fast_1p32V_m40C/tt_um_rumcajs__nom_fast_1p32V_m40C.sdf:711: Could not find intermodpath!
SDF ERROR: runs/single_key_wipe_p80_h0/final/sdf/nom_fast_1p32V_m40C/tt_um_rumcajs__nom_fast_1p32V_m40C.sdf:712: Could not find intermodpath!
SDF ERROR: runs/single_key_wipe_p80_h0/final/sdf/nom_fast_1p32V_m40C/tt_um_rumcajs__nom_fast_1p32V_m40C.sdf:713: Could not find intermodpath!
SDF ERROR: runs/single_key_wipe_p80_h0/final/sdf/nom_fast_1p32V_m40C/tt_um_rumcajs__nom_fast_1p32V_m40C.sdf:714: Could not find intermodpath!
SDF ERROR: runs/single_key_wipe_p80_h0/final/sdf/nom_fast_1p32V_m40C/tt_um_rumcajs__nom_fast_1p32V_m40C.sdf:715: Could not find intermodpath!
SDF ERROR: runs/single_key_wipe_p80_h0/final/sdf/nom_fast_1p32V_m40C/tt_um_rumcajs__nom_fast_1p32V_m40C.sdf:716: Could not find intermodpath!
SDF ERROR: runs/single_key_wipe_p80_h0/final/sdf/nom_fast_1p32V_m40C/tt_um_rumcajs__nom_fast_1p32V_m40C.sdf:717: Could not find intermodpath!
SDF ERROR: runs/single_key_wipe_p80_h0/final/sdf/nom_fast_1p32V_m40C/tt_um_rumcajs__nom_fast_1p32V_m40C.sdf:718: Could not find intermodpath!
SDF ERROR: runs/single_key_wipe_p80_h0/final/sdf/nom_fast_1p32V_m40C/tt_um_rumcajs__nom_fast_1p32V_m40C.sdf:719: Could not find intermodpath!
SDF ERROR: runs/single_key_wipe_p80_h0/final/sdf/nom_fast_1p32V_m40C/tt_um_rumcajs__nom_fast_1p32V_m40C.sdf:720: Could not find intermodpath!
SDF ERROR: runs/single_key_wipe_p80_h0/final/sdf/nom_fast_1p32V_m40C/tt_um_rumcajs__nom_fast_1p32V_m40C.sdf:721: Could not find intermodpath!
SDF ERROR: runs/single_key_wipe_p80_h0/final/sdf/nom_fast_1p32V_m40C/tt_um_rumcajs__nom_fast_1p32V_m40C.sdf:722: Could not find intermodpath!
SDF ERROR: runs/single_key_wipe_p80_h0/final/sdf/nom_fast_1p32V_m40C/tt_um_rumcajs__nom_fast_1p32V_m40C.sdf:723: Could not find intermodpath!
SDF ERROR: runs/single_key_wipe_p80_h0/final/sdf/nom_fast_1p32V_m40C/tt_um_rumcajs__nom_fast_1p32V_m40C.sdf:724: Could not find intermodpath!
SDF ERROR: runs/single_key_wipe_p80_h0/final/sdf/nom_fast_1p32V_m40C/tt_um_rumcajs__nom_fast_1p32V_m40C.sdf:725: Could not find intermodpath!
SDF ERROR: runs/single_key_wipe_p80_h0/final/sdf/nom_fast_1p32V_m40C/tt_um_rumcajs__nom_fast_1p32V_m40C.sdf:726: Could not find intermodpath!
SDF ERROR: runs/single_key_wipe_p80_h0/final/sdf/nom_fast_1p32V_m40C/tt_um_rumcajs__nom_fast_1p32V_m40C.sdf:727: Could not find intermodpath!
SDF ERROR: runs/single_key_wipe_p80_h0/final/sdf/nom_fast_1p32V_m40C/tt_um_rumcajs__nom_fast_1p32V_m40C.sdf:728: Could not find intermodpath!
SDF ERROR: runs/single_key_wipe_p80_h0/final/sdf/nom_fast_1p32V_m40C/tt_um_rumcajs__nom_fast_1p32V_m40C.sdf:729: Could not find intermodpath!
SDF ERROR: runs/single_key_wipe_p80_h0/final/sdf/nom_fast_1p32V_m40C/tt_um_rumcajs__nom_fast_1p32V_m40C.sdf:730: Could not find intermodpath!
SDF ERROR: runs/single_key_wipe_p80_h0/final/sdf/nom_fast_1p32V_m40C/tt_um_rumcajs__nom_fast_1p32V_m40C.sdf:731: Could not find intermodpath!
SDF ERROR: runs/single_key_wipe_p80_h0/final/sdf/nom_fast_1p32V_m40C/tt_um_rumcajs__nom_fast_1p32V_m40C.sdf:732: Could not find intermodpath!
SDF ERROR: runs/single_key_wipe_p80_h0/final/sdf/nom_fast_1p32V_m40C/tt_um_rumcajs__nom_fast_1p32V_m40C.sdf:733: Could not find intermodpath!
SDF ERROR: runs/single_key_wipe_p80_h0/final/sdf/nom_fast_1p32V_m40C/tt_um_rumcajs__nom_fast_1p32V_m40C.sdf:734: Could not find intermodpath!
SDF ERROR: runs/single_key_wipe_p80_h0/final/sdf/nom_fast_1p32V_m40C/tt_um_rumcajs__nom_fast_1p32V_m40C.sdf:735: Could not find intermodpath!
SDF ERROR: runs/single_key_wipe_p80_h0/final/sdf/nom_fast_1p32V_m40C/tt_um_rumcajs__nom_fast_1p32V_m40C.sdf:736: Could not find intermodpath!
SDF ERROR: runs/single_key_wipe_p80_h0/final/sdf/nom_fast_1p32V_m40C/tt_um_rumcajs__nom_fast_1p32V_m40C.sdf:7Error: Could not find net. Did you run iverilog with '-ginterconnect'?
Error: Could not find net. Did you run iverilog with '-ginterconnect'?
Error: Could not find net. Did you run iverilog with '-ginterconnect'?
Error: Could not find net. Did you run iverilog with '-ginterconnect'?
Error: Could not find net. Did you run iverilog with '-ginterconnect'?
Error: Could not find net. Did you run iverilog with '-ginterconnect'?
Error: Could not find net. Did you run iverilog with '-ginterconnect'?
Error: Could not find net. Did you run iverilog with '-ginterconnect'?
Error: Could not find net. Did you run iverilog with '-ginterconnect'?
Error: Could not find net. Did you run iverilog with '-ginterconnect'?
Error: Could not find net. Did you run iverilog with '-ginterconnect'?
Error: Could not find net. Did you run iverilog with '-ginterconnect'?
Error: Could not find net. Did you run iverilog with '-ginterconnect'?
Error: Could not find net. Did you run iverilog with '-ginterconnect'?
Error: Could not find net. Did you run iverilog with '-ginterconnect'?
Error: Could not find net. Did you run iverilog with '-ginterconnect'?
Error: Could not find net. Did you run iverilog with '-ginterconnect'?
Error: Could not find net. Did you run iverilog with '-ginterconnect'?
Error: Could not find net. Did you run iverilog with '-ginterconnect'?
Error: Could not find net. Did you run iverilog with '-ginterconnect'?
Error: Could not find net. Did you run iverilog with '-ginterconnect'?
Error: Could not find net. Did you run iverilog with '-ginterconnect'?
Error: Could not find net. Did you run iverilog with '-ginterconnect'?
Error: Could not find net. Did you run iverilog with '-ginterconnect'?
Error: Could not find net. Did you run iverilog with '-ginterconnect'?
Error: Could not find net. Did you run iverilog with '-ginterconnect'?
Error: Could not find net. Did you run iverilog with '-ginterconnect'?
Error: Could not find net. Did you run iverilog with '-ginterconnect'?
Error: Could not find net. Did you run iverilog with '-ginterconnect'?
37: Could not find intermodpath!
SDF ERROR: runs/single_key_wipe_p80_h0/final/sdf/nom_fast_1p32V_m40C/tt_um_rumcajs__nom_fast_1p32V_m40C.sdf:738: Could not find intermodpath!
SDF ERROR: runs/single_key_wipe_p80_h0/final/sdf/nom_fast_1p32V_m40C/tt_um_rumcajs__nom_fast_1p32V_m40C.sdf:739: Could not find intermodpath!
SDF ERROR: runs/single_key_wipe_p80_h0/final/sdf/nom_fast_1p32V_m40C/tt_um_rumcajs__nom_fast_1p32V_m40C.sdf:740: Could not find intermodpath!
SDF ERROR: runs/single_key_wipe_p80_h0/final/sdf/nom_fast_1p32V_m40C/tt_um_rumcajs__nom_fast_1p32V_m40C.sdf:741: Could not find intermodpath!
SDF ERROR: runs/single_key_wipe_p80_h0/final/sdf/nom_fast_1p32V_m40C/tt_um_rumcajs__nom_fast_1p32V_m40C.sdf:742: Could not find intermodpath!
SDF ERROR: runs/single_key_wipe_p80_h0/final/sdf/nom_fast_1p32V_m40C/tt_um_rumcajs__nom_fast_1p32V_m40C.sdf:743: Could not find intermodpath!
SDF ERROR: runs/single_key_wipe_p80_h0/final/sdf/nom_fast_1p32V_m40C/tt_um_rumcajs__nom_fast_1p32V_m40C.sdf:744: Could not find intermodpath!
SDF ERROR: runs/single_key_wipe_p80_h0/final/sdf/nom_fast_1p32V_m40C/tt_um_rumcajs__nom_fast_1p32V_m40C.sdf:745: Could not find intermodpath!
SDF ERROR: runs/single_key_wipe_p80_h0/final/sdf/nom_fast_1p32V_m40C/tt_um_rumcajs__nom_fast_1p32V_m40C.sdf:746: Could not find intermodpath!
SDF ERROR: runs/single_key_wipe_p80_h0/final/sdf/nom_fast_1p32V_m40C/tt_um_rumcajs__nom_fast_1p32V_m40C.sdf:747: Could not find intermodpath!
SDF ERROR: runs/single_key_wipe_p80_h0/final/sdf/nom_fast_1p32V_m40C/tt_um_rumcajs__nom_fast_1p32V_m40C.sdf:748: Could not find intermodpath!
SDF ERROR: runs/single_key_wipe_p80_h0/final/sdf/nom_fast_1p32V_m40C/tt_um_rumcajs__nom_fast_1p32V_m40C.sdf:749: Could not find intermodpath!
SDF ERROR: runs/single_key_wipe_p80_h0/final/sdf/nom_fast_1p32V_m40C/tt_um_rumcajs__nom_fast_1p32V_m40C.sdf:750: Could not find intermodpath!
SDF ERROR: runs/single_key_wipe_p80_h0/final/sdf/nom_fast_1p32V_m40C/tt_um_rumcajs__nom_fast_1p32V_m40C.sdf:751: Could not find intermodpath!
SDF ERROR: runs/single_key_wipe_p80_h0/final/sdf/nom_fast_1p32V_m40C/tt_um_rumcajs__nom_fast_1p32V_m40C.sdf:752: Could not find intermodpath!
SDF ERROR: runs/single_key_wipe_p80_h0/final/sdf/nom_fast_1p32V_m40C/tt_um_rumcajs__nom_fast_1p32V_m40C.sdf:753: Could not find intermodpath!
SDF ERROR: runs/single_key_wipe_p80_h0/final/sdf/nom_fast_1p32V_m40C/tt_um_rumcajs__nom_fast_1p32V_m40C.sdf:754: Could not find intermodpath!
SDF ERROR: runs/single_key_wipe_p80_h0/final/sdf/nom_fast_1p32V_m40C/tt_um_rumcajs__nom_fast_1p32V_m40C.sdf:755: Could not find intermodpath!
SDF ERROR: runs/single_key_wipe_p80_h0/final/sdf/nom_fast_1p32V_m40C/tt_um_rumcajs__nom_fast_1p32V_m40C.sdf:756: Could not find intermodpath!
SDF ERROR: runs/single_key_wipe_p80_h0/final/sdf/nom_fast_1p32V_m40C/tt_um_rumcajs__nom_fast_1p32V_m40C.sdf:757: Could not find intermodpath!
SDF ERROR: runs/single_key_wipe_p80_h0/final/sdf/nom_fast_1p32V_m40C/tt_um_rumcajs__nom_fast_1p32V_m40C.sdf:758: Could not find intermodpath!
SDF ERROR: runs/single_key_wipe_p80_h0/final/sdf/nom_fast_1p32V_m40C/tt_um_rumcajs__nom_fast_1p32V_m40C.sdf:759: Could not find intermodpath!
SDF ERROR: runs/single_key_wipe_p80_h0/final/sdf/nom_fast_1p32V_m40C/tt_um_rumcajs__nom_fast_1p32V_m40C.sdf:760: Could not find intermodpath!
SDF ERROR: runs/single_key_wipe_p80_h0/final/sdf/nom_fast_1p32V_m40C/tt_um_rumcajs__nom_fast_1p32V_m40C.sdf:761: Could not find intermodpath!
SDF ERROR: runs/single_key_wipe_p80_h0/final/sdf/nom_fast_1p32V_m40C/tt_um_rumcajs__nom_fast_1p32V_m40C.sdf:762: Could not find intermodpath!
SDF ERROR: runs/single_key_wipe_p80_h0/final/sdf/nom_fast_1p32V_m40C/tt_um_rumcajs__nom_fast_1p32V_m40C.sdf:763: Could not find intermodpath!
SDF ERROR: runs/single_key_wipe_p80_h0/final/sdf/nom_fast_1p32V_m40C/tt_um_rumcajs__nom_fast_1p32V_m40C.sdf:764: Could not find intermodpath!
SDF ERROR: runs/single_key_wipe_p80_h0/final/sdf/nom_fast_1p32V_m40C/tt_um_rumcajs__nom_fast_1p32V_m40C.sdf:765: Could not find intermodpath!
SDF ERROR: runs/single_key_wipe_p80_h0/final/sdf/nom_fast_1p32V_m40C/tt_um_rumcajs__nomError: Could not find net. Did you run iverilog with '-ginterconnect'?
Error: Could not find net. Did you run iverilog with '-ginterconnect'?
Error: Could not find net. Did you run iverilog with '-ginterconnect'?
Error: Could not find net. Did you run iverilog with '-ginterconnect'?
Error: Could not find net. Did you run iverilog with '-ginterconnect'?
Error: Could not find net. Did you run iverilog with '-ginterconnect'?
Error: Could not find net. Did you run iverilog with '-ginterconnect'?
Error: Could not find net. Did you run iverilog with '-ginterconnect'?
Error: Could not find net. Did you run iverilog with '-ginterconnect'?
Error: Could not find net. Did you run iverilog with '-ginterconnect'?
Error: Could not find net. Did you run iverilog with '-ginterconnect'?
Error: Could not find net. Did you run iverilog with '-ginterconnect'?
Error: Could not find net. Did you run iverilog with '-ginterconnect'?
Error: Could not find net. Did you run iverilog with '-ginterconnect'?
Error: Could not find net. Did you run iverilog with '-ginterconnect'?
Error: Could not find net. Did you run iverilog with '-ginterconnect'?
Error: Could not find net. Did you run iverilog with '-ginterconnect'?
Error: Could not find net. Did you run iverilog with '-ginterconnect'?
Error: Could not find net. Did you run iverilog with '-ginterconnect'?
Error: Could not find net. Did you run iverilog with '-ginterconnect'?
Error: Could not find net. Did you run iverilog with '-ginterconnect'?
Error: Could not find net. Did you run iverilog with '-ginterconnect'?
Error: Could not find net. Did you run iverilog with '-ginterconnect'?
Error: Could not find net. Did you run iverilog with '-ginterconnect'?
Error: Could not find net. Did you run iverilog with '-ginterconnect'?
Error: Could not find net. Did you run iverilog with '-ginterconnect'?
Error: Could not find net. Did you run iverilog with '-ginterconnect'?
Error: Could not find net. Did you run iverilog with '-ginterconnect'?
Error: Could not find net. Did you run iverilog with '-ginterconnect'?
_fast_1p32V_m40C.sdf:766: Could not find intermodpath!
SDF ERROR: runs/single_key_wipe_p80_h0/final/sdf/nom_fast_1p32V_m40C/tt_um_rumcajs__nom_fast_1p32V_m40C.sdf:767: Could not find intermodpath!
SDF ERROR: runs/single_key_wipe_p80_h0/final/sdf/nom_fast_1p32V_m40C/tt_um_rumcajs__nom_fast_1p32V_m40C.sdf:768: Could not find intermodpath!
SDF ERROR: runs/single_key_wipe_p80_h0/final/sdf/nom_fast_1p32V_m40C/tt_um_rumcajs__nom_fast_1p32V_m40C.sdf:769: Could not find intermodpath!
SDF ERROR: runs/single_key_wipe_p80_h0/final/sdf/nom_fast_1p32V_m40C/tt_um_rumcajs__nom_fast_1p32V_m40C.sdf:770: Could not find intermodpath!
SDF ERROR: runs/single_key_wipe_p80_h0/final/sdf/nom_fast_1p32V_m40C/tt_um_rumcajs__nom_fast_1p32V_m40C.sdf:771: Could not find intermodpath!
SDF ERROR: runs/single_key_wipe_p80_h0/final/sdf/nom_fast_1p32V_m40C/tt_um_rumcajs__nom_fast_1p32V_m40C.sdf:772: Could not find intermodpath!
SDF ERROR: runs/single_key_wipe_p80_h0/final/sdf/nom_fast_1p32V_m40C/tt_um_rumcajs__nom_fast_1p32V_m40C.sdf:773: Could not find intermodpath!
SDF ERROR: runs/single_key_wipe_p80_h0/final/sdf/nom_fast_1p32V_m40C/tt_um_rumcajs__nom_fast_1p32V_m40C.sdf:774: Could not find intermodpath!
SDF ERROR: runs/single_key_wipe_p80_h0/final/sdf/nom_fast_1p32V_m40C/tt_um_rumcajs__nom_fast_1p32V_m40C.sdf:775: Could not find intermodpath!
SDF ERROR: runs/single_key_wipe_p80_h0/final/sdf/nom_fast_1p32V_m40C/tt_um_rumcajs__nom_fast_1p32V_m40C.sdf:776: Could not find intermodpath!
SDF ERROR: runs/single_key_wipe_p80_h0/final/sdf/nom_fast_1p32V_m40C/tt_um_rumcajs__nom_fast_1p32V_m40C.sdf:777: Could not find intermodpath!
SDF ERROR: runs/single_key_wipe_p80_h0/final/sdf/nom_fast_1p32V_m40C/tt_um_rumcajs__nom_fast_1p32V_m40C.sdf:778: Could not find intermodpath!
SDF ERROR: runs/single_key_wipe_p80_h0/final/sdf/nom_fast_1p32V_m40C/tt_um_rumcajs__nom_fast_1p32V_m40C.sdf:779: Could not find intermodpath!
SDF ERROR: runs/single_key_wipe_p80_h0/final/sdf/nom_fast_1p32V_m40C/tt_um_rumcajs__nom_fast_1p32V_m40C.sdf:780: Could not find intermodpath!
SDF ERROR: runs/single_key_wipe_p80_h0/final/sdf/nom_fast_1p32V_m40C/tt_um_rumcajs__nom_fast_1p32V_m40C.sdf:781: Could not find intermodpath!
SDF ERROR: runs/single_key_wipe_p80_h0/final/sdf/nom_fast_1p32V_m40C/tt_um_rumcajs__nom_fast_1p32V_m40C.sdf:782: Could not find intermodpath!
SDF ERROR: runs/single_key_wipe_p80_h0/final/sdf/nom_fast_1p32V_m40C/tt_um_rumcajs__nom_fast_1p32V_m40C.sdf:783: Could not find intermodpath!
SDF ERROR: runs/single_key_wipe_p80_h0/final/sdf/nom_fast_1p32V_m40C/tt_um_rumcajs__nom_fast_1p32V_m40C.sdf:784: Could not find intermodpath!
SDF ERROR: runs/single_key_wipe_p80_h0/final/sdf/nom_fast_1p32V_m40C/tt_um_rumcajs__nom_fast_1p32V_m40C.sdf:785: Could not find intermodpath!
SDF ERROR: runs/single_key_wipe_p80_h0/final/sdf/nom_fast_1p32V_m40C/tt_um_rumcajs__nom_fast_1p32V_m40C.sdf:786: Could not find intermodpath!
SDF ERROR: runs/single_key_wipe_p80_h0/final/sdf/nom_fast_1p32V_m40C/tt_um_rumcajs__nom_fast_1p32V_m40C.sdf:787: Could not find intermodpath!
SDF ERROR: runs/single_key_wipe_p80_h0/final/sdf/nom_fast_1p32V_m40C/tt_um_rumcajs__nom_fast_1p32V_m40C.sdf:788: Could not find intermodpath!
SDF ERROR: runs/single_key_wipe_p80_h0/final/sdf/nom_fast_1p32V_m40C/tt_um_rumcajs__nom_fast_1p32V_m40C.sdf:789: Could not find intermodpath!
SDF ERROR: runs/single_key_wipe_p80_h0/final/sdf/nom_fast_1p32V_m40C/tt_um_rumcajs__nom_fast_1p32V_m40C.sdf:790: Could not find intermodpath!
SDF ERROR: runs/single_key_wipe_p80_h0/final/sdf/nom_fast_1p32V_m40C/tt_um_rumcajs__nom_fast_1p32V_m40C.sdf:791: Could not find intermodpath!
SDF ERROR: runs/single_key_wipe_p80_h0/final/sdf/nom_fast_1p32V_m40C/tt_um_rumcajs__nom_fast_1p32V_m40C.sdf:792: Could not find intermodpath!
SDF ERROR: runs/single_key_wipe_p80_h0/final/sdf/nom_fast_1p32V_m40C/tt_um_rumcajs__nom_fast_1p32V_m40C.sdf:793: Could not find intermodpath!
SDF ERROR: runs/single_key_wipe_p80_h0/final/sdf/nom_fast_1p32V_m40C/tt_um_rumcajs__nom_fast_1p32V_m40C.sdf:794: Could not find intermodpath!
SDF ERROR: runs/single_key_wipe_p80_h0/final/sdf/nom_fast_1p32V_mError: Could not find net. Did you run iverilog with '-ginterconnect'?
Error: Could not find net. Did you run iverilog with '-ginterconnect'?
Error: Could not find net. Did you run iverilog with '-ginterconnect'?
Error: Could not find net. Did you run iverilog with '-ginterconnect'?
Error: Could not find net. Did you run iverilog with '-ginterconnect'?
Error: Could not find net. Did you run iverilog with '-ginterconnect'?
Error: Could not find net. Did you run iverilog with '-ginterconnect'?
Error: Could not find net. Did you run iverilog with '-ginterconnect'?
Error: Could not find net. Did you run iverilog with '-ginterconnect'?
Error: Could not find net. Did you run iverilog with '-ginterconnect'?
Error: Could not find net. Did you run iverilog with '-ginterconnect'?
Error: Could not find net. Did you run iverilog with '-ginterconnect'?
Error: Could not find net. Did you run iverilog with '-ginterconnect'?
Error: Could not find net. Did you run iverilog with '-ginterconnect'?
Error: Could not find net. Did you run iverilog with '-ginterconnect'?
Error: Could not find net. Did you run iverilog with '-ginterconnect'?
Error: Could not find net. Did you run iverilog with '-ginterconnect'?
Error: Could not find net. Did you run iverilog with '-ginterconnect'?
Error: Could not find net. Did you run iverilog with '-ginterconnect'?
Error: Could not find net. Did you run iverilog with '-ginterconnect'?
Error: Could not find net. Did you run iverilog with '-ginterconnect'?
Error: Could not find net. Did you run iverilog with '-ginterconnect'?
Error: Could not find net. Did you run iverilog with '-ginterconnect'?
Error: Could not find net. Did you run iverilog with '-ginterconnect'?
Error: Could not find net. Did you run iverilog with '-ginterconnect'?
Error: Could not find net. Did you run iverilog with '-ginterconnect'?
Error: Could not find net. Did you run iverilog with '-ginterconnect'?
Error: Could not find net. Did you run iverilog with '-ginterconnect'?
Error: Could not find net. Did you run iverilog with '-ginterconnect'?
40C/tt_um_rumcajs__nom_fast_1p32V_m40C.sdf:795: Could not find intermodpath!
SDF ERROR: runs/single_key_wipe_p80_h0/final/sdf/nom_fast_1p32V_m40C/tt_um_rumcajs__nom_fast_1p32V_m40C.sdf:796: Could not find intermodpath!
SDF ERROR: runs/single_key_wipe_p80_h0/final/sdf/nom_fast_1p32V_m40C/tt_um_rumcajs__nom_fast_1p32V_m40C.sdf:797: Could not find intermodpath!
SDF ERROR: runs/single_key_wipe_p80_h0/final/sdf/nom_fast_1p32V_m40C/tt_um_rumcajs__nom_fast_1p32V_m40C.sdf:798: Could not find intermodpath!
SDF ERROR: runs/single_key_wipe_p80_h0/final/sdf/nom_fast_1p32V_m40C/tt_um_rumcajs__nom_fast_1p32V_m40C.sdf:799: Could not find intermodpath!
SDF ERROR: runs/single_key_wipe_p80_h0/final/sdf/nom_fast_1p32V_m40C/tt_um_rumcajs__nom_fast_1p32V_m40C.sdf:800: Could not find intermodpath!
SDF ERROR: runs/single_key_wipe_p80_h0/final/sdf/nom_fast_1p32V_m40C/tt_um_rumcajs__nom_fast_1p32V_m40C.sdf:801: Could not find intermodpath!
SDF ERROR: runs/single_key_wipe_p80_h0/final/sdf/nom_fast_1p32V_m40C/tt_um_rumcajs__nom_fast_1p32V_m40C.sdf:802: Could not find intermodpath!
SDF ERROR: runs/single_key_wipe_p80_h0/final/sdf/nom_fast_1p32V_m40C/tt_um_rumcajs__nom_fast_1p32V_m40C.sdf:803: Could not find intermodpath!
SDF ERROR: runs/single_key_wipe_p80_h0/final/sdf/nom_fast_1p32V_m40C/tt_um_rumcajs__nom_fast_1p32V_m40C.sdf:804: Could not find intermodpath!
SDF ERROR: runs/single_key_wipe_p80_h0/final/sdf/nom_fast_1p32V_m40C/tt_um_rumcajs__nom_fast_1p32V_m40C.sdf:805: Could not find intermodpath!
SDF ERROR: runs/single_key_wipe_p80_h0/final/sdf/nom_fast_1p32V_m40C/tt_um_rumcajs__nom_fast_1p32V_m40C.sdf:806: Could not find intermodpath!
SDF ERROR: runs/single_key_wipe_p80_h0/final/sdf/nom_fast_1p32V_m40C/tt_um_rumcajs__nom_fast_1p32V_m40C.sdf:807: Could not find intermodpath!
SDF ERROR: runs/single_key_wipe_p80_h0/final/sdf/nom_fast_1p32V_m40C/tt_um_rumcajs__nom_fast_1p32V_m40C.sdf:808: Could not find intermodpath!
SDF ERROR: runs/single_key_wipe_p80_h0/final/sdf/nom_fast_1p32V_m40C/tt_um_rumcajs__nom_fast_1p32V_m40C.sdf:809: Could not find intermodpath!
SDF ERROR: runs/single_key_wipe_p80_h0/final/sdf/nom_fast_1p32V_m40C/tt_um_rumcajs__nom_fast_1p32V_m40C.sdf:810: Could not find intermodpath!
SDF ERROR: runs/single_key_wipe_p80_h0/final/sdf/nom_fast_1p32V_m40C/tt_um_rumcajs__nom_fast_1p32V_m40C.sdf:811: Could not find intermodpath!
SDF ERROR: runs/single_key_wipe_p80_h0/final/sdf/nom_fast_1p32V_m40C/tt_um_rumcajs__nom_fast_1p32V_m40C.sdf:812: Could not find intermodpath!
SDF ERROR: runs/single_key_wipe_p80_h0/final/sdf/nom_fast_1p32V_m40C/tt_um_rumcajs__nom_fast_1p32V_m40C.sdf:813: Could not find intermodpath!
SDF ERROR: runs/single_key_wipe_p80_h0/final/sdf/nom_fast_1p32V_m40C/tt_um_rumcajs__nom_fast_1p32V_m40C.sdf:814: Could not find intermodpath!
SDF ERROR: runs/single_key_wipe_p80_h0/final/sdf/nom_fast_1p32V_m40C/tt_um_rumcajs__nom_fast_1p32V_m40C.sdf:815: Could not find intermodpath!
SDF ERROR: runs/single_key_wipe_p80_h0/final/sdf/nom_fast_1p32V_m40C/tt_um_rumcajs__nom_fast_1p32V_m40C.sdf:816: Could not find intermodpath!
SDF ERROR: runs/single_key_wipe_p80_h0/final/sdf/nom_fast_1p32V_m40C/tt_um_rumcajs__nom_fast_1p32V_m40C.sdf:817: Could not find intermodpath!
SDF ERROR: runs/single_key_wipe_p80_h0/final/sdf/nom_fast_1p32V_m40C/tt_um_rumcajs__nom_fast_1p32V_m40C.sdf:818: Could not find intermodpath!
SDF ERROR: runs/single_key_wipe_p80_h0/final/sdf/nom_fast_1p32V_m40C/tt_um_rumcajs__nom_fast_1p32V_m40C.sdf:819: Could not find intermodpath!
SDF ERROR: runs/single_key_wipe_p80_h0/final/sdf/nom_fast_1p32V_m40C/tt_um_rumcajs__nom_fast_1p32V_m40C.sdf:820: Could not find intermodpath!
SDF ERROR: runs/single_key_wipe_p80_h0/final/sdf/nom_fast_1p32V_m40C/tt_um_rumcajs__nom_fast_1p32V_m40C.sdf:821: Could not find intermodpath!
SDF ERROR: runs/single_key_wipe_p80_h0/final/sdf/nom_fast_1p32V_m40C/tt_um_rumcajs__nom_fast_1p32V_m40C.sdf:822: Could not find intermodpath!
SDF ERROR: runs/single_key_wipe_p80_h0/final/sdf/nom_fast_1p32V_m40C/tt_um_rumcajs__nom_fast_1p32V_m40C.sdf:823: Could not find intermodpath!
SDF ERROR: runs/single_key_wipe_p80_h0/finaError: Could not find net. Did you run iverilog with '-ginterconnect'?
Error: Could not find net. Did you run iverilog with '-ginterconnect'?
Error: Could not find net. Did you run iverilog with '-ginterconnect'?
Error: Could not find net. Did you run iverilog with '-ginterconnect'?
Error: Could not find net. Did you run iverilog with '-ginterconnect'?
Error: Could not find net. Did you run iverilog with '-ginterconnect'?
Error: Could not find net. Did you run iverilog with '-ginterconnect'?
Error: Could not find net. Did you run iverilog with '-ginterconnect'?
Error: Could not find net. Did you run iverilog with '-ginterconnect'?
Error: Could not find net. Did you run iverilog with '-ginterconnect'?
Error: Could not find net. Did you run iverilog with '-ginterconnect'?
Error: Could not find net. Did you run iverilog with '-ginterconnect'?
Error: Could not find net. Did you run iverilog with '-ginterconnect'?
Error: Could not find net. Did you run iverilog with '-ginterconnect'?
Error: Could not find net. Did you run iverilog with '-ginterconnect'?
Error: Could not find net. Did you run iverilog with '-ginterconnect'?
Error: Could not find net. Did you run iverilog with '-ginterconnect'?
Error: Could not find net. Did you run iverilog with '-ginterconnect'?
Error: Could not find net. Did you run iverilog with '-ginterconnect'?
Error: Could not find net. Did you run iverilog with '-ginterconnect'?
Error: Could not find net. Did you run iverilog with '-ginterconnect'?
Error: Could not find net. Did you run iverilog with '-ginterconnect'?
Error: Could not find net. Did you run iverilog with '-ginterconnect'?
Error: Could not find net. Did you run iverilog with '-ginterconnect'?
Error: Could not find net. Did you run iverilog with '-ginterconnect'?
Error: Could not find net. Did you run iverilog with '-ginterconnect'?
Error: Could not find net. Did you run iverilog with '-ginterconnect'?
Error: Could not find net. Did you run iverilog with '-ginterconnect'?
Error: Could not find net. Did you run iverilog with '-ginterconnect'?
l/sdf/nom_fast_1p32V_m40C/tt_um_rumcajs__nom_fast_1p32V_m40C.sdf:824: Could not find intermodpath!
SDF ERROR: runs/single_key_wipe_p80_h0/final/sdf/nom_fast_1p32V_m40C/tt_um_rumcajs__nom_fast_1p32V_m40C.sdf:825: Could not find intermodpath!
SDF ERROR: runs/single_key_wipe_p80_h0/final/sdf/nom_fast_1p32V_m40C/tt_um_rumcajs__nom_fast_1p32V_m40C.sdf:826: Could not find intermodpath!
SDF ERROR: runs/single_key_wipe_p80_h0/final/sdf/nom_fast_1p32V_m40C/tt_um_rumcajs__nom_fast_1p32V_m40C.sdf:827: Could not find intermodpath!
SDF ERROR: runs/single_key_wipe_p80_h0/final/sdf/nom_fast_1p32V_m40C/tt_um_rumcajs__nom_fast_1p32V_m40C.sdf:828: Could not find intermodpath!
SDF ERROR: runs/single_key_wipe_p80_h0/final/sdf/nom_fast_1p32V_m40C/tt_um_rumcajs__nom_fast_1p32V_m40C.sdf:829: Could not find intermodpath!
SDF ERROR: runs/single_key_wipe_p80_h0/final/sdf/nom_fast_1p32V_m40C/tt_um_rumcajs__nom_fast_1p32V_m40C.sdf:830: Could not find intermodpath!
SDF ERROR: runs/single_key_wipe_p80_h0/final/sdf/nom_fast_1p32V_m40C/tt_um_rumcajs__nom_fast_1p32V_m40C.sdf:831: Could not find intermodpath!
SDF ERROR: runs/single_key_wipe_p80_h0/final/sdf/nom_fast_1p32V_m40C/tt_um_rumcajs__nom_fast_1p32V_m40C.sdf:832: Could not find intermodpath!
SDF ERROR: runs/single_key_wipe_p80_h0/final/sdf/nom_fast_1p32V_m40C/tt_um_rumcajs__nom_fast_1p32V_m40C.sdf:833: Could not find intermodpath!
SDF ERROR: runs/single_key_wipe_p80_h0/final/sdf/nom_fast_1p32V_m40C/tt_um_rumcajs__nom_fast_1p32V_m40C.sdf:834: Could not find intermodpath!
SDF ERROR: runs/single_key_wipe_p80_h0/final/sdf/nom_fast_1p32V_m40C/tt_um_rumcajs__nom_fast_1p32V_m40C.sdf:835: Could not find intermodpath!
SDF ERROR: runs/single_key_wipe_p80_h0/final/sdf/nom_fast_1p32V_m40C/tt_um_rumcajs__nom_fast_1p32V_m40C.sdf:836: Could not find intermodpath!
SDF ERROR: runs/single_key_wipe_p80_h0/final/sdf/nom_fast_1p32V_m40C/tt_um_rumcajs__nom_fast_1p32V_m40C.sdf:837: Could not find intermodpath!
SDF ERROR: runs/single_key_wipe_p80_h0/final/sdf/nom_fast_1p32V_m40C/tt_um_rumcajs__nom_fast_1p32V_m40C.sdf:838: Could not find intermodpath!
SDF ERROR: runs/single_key_wipe_p80_h0/final/sdf/nom_fast_1p32V_m40C/tt_um_rumcajs__nom_fast_1p32V_m40C.sdf:839: Could not find intermodpath!
SDF ERROR: runs/single_key_wipe_p80_h0/final/sdf/nom_fast_1p32V_m40C/tt_um_rumcajs__nom_fast_1p32V_m40C.sdf:840: Could not find intermodpath!
SDF ERROR: runs/single_key_wipe_p80_h0/final/sdf/nom_fast_1p32V_m40C/tt_um_rumcajs__nom_fast_1p32V_m40C.sdf:841: Could not find intermodpath!
SDF ERROR: runs/single_key_wipe_p80_h0/final/sdf/nom_fast_1p32V_m40C/tt_um_rumcajs__nom_fast_1p32V_m40C.sdf:842: Could not find intermodpath!
SDF ERROR: runs/single_key_wipe_p80_h0/final/sdf/nom_fast_1p32V_m40C/tt_um_rumcajs__nom_fast_1p32V_m40C.sdf:843: Could not find intermodpath!
SDF ERROR: runs/single_key_wipe_p80_h0/final/sdf/nom_fast_1p32V_m40C/tt_um_rumcajs__nom_fast_1p32V_m40C.sdf:844: Could not find intermodpath!
SDF ERROR: runs/single_key_wipe_p80_h0/final/sdf/nom_fast_1p32V_m40C/tt_um_rumcajs__nom_fast_1p32V_m40C.sdf:845: Could not find intermodpath!
SDF ERROR: runs/single_key_wipe_p80_h0/final/sdf/nom_fast_1p32V_m40C/tt_um_rumcajs__nom_fast_1p32V_m40C.sdf:846: Could not find intermodpath!
SDF ERROR: runs/single_key_wipe_p80_h0/final/sdf/nom_fast_1p32V_m40C/tt_um_rumcajs__nom_fast_1p32V_m40C.sdf:847: Could not find intermodpath!
SDF ERROR: runs/single_key_wipe_p80_h0/final/sdf/nom_fast_1p32V_m40C/tt_um_rumcajs__nom_fast_1p32V_m40C.sdf:848: Could not find intermodpath!
SDF ERROR: runs/single_key_wipe_p80_h0/final/sdf/nom_fast_1p32V_m40C/tt_um_rumcajs__nom_fast_1p32V_m40C.sdf:849: Could not find intermodpath!
SDF ERROR: runs/single_key_wipe_p80_h0/final/sdf/nom_fast_1p32V_m40C/tt_um_rumcajs__nom_fast_1p32V_m40C.sdf:850: Could not find intermodpath!
SDF ERROR: runs/single_key_wipe_p80_h0/final/sdf/nom_fast_1p32V_m40C/tt_um_rumcajs__nom_fast_1p32V_m40C.sdf:851: Could not find intermodpath!
SDF ERROR: runs/single_key_wipe_p80_h0/final/sdf/nom_fast_1p32V_m40C/tt_um_rumcajs__nom_fast_1p32V_m40C.sdf:852: Could not find intermodpath!
SDF ERROR: runs/singlError: Could not find net. Did you run iverilog with '-ginterconnect'?
Error: Could not find net. Did you run iverilog with '-ginterconnect'?
Error: Could not find net. Did you run iverilog with '-ginterconnect'?
Error: Could not find net. Did you run iverilog with '-ginterconnect'?
Error: Could not find net. Did you run iverilog with '-ginterconnect'?
Error: Could not find net. Did you run iverilog with '-ginterconnect'?
Error: Could not find net. Did you run iverilog with '-ginterconnect'?
Error: Could not find net. Did you run iverilog with '-ginterconnect'?
Error: Could not find net. Did you run iverilog with '-ginterconnect'?
Error: Could not find net. Did you run iverilog with '-ginterconnect'?
Error: Could not find net. Did you run iverilog with '-ginterconnect'?
Error: Could not find net. Did you run iverilog with '-ginterconnect'?
Error: Could not find net. Did you run iverilog with '-ginterconnect'?
Error: Could not find net. Did you run iverilog with '-ginterconnect'?
Error: Could not find net. Did you run iverilog with '-ginterconnect'?
Error: Could not find net. Did you run iverilog with '-ginterconnect'?
Error: Could not find net. Did you run iverilog with '-ginterconnect'?
Error: Could not find net. Did you run iverilog with '-ginterconnect'?
Error: Could not find net. Did you run iverilog with '-ginterconnect'?
Error: Could not find net. Did you run iverilog with '-ginterconnect'?
Error: Could not find net. Did you run iverilog with '-ginterconnect'?
Error: Could not find net. Did you run iverilog with '-ginterconnect'?
Error: Could not find net. Did you run iverilog with '-ginterconnect'?
Error: Could not find net. Did you run iverilog with '-ginterconnect'?
Error: Could not find net. Did you run iverilog with '-ginterconnect'?
Error: Could not find net. Did you run iverilog with '-ginterconnect'?
Error: Could not find net. Did you run iverilog with '-ginterconnect'?
Error: Could not find net. Did you run iverilog with '-ginterconnect'?
e_key_wipe_p80_h0/final/sdf/nom_fast_1p32V_m40C/tt_um_rumcajs__nom_fast_1p32V_m40C.sdf:853: Could not find intermodpath!
SDF ERROR: runs/single_key_wipe_p80_h0/final/sdf/nom_fast_1p32V_m40C/tt_um_rumcajs__nom_fast_1p32V_m40C.sdf:854: Could not find intermodpath!
SDF ERROR: runs/single_key_wipe_p80_h0/final/sdf/nom_fast_1p32V_m40C/tt_um_rumcajs__nom_fast_1p32V_m40C.sdf:855: Could not find intermodpath!
SDF ERROR: runs/single_key_wipe_p80_h0/final/sdf/nom_fast_1p32V_m40C/tt_um_rumcajs__nom_fast_1p32V_m40C.sdf:856: Could not find intermodpath!
SDF ERROR: runs/single_key_wipe_p80_h0/final/sdf/nom_fast_1p32V_m40C/tt_um_rumcajs__nom_fast_1p32V_m40C.sdf:857: Could not find intermodpath!
SDF ERROR: runs/single_key_wipe_p80_h0/final/sdf/nom_fast_1p32V_m40C/tt_um_rumcajs__nom_fast_1p32V_m40C.sdf:858: Could not find intermodpath!
SDF ERROR: runs/single_key_wipe_p80_h0/final/sdf/nom_fast_1p32V_m40C/tt_um_rumcajs__nom_fast_1p32V_m40C.sdf:859: Could not find intermodpath!
SDF ERROR: runs/single_key_wipe_p80_h0/final/sdf/nom_fast_1p32V_m40C/tt_um_rumcajs__nom_fast_1p32V_m40C.sdf:860: Could not find intermodpath!
SDF ERROR: runs/single_key_wipe_p80_h0/final/sdf/nom_fast_1p32V_m40C/tt_um_rumcajs__nom_fast_1p32V_m40C.sdf:861: Could not find intermodpath!
SDF ERROR: runs/single_key_wipe_p80_h0/final/sdf/nom_fast_1p32V_m40C/tt_um_rumcajs__nom_fast_1p32V_m40C.sdf:862: Could not find intermodpath!
SDF ERROR: runs/single_key_wipe_p80_h0/final/sdf/nom_fast_1p32V_m40C/tt_um_rumcajs__nom_fast_1p32V_m40C.sdf:863: Could not find intermodpath!
SDF ERROR: runs/single_key_wipe_p80_h0/final/sdf/nom_fast_1p32V_m40C/tt_um_rumcajs__nom_fast_1p32V_m40C.sdf:864: Could not find intermodpath!
SDF ERROR: runs/single_key_wipe_p80_h0/final/sdf/nom_fast_1p32V_m40C/tt_um_rumcajs__nom_fast_1p32V_m40C.sdf:865: Could not find intermodpath!
SDF ERROR: runs/single_key_wipe_p80_h0/final/sdf/nom_fast_1p32V_m40C/tt_um_rumcajs__nom_fast_1p32V_m40C.sdf:866: Could not find intermodpath!
SDF ERROR: runs/single_key_wipe_p80_h0/final/sdf/nom_fast_1p32V_m40C/tt_um_rumcajs__nom_fast_1p32V_m40C.sdf:867: Could not find intermodpath!
SDF ERROR: runs/single_key_wipe_p80_h0/final/sdf/nom_fast_1p32V_m40C/tt_um_rumcajs__nom_fast_1p32V_m40C.sdf:868: Could not find intermodpath!
SDF ERROR: runs/single_key_wipe_p80_h0/final/sdf/nom_fast_1p32V_m40C/tt_um_rumcajs__nom_fast_1p32V_m40C.sdf:869: Could not find intermodpath!
SDF ERROR: runs/single_key_wipe_p80_h0/final/sdf/nom_fast_1p32V_m40C/tt_um_rumcajs__nom_fast_1p32V_m40C.sdf:870: Could not find intermodpath!
SDF ERROR: runs/single_key_wipe_p80_h0/final/sdf/nom_fast_1p32V_m40C/tt_um_rumcajs__nom_fast_1p32V_m40C.sdf:871: Could not find intermodpath!
SDF ERROR: runs/single_key_wipe_p80_h0/final/sdf/nom_fast_1p32V_m40C/tt_um_rumcajs__nom_fast_1p32V_m40C.sdf:872: Could not find intermodpath!
SDF ERROR: runs/single_key_wipe_p80_h0/final/sdf/nom_fast_1p32V_m40C/tt_um_rumcajs__nom_fast_1p32V_m40C.sdf:873: Could not find intermodpath!
SDF ERROR: runs/single_key_wipe_p80_h0/final/sdf/nom_fast_1p32V_m40C/tt_um_rumcajs__nom_fast_1p32V_m40C.sdf:874: Could not find intermodpath!
SDF ERROR: runs/single_key_wipe_p80_h0/final/sdf/nom_fast_1p32V_m40C/tt_um_rumcajs__nom_fast_1p32V_m40C.sdf:875: Could not find intermodpath!
SDF ERROR: runs/single_key_wipe_p80_h0/final/sdf/nom_fast_1p32V_m40C/tt_um_rumcajs__nom_fast_1p32V_m40C.sdf:876: Could not find intermodpath!
SDF ERROR: runs/single_key_wipe_p80_h0/final/sdf/nom_fast_1p32V_m40C/tt_um_rumcajs__nom_fast_1p32V_m40C.sdf:877: Could not find intermodpath!
SDF ERROR: runs/single_key_wipe_p80_h0/final/sdf/nom_fast_1p32V_m40C/tt_um_rumcajs__nom_fast_1p32V_m40C.sdf:878: Could not find intermodpath!
SDF ERROR: runs/single_key_wipe_p80_h0/final/sdf/nom_fast_1p32V_m40C/tt_um_rumcajs__nom_fast_1p32V_m40C.sdf:879: Could not find intermodpath!
SDF ERROR: runs/single_key_wipe_p80_h0/final/sdf/nom_fast_1p32V_m40C/tt_um_rumcajs__nom_fast_1p32V_m40C.sdf:880: Could not find intermodpath!
SDF ERROR: runs/single_key_wipe_p80_h0/final/sdf/nom_fast_1p32V_m40C/tt_um_rumcajs__nom_fast_1p32V_m40C.sdf:881: Could not find intermodpath!Error: Could not find net. Did you run iverilog with '-ginterconnect'?
Error: Could not find net. Did you run iverilog with '-ginterconnect'?
Error: Could not find net. Did you run iverilog with '-ginterconnect'?
Error: Could not find net. Did you run iverilog with '-ginterconnect'?
Error: Could not find net. Did you run iverilog with '-ginterconnect'?
Error: Could not find net. Did you run iverilog with '-ginterconnect'?
Error: Could not find net. Did you run iverilog with '-ginterconnect'?
Error: Could not find net. Did you run iverilog with '-ginterconnect'?
Error: Could not find net. Did you run iverilog with '-ginterconnect'?
Error: Could not find net. Did you run iverilog with '-ginterconnect'?
Error: Could not find net. Did you run iverilog with '-ginterconnect'?
Error: Could not find net. Did you run iverilog with '-ginterconnect'?
Error: Could not find net. Did you run iverilog with '-ginterconnect'?
Error: Could not find net. Did you run iverilog with '-ginterconnect'?
Error: Could not find net. Did you run iverilog with '-ginterconnect'?
Error: Could not find net. Did you run iverilog with '-ginterconnect'?
Error: Could not find net. Did you run iverilog with '-ginterconnect'?
Error: Could not find net. Did you run iverilog with '-ginterconnect'?
Error: Could not find net. Did you run iverilog with '-ginterconnect'?
Error: Could not find net. Did you run iverilog with '-ginterconnect'?
Error: Could not find net. Did you run iverilog with '-ginterconnect'?
Error: Could not find net. Did you run iverilog with '-ginterconnect'?
Error: Could not find net. Did you run iverilog with '-ginterconnect'?
Error: Could not find net. Did you run iverilog with '-ginterconnect'?
Error: Could not find net. Did you run iverilog with '-ginterconnect'?
Error: Could not find net. Did you run iverilog with '-ginterconnect'?
Error: Could not find net. Did you run iverilog with '-ginterconnect'?
Error: Could not find net. Did you run iverilog with '-ginterconnect'?
Error: Could not find net. Did you run iverilog with '-ginterconnect'?

SDF ERROR: runs/single_key_wipe_p80_h0/final/sdf/nom_fast_1p32V_m40C/tt_um_rumcajs__nom_fast_1p32V_m40C.sdf:882: Could not find intermodpath!
SDF ERROR: runs/single_key_wipe_p80_h0/final/sdf/nom_fast_1p32V_m40C/tt_um_rumcajs__nom_fast_1p32V_m40C.sdf:883: Could not find intermodpath!
SDF ERROR: runs/single_key_wipe_p80_h0/final/sdf/nom_fast_1p32V_m40C/tt_um_rumcajs__nom_fast_1p32V_m40C.sdf:884: Could not find intermodpath!
SDF ERROR: runs/single_key_wipe_p80_h0/final/sdf/nom_fast_1p32V_m40C/tt_um_rumcajs__nom_fast_1p32V_m40C.sdf:885: Could not find intermodpath!
SDF ERROR: runs/single_key_wipe_p80_h0/final/sdf/nom_fast_1p32V_m40C/tt_um_rumcajs__nom_fast_1p32V_m40C.sdf:886: Could not find intermodpath!
SDF ERROR: runs/single_key_wipe_p80_h0/final/sdf/nom_fast_1p32V_m40C/tt_um_rumcajs__nom_fast_1p32V_m40C.sdf:887: Could not find intermodpath!
SDF ERROR: runs/single_key_wipe_p80_h0/final/sdf/nom_fast_1p32V_m40C/tt_um_rumcajs__nom_fast_1p32V_m40C.sdf:888: Could not find intermodpath!
SDF ERROR: runs/single_key_wipe_p80_h0/final/sdf/nom_fast_1p32V_m40C/tt_um_rumcajs__nom_fast_1p32V_m40C.sdf:889: Could not find intermodpath!
SDF ERROR: runs/single_key_wipe_p80_h0/final/sdf/nom_fast_1p32V_m40C/tt_um_rumcajs__nom_fast_1p32V_m40C.sdf:890: Could not find intermodpath!
SDF ERROR: runs/single_key_wipe_p80_h0/final/sdf/nom_fast_1p32V_m40C/tt_um_rumcajs__nom_fast_1p32V_m40C.sdf:891: Could not find intermodpath!
SDF ERROR: runs/single_key_wipe_p80_h0/final/sdf/nom_fast_1p32V_m40C/tt_um_rumcajs__nom_fast_1p32V_m40C.sdf:892: Could not find intermodpath!
SDF ERROR: runs/single_key_wipe_p80_h0/final/sdf/nom_fast_1p32V_m40C/tt_um_rumcajs__nom_fast_1p32V_m40C.sdf:893: Could not find intermodpath!
SDF ERROR: runs/single_key_wipe_p80_h0/final/sdf/nom_fast_1p32V_m40C/tt_um_rumcajs__nom_fast_1p32V_m40C.sdf:894: Could not find intermodpath!
SDF ERROR: runs/single_key_wipe_p80_h0/final/sdf/nom_fast_1p32V_m40C/tt_um_rumcajs__nom_fast_1p32V_m40C.sdf:895: Could not find intermodpath!
SDF ERROR: runs/single_key_wipe_p80_h0/final/sdf/nom_fast_1p32V_m40C/tt_um_rumcajs__nom_fast_1p32V_m40C.sdf:896: Could not find intermodpath!
SDF ERROR: runs/single_key_wipe_p80_h0/final/sdf/nom_fast_1p32V_m40C/tt_um_rumcajs__nom_fast_1p32V_m40C.sdf:897: Could not find intermodpath!
SDF ERROR: runs/single_key_wipe_p80_h0/final/sdf/nom_fast_1p32V_m40C/tt_um_rumcajs__nom_fast_1p32V_m40C.sdf:898: Could not find intermodpath!
SDF ERROR: runs/single_key_wipe_p80_h0/final/sdf/nom_fast_1p32V_m40C/tt_um_rumcajs__nom_fast_1p32V_m40C.sdf:899: Could not find intermodpath!
SDF ERROR: runs/single_key_wipe_p80_h0/final/sdf/nom_fast_1p32V_m40C/tt_um_rumcajs__nom_fast_1p32V_m40C.sdf:900: Could not find intermodpath!
SDF ERROR: runs/single_key_wipe_p80_h0/final/sdf/nom_fast_1p32V_m40C/tt_um_rumcajs__nom_fast_1p32V_m40C.sdf:901: Could not find intermodpath!
SDF ERROR: runs/single_key_wipe_p80_h0/final/sdf/nom_fast_1p32V_m40C/tt_um_rumcajs__nom_fast_1p32V_m40C.sdf:902: Could not find intermodpath!
SDF ERROR: runs/single_key_wipe_p80_h0/final/sdf/nom_fast_1p32V_m40C/tt_um_rumcajs__nom_fast_1p32V_m40C.sdf:903: Could not find intermodpath!
SDF ERROR: runs/single_key_wipe_p80_h0/final/sdf/nom_fast_1p32V_m40C/tt_um_rumcajs__nom_fast_1p32V_m40C.sdf:904: Could not find intermodpath!
SDF ERROR: runs/single_key_wipe_p80_h0/final/sdf/nom_fast_1p32V_m40C/tt_um_rumcajs__nom_fast_1p32V_m40C.sdf:905: Could not find intermodpath!
SDF ERROR: runs/single_key_wipe_p80_h0/final/sdf/nom_fast_1p32V_m40C/tt_um_rumcajs__nom_fast_1p32V_m40C.sdf:906: Could not find intermodpath!
SDF ERROR: runs/single_key_wipe_p80_h0/final/sdf/nom_fast_1p32V_m40C/tt_um_rumcajs__nom_fast_1p32V_m40C.sdf:907: Could not find intermodpath!
SDF ERROR: runs/single_key_wipe_p80_h0/final/sdf/nom_fast_1p32V_m40C/tt_um_rumcajs__nom_fast_1p32V_m40C.sdf:908: Could not find intermodpath!
SDF ERROR: runs/single_key_wipe_p80_h0/final/sdf/nom_fast_1p32V_m40C/tt_um_rumcajs__nom_fast_1p32V_m40C.sdf:909: Could not find intermodpath!
SDF ERROR: runs/single_key_wipe_p80_h0/final/sdf/nom_fast_1p32V_m40C/tt_um_rumcajs__nom_fast_1p32V_m40C.sdf:910: Could Error: Could not find net. Did you run iverilog with '-ginterconnect'?
Error: Could not find net. Did you run iverilog with '-ginterconnect'?
Error: Could not find net. Did you run iverilog with '-ginterconnect'?
Error: Could not find net. Did you run iverilog with '-ginterconnect'?
Error: Could not find net. Did you run iverilog with '-ginterconnect'?
Error: Could not find net. Did you run iverilog with '-ginterconnect'?
Error: Could not find net. Did you run iverilog with '-ginterconnect'?
Error: Could not find net. Did you run iverilog with '-ginterconnect'?
Error: Could not find net. Did you run iverilog with '-ginterconnect'?
Error: Could not find net. Did you run iverilog with '-ginterconnect'?
Error: Could not find net. Did you run iverilog with '-ginterconnect'?
Error: Could not find net. Did you run iverilog with '-ginterconnect'?
Error: Could not find net. Did you run iverilog with '-ginterconnect'?
Error: Could not find net. Did you run iverilog with '-ginterconnect'?
Error: Could not find net. Did you run iverilog with '-ginterconnect'?
Error: Could not find net. Did you run iverilog with '-ginterconnect'?
Error: Could not find net. Did you run iverilog with '-ginterconnect'?
Error: Could not find net. Did you run iverilog with '-ginterconnect'?
Error: Could not find net. Did you run iverilog with '-ginterconnect'?
Error: Could not find net. Did you run iverilog with '-ginterconnect'?
Error: Could not find net. Did you run iverilog with '-ginterconnect'?
Error: Could not find net. Did you run iverilog with '-ginterconnect'?
Error: Could not find net. Did you run iverilog with '-ginterconnect'?
Error: Could not find net. Did you run iverilog with '-ginterconnect'?
Error: Could not find net. Did you run iverilog with '-ginterconnect'?
Error: Could not find net. Did you run iverilog with '-ginterconnect'?
Error: Could not find net. Did you run iverilog with '-ginterconnect'?
Error: Could not find net. Did you run iverilog with '-ginterconnect'?
Error: Could not find net. Did you run iverilog with '-ginterconnect'?
not find intermodpath!
SDF ERROR: runs/single_key_wipe_p80_h0/final/sdf/nom_fast_1p32V_m40C/tt_um_rumcajs__nom_fast_1p32V_m40C.sdf:911: Could not find intermodpath!
SDF ERROR: runs/single_key_wipe_p80_h0/final/sdf/nom_fast_1p32V_m40C/tt_um_rumcajs__nom_fast_1p32V_m40C.sdf:912: Could not find intermodpath!
SDF ERROR: runs/single_key_wipe_p80_h0/final/sdf/nom_fast_1p32V_m40C/tt_um_rumcajs__nom_fast_1p32V_m40C.sdf:913: Could not find intermodpath!
SDF ERROR: runs/single_key_wipe_p80_h0/final/sdf/nom_fast_1p32V_m40C/tt_um_rumcajs__nom_fast_1p32V_m40C.sdf:914: Could not find intermodpath!
SDF ERROR: runs/single_key_wipe_p80_h0/final/sdf/nom_fast_1p32V_m40C/tt_um_rumcajs__nom_fast_1p32V_m40C.sdf:915: Could not find intermodpath!
SDF ERROR: runs/single_key_wipe_p80_h0/final/sdf/nom_fast_1p32V_m40C/tt_um_rumcajs__nom_fast_1p32V_m40C.sdf:916: Could not find intermodpath!
SDF ERROR: runs/single_key_wipe_p80_h0/final/sdf/nom_fast_1p32V_m40C/tt_um_rumcajs__nom_fast_1p32V_m40C.sdf:917: Could not find intermodpath!
SDF ERROR: runs/single_key_wipe_p80_h0/final/sdf/nom_fast_1p32V_m40C/tt_um_rumcajs__nom_fast_1p32V_m40C.sdf:918: Could not find intermodpath!
SDF ERROR: runs/single_key_wipe_p80_h0/final/sdf/nom_fast_1p32V_m40C/tt_um_rumcajs__nom_fast_1p32V_m40C.sdf:919: Could not find intermodpath!
SDF ERROR: runs/single_key_wipe_p80_h0/final/sdf/nom_fast_1p32V_m40C/tt_um_rumcajs__nom_fast_1p32V_m40C.sdf:920: Could not find intermodpath!
SDF ERROR: runs/single_key_wipe_p80_h0/final/sdf/nom_fast_1p32V_m40C/tt_um_rumcajs__nom_fast_1p32V_m40C.sdf:921: Could not find intermodpath!
SDF ERROR: runs/single_key_wipe_p80_h0/final/sdf/nom_fast_1p32V_m40C/tt_um_rumcajs__nom_fast_1p32V_m40C.sdf:922: Could not find intermodpath!
SDF ERROR: runs/single_key_wipe_p80_h0/final/sdf/nom_fast_1p32V_m40C/tt_um_rumcajs__nom_fast_1p32V_m40C.sdf:923: Could not find intermodpath!
SDF ERROR: runs/single_key_wipe_p80_h0/final/sdf/nom_fast_1p32V_m40C/tt_um_rumcajs__nom_fast_1p32V_m40C.sdf:924: Could not find intermodpath!
SDF ERROR: runs/single_key_wipe_p80_h0/final/sdf/nom_fast_1p32V_m40C/tt_um_rumcajs__nom_fast_1p32V_m40C.sdf:925: Could not find intermodpath!
SDF ERROR: runs/single_key_wipe_p80_h0/final/sdf/nom_fast_1p32V_m40C/tt_um_rumcajs__nom_fast_1p32V_m40C.sdf:926: Could not find intermodpath!
SDF ERROR: runs/single_key_wipe_p80_h0/final/sdf/nom_fast_1p32V_m40C/tt_um_rumcajs__nom_fast_1p32V_m40C.sdf:927: Could not find intermodpath!
SDF ERROR: runs/single_key_wipe_p80_h0/final/sdf/nom_fast_1p32V_m40C/tt_um_rumcajs__nom_fast_1p32V_m40C.sdf:928: Could not find intermodpath!
SDF ERROR: runs/single_key_wipe_p80_h0/final/sdf/nom_fast_1p32V_m40C/tt_um_rumcajs__nom_fast_1p32V_m40C.sdf:929: Could not find intermodpath!
SDF ERROR: runs/single_key_wipe_p80_h0/final/sdf/nom_fast_1p32V_m40C/tt_um_rumcajs__nom_fast_1p32V_m40C.sdf:930: Could not find intermodpath!
SDF ERROR: runs/single_key_wipe_p80_h0/final/sdf/nom_fast_1p32V_m40C/tt_um_rumcajs__nom_fast_1p32V_m40C.sdf:931: Could not find intermodpath!
SDF ERROR: runs/single_key_wipe_p80_h0/final/sdf/nom_fast_1p32V_m40C/tt_um_rumcajs__nom_fast_1p32V_m40C.sdf:932: Could not find intermodpath!
SDF ERROR: runs/single_key_wipe_p80_h0/final/sdf/nom_fast_1p32V_m40C/tt_um_rumcajs__nom_fast_1p32V_m40C.sdf:933: Could not find intermodpath!
SDF ERROR: runs/single_key_wipe_p80_h0/final/sdf/nom_fast_1p32V_m40C/tt_um_rumcajs__nom_fast_1p32V_m40C.sdf:934: Could not find intermodpath!
SDF ERROR: runs/single_key_wipe_p80_h0/final/sdf/nom_fast_1p32V_m40C/tt_um_rumcajs__nom_fast_1p32V_m40C.sdf:935: Could not find intermodpath!
SDF ERROR: runs/single_key_wipe_p80_h0/final/sdf/nom_fast_1p32V_m40C/tt_um_rumcajs__nom_fast_1p32V_m40C.sdf:936: Could not find intermodpath!
SDF ERROR: runs/single_key_wipe_p80_h0/final/sdf/nom_fast_1p32V_m40C/tt_um_rumcajs__nom_fast_1p32V_m40C.sdf:937: Could not find intermodpath!
SDF ERROR: runs/single_key_wipe_p80_h0/final/sdf/nom_fast_1p32V_m40C/tt_um_rumcajs__nom_fast_1p32V_m40C.sdf:938: Could not find intermodpath!
SDF ERROR: runs/single_key_wipe_p80_h0/final/sdf/nom_fast_1p32V_m40C/tt_um_rumcajs__nom_fast_1p32Error: Could not find net. Did you run iverilog with '-ginterconnect'?
Error: Could not find net. Did you run iverilog with '-ginterconnect'?
Error: Could not find net. Did you run iverilog with '-ginterconnect'?
Error: Could not find net. Did you run iverilog with '-ginterconnect'?
Error: Could not find net. Did you run iverilog with '-ginterconnect'?
Error: Could not find net. Did you run iverilog with '-ginterconnect'?
Error: Could not find net. Did you run iverilog with '-ginterconnect'?
Error: Could not find net. Did you run iverilog with '-ginterconnect'?
Error: Could not find net. Did you run iverilog with '-ginterconnect'?
Error: Could not find net. Did you run iverilog with '-ginterconnect'?
Error: Could not find net. Did you run iverilog with '-ginterconnect'?
Error: Could not find net. Did you run iverilog with '-ginterconnect'?
Error: Could not find net. Did you run iverilog with '-ginterconnect'?
Error: Could not find net. Did you run iverilog with '-ginterconnect'?
Error: Could not find net. Did you run iverilog with '-ginterconnect'?
Error: Could not find net. Did you run iverilog with '-ginterconnect'?
Error: Could not find net. Did you run iverilog with '-ginterconnect'?
Error: Could not find net. Did you run iverilog with '-ginterconnect'?
Error: Could not find net. Did you run iverilog with '-ginterconnect'?
Error: Could not find net. Did you run iverilog with '-ginterconnect'?
Error: Could not find net. Did you run iverilog with '-ginterconnect'?
Error: Could not find net. Did you run iverilog with '-ginterconnect'?
Error: Could not find net. Did you run iverilog with '-ginterconnect'?
Error: Could not find net. Did you run iverilog with '-ginterconnect'?
Error: Could not find net. Did you run iverilog with '-ginterconnect'?
Error: Could not find net. Did you run iverilog with '-ginterconnect'?
Error: Could not find net. Did you run iverilog with '-ginterconnect'?
Error: Could not find net. Did you run iverilog with '-ginterconnect'?
Error: Could not find net. Did you run iverilog with '-ginterconnect'?
V_m40C.sdf:939: Could not find intermodpath!
SDF ERROR: runs/single_key_wipe_p80_h0/final/sdf/nom_fast_1p32V_m40C/tt_um_rumcajs__nom_fast_1p32V_m40C.sdf:940: Could not find intermodpath!
SDF ERROR: runs/single_key_wipe_p80_h0/final/sdf/nom_fast_1p32V_m40C/tt_um_rumcajs__nom_fast_1p32V_m40C.sdf:941: Could not find intermodpath!
SDF ERROR: runs/single_key_wipe_p80_h0/final/sdf/nom_fast_1p32V_m40C/tt_um_rumcajs__nom_fast_1p32V_m40C.sdf:942: Could not find intermodpath!
SDF ERROR: runs/single_key_wipe_p80_h0/final/sdf/nom_fast_1p32V_m40C/tt_um_rumcajs__nom_fast_1p32V_m40C.sdf:943: Could not find intermodpath!
SDF ERROR: runs/single_key_wipe_p80_h0/final/sdf/nom_fast_1p32V_m40C/tt_um_rumcajs__nom_fast_1p32V_m40C.sdf:944: Could not find intermodpath!
SDF ERROR: runs/single_key_wipe_p80_h0/final/sdf/nom_fast_1p32V_m40C/tt_um_rumcajs__nom_fast_1p32V_m40C.sdf:945: Could not find intermodpath!
SDF ERROR: runs/single_key_wipe_p80_h0/final/sdf/nom_fast_1p32V_m40C/tt_um_rumcajs__nom_fast_1p32V_m40C.sdf:946: Could not find intermodpath!
SDF ERROR: runs/single_key_wipe_p80_h0/final/sdf/nom_fast_1p32V_m40C/tt_um_rumcajs__nom_fast_1p32V_m40C.sdf:947: Could not find intermodpath!
SDF ERROR: runs/single_key_wipe_p80_h0/final/sdf/nom_fast_1p32V_m40C/tt_um_rumcajs__nom_fast_1p32V_m40C.sdf:948: Could not find intermodpath!
SDF ERROR: runs/single_key_wipe_p80_h0/final/sdf/nom_fast_1p32V_m40C/tt_um_rumcajs__nom_fast_1p32V_m40C.sdf:949: Could not find intermodpath!
SDF ERROR: runs/single_key_wipe_p80_h0/final/sdf/nom_fast_1p32V_m40C/tt_um_rumcajs__nom_fast_1p32V_m40C.sdf:950: Could not find intermodpath!
SDF ERROR: runs/single_key_wipe_p80_h0/final/sdf/nom_fast_1p32V_m40C/tt_um_rumcajs__nom_fast_1p32V_m40C.sdf:951: Could not find intermodpath!
SDF ERROR: runs/single_key_wipe_p80_h0/final/sdf/nom_fast_1p32V_m40C/tt_um_rumcajs__nom_fast_1p32V_m40C.sdf:952: Could not find intermodpath!
SDF ERROR: runs/single_key_wipe_p80_h0/final/sdf/nom_fast_1p32V_m40C/tt_um_rumcajs__nom_fast_1p32V_m40C.sdf:953: Could not find intermodpath!
SDF ERROR: runs/single_key_wipe_p80_h0/final/sdf/nom_fast_1p32V_m40C/tt_um_rumcajs__nom_fast_1p32V_m40C.sdf:954: Could not find intermodpath!
SDF ERROR: runs/single_key_wipe_p80_h0/final/sdf/nom_fast_1p32V_m40C/tt_um_rumcajs__nom_fast_1p32V_m40C.sdf:955: Could not find intermodpath!
SDF ERROR: runs/single_key_wipe_p80_h0/final/sdf/nom_fast_1p32V_m40C/tt_um_rumcajs__nom_fast_1p32V_m40C.sdf:956: Could not find intermodpath!
SDF ERROR: runs/single_key_wipe_p80_h0/final/sdf/nom_fast_1p32V_m40C/tt_um_rumcajs__nom_fast_1p32V_m40C.sdf:957: Could not find intermodpath!
SDF ERROR: runs/single_key_wipe_p80_h0/final/sdf/nom_fast_1p32V_m40C/tt_um_rumcajs__nom_fast_1p32V_m40C.sdf:958: Could not find intermodpath!
SDF ERROR: runs/single_key_wipe_p80_h0/final/sdf/nom_fast_1p32V_m40C/tt_um_rumcajs__nom_fast_1p32V_m40C.sdf:959: Could not find intermodpath!
SDF ERROR: runs/single_key_wipe_p80_h0/final/sdf/nom_fast_1p32V_m40C/tt_um_rumcajs__nom_fast_1p32V_m40C.sdf:960: Could not find intermodpath!
SDF ERROR: runs/single_key_wipe_p80_h0/final/sdf/nom_fast_1p32V_m40C/tt_um_rumcajs__nom_fast_1p32V_m40C.sdf:961: Could not find intermodpath!
SDF ERROR: runs/single_key_wipe_p80_h0/final/sdf/nom_fast_1p32V_m40C/tt_um_rumcajs__nom_fast_1p32V_m40C.sdf:962: Could not find intermodpath!
SDF ERROR: runs/single_key_wipe_p80_h0/final/sdf/nom_fast_1p32V_m40C/tt_um_rumcajs__nom_fast_1p32V_m40C.sdf:963: Could not find intermodpath!
SDF ERROR: runs/single_key_wipe_p80_h0/final/sdf/nom_fast_1p32V_m40C/tt_um_rumcajs__nom_fast_1p32V_m40C.sdf:964: Could not find intermodpath!
SDF ERROR: runs/single_key_wipe_p80_h0/final/sdf/nom_fast_1p32V_m40C/tt_um_rumcajs__nom_fast_1p32V_m40C.sdf:965: Could not find intermodpath!
SDF ERROR: runs/single_key_wipe_p80_h0/final/sdf/nom_fast_1p32V_m40C/tt_um_rumcajs__nom_fast_1p32V_m40C.sdf:966: Could not find intermodpath!
SDF ERROR: runs/single_key_wipe_p80_h0/final/sdf/nom_fast_1p32V_m40C/tt_um_rumcajs__nom_fast_1p32V_m40C.sdf:967: Could not find intermodpath!
SDF ERROR: runs/single_key_wipe_p80_h0/final/sdf/nom_fast_1p32V_m40C/tt_um_Error: Could not find net. Did you run iverilog with '-ginterconnect'?
Error: Could not find net. Did you run iverilog with '-ginterconnect'?
Error: Could not find net. Did you run iverilog with '-ginterconnect'?
Error: Could not find net. Did you run iverilog with '-ginterconnect'?
Error: Could not find net. Did you run iverilog with '-ginterconnect'?
Error: Could not find net. Did you run iverilog with '-ginterconnect'?
Error: Could not find net. Did you run iverilog with '-ginterconnect'?
Error: Could not find net. Did you run iverilog with '-ginterconnect'?
Error: Could not find net. Did you run iverilog with '-ginterconnect'?
Error: Could not find net. Did you run iverilog with '-ginterconnect'?
Error: Could not find net. Did you run iverilog with '-ginterconnect'?
Error: Could not find net. Did you run iverilog with '-ginterconnect'?
Error: Could not find net. Did you run iverilog with '-ginterconnect'?
Error: Could not find net. Did you run iverilog with '-ginterconnect'?
Error: Could not find net. Did you run iverilog with '-ginterconnect'?
Error: Could not find net. Did you run iverilog with '-ginterconnect'?
Error: Could not find net. Did you run iverilog with '-ginterconnect'?
Error: Could not find net. Did you run iverilog with '-ginterconnect'?
Error: Could not find net. Did you run iverilog with '-ginterconnect'?
Error: Could not find net. Did you run iverilog with '-ginterconnect'?
Error: Could not find net. Did you run iverilog with '-ginterconnect'?
Error: Could not find net. Did you run iverilog with '-ginterconnect'?
Error: Could not find net. Did you run iverilog with '-ginterconnect'?
Error: Could not find net. Did you run iverilog with '-ginterconnect'?
Error: Could not find net. Did you run iverilog with '-ginterconnect'?
Error: Could not find net. Did you run iverilog with '-ginterconnect'?
Error: Could not find net. Did you run iverilog with '-ginterconnect'?
Error: Could not find net. Did you run iverilog with '-ginterconnect'?
Error: Could not find net. Did you run iverilog with '-ginterconnect'?
rumcajs__nom_fast_1p32V_m40C.sdf:968: Could not find intermodpath!
SDF ERROR: runs/single_key_wipe_p80_h0/final/sdf/nom_fast_1p32V_m40C/tt_um_rumcajs__nom_fast_1p32V_m40C.sdf:969: Could not find intermodpath!
SDF ERROR: runs/single_key_wipe_p80_h0/final/sdf/nom_fast_1p32V_m40C/tt_um_rumcajs__nom_fast_1p32V_m40C.sdf:970: Could not find intermodpath!
SDF ERROR: runs/single_key_wipe_p80_h0/final/sdf/nom_fast_1p32V_m40C/tt_um_rumcajs__nom_fast_1p32V_m40C.sdf:971: Could not find intermodpath!
SDF ERROR: runs/single_key_wipe_p80_h0/final/sdf/nom_fast_1p32V_m40C/tt_um_rumcajs__nom_fast_1p32V_m40C.sdf:972: Could not find intermodpath!
SDF ERROR: runs/single_key_wipe_p80_h0/final/sdf/nom_fast_1p32V_m40C/tt_um_rumcajs__nom_fast_1p32V_m40C.sdf:973: Could not find intermodpath!
SDF ERROR: runs/single_key_wipe_p80_h0/final/sdf/nom_fast_1p32V_m40C/tt_um_rumcajs__nom_fast_1p32V_m40C.sdf:974: Could not find intermodpath!
SDF ERROR: runs/single_key_wipe_p80_h0/final/sdf/nom_fast_1p32V_m40C/tt_um_rumcajs__nom_fast_1p32V_m40C.sdf:975: Could not find intermodpath!
SDF ERROR: runs/single_key_wipe_p80_h0/final/sdf/nom_fast_1p32V_m40C/tt_um_rumcajs__nom_fast_1p32V_m40C.sdf:976: Could not find intermodpath!
SDF ERROR: runs/single_key_wipe_p80_h0/final/sdf/nom_fast_1p32V_m40C/tt_um_rumcajs__nom_fast_1p32V_m40C.sdf:977: Could not find intermodpath!
SDF ERROR: runs/single_key_wipe_p80_h0/final/sdf/nom_fast_1p32V_m40C/tt_um_rumcajs__nom_fast_1p32V_m40C.sdf:978: Could not find intermodpath!
SDF ERROR: runs/single_key_wipe_p80_h0/final/sdf/nom_fast_1p32V_m40C/tt_um_rumcajs__nom_fast_1p32V_m40C.sdf:979: Could not find intermodpath!
SDF ERROR: runs/single_key_wipe_p80_h0/final/sdf/nom_fast_1p32V_m40C/tt_um_rumcajs__nom_fast_1p32V_m40C.sdf:980: Could not find intermodpath!
SDF ERROR: runs/single_key_wipe_p80_h0/final/sdf/nom_fast_1p32V_m40C/tt_um_rumcajs__nom_fast_1p32V_m40C.sdf:981: Could not find intermodpath!
SDF ERROR: runs/single_key_wipe_p80_h0/final/sdf/nom_fast_1p32V_m40C/tt_um_rumcajs__nom_fast_1p32V_m40C.sdf:982: Could not find intermodpath!
SDF ERROR: runs/single_key_wipe_p80_h0/final/sdf/nom_fast_1p32V_m40C/tt_um_rumcajs__nom_fast_1p32V_m40C.sdf:983: Could not find intermodpath!
SDF ERROR: runs/single_key_wipe_p80_h0/final/sdf/nom_fast_1p32V_m40C/tt_um_rumcajs__nom_fast_1p32V_m40C.sdf:984: Could not find intermodpath!
SDF ERROR: runs/single_key_wipe_p80_h0/final/sdf/nom_fast_1p32V_m40C/tt_um_rumcajs__nom_fast_1p32V_m40C.sdf:985: Could not find intermodpath!
SDF ERROR: runs/single_key_wipe_p80_h0/final/sdf/nom_fast_1p32V_m40C/tt_um_rumcajs__nom_fast_1p32V_m40C.sdf:986: Could not find intermodpath!
SDF ERROR: runs/single_key_wipe_p80_h0/final/sdf/nom_fast_1p32V_m40C/tt_um_rumcajs__nom_fast_1p32V_m40C.sdf:987: Could not find intermodpath!
SDF ERROR: runs/single_key_wipe_p80_h0/final/sdf/nom_fast_1p32V_m40C/tt_um_rumcajs__nom_fast_1p32V_m40C.sdf:988: Could not find intermodpath!
SDF ERROR: runs/single_key_wipe_p80_h0/final/sdf/nom_fast_1p32V_m40C/tt_um_rumcajs__nom_fast_1p32V_m40C.sdf:989: Could not find intermodpath!
SDF ERROR: runs/single_key_wipe_p80_h0/final/sdf/nom_fast_1p32V_m40C/tt_um_rumcajs__nom_fast_1p32V_m40C.sdf:990: Could not find intermodpath!
SDF ERROR: runs/single_key_wipe_p80_h0/final/sdf/nom_fast_1p32V_m40C/tt_um_rumcajs__nom_fast_1p32V_m40C.sdf:991: Could not find intermodpath!
SDF ERROR: runs/single_key_wipe_p80_h0/final/sdf/nom_fast_1p32V_m40C/tt_um_rumcajs__nom_fast_1p32V_m40C.sdf:992: Could not find intermodpath!
SDF ERROR: runs/single_key_wipe_p80_h0/final/sdf/nom_fast_1p32V_m40C/tt_um_rumcajs__nom_fast_1p32V_m40C.sdf:993: Could not find intermodpath!
SDF ERROR: runs/single_key_wipe_p80_h0/final/sdf/nom_fast_1p32V_m40C/tt_um_rumcajs__nom_fast_1p32V_m40C.sdf:994: Could not find intermodpath!
SDF ERROR: runs/single_key_wipe_p80_h0/final/sdf/nom_fast_1p32V_m40C/tt_um_rumcajs__nom_fast_1p32V_m40C.sdf:995: Could not find intermodpath!
SDF ERROR: runs/single_key_wipe_p80_h0/final/sdf/nom_fast_1p32V_m40C/tt_um_rumcajs__nom_fast_1p32V_m40C.sdf:996: Could not find intermodpath!
SDF ERROR: runs/single_key_wipe_p80_h0/final/sdf/nom_Error: Could not find net. Did you run iverilog with '-ginterconnect'?
Error: Could not find net. Did you run iverilog with '-ginterconnect'?
Error: Could not find net. Did you run iverilog with '-ginterconnect'?
Error: Could not find net. Did you run iverilog with '-ginterconnect'?
Error: Could not find net. Did you run iverilog with '-ginterconnect'?
Error: Could not find net. Did you run iverilog with '-ginterconnect'?
Error: Could not find net. Did you run iverilog with '-ginterconnect'?
Error: Could not find net. Did you run iverilog with '-ginterconnect'?
Error: Could not find net. Did you run iverilog with '-ginterconnect'?
Error: Could not find net. Did you run iverilog with '-ginterconnect'?
Error: Could not find net. Did you run iverilog with '-ginterconnect'?
Error: Could not find net. Did you run iverilog with '-ginterconnect'?
Error: Could not find net. Did you run iverilog with '-ginterconnect'?
Error: Could not find net. Did you run iverilog with '-ginterconnect'?
Error: Could not find net. Did you run iverilog with '-ginterconnect'?
Error: Could not find net. Did you run iverilog with '-ginterconnect'?
Error: Could not find net. Did you run iverilog with '-ginterconnect'?
Error: Could not find net. Did you run iverilog with '-ginterconnect'?
Error: Could not find net. Did you run iverilog with '-ginterconnect'?
Error: Could not find net. Did you run iverilog with '-ginterconnect'?
Error: Could not find net. Did you run iverilog with '-ginterconnect'?
Error: Could not find net. Did you run iverilog with '-ginterconnect'?
Error: Could not find net. Did you run iverilog with '-ginterconnect'?
Error: Could not find net. Did you run iverilog with '-ginterconnect'?
Error: Could not find net. Did you run iverilog with '-ginterconnect'?
Error: Could not find net. Did you run iverilog with '-ginterconnect'?
Error: Could not find net. Did you run iverilog with '-ginterconnect'?
Error: Could not find net. Did you run iverilog with '-ginterconnect'?
Error: Could not find net. Did you run iverilog with '-ginterconnect'?
fast_1p32V_m40C/tt_um_rumcajs__nom_fast_1p32V_m40C.sdf:997: Could not find intermodpath!
SDF ERROR: runs/single_key_wipe_p80_h0/final/sdf/nom_fast_1p32V_m40C/tt_um_rumcajs__nom_fast_1p32V_m40C.sdf:998: Could not find intermodpath!
SDF ERROR: runs/single_key_wipe_p80_h0/final/sdf/nom_fast_1p32V_m40C/tt_um_rumcajs__nom_fast_1p32V_m40C.sdf:999: Could not find intermodpath!
SDF ERROR: runs/single_key_wipe_p80_h0/final/sdf/nom_fast_1p32V_m40C/tt_um_rumcajs__nom_fast_1p32V_m40C.sdf:1000: Could not find intermodpath!
SDF ERROR: runs/single_key_wipe_p80_h0/final/sdf/nom_fast_1p32V_m40C/tt_um_rumcajs__nom_fast_1p32V_m40C.sdf:1001: Could not find intermodpath!
SDF ERROR: runs/single_key_wipe_p80_h0/final/sdf/nom_fast_1p32V_m40C/tt_um_rumcajs__nom_fast_1p32V_m40C.sdf:1002: Could not find intermodpath!
SDF ERROR: runs/single_key_wipe_p80_h0/final/sdf/nom_fast_1p32V_m40C/tt_um_rumcajs__nom_fast_1p32V_m40C.sdf:1003: Could not find intermodpath!
SDF ERROR: runs/single_key_wipe_p80_h0/final/sdf/nom_fast_1p32V_m40C/tt_um_rumcajs__nom_fast_1p32V_m40C.sdf:1004: Could not find intermodpath!
SDF ERROR: runs/single_key_wipe_p80_h0/final/sdf/nom_fast_1p32V_m40C/tt_um_rumcajs__nom_fast_1p32V_m40C.sdf:1005: Could not find intermodpath!
SDF ERROR: runs/single_key_wipe_p80_h0/final/sdf/nom_fast_1p32V_m40C/tt_um_rumcajs__nom_fast_1p32V_m40C.sdf:1006: Could not find intermodpath!
SDF ERROR: runs/single_key_wipe_p80_h0/final/sdf/nom_fast_1p32V_m40C/tt_um_rumcajs__nom_fast_1p32V_m40C.sdf:1007: Could not find intermodpath!
SDF ERROR: runs/single_key_wipe_p80_h0/final/sdf/nom_fast_1p32V_m40C/tt_um_rumcajs__nom_fast_1p32V_m40C.sdf:1008: Could not find intermodpath!
SDF ERROR: runs/single_key_wipe_p80_h0/final/sdf/nom_fast_1p32V_m40C/tt_um_rumcajs__nom_fast_1p32V_m40C.sdf:1009: Could not find intermodpath!
SDF ERROR: runs/single_key_wipe_p80_h0/final/sdf/nom_fast_1p32V_m40C/tt_um_rumcajs__nom_fast_1p32V_m40C.sdf:1010: Could not find intermodpath!
SDF ERROR: runs/single_key_wipe_p80_h0/final/sdf/nom_fast_1p32V_m40C/tt_um_rumcajs__nom_fast_1p32V_m40C.sdf:1011: Could not find intermodpath!
SDF ERROR: runs/single_key_wipe_p80_h0/final/sdf/nom_fast_1p32V_m40C/tt_um_rumcajs__nom_fast_1p32V_m40C.sdf:1012: Could not find intermodpath!
SDF ERROR: runs/single_key_wipe_p80_h0/final/sdf/nom_fast_1p32V_m40C/tt_um_rumcajs__nom_fast_1p32V_m40C.sdf:1013: Could not find intermodpath!
SDF ERROR: runs/single_key_wipe_p80_h0/final/sdf/nom_fast_1p32V_m40C/tt_um_rumcajs__nom_fast_1p32V_m40C.sdf:1014: Could not find intermodpath!
SDF ERROR: runs/single_key_wipe_p80_h0/final/sdf/nom_fast_1p32V_m40C/tt_um_rumcajs__nom_fast_1p32V_m40C.sdf:1015: Could not find intermodpath!
SDF ERROR: runs/single_key_wipe_p80_h0/final/sdf/nom_fast_1p32V_m40C/tt_um_rumcajs__nom_fast_1p32V_m40C.sdf:1016: Could not find intermodpath!
SDF ERROR: runs/single_key_wipe_p80_h0/final/sdf/nom_fast_1p32V_m40C/tt_um_rumcajs__nom_fast_1p32V_m40C.sdf:1017: Could not find intermodpath!
SDF ERROR: runs/single_key_wipe_p80_h0/final/sdf/nom_fast_1p32V_m40C/tt_um_rumcajs__nom_fast_1p32V_m40C.sdf:1018: Could not find intermodpath!
SDF ERROR: runs/single_key_wipe_p80_h0/final/sdf/nom_fast_1p32V_m40C/tt_um_rumcajs__nom_fast_1p32V_m40C.sdf:1019: Could not find intermodpath!
SDF ERROR: runs/single_key_wipe_p80_h0/final/sdf/nom_fast_1p32V_m40C/tt_um_rumcajs__nom_fast_1p32V_m40C.sdf:1020: Could not find intermodpath!
SDF ERROR: runs/single_key_wipe_p80_h0/final/sdf/nom_fast_1p32V_m40C/tt_um_rumcajs__nom_fast_1p32V_m40C.sdf:1021: Could not find intermodpath!
SDF ERROR: runs/single_key_wipe_p80_h0/final/sdf/nom_fast_1p32V_m40C/tt_um_rumcajs__nom_fast_1p32V_m40C.sdf:1022: Could not find intermodpath!
SDF ERROR: runs/single_key_wipe_p80_h0/final/sdf/nom_fast_1p32V_m40C/tt_um_rumcajs__nom_fast_1p32V_m40C.sdf:1023: Could not find intermodpath!
SDF ERROR: runs/single_key_wipe_p80_h0/final/sdf/nom_fast_1p32V_m40C/tt_um_rumcajs__nom_fast_1p32V_m40C.sdf:1024: Could not find intermodpath!
SDF ERROR: runs/single_key_wipe_p80_h0/final/sdf/nom_fast_1p32V_m40C/tt_um_rumcajs__nom_fast_1p32V_m40C.sdf:1025: Could not find intermodpath!
SDF EError: Could not find net. Did you run iverilog with '-ginterconnect'?
Error: Could not find net. Did you run iverilog with '-ginterconnect'?
Error: Could not find net. Did you run iverilog with '-ginterconnect'?
Error: Could not find net. Did you run iverilog with '-ginterconnect'?
Error: Could not find net. Did you run iverilog with '-ginterconnect'?
Error: Could not find net. Did you run iverilog with '-ginterconnect'?
Error: Could not find net. Did you run iverilog with '-ginterconnect'?
Error: Could not find net. Did you run iverilog with '-ginterconnect'?
Error: Could not find net. Did you run iverilog with '-ginterconnect'?
Error: Could not find net. Did you run iverilog with '-ginterconnect'?
Error: Could not find net. Did you run iverilog with '-ginterconnect'?
Error: Could not find net. Did you run iverilog with '-ginterconnect'?
Error: Could not find net. Did you run iverilog with '-ginterconnect'?
Error: Could not find net. Did you run iverilog with '-ginterconnect'?
Error: Could not find net. Did you run iverilog with '-ginterconnect'?
Error: Could not find net. Did you run iverilog with '-ginterconnect'?
Error: Could not find net. Did you run iverilog with '-ginterconnect'?
Error: Could not find net. Did you run iverilog with '-ginterconnect'?
Error: Could not find net. Did you run iverilog with '-ginterconnect'?
Error: Could not find net. Did you run iverilog with '-ginterconnect'?
Error: Could not find net. Did you run iverilog with '-ginterconnect'?
Error: Could not find net. Did you run iverilog with '-ginterconnect'?
Error: Could not find net. Did you run iverilog with '-ginterconnect'?
Error: Could not find net. Did you run iverilog with '-ginterconnect'?
Error: Could not find net. Did you run iverilog with '-ginterconnect'?
Error: Could not find net. Did you run iverilog with '-ginterconnect'?
Error: Could not find net. Did you run iverilog with '-ginterconnect'?
Error: Could not find net. Did you run iverilog with '-ginterconnect'?
RROR: runs/single_key_wipe_p80_h0/final/sdf/nom_fast_1p32V_m40C/tt_um_rumcajs__nom_fast_1p32V_m40C.sdf:1026: Could not find intermodpath!
SDF ERROR: runs/single_key_wipe_p80_h0/final/sdf/nom_fast_1p32V_m40C/tt_um_rumcajs__nom_fast_1p32V_m40C.sdf:1027: Could not find intermodpath!
SDF ERROR: runs/single_key_wipe_p80_h0/final/sdf/nom_fast_1p32V_m40C/tt_um_rumcajs__nom_fast_1p32V_m40C.sdf:1028: Could not find intermodpath!
SDF ERROR: runs/single_key_wipe_p80_h0/final/sdf/nom_fast_1p32V_m40C/tt_um_rumcajs__nom_fast_1p32V_m40C.sdf:1029: Could not find intermodpath!
SDF ERROR: runs/single_key_wipe_p80_h0/final/sdf/nom_fast_1p32V_m40C/tt_um_rumcajs__nom_fast_1p32V_m40C.sdf:1030: Could not find intermodpath!
SDF ERROR: runs/single_key_wipe_p80_h0/final/sdf/nom_fast_1p32V_m40C/tt_um_rumcajs__nom_fast_1p32V_m40C.sdf:1031: Could not find intermodpath!
SDF ERROR: runs/single_key_wipe_p80_h0/final/sdf/nom_fast_1p32V_m40C/tt_um_rumcajs__nom_fast_1p32V_m40C.sdf:1032: Could not find intermodpath!
SDF ERROR: runs/single_key_wipe_p80_h0/final/sdf/nom_fast_1p32V_m40C/tt_um_rumcajs__nom_fast_1p32V_m40C.sdf:1033: Could not find intermodpath!
SDF ERROR: runs/single_key_wipe_p80_h0/final/sdf/nom_fast_1p32V_m40C/tt_um_rumcajs__nom_fast_1p32V_m40C.sdf:1034: Could not find intermodpath!
SDF ERROR: runs/single_key_wipe_p80_h0/final/sdf/nom_fast_1p32V_m40C/tt_um_rumcajs__nom_fast_1p32V_m40C.sdf:1035: Could not find intermodpath!
SDF ERROR: runs/single_key_wipe_p80_h0/final/sdf/nom_fast_1p32V_m40C/tt_um_rumcajs__nom_fast_1p32V_m40C.sdf:1036: Could not find intermodpath!
SDF ERROR: runs/single_key_wipe_p80_h0/final/sdf/nom_fast_1p32V_m40C/tt_um_rumcajs__nom_fast_1p32V_m40C.sdf:1037: Could not find intermodpath!
SDF ERROR: runs/single_key_wipe_p80_h0/final/sdf/nom_fast_1p32V_m40C/tt_um_rumcajs__nom_fast_1p32V_m40C.sdf:1038: Could not find intermodpath!
SDF ERROR: runs/single_key_wipe_p80_h0/final/sdf/nom_fast_1p32V_m40C/tt_um_rumcajs__nom_fast_1p32V_m40C.sdf:1039: Could not find intermodpath!
SDF ERROR: runs/single_key_wipe_p80_h0/final/sdf/nom_fast_1p32V_m40C/tt_um_rumcajs__nom_fast_1p32V_m40C.sdf:1040: Could not find intermodpath!
SDF ERROR: runs/single_key_wipe_p80_h0/final/sdf/nom_fast_1p32V_m40C/tt_um_rumcajs__nom_fast_1p32V_m40C.sdf:1041: Could not find intermodpath!
SDF ERROR: runs/single_key_wipe_p80_h0/final/sdf/nom_fast_1p32V_m40C/tt_um_rumcajs__nom_fast_1p32V_m40C.sdf:1042: Could not find intermodpath!
SDF ERROR: runs/single_key_wipe_p80_h0/final/sdf/nom_fast_1p32V_m40C/tt_um_rumcajs__nom_fast_1p32V_m40C.sdf:1043: Could not find intermodpath!
SDF ERROR: runs/single_key_wipe_p80_h0/final/sdf/nom_fast_1p32V_m40C/tt_um_rumcajs__nom_fast_1p32V_m40C.sdf:1044: Could not find intermodpath!
SDF ERROR: runs/single_key_wipe_p80_h0/final/sdf/nom_fast_1p32V_m40C/tt_um_rumcajs__nom_fast_1p32V_m40C.sdf:1045: Could not find intermodpath!
SDF ERROR: runs/single_key_wipe_p80_h0/final/sdf/nom_fast_1p32V_m40C/tt_um_rumcajs__nom_fast_1p32V_m40C.sdf:1046: Could not find intermodpath!
SDF ERROR: runs/single_key_wipe_p80_h0/final/sdf/nom_fast_1p32V_m40C/tt_um_rumcajs__nom_fast_1p32V_m40C.sdf:1047: Could not find intermodpath!
SDF ERROR: runs/single_key_wipe_p80_h0/final/sdf/nom_fast_1p32V_m40C/tt_um_rumcajs__nom_fast_1p32V_m40C.sdf:1048: Could not find intermodpath!
SDF ERROR: runs/single_key_wipe_p80_h0/final/sdf/nom_fast_1p32V_m40C/tt_um_rumcajs__nom_fast_1p32V_m40C.sdf:1049: Could not find intermodpath!
SDF ERROR: runs/single_key_wipe_p80_h0/final/sdf/nom_fast_1p32V_m40C/tt_um_rumcajs__nom_fast_1p32V_m40C.sdf:1050: Could not find intermodpath!
SDF ERROR: runs/single_key_wipe_p80_h0/final/sdf/nom_fast_1p32V_m40C/tt_um_rumcajs__nom_fast_1p32V_m40C.sdf:1051: Could not find intermodpath!
SDF ERROR: runs/single_key_wipe_p80_h0/final/sdf/nom_fast_1p32V_m40C/tt_um_rumcajs__nom_fast_1p32V_m40C.sdf:1052: Could not find intermodpath!
SDF ERROR: runs/single_key_wipe_p80_h0/final/sdf/nom_fast_1p32V_m40C/tt_um_rumcajs__nom_fast_1p32V_m40C.sdf:1053: Could not find intermodpath!
SDF ERROR: runs/single_key_wipe_p80_h0/final/sdf/nom_fast_1p32V_m40C/tt_um_rumcajs__nom_fast_1p32Error: Could not find net. Did you run iverilog with '-ginterconnect'?
Error: Could not find net. Did you run iverilog with '-ginterconnect'?
Error: Could not find net. Did you run iverilog with '-ginterconnect'?
Error: Could not find net. Did you run iverilog with '-ginterconnect'?
Error: Could not find net. Did you run iverilog with '-ginterconnect'?
Error: Could not find net. Did you run iverilog with '-ginterconnect'?
Error: Could not find net. Did you run iverilog with '-ginterconnect'?
Error: Could not find net. Did you run iverilog with '-ginterconnect'?
Error: Could not find net. Did you run iverilog with '-ginterconnect'?
Error: Could not find net. Did you run iverilog with '-ginterconnect'?
Error: Could not find net. Did you run iverilog with '-ginterconnect'?
Error: Could not find net. Did you run iverilog with '-ginterconnect'?
Error: Could not find net. Did you run iverilog with '-ginterconnect'?
Error: Could not find net. Did you run iverilog with '-ginterconnect'?
Error: Could not find net. Did you run iverilog with '-ginterconnect'?
Error: Could not find net. Did you run iverilog with '-ginterconnect'?
Error: Could not find net. Did you run iverilog with '-ginterconnect'?
Error: Could not find net. Did you run iverilog with '-ginterconnect'?
Error: Could not find net. Did you run iverilog with '-ginterconnect'?
Error: Could not find net. Did you run iverilog with '-ginterconnect'?
Error: Could not find net. Did you run iverilog with '-ginterconnect'?
Error: Could not find net. Did you run iverilog with '-ginterconnect'?
Error: Could not find net. Did you run iverilog with '-ginterconnect'?
Error: Could not find net. Did you run iverilog with '-ginterconnect'?
Error: Could not find net. Did you run iverilog with '-ginterconnect'?
Error: Could not find net. Did you run iverilog with '-ginterconnect'?
Error: Could not find net. Did you run iverilog with '-ginterconnect'?
Error: Could not find net. Did you run iverilog with '-ginterconnect'?
Error: Could not find net. Did you run iverilog with '-ginterconnect'?
V_m40C.sdf:1054: Could not find intermodpath!
SDF ERROR: runs/single_key_wipe_p80_h0/final/sdf/nom_fast_1p32V_m40C/tt_um_rumcajs__nom_fast_1p32V_m40C.sdf:1055: Could not find intermodpath!
SDF ERROR: runs/single_key_wipe_p80_h0/final/sdf/nom_fast_1p32V_m40C/tt_um_rumcajs__nom_fast_1p32V_m40C.sdf:1056: Could not find intermodpath!
SDF ERROR: runs/single_key_wipe_p80_h0/final/sdf/nom_fast_1p32V_m40C/tt_um_rumcajs__nom_fast_1p32V_m40C.sdf:1057: Could not find intermodpath!
SDF ERROR: runs/single_key_wipe_p80_h0/final/sdf/nom_fast_1p32V_m40C/tt_um_rumcajs__nom_fast_1p32V_m40C.sdf:1058: Could not find intermodpath!
SDF ERROR: runs/single_key_wipe_p80_h0/final/sdf/nom_fast_1p32V_m40C/tt_um_rumcajs__nom_fast_1p32V_m40C.sdf:1059: Could not find intermodpath!
SDF ERROR: runs/single_key_wipe_p80_h0/final/sdf/nom_fast_1p32V_m40C/tt_um_rumcajs__nom_fast_1p32V_m40C.sdf:1060: Could not find intermodpath!
SDF ERROR: runs/single_key_wipe_p80_h0/final/sdf/nom_fast_1p32V_m40C/tt_um_rumcajs__nom_fast_1p32V_m40C.sdf:1061: Could not find intermodpath!
SDF ERROR: runs/single_key_wipe_p80_h0/final/sdf/nom_fast_1p32V_m40C/tt_um_rumcajs__nom_fast_1p32V_m40C.sdf:1062: Could not find intermodpath!
SDF ERROR: runs/single_key_wipe_p80_h0/final/sdf/nom_fast_1p32V_m40C/tt_um_rumcajs__nom_fast_1p32V_m40C.sdf:1063: Could not find intermodpath!
SDF ERROR: runs/single_key_wipe_p80_h0/final/sdf/nom_fast_1p32V_m40C/tt_um_rumcajs__nom_fast_1p32V_m40C.sdf:1064: Could not find intermodpath!
SDF ERROR: runs/single_key_wipe_p80_h0/final/sdf/nom_fast_1p32V_m40C/tt_um_rumcajs__nom_fast_1p32V_m40C.sdf:1065: Could not find intermodpath!
SDF ERROR: runs/single_key_wipe_p80_h0/final/sdf/nom_fast_1p32V_m40C/tt_um_rumcajs__nom_fast_1p32V_m40C.sdf:1066: Could not find intermodpath!
SDF ERROR: runs/single_key_wipe_p80_h0/final/sdf/nom_fast_1p32V_m40C/tt_um_rumcajs__nom_fast_1p32V_m40C.sdf:1067: Could not find intermodpath!
SDF ERROR: runs/single_key_wipe_p80_h0/final/sdf/nom_fast_1p32V_m40C/tt_um_rumcajs__nom_fast_1p32V_m40C.sdf:1068: Could not find intermodpath!
SDF ERROR: runs/single_key_wipe_p80_h0/final/sdf/nom_fast_1p32V_m40C/tt_um_rumcajs__nom_fast_1p32V_m40C.sdf:1069: Could not find intermodpath!
SDF ERROR: runs/single_key_wipe_p80_h0/final/sdf/nom_fast_1p32V_m40C/tt_um_rumcajs__nom_fast_1p32V_m40C.sdf:1070: Could not find intermodpath!
SDF ERROR: runs/single_key_wipe_p80_h0/final/sdf/nom_fast_1p32V_m40C/tt_um_rumcajs__nom_fast_1p32V_m40C.sdf:1071: Could not find intermodpath!
SDF ERROR: runs/single_key_wipe_p80_h0/final/sdf/nom_fast_1p32V_m40C/tt_um_rumcajs__nom_fast_1p32V_m40C.sdf:1072: Could not find intermodpath!
SDF ERROR: runs/single_key_wipe_p80_h0/final/sdf/nom_fast_1p32V_m40C/tt_um_rumcajs__nom_fast_1p32V_m40C.sdf:1073: Could not find intermodpath!
SDF ERROR: runs/single_key_wipe_p80_h0/final/sdf/nom_fast_1p32V_m40C/tt_um_rumcajs__nom_fast_1p32V_m40C.sdf:1074: Could not find intermodpath!
SDF ERROR: runs/single_key_wipe_p80_h0/final/sdf/nom_fast_1p32V_m40C/tt_um_rumcajs__nom_fast_1p32V_m40C.sdf:1075: Could not find intermodpath!
SDF ERROR: runs/single_key_wipe_p80_h0/final/sdf/nom_fast_1p32V_m40C/tt_um_rumcajs__nom_fast_1p32V_m40C.sdf:1076: Could not find intermodpath!
SDF ERROR: runs/single_key_wipe_p80_h0/final/sdf/nom_fast_1p32V_m40C/tt_um_rumcajs__nom_fast_1p32V_m40C.sdf:1077: Could not find intermodpath!
SDF ERROR: runs/single_key_wipe_p80_h0/final/sdf/nom_fast_1p32V_m40C/tt_um_rumcajs__nom_fast_1p32V_m40C.sdf:1078: Could not find intermodpath!
SDF ERROR: runs/single_key_wipe_p80_h0/final/sdf/nom_fast_1p32V_m40C/tt_um_rumcajs__nom_fast_1p32V_m40C.sdf:1079: Could not find intermodpath!
SDF ERROR: runs/single_key_wipe_p80_h0/final/sdf/nom_fast_1p32V_m40C/tt_um_rumcajs__nom_fast_1p32V_m40C.sdf:1080: Could not find intermodpath!
SDF ERROR: runs/single_key_wipe_p80_h0/final/sdf/nom_fast_1p32V_m40C/tt_um_rumcajs__nom_fast_1p32V_m40C.sdf:1081: Could not find intermodpath!
SDF ERROR: runs/single_key_wipe_p80_h0/final/sdf/nom_fast_1p32V_m40C/tt_um_rumcajs__nom_fast_1p32V_m40C.sdf:1082: Could not find intermodpath!
SDF ERROR: runs/single_key_wipe_p80_h0/final/sError: Could not find net. Did you run iverilog with '-ginterconnect'?
Error: Could not find net. Did you run iverilog with '-ginterconnect'?
Error: Could not find net. Did you run iverilog with '-ginterconnect'?
Error: Could not find net. Did you run iverilog with '-ginterconnect'?
Error: Could not find net. Did you run iverilog with '-ginterconnect'?
Error: Could not find net. Did you run iverilog with '-ginterconnect'?
Error: Could not find net. Did you run iverilog with '-ginterconnect'?
Error: Could not find net. Did you run iverilog with '-ginterconnect'?
Error: Could not find net. Did you run iverilog with '-ginterconnect'?
Error: Could not find net. Did you run iverilog with '-ginterconnect'?
Error: Could not find net. Did you run iverilog with '-ginterconnect'?
Error: Could not find net. Did you run iverilog with '-ginterconnect'?
Error: Could not find net. Did you run iverilog with '-ginterconnect'?
Error: Could not find net. Did you run iverilog with '-ginterconnect'?
Error: Could not find net. Did you run iverilog with '-ginterconnect'?
Error: Could not find net. Did you run iverilog with '-ginterconnect'?
Error: Could not find net. Did you run iverilog with '-ginterconnect'?
Error: Could not find net. Did you run iverilog with '-ginterconnect'?
Error: Could not find net. Did you run iverilog with '-ginterconnect'?
Error: Could not find net. Did you run iverilog with '-ginterconnect'?
Error: Could not find net. Did you run iverilog with '-ginterconnect'?
Error: Could not find net. Did you run iverilog with '-ginterconnect'?
Error: Could not find net. Did you run iverilog with '-ginterconnect'?
Error: Could not find net. Did you run iverilog with '-ginterconnect'?
Error: Could not find net. Did you run iverilog with '-ginterconnect'?
Error: Could not find net. Did you run iverilog with '-ginterconnect'?
Error: Could not find net. Did you run iverilog with '-ginterconnect'?
Error: Could not find net. Did you run iverilog with '-ginterconnect'?
df/nom_fast_1p32V_m40C/tt_um_rumcajs__nom_fast_1p32V_m40C.sdf:1083: Could not find intermodpath!
SDF ERROR: runs/single_key_wipe_p80_h0/final/sdf/nom_fast_1p32V_m40C/tt_um_rumcajs__nom_fast_1p32V_m40C.sdf:1084: Could not find intermodpath!
SDF ERROR: runs/single_key_wipe_p80_h0/final/sdf/nom_fast_1p32V_m40C/tt_um_rumcajs__nom_fast_1p32V_m40C.sdf:1085: Could not find intermodpath!
SDF ERROR: runs/single_key_wipe_p80_h0/final/sdf/nom_fast_1p32V_m40C/tt_um_rumcajs__nom_fast_1p32V_m40C.sdf:1086: Could not find intermodpath!
SDF ERROR: runs/single_key_wipe_p80_h0/final/sdf/nom_fast_1p32V_m40C/tt_um_rumcajs__nom_fast_1p32V_m40C.sdf:1087: Could not find intermodpath!
SDF ERROR: runs/single_key_wipe_p80_h0/final/sdf/nom_fast_1p32V_m40C/tt_um_rumcajs__nom_fast_1p32V_m40C.sdf:1088: Could not find intermodpath!
SDF ERROR: runs/single_key_wipe_p80_h0/final/sdf/nom_fast_1p32V_m40C/tt_um_rumcajs__nom_fast_1p32V_m40C.sdf:1089: Could not find intermodpath!
SDF ERROR: runs/single_key_wipe_p80_h0/final/sdf/nom_fast_1p32V_m40C/tt_um_rumcajs__nom_fast_1p32V_m40C.sdf:1090: Could not find intermodpath!
SDF ERROR: runs/single_key_wipe_p80_h0/final/sdf/nom_fast_1p32V_m40C/tt_um_rumcajs__nom_fast_1p32V_m40C.sdf:1091: Could not find intermodpath!
SDF ERROR: runs/single_key_wipe_p80_h0/final/sdf/nom_fast_1p32V_m40C/tt_um_rumcajs__nom_fast_1p32V_m40C.sdf:1092: Could not find intermodpath!
SDF ERROR: runs/single_key_wipe_p80_h0/final/sdf/nom_fast_1p32V_m40C/tt_um_rumcajs__nom_fast_1p32V_m40C.sdf:1093: Could not find intermodpath!
SDF ERROR: runs/single_key_wipe_p80_h0/final/sdf/nom_fast_1p32V_m40C/tt_um_rumcajs__nom_fast_1p32V_m40C.sdf:1094: Could not find intermodpath!
SDF ERROR: runs/single_key_wipe_p80_h0/final/sdf/nom_fast_1p32V_m40C/tt_um_rumcajs__nom_fast_1p32V_m40C.sdf:1095: Could not find intermodpath!
SDF ERROR: runs/single_key_wipe_p80_h0/final/sdf/nom_fast_1p32V_m40C/tt_um_rumcajs__nom_fast_1p32V_m40C.sdf:1096: Could not find intermodpath!
SDF ERROR: runs/single_key_wipe_p80_h0/final/sdf/nom_fast_1p32V_m40C/tt_um_rumcajs__nom_fast_1p32V_m40C.sdf:1097: Could not find intermodpath!
SDF ERROR: runs/single_key_wipe_p80_h0/final/sdf/nom_fast_1p32V_m40C/tt_um_rumcajs__nom_fast_1p32V_m40C.sdf:1098: Could not find intermodpath!
SDF ERROR: runs/single_key_wipe_p80_h0/final/sdf/nom_fast_1p32V_m40C/tt_um_rumcajs__nom_fast_1p32V_m40C.sdf:1099: Could not find intermodpath!
SDF ERROR: runs/single_key_wipe_p80_h0/final/sdf/nom_fast_1p32V_m40C/tt_um_rumcajs__nom_fast_1p32V_m40C.sdf:1100: Could not find intermodpath!
SDF ERROR: runs/single_key_wipe_p80_h0/final/sdf/nom_fast_1p32V_m40C/tt_um_rumcajs__nom_fast_1p32V_m40C.sdf:1101: Could not find intermodpath!
SDF ERROR: runs/single_key_wipe_p80_h0/final/sdf/nom_fast_1p32V_m40C/tt_um_rumcajs__nom_fast_1p32V_m40C.sdf:1102: Could not find intermodpath!
SDF ERROR: runs/single_key_wipe_p80_h0/final/sdf/nom_fast_1p32V_m40C/tt_um_rumcajs__nom_fast_1p32V_m40C.sdf:1103: Could not find intermodpath!
SDF ERROR: runs/single_key_wipe_p80_h0/final/sdf/nom_fast_1p32V_m40C/tt_um_rumcajs__nom_fast_1p32V_m40C.sdf:1104: Could not find intermodpath!
SDF ERROR: runs/single_key_wipe_p80_h0/final/sdf/nom_fast_1p32V_m40C/tt_um_rumcajs__nom_fast_1p32V_m40C.sdf:1105: Could not find intermodpath!
SDF ERROR: runs/single_key_wipe_p80_h0/final/sdf/nom_fast_1p32V_m40C/tt_um_rumcajs__nom_fast_1p32V_m40C.sdf:1106: Could not find intermodpath!
SDF ERROR: runs/single_key_wipe_p80_h0/final/sdf/nom_fast_1p32V_m40C/tt_um_rumcajs__nom_fast_1p32V_m40C.sdf:1107: Could not find intermodpath!
SDF ERROR: runs/single_key_wipe_p80_h0/final/sdf/nom_fast_1p32V_m40C/tt_um_rumcajs__nom_fast_1p32V_m40C.sdf:1108: Could not find intermodpath!
SDF ERROR: runs/single_key_wipe_p80_h0/final/sdf/nom_fast_1p32V_m40C/tt_um_rumcajs__nom_fast_1p32V_m40C.sdf:1109: Could not find intermodpath!
SDF ERROR: runs/single_key_wipe_p80_h0/final/sdf/nom_fast_1p32V_m40C/tt_um_rumcajs__nom_fast_1p32V_m40C.sdf:1110: Could not find intermodpath!
SDF ERROR: runs/single_key_wipe_p80_h0/final/sdf/nom_fast_1p32V_m40C/tt_um_rumcajs__nom_fast_1p32V_m40C.sdf:1111: Could not find intermodpError: Could not find net. Did you run iverilog with '-ginterconnect'?
Error: Could not find net. Did you run iverilog with '-ginterconnect'?
Error: Could not find net. Did you run iverilog with '-ginterconnect'?
Error: Could not find net. Did you run iverilog with '-ginterconnect'?
Error: Could not find net. Did you run iverilog with '-ginterconnect'?
Error: Could not find net. Did you run iverilog with '-ginterconnect'?
Error: Could not find net. Did you run iverilog with '-ginterconnect'?
Error: Could not find net. Did you run iverilog with '-ginterconnect'?
Error: Could not find net. Did you run iverilog with '-ginterconnect'?
Error: Could not find net. Did you run iverilog with '-ginterconnect'?
Error: Could not find net. Did you run iverilog with '-ginterconnect'?
Error: Could not find net. Did you run iverilog with '-ginterconnect'?
Error: Could not find net. Did you run iverilog with '-ginterconnect'?
Error: Could not find net. Did you run iverilog with '-ginterconnect'?
Error: Could not find net. Did you run iverilog with '-ginterconnect'?
Error: Could not find net. Did you run iverilog with '-ginterconnect'?
Error: Could not find net. Did you run iverilog with '-ginterconnect'?
Error: Could not find net. Did you run iverilog with '-ginterconnect'?
Error: Could not find net. Did you run iverilog with '-ginterconnect'?
Error: Could not find net. Did you run iverilog with '-ginterconnect'?
Error: Could not find net. Did you run iverilog with '-ginterconnect'?
Error: Could not find net. Did you run iverilog with '-ginterconnect'?
Error: Could not find net. Did you run iverilog with '-ginterconnect'?
Error: Could not find net. Did you run iverilog with '-ginterconnect'?
Error: Could not find net. Did you run iverilog with '-ginterconnect'?
Error: Could not find net. Did you run iverilog with '-ginterconnect'?
Error: Could not find net. Did you run iverilog with '-ginterconnect'?
Error: Could not find net. Did you run iverilog with '-ginterconnect'?
Error: Could not find net. Did you run iverilog with '-ginterconnect'?
ath!
SDF ERROR: runs/single_key_wipe_p80_h0/final/sdf/nom_fast_1p32V_m40C/tt_um_rumcajs__nom_fast_1p32V_m40C.sdf:1112: Could not find intermodpath!
SDF ERROR: runs/single_key_wipe_p80_h0/final/sdf/nom_fast_1p32V_m40C/tt_um_rumcajs__nom_fast_1p32V_m40C.sdf:1113: Could not find intermodpath!
SDF ERROR: runs/single_key_wipe_p80_h0/final/sdf/nom_fast_1p32V_m40C/tt_um_rumcajs__nom_fast_1p32V_m40C.sdf:1114: Could not find intermodpath!
SDF ERROR: runs/single_key_wipe_p80_h0/final/sdf/nom_fast_1p32V_m40C/tt_um_rumcajs__nom_fast_1p32V_m40C.sdf:1115: Could not find intermodpath!
SDF ERROR: runs/single_key_wipe_p80_h0/final/sdf/nom_fast_1p32V_m40C/tt_um_rumcajs__nom_fast_1p32V_m40C.sdf:1116: Could not find intermodpath!
SDF ERROR: runs/single_key_wipe_p80_h0/final/sdf/nom_fast_1p32V_m40C/tt_um_rumcajs__nom_fast_1p32V_m40C.sdf:1117: Could not find intermodpath!
SDF ERROR: runs/single_key_wipe_p80_h0/final/sdf/nom_fast_1p32V_m40C/tt_um_rumcajs__nom_fast_1p32V_m40C.sdf:1118: Could not find intermodpath!
SDF ERROR: runs/single_key_wipe_p80_h0/final/sdf/nom_fast_1p32V_m40C/tt_um_rumcajs__nom_fast_1p32V_m40C.sdf:1119: Could not find intermodpath!
SDF ERROR: runs/single_key_wipe_p80_h0/final/sdf/nom_fast_1p32V_m40C/tt_um_rumcajs__nom_fast_1p32V_m40C.sdf:1120: Could not find intermodpath!
SDF ERROR: runs/single_key_wipe_p80_h0/final/sdf/nom_fast_1p32V_m40C/tt_um_rumcajs__nom_fast_1p32V_m40C.sdf:1121: Could not find intermodpath!
SDF ERROR: runs/single_key_wipe_p80_h0/final/sdf/nom_fast_1p32V_m40C/tt_um_rumcajs__nom_fast_1p32V_m40C.sdf:1122: Could not find intermodpath!
SDF ERROR: runs/single_key_wipe_p80_h0/final/sdf/nom_fast_1p32V_m40C/tt_um_rumcajs__nom_fast_1p32V_m40C.sdf:1123: Could not find intermodpath!
SDF ERROR: runs/single_key_wipe_p80_h0/final/sdf/nom_fast_1p32V_m40C/tt_um_rumcajs__nom_fast_1p32V_m40C.sdf:1124: Could not find intermodpath!
SDF ERROR: runs/single_key_wipe_p80_h0/final/sdf/nom_fast_1p32V_m40C/tt_um_rumcajs__nom_fast_1p32V_m40C.sdf:1125: Could not find intermodpath!
SDF ERROR: runs/single_key_wipe_p80_h0/final/sdf/nom_fast_1p32V_m40C/tt_um_rumcajs__nom_fast_1p32V_m40C.sdf:1126: Could not find intermodpath!
SDF ERROR: runs/single_key_wipe_p80_h0/final/sdf/nom_fast_1p32V_m40C/tt_um_rumcajs__nom_fast_1p32V_m40C.sdf:1127: Could not find intermodpath!
SDF ERROR: runs/single_key_wipe_p80_h0/final/sdf/nom_fast_1p32V_m40C/tt_um_rumcajs__nom_fast_1p32V_m40C.sdf:1128: Could not find intermodpath!
SDF ERROR: runs/single_key_wipe_p80_h0/final/sdf/nom_fast_1p32V_m40C/tt_um_rumcajs__nom_fast_1p32V_m40C.sdf:1129: Could not find intermodpath!
SDF ERROR: runs/single_key_wipe_p80_h0/final/sdf/nom_fast_1p32V_m40C/tt_um_rumcajs__nom_fast_1p32V_m40C.sdf:1130: Could not find intermodpath!
SDF ERROR: runs/single_key_wipe_p80_h0/final/sdf/nom_fast_1p32V_m40C/tt_um_rumcajs__nom_fast_1p32V_m40C.sdf:1131: Could not find intermodpath!
SDF ERROR: runs/single_key_wipe_p80_h0/final/sdf/nom_fast_1p32V_m40C/tt_um_rumcajs__nom_fast_1p32V_m40C.sdf:1132: Could not find intermodpath!
SDF ERROR: runs/single_key_wipe_p80_h0/final/sdf/nom_fast_1p32V_m40C/tt_um_rumcajs__nom_fast_1p32V_m40C.sdf:1133: Could not find intermodpath!
SDF ERROR: runs/single_key_wipe_p80_h0/final/sdf/nom_fast_1p32V_m40C/tt_um_rumcajs__nom_fast_1p32V_m40C.sdf:1134: Could not find intermodpath!
SDF ERROR: runs/single_key_wipe_p80_h0/final/sdf/nom_fast_1p32V_m40C/tt_um_rumcajs__nom_fast_1p32V_m40C.sdf:1135: Could not find intermodpath!
SDF ERROR: runs/single_key_wipe_p80_h0/final/sdf/nom_fast_1p32V_m40C/tt_um_rumcajs__nom_fast_1p32V_m40C.sdf:1136: Could not find intermodpath!
SDF ERROR: runs/single_key_wipe_p80_h0/final/sdf/nom_fast_1p32V_m40C/tt_um_rumcajs__nom_fast_1p32V_m40C.sdf:1137: Could not find intermodpath!
SDF ERROR: runs/single_key_wipe_p80_h0/final/sdf/nom_fast_1p32V_m40C/tt_um_rumcajs__nom_fast_1p32V_m40C.sdf:1138: Could not find intermodpath!
SDF ERROR: runs/single_key_wipe_p80_h0/final/sdf/nom_fast_1p32V_m40C/tt_um_rumcajs__nom_fast_1p32V_m40C.sdf:1139: Could not find intermodpath!
SDF ERROR: runs/single_key_wipe_p80_h0/final/sdf/nom_fast_1p32V_m40C/tt_um_rumcajs__nomError: Could not find net. Did you run iverilog with '-ginterconnect'?
Error: Could not find net. Did you run iverilog with '-ginterconnect'?
Error: Could not find net. Did you run iverilog with '-ginterconnect'?
Error: Could not find net. Did you run iverilog with '-ginterconnect'?
Error: Could not find net. Did you run iverilog with '-ginterconnect'?
Error: Could not find net. Did you run iverilog with '-ginterconnect'?
Error: Could not find net. Did you run iverilog with '-ginterconnect'?
Error: Could not find net. Did you run iverilog with '-ginterconnect'?
Error: Could not find net. Did you run iverilog with '-ginterconnect'?
Error: Could not find net. Did you run iverilog with '-ginterconnect'?
Error: Could not find net. Did you run iverilog with '-ginterconnect'?
Error: Could not find net. Did you run iverilog with '-ginterconnect'?
Error: Could not find net. Did you run iverilog with '-ginterconnect'?
Error: Could not find net. Did you run iverilog with '-ginterconnect'?
Error: Could not find net. Did you run iverilog with '-ginterconnect'?
Error: Could not find net. Did you run iverilog with '-ginterconnect'?
Error: Could not find net. Did you run iverilog with '-ginterconnect'?
Error: Could not find net. Did you run iverilog with '-ginterconnect'?
Error: Could not find net. Did you run iverilog with '-ginterconnect'?
Error: Could not find net. Did you run iverilog with '-ginterconnect'?
Error: Could not find net. Did you run iverilog with '-ginterconnect'?
Error: Could not find net. Did you run iverilog with '-ginterconnect'?
Error: Could not find net. Did you run iverilog with '-ginterconnect'?
Error: Could not find net. Did you run iverilog with '-ginterconnect'?
Error: Could not find net. Did you run iverilog with '-ginterconnect'?
Error: Could not find net. Did you run iverilog with '-ginterconnect'?
Error: Could not find net. Did you run iverilog with '-ginterconnect'?
Error: Could not find net. Did you run iverilog with '-ginterconnect'?
Error: Could not find net. Did you run iverilog with '-ginterconnect'?
_fast_1p32V_m40C.sdf:1140: Could not find intermodpath!
SDF ERROR: runs/single_key_wipe_p80_h0/final/sdf/nom_fast_1p32V_m40C/tt_um_rumcajs__nom_fast_1p32V_m40C.sdf:1141: Could not find intermodpath!
SDF ERROR: runs/single_key_wipe_p80_h0/final/sdf/nom_fast_1p32V_m40C/tt_um_rumcajs__nom_fast_1p32V_m40C.sdf:1142: Could not find intermodpath!
SDF ERROR: runs/single_key_wipe_p80_h0/final/sdf/nom_fast_1p32V_m40C/tt_um_rumcajs__nom_fast_1p32V_m40C.sdf:1143: Could not find intermodpath!
SDF ERROR: runs/single_key_wipe_p80_h0/final/sdf/nom_fast_1p32V_m40C/tt_um_rumcajs__nom_fast_1p32V_m40C.sdf:1144: Could not find intermodpath!
SDF ERROR: runs/single_key_wipe_p80_h0/final/sdf/nom_fast_1p32V_m40C/tt_um_rumcajs__nom_fast_1p32V_m40C.sdf:1145: Could not find intermodpath!
SDF ERROR: runs/single_key_wipe_p80_h0/final/sdf/nom_fast_1p32V_m40C/tt_um_rumcajs__nom_fast_1p32V_m40C.sdf:1146: Could not find intermodpath!
SDF ERROR: runs/single_key_wipe_p80_h0/final/sdf/nom_fast_1p32V_m40C/tt_um_rumcajs__nom_fast_1p32V_m40C.sdf:1147: Could not find intermodpath!
SDF ERROR: runs/single_key_wipe_p80_h0/final/sdf/nom_fast_1p32V_m40C/tt_um_rumcajs__nom_fast_1p32V_m40C.sdf:1148: Could not find intermodpath!
SDF ERROR: runs/single_key_wipe_p80_h0/final/sdf/nom_fast_1p32V_m40C/tt_um_rumcajs__nom_fast_1p32V_m40C.sdf:1149: Could not find intermodpath!
SDF ERROR: runs/single_key_wipe_p80_h0/final/sdf/nom_fast_1p32V_m40C/tt_um_rumcajs__nom_fast_1p32V_m40C.sdf:1150: Could not find intermodpath!
SDF ERROR: runs/single_key_wipe_p80_h0/final/sdf/nom_fast_1p32V_m40C/tt_um_rumcajs__nom_fast_1p32V_m40C.sdf:1151: Could not find intermodpath!
SDF ERROR: runs/single_key_wipe_p80_h0/final/sdf/nom_fast_1p32V_m40C/tt_um_rumcajs__nom_fast_1p32V_m40C.sdf:1152: Could not find intermodpath!
SDF ERROR: runs/single_key_wipe_p80_h0/final/sdf/nom_fast_1p32V_m40C/tt_um_rumcajs__nom_fast_1p32V_m40C.sdf:1153: Could not find intermodpath!
SDF ERROR: runs/single_key_wipe_p80_h0/final/sdf/nom_fast_1p32V_m40C/tt_um_rumcajs__nom_fast_1p32V_m40C.sdf:1154: Could not find intermodpath!
SDF ERROR: runs/single_key_wipe_p80_h0/final/sdf/nom_fast_1p32V_m40C/tt_um_rumcajs__nom_fast_1p32V_m40C.sdf:1155: Could not find intermodpath!
SDF ERROR: runs/single_key_wipe_p80_h0/final/sdf/nom_fast_1p32V_m40C/tt_um_rumcajs__nom_fast_1p32V_m40C.sdf:1156: Could not find intermodpath!
SDF ERROR: runs/single_key_wipe_p80_h0/final/sdf/nom_fast_1p32V_m40C/tt_um_rumcajs__nom_fast_1p32V_m40C.sdf:1157: Could not find intermodpath!
SDF ERROR: runs/single_key_wipe_p80_h0/final/sdf/nom_fast_1p32V_m40C/tt_um_rumcajs__nom_fast_1p32V_m40C.sdf:1158: Could not find intermodpath!
SDF ERROR: runs/single_key_wipe_p80_h0/final/sdf/nom_fast_1p32V_m40C/tt_um_rumcajs__nom_fast_1p32V_m40C.sdf:1159: Could not find intermodpath!
SDF ERROR: runs/single_key_wipe_p80_h0/final/sdf/nom_fast_1p32V_m40C/tt_um_rumcajs__nom_fast_1p32V_m40C.sdf:1160: Could not find intermodpath!
SDF ERROR: runs/single_key_wipe_p80_h0/final/sdf/nom_fast_1p32V_m40C/tt_um_rumcajs__nom_fast_1p32V_m40C.sdf:1161: Could not find intermodpath!
SDF ERROR: runs/single_key_wipe_p80_h0/final/sdf/nom_fast_1p32V_m40C/tt_um_rumcajs__nom_fast_1p32V_m40C.sdf:1162: Could not find intermodpath!
SDF ERROR: runs/single_key_wipe_p80_h0/final/sdf/nom_fast_1p32V_m40C/tt_um_rumcajs__nom_fast_1p32V_m40C.sdf:1163: Could not find intermodpath!
SDF ERROR: runs/single_key_wipe_p80_h0/final/sdf/nom_fast_1p32V_m40C/tt_um_rumcajs__nom_fast_1p32V_m40C.sdf:1164: Could not find intermodpath!
SDF ERROR: runs/single_key_wipe_p80_h0/final/sdf/nom_fast_1p32V_m40C/tt_um_rumcajs__nom_fast_1p32V_m40C.sdf:1165: Could not find intermodpath!
SDF ERROR: runs/single_key_wipe_p80_h0/final/sdf/nom_fast_1p32V_m40C/tt_um_rumcajs__nom_fast_1p32V_m40C.sdf:1166: Could not find intermodpath!
SDF ERROR: runs/single_key_wipe_p80_h0/final/sdf/nom_fast_1p32V_m40C/tt_um_rumcajs__nom_fast_1p32V_m40C.sdf:1167: Could not find intermodpath!
SDF ERROR: runs/single_key_wipe_p80_h0/final/sdf/nom_fast_1p32V_m40C/tt_um_rumcajs__nom_fast_1p32V_m40C.sdf:1168: Could not find intermodpath!
SDF ERROR: runs/single_key_wipe_p80_Error: Could not find net. Did you run iverilog with '-ginterconnect'?
Error: Could not find net. Did you run iverilog with '-ginterconnect'?
Error: Could not find net. Did you run iverilog with '-ginterconnect'?
Error: Could not find net. Did you run iverilog with '-ginterconnect'?
Error: Could not find net. Did you run iverilog with '-ginterconnect'?
Error: Could not find net. Did you run iverilog with '-ginterconnect'?
Error: Could not find net. Did you run iverilog with '-ginterconnect'?
Error: Could not find net. Did you run iverilog with '-ginterconnect'?
Error: Could not find net. Did you run iverilog with '-ginterconnect'?
Error: Could not find net. Did you run iverilog with '-ginterconnect'?
Error: Could not find net. Did you run iverilog with '-ginterconnect'?
Error: Could not find net. Did you run iverilog with '-ginterconnect'?
Error: Could not find net. Did you run iverilog with '-ginterconnect'?
Error: Could not find net. Did you run iverilog with '-ginterconnect'?
Error: Could not find net. Did you run iverilog with '-ginterconnect'?
Error: Could not find net. Did you run iverilog with '-ginterconnect'?
Error: Could not find net. Did you run iverilog with '-ginterconnect'?
Error: Could not find net. Did you run iverilog with '-ginterconnect'?
Error: Could not find net. Did you run iverilog with '-ginterconnect'?
Error: Could not find net. Did you run iverilog with '-ginterconnect'?
Error: Could not find net. Did you run iverilog with '-ginterconnect'?
Error: Could not find net. Did you run iverilog with '-ginterconnect'?
Error: Could not find net. Did you run iverilog with '-ginterconnect'?
Error: Could not find net. Did you run iverilog with '-ginterconnect'?
Error: Could not find net. Did you run iverilog with '-ginterconnect'?
Error: Could not find net. Did you run iverilog with '-ginterconnect'?
Error: Could not find net. Did you run iverilog with '-ginterconnect'?
Error: Could not find net. Did you run iverilog with '-ginterconnect'?
h0/final/sdf/nom_fast_1p32V_m40C/tt_um_rumcajs__nom_fast_1p32V_m40C.sdf:1169: Could not find intermodpath!
SDF ERROR: runs/single_key_wipe_p80_h0/final/sdf/nom_fast_1p32V_m40C/tt_um_rumcajs__nom_fast_1p32V_m40C.sdf:1170: Could not find intermodpath!
SDF ERROR: runs/single_key_wipe_p80_h0/final/sdf/nom_fast_1p32V_m40C/tt_um_rumcajs__nom_fast_1p32V_m40C.sdf:1171: Could not find intermodpath!
SDF ERROR: runs/single_key_wipe_p80_h0/final/sdf/nom_fast_1p32V_m40C/tt_um_rumcajs__nom_fast_1p32V_m40C.sdf:1172: Could not find intermodpath!
SDF ERROR: runs/single_key_wipe_p80_h0/final/sdf/nom_fast_1p32V_m40C/tt_um_rumcajs__nom_fast_1p32V_m40C.sdf:1173: Could not find intermodpath!
SDF ERROR: runs/single_key_wipe_p80_h0/final/sdf/nom_fast_1p32V_m40C/tt_um_rumcajs__nom_fast_1p32V_m40C.sdf:1174: Could not find intermodpath!
SDF ERROR: runs/single_key_wipe_p80_h0/final/sdf/nom_fast_1p32V_m40C/tt_um_rumcajs__nom_fast_1p32V_m40C.sdf:1175: Could not find intermodpath!
SDF ERROR: runs/single_key_wipe_p80_h0/final/sdf/nom_fast_1p32V_m40C/tt_um_rumcajs__nom_fast_1p32V_m40C.sdf:1176: Could not find intermodpath!
SDF ERROR: runs/single_key_wipe_p80_h0/final/sdf/nom_fast_1p32V_m40C/tt_um_rumcajs__nom_fast_1p32V_m40C.sdf:1177: Could not find intermodpath!
SDF ERROR: runs/single_key_wipe_p80_h0/final/sdf/nom_fast_1p32V_m40C/tt_um_rumcajs__nom_fast_1p32V_m40C.sdf:1178: Could not find intermodpath!
SDF ERROR: runs/single_key_wipe_p80_h0/final/sdf/nom_fast_1p32V_m40C/tt_um_rumcajs__nom_fast_1p32V_m40C.sdf:1179: Could not find intermodpath!
SDF ERROR: runs/single_key_wipe_p80_h0/final/sdf/nom_fast_1p32V_m40C/tt_um_rumcajs__nom_fast_1p32V_m40C.sdf:1180: Could not find intermodpath!
SDF ERROR: runs/single_key_wipe_p80_h0/final/sdf/nom_fast_1p32V_m40C/tt_um_rumcajs__nom_fast_1p32V_m40C.sdf:1181: Could not find intermodpath!
SDF ERROR: runs/single_key_wipe_p80_h0/final/sdf/nom_fast_1p32V_m40C/tt_um_rumcajs__nom_fast_1p32V_m40C.sdf:1182: Could not find intermodpath!
SDF ERROR: runs/single_key_wipe_p80_h0/final/sdf/nom_fast_1p32V_m40C/tt_um_rumcajs__nom_fast_1p32V_m40C.sdf:1183: Could not find intermodpath!
SDF ERROR: runs/single_key_wipe_p80_h0/final/sdf/nom_fast_1p32V_m40C/tt_um_rumcajs__nom_fast_1p32V_m40C.sdf:1184: Could not find intermodpath!
SDF ERROR: runs/single_key_wipe_p80_h0/final/sdf/nom_fast_1p32V_m40C/tt_um_rumcajs__nom_fast_1p32V_m40C.sdf:1185: Could not find intermodpath!
SDF ERROR: runs/single_key_wipe_p80_h0/final/sdf/nom_fast_1p32V_m40C/tt_um_rumcajs__nom_fast_1p32V_m40C.sdf:1186: Could not find intermodpath!
SDF ERROR: runs/single_key_wipe_p80_h0/final/sdf/nom_fast_1p32V_m40C/tt_um_rumcajs__nom_fast_1p32V_m40C.sdf:1187: Could not find intermodpath!
SDF ERROR: runs/single_key_wipe_p80_h0/final/sdf/nom_fast_1p32V_m40C/tt_um_rumcajs__nom_fast_1p32V_m40C.sdf:1188: Could not find intermodpath!
SDF ERROR: runs/single_key_wipe_p80_h0/final/sdf/nom_fast_1p32V_m40C/tt_um_rumcajs__nom_fast_1p32V_m40C.sdf:1189: Could not find intermodpath!
SDF ERROR: runs/single_key_wipe_p80_h0/final/sdf/nom_fast_1p32V_m40C/tt_um_rumcajs__nom_fast_1p32V_m40C.sdf:1190: Could not find intermodpath!
SDF ERROR: runs/single_key_wipe_p80_h0/final/sdf/nom_fast_1p32V_m40C/tt_um_rumcajs__nom_fast_1p32V_m40C.sdf:1191: Could not find intermodpath!
SDF ERROR: runs/single_key_wipe_p80_h0/final/sdf/nom_fast_1p32V_m40C/tt_um_rumcajs__nom_fast_1p32V_m40C.sdf:1192: Could not find intermodpath!
SDF ERROR: runs/single_key_wipe_p80_h0/final/sdf/nom_fast_1p32V_m40C/tt_um_rumcajs__nom_fast_1p32V_m40C.sdf:1193: Could not find intermodpath!
SDF ERROR: runs/single_key_wipe_p80_h0/final/sdf/nom_fast_1p32V_m40C/tt_um_rumcajs__nom_fast_1p32V_m40C.sdf:1194: Could not find intermodpath!
SDF ERROR: runs/single_key_wipe_p80_h0/final/sdf/nom_fast_1p32V_m40C/tt_um_rumcajs__nom_fast_1p32V_m40C.sdf:1195: Could not find intermodpath!
SDF ERROR: runs/single_key_wipe_p80_h0/final/sdf/nom_fast_1p32V_m40C/tt_um_rumcajs__nom_fast_1p32V_m40C.sdf:1196: Could not find intermodpath!
SDF ERROR: runs/single_key_wipe_p80_h0/final/sdf/nom_fast_1p32V_m40C/tt_um_rumcajs__nom_fast_1p32V_m40C.sdf:1197: Could not findError: Could not find net. Did you run iverilog with '-ginterconnect'?
Error: Could not find net. Did you run iverilog with '-ginterconnect'?
Error: Could not find net. Did you run iverilog with '-ginterconnect'?
Error: Could not find net. Did you run iverilog with '-ginterconnect'?
Error: Could not find net. Did you run iverilog with '-ginterconnect'?
Error: Could not find net. Did you run iverilog with '-ginterconnect'?
Error: Could not find net. Did you run iverilog with '-ginterconnect'?
Error: Could not find net. Did you run iverilog with '-ginterconnect'?
Error: Could not find net. Did you run iverilog with '-ginterconnect'?
Error: Could not find net. Did you run iverilog with '-ginterconnect'?
Error: Could not find net. Did you run iverilog with '-ginterconnect'?
Error: Could not find net. Did you run iverilog with '-ginterconnect'?
Error: Could not find net. Did you run iverilog with '-ginterconnect'?
Error: Could not find net. Did you run iverilog with '-ginterconnect'?
Error: Could not find net. Did you run iverilog with '-ginterconnect'?
Error: Could not find net. Did you run iverilog with '-ginterconnect'?
Error: Could not find net. Did you run iverilog with '-ginterconnect'?
Error: Could not find net. Did you run iverilog with '-ginterconnect'?
Error: Could not find net. Did you run iverilog with '-ginterconnect'?
Error: Could not find net. Did you run iverilog with '-ginterconnect'?
Error: Could not find net. Did you run iverilog with '-ginterconnect'?
Error: Could not find net. Did you run iverilog with '-ginterconnect'?
Error: Could not find net. Did you run iverilog with '-ginterconnect'?
Error: Could not find net. Did you run iverilog with '-ginterconnect'?
Error: Could not find net. Did you run iverilog with '-ginterconnect'?
Error: Could not find net. Did you run iverilog with '-ginterconnect'?
Error: Could not find net. Did you run iverilog with '-ginterconnect'?
Error: Could not find net. Did you run iverilog with '-ginterconnect'?
Error: Could not find net. Did you run iverilog with '-ginterconnect'?
 intermodpath!
SDF ERROR: runs/single_key_wipe_p80_h0/final/sdf/nom_fast_1p32V_m40C/tt_um_rumcajs__nom_fast_1p32V_m40C.sdf:1198: Could not find intermodpath!
SDF ERROR: runs/single_key_wipe_p80_h0/final/sdf/nom_fast_1p32V_m40C/tt_um_rumcajs__nom_fast_1p32V_m40C.sdf:1199: Could not find intermodpath!
SDF ERROR: runs/single_key_wipe_p80_h0/final/sdf/nom_fast_1p32V_m40C/tt_um_rumcajs__nom_fast_1p32V_m40C.sdf:1200: Could not find intermodpath!
SDF ERROR: runs/single_key_wipe_p80_h0/final/sdf/nom_fast_1p32V_m40C/tt_um_rumcajs__nom_fast_1p32V_m40C.sdf:1201: Could not find intermodpath!
SDF ERROR: runs/single_key_wipe_p80_h0/final/sdf/nom_fast_1p32V_m40C/tt_um_rumcajs__nom_fast_1p32V_m40C.sdf:1202: Could not find intermodpath!
SDF ERROR: runs/single_key_wipe_p80_h0/final/sdf/nom_fast_1p32V_m40C/tt_um_rumcajs__nom_fast_1p32V_m40C.sdf:1203: Could not find intermodpath!
SDF ERROR: runs/single_key_wipe_p80_h0/final/sdf/nom_fast_1p32V_m40C/tt_um_rumcajs__nom_fast_1p32V_m40C.sdf:1204: Could not find intermodpath!
SDF ERROR: runs/single_key_wipe_p80_h0/final/sdf/nom_fast_1p32V_m40C/tt_um_rumcajs__nom_fast_1p32V_m40C.sdf:1205: Could not find intermodpath!
SDF ERROR: runs/single_key_wipe_p80_h0/final/sdf/nom_fast_1p32V_m40C/tt_um_rumcajs__nom_fast_1p32V_m40C.sdf:1206: Could not find intermodpath!
SDF ERROR: runs/single_key_wipe_p80_h0/final/sdf/nom_fast_1p32V_m40C/tt_um_rumcajs__nom_fast_1p32V_m40C.sdf:1207: Could not find intermodpath!
SDF ERROR: runs/single_key_wipe_p80_h0/final/sdf/nom_fast_1p32V_m40C/tt_um_rumcajs__nom_fast_1p32V_m40C.sdf:1208: Could not find intermodpath!
SDF ERROR: runs/single_key_wipe_p80_h0/final/sdf/nom_fast_1p32V_m40C/tt_um_rumcajs__nom_fast_1p32V_m40C.sdf:1209: Could not find intermodpath!
SDF ERROR: runs/single_key_wipe_p80_h0/final/sdf/nom_fast_1p32V_m40C/tt_um_rumcajs__nom_fast_1p32V_m40C.sdf:1210: Could not find intermodpath!
SDF ERROR: runs/single_key_wipe_p80_h0/final/sdf/nom_fast_1p32V_m40C/tt_um_rumcajs__nom_fast_1p32V_m40C.sdf:1211: Could not find intermodpath!
SDF ERROR: runs/single_key_wipe_p80_h0/final/sdf/nom_fast_1p32V_m40C/tt_um_rumcajs__nom_fast_1p32V_m40C.sdf:1212: Could not find intermodpath!
SDF ERROR: runs/single_key_wipe_p80_h0/final/sdf/nom_fast_1p32V_m40C/tt_um_rumcajs__nom_fast_1p32V_m40C.sdf:1213: Could not find intermodpath!
SDF ERROR: runs/single_key_wipe_p80_h0/final/sdf/nom_fast_1p32V_m40C/tt_um_rumcajs__nom_fast_1p32V_m40C.sdf:1214: Could not find intermodpath!
SDF ERROR: runs/single_key_wipe_p80_h0/final/sdf/nom_fast_1p32V_m40C/tt_um_rumcajs__nom_fast_1p32V_m40C.sdf:1215: Could not find intermodpath!
SDF ERROR: runs/single_key_wipe_p80_h0/final/sdf/nom_fast_1p32V_m40C/tt_um_rumcajs__nom_fast_1p32V_m40C.sdf:1216: Could not find intermodpath!
SDF ERROR: runs/single_key_wipe_p80_h0/final/sdf/nom_fast_1p32V_m40C/tt_um_rumcajs__nom_fast_1p32V_m40C.sdf:1217: Could not find intermodpath!
SDF ERROR: runs/single_key_wipe_p80_h0/final/sdf/nom_fast_1p32V_m40C/tt_um_rumcajs__nom_fast_1p32V_m40C.sdf:1218: Could not find intermodpath!
SDF ERROR: runs/single_key_wipe_p80_h0/final/sdf/nom_fast_1p32V_m40C/tt_um_rumcajs__nom_fast_1p32V_m40C.sdf:1219: Could not find intermodpath!
SDF ERROR: runs/single_key_wipe_p80_h0/final/sdf/nom_fast_1p32V_m40C/tt_um_rumcajs__nom_fast_1p32V_m40C.sdf:1220: Could not find intermodpath!
SDF ERROR: runs/single_key_wipe_p80_h0/final/sdf/nom_fast_1p32V_m40C/tt_um_rumcajs__nom_fast_1p32V_m40C.sdf:1221: Could not find intermodpath!
SDF ERROR: runs/single_key_wipe_p80_h0/final/sdf/nom_fast_1p32V_m40C/tt_um_rumcajs__nom_fast_1p32V_m40C.sdf:1222: Could not find intermodpath!
SDF ERROR: runs/single_key_wipe_p80_h0/final/sdf/nom_fast_1p32V_m40C/tt_um_rumcajs__nom_fast_1p32V_m40C.sdf:1223: Could not find intermodpath!
SDF ERROR: runs/single_key_wipe_p80_h0/final/sdf/nom_fast_1p32V_m40C/tt_um_rumcajs__nom_fast_1p32V_m40C.sdf:1224: Could not find intermodpath!
SDF ERROR: runs/single_key_wipe_p80_h0/final/sdf/nom_fast_1p32V_m40C/tt_um_rumcajs__nom_fast_1p32V_m40C.sdf:1225: Could not find intermodpath!
SDF ERROR: runs/single_key_wipe_p80_h0/final/sdf/nom_fast_1p32V_m40C/tt_um_ruError: Could not find net. Did you run iverilog with '-ginterconnect'?
Error: Could not find net. Did you run iverilog with '-ginterconnect'?
Error: Could not find net. Did you run iverilog with '-ginterconnect'?
Error: Could not find net. Did you run iverilog with '-ginterconnect'?
Error: Could not find net. Did you run iverilog with '-ginterconnect'?
Error: Could not find net. Did you run iverilog with '-ginterconnect'?
Error: Could not find net. Did you run iverilog with '-ginterconnect'?
Error: Could not find net. Did you run iverilog with '-ginterconnect'?
Error: Could not find net. Did you run iverilog with '-ginterconnect'?
Error: Could not find net. Did you run iverilog with '-ginterconnect'?
Error: Could not find net. Did you run iverilog with '-ginterconnect'?
Error: Could not find net. Did you run iverilog with '-ginterconnect'?
Error: Could not find net. Did you run iverilog with '-ginterconnect'?
Error: Could not find net. Did you run iverilog with '-ginterconnect'?
Error: Could not find net. Did you run iverilog with '-ginterconnect'?
Error: Could not find net. Did you run iverilog with '-ginterconnect'?
Error: Could not find net. Did you run iverilog with '-ginterconnect'?
Error: Could not find net. Did you run iverilog with '-ginterconnect'?
Error: Could not find net. Did you run iverilog with '-ginterconnect'?
Error: Could not find net. Did you run iverilog with '-ginterconnect'?
Error: Could not find net. Did you run iverilog with '-ginterconnect'?
Error: Could not find net. Did you run iverilog with '-ginterconnect'?
Error: Could not find net. Did you run iverilog with '-ginterconnect'?
Error: Could not find net. Did you run iverilog with '-ginterconnect'?
Error: Could not find net. Did you run iverilog with '-ginterconnect'?
Error: Could not find net. Did you run iverilog with '-ginterconnect'?
Error: Could not find net. Did you run iverilog with '-ginterconnect'?
Error: Could not find net. Did you run iverilog with '-ginterconnect'?
Error: Could not find net. Did you run iverilog with '-ginterconnect'?
mcajs__nom_fast_1p32V_m40C.sdf:1226: Could not find intermodpath!
SDF ERROR: runs/single_key_wipe_p80_h0/final/sdf/nom_fast_1p32V_m40C/tt_um_rumcajs__nom_fast_1p32V_m40C.sdf:1227: Could not find intermodpath!
SDF ERROR: runs/single_key_wipe_p80_h0/final/sdf/nom_fast_1p32V_m40C/tt_um_rumcajs__nom_fast_1p32V_m40C.sdf:1228: Could not find intermodpath!
SDF ERROR: runs/single_key_wipe_p80_h0/final/sdf/nom_fast_1p32V_m40C/tt_um_rumcajs__nom_fast_1p32V_m40C.sdf:1229: Could not find intermodpath!
SDF ERROR: runs/single_key_wipe_p80_h0/final/sdf/nom_fast_1p32V_m40C/tt_um_rumcajs__nom_fast_1p32V_m40C.sdf:1230: Could not find intermodpath!
SDF ERROR: runs/single_key_wipe_p80_h0/final/sdf/nom_fast_1p32V_m40C/tt_um_rumcajs__nom_fast_1p32V_m40C.sdf:1231: Could not find intermodpath!
SDF ERROR: runs/single_key_wipe_p80_h0/final/sdf/nom_fast_1p32V_m40C/tt_um_rumcajs__nom_fast_1p32V_m40C.sdf:1232: Could not find intermodpath!
SDF ERROR: runs/single_key_wipe_p80_h0/final/sdf/nom_fast_1p32V_m40C/tt_um_rumcajs__nom_fast_1p32V_m40C.sdf:1233: Could not find intermodpath!
SDF ERROR: runs/single_key_wipe_p80_h0/final/sdf/nom_fast_1p32V_m40C/tt_um_rumcajs__nom_fast_1p32V_m40C.sdf:1234: Could not find intermodpath!
SDF ERROR: runs/single_key_wipe_p80_h0/final/sdf/nom_fast_1p32V_m40C/tt_um_rumcajs__nom_fast_1p32V_m40C.sdf:1235: Could not find intermodpath!
SDF ERROR: runs/single_key_wipe_p80_h0/final/sdf/nom_fast_1p32V_m40C/tt_um_rumcajs__nom_fast_1p32V_m40C.sdf:1236: Could not find intermodpath!
SDF ERROR: runs/single_key_wipe_p80_h0/final/sdf/nom_fast_1p32V_m40C/tt_um_rumcajs__nom_fast_1p32V_m40C.sdf:1237: Could not find intermodpath!
SDF ERROR: runs/single_key_wipe_p80_h0/final/sdf/nom_fast_1p32V_m40C/tt_um_rumcajs__nom_fast_1p32V_m40C.sdf:1238: Could not find intermodpath!
SDF ERROR: runs/single_key_wipe_p80_h0/final/sdf/nom_fast_1p32V_m40C/tt_um_rumcajs__nom_fast_1p32V_m40C.sdf:1239: Could not find intermodpath!
SDF ERROR: runs/single_key_wipe_p80_h0/final/sdf/nom_fast_1p32V_m40C/tt_um_rumcajs__nom_fast_1p32V_m40C.sdf:1240: Could not find intermodpath!
SDF ERROR: runs/single_key_wipe_p80_h0/final/sdf/nom_fast_1p32V_m40C/tt_um_rumcajs__nom_fast_1p32V_m40C.sdf:1241: Could not find intermodpath!
SDF ERROR: runs/single_key_wipe_p80_h0/final/sdf/nom_fast_1p32V_m40C/tt_um_rumcajs__nom_fast_1p32V_m40C.sdf:1242: Could not find intermodpath!
SDF ERROR: runs/single_key_wipe_p80_h0/final/sdf/nom_fast_1p32V_m40C/tt_um_rumcajs__nom_fast_1p32V_m40C.sdf:1243: Could not find intermodpath!
SDF ERROR: runs/single_key_wipe_p80_h0/final/sdf/nom_fast_1p32V_m40C/tt_um_rumcajs__nom_fast_1p32V_m40C.sdf:1244: Could not find intermodpath!
SDF ERROR: runs/single_key_wipe_p80_h0/final/sdf/nom_fast_1p32V_m40C/tt_um_rumcajs__nom_fast_1p32V_m40C.sdf:1245: Could not find intermodpath!
SDF ERROR: runs/single_key_wipe_p80_h0/final/sdf/nom_fast_1p32V_m40C/tt_um_rumcajs__nom_fast_1p32V_m40C.sdf:1246: Could not find intermodpath!
SDF ERROR: runs/single_key_wipe_p80_h0/final/sdf/nom_fast_1p32V_m40C/tt_um_rumcajs__nom_fast_1p32V_m40C.sdf:1247: Could not find intermodpath!
SDF ERROR: runs/single_key_wipe_p80_h0/final/sdf/nom_fast_1p32V_m40C/tt_um_rumcajs__nom_fast_1p32V_m40C.sdf:1248: Could not find intermodpath!
SDF ERROR: runs/single_key_wipe_p80_h0/final/sdf/nom_fast_1p32V_m40C/tt_um_rumcajs__nom_fast_1p32V_m40C.sdf:1249: Could not find intermodpath!
SDF ERROR: runs/single_key_wipe_p80_h0/final/sdf/nom_fast_1p32V_m40C/tt_um_rumcajs__nom_fast_1p32V_m40C.sdf:1250: Could not find intermodpath!
SDF ERROR: runs/single_key_wipe_p80_h0/final/sdf/nom_fast_1p32V_m40C/tt_um_rumcajs__nom_fast_1p32V_m40C.sdf:1251: Could not find intermodpath!
SDF ERROR: runs/single_key_wipe_p80_h0/final/sdf/nom_fast_1p32V_m40C/tt_um_rumcajs__nom_fast_1p32V_m40C.sdf:1252: Could not find intermodpath!
SDF ERROR: runs/single_key_wipe_p80_h0/final/sdf/nom_fast_1p32V_m40C/tt_um_rumcajs__nom_fast_1p32V_m40C.sdf:1253: Could not find intermodpath!
SDF ERROR: runs/single_key_wipe_p80_h0/final/sdf/nom_fast_1p32V_m40C/tt_um_rumcajs__nom_fast_1p32V_m40C.sdf:1254: Could not find intermodpath!
SDF ERROR: runs/single_keyError: Could not find net. Did you run iverilog with '-ginterconnect'?
Error: Could not find net. Did you run iverilog with '-ginterconnect'?
Error: Could not find net. Did you run iverilog with '-ginterconnect'?
Error: Could not find net. Did you run iverilog with '-ginterconnect'?
Error: Could not find net. Did you run iverilog with '-ginterconnect'?
Error: Could not find net. Did you run iverilog with '-ginterconnect'?
Error: Could not find net. Did you run iverilog with '-ginterconnect'?
Error: Could not find net. Did you run iverilog with '-ginterconnect'?
Error: Could not find net. Did you run iverilog with '-ginterconnect'?
Error: Could not find net. Did you run iverilog with '-ginterconnect'?
Error: Could not find net. Did you run iverilog with '-ginterconnect'?
Error: Could not find net. Did you run iverilog with '-ginterconnect'?
Error: Could not find net. Did you run iverilog with '-ginterconnect'?
Error: Could not find net. Did you run iverilog with '-ginterconnect'?
Error: Could not find net. Did you run iverilog with '-ginterconnect'?
Error: Could not find net. Did you run iverilog with '-ginterconnect'?
Error: Could not find net. Did you run iverilog with '-ginterconnect'?
Error: Could not find net. Did you run iverilog with '-ginterconnect'?
Error: Could not find net. Did you run iverilog with '-ginterconnect'?
Error: Could not find net. Did you run iverilog with '-ginterconnect'?
Error: Could not find net. Did you run iverilog with '-ginterconnect'?
Error: Could not find net. Did you run iverilog with '-ginterconnect'?
Error: Could not find net. Did you run iverilog with '-ginterconnect'?
Error: Could not find net. Did you run iverilog with '-ginterconnect'?
Error: Could not find net. Did you run iverilog with '-ginterconnect'?
Error: Could not find net. Did you run iverilog with '-ginterconnect'?
Error: Could not find net. Did you run iverilog with '-ginterconnect'?
Error: Could not find net. Did you run iverilog with '-ginterconnect'?
_wipe_p80_h0/final/sdf/nom_fast_1p32V_m40C/tt_um_rumcajs__nom_fast_1p32V_m40C.sdf:1255: Could not find intermodpath!
SDF ERROR: runs/single_key_wipe_p80_h0/final/sdf/nom_fast_1p32V_m40C/tt_um_rumcajs__nom_fast_1p32V_m40C.sdf:1256: Could not find intermodpath!
SDF ERROR: runs/single_key_wipe_p80_h0/final/sdf/nom_fast_1p32V_m40C/tt_um_rumcajs__nom_fast_1p32V_m40C.sdf:1257: Could not find intermodpath!
SDF ERROR: runs/single_key_wipe_p80_h0/final/sdf/nom_fast_1p32V_m40C/tt_um_rumcajs__nom_fast_1p32V_m40C.sdf:1258: Could not find intermodpath!
SDF ERROR: runs/single_key_wipe_p80_h0/final/sdf/nom_fast_1p32V_m40C/tt_um_rumcajs__nom_fast_1p32V_m40C.sdf:1259: Could not find intermodpath!
SDF ERROR: runs/single_key_wipe_p80_h0/final/sdf/nom_fast_1p32V_m40C/tt_um_rumcajs__nom_fast_1p32V_m40C.sdf:1260: Could not find intermodpath!
SDF ERROR: runs/single_key_wipe_p80_h0/final/sdf/nom_fast_1p32V_m40C/tt_um_rumcajs__nom_fast_1p32V_m40C.sdf:1261: Could not find intermodpath!
SDF ERROR: runs/single_key_wipe_p80_h0/final/sdf/nom_fast_1p32V_m40C/tt_um_rumcajs__nom_fast_1p32V_m40C.sdf:1262: Could not find intermodpath!
SDF ERROR: runs/single_key_wipe_p80_h0/final/sdf/nom_fast_1p32V_m40C/tt_um_rumcajs__nom_fast_1p32V_m40C.sdf:1263: Could not find intermodpath!
SDF ERROR: runs/single_key_wipe_p80_h0/final/sdf/nom_fast_1p32V_m40C/tt_um_rumcajs__nom_fast_1p32V_m40C.sdf:1264: Could not find intermodpath!
SDF ERROR: runs/single_key_wipe_p80_h0/final/sdf/nom_fast_1p32V_m40C/tt_um_rumcajs__nom_fast_1p32V_m40C.sdf:1265: Could not find intermodpath!
SDF ERROR: runs/single_key_wipe_p80_h0/final/sdf/nom_fast_1p32V_m40C/tt_um_rumcajs__nom_fast_1p32V_m40C.sdf:1266: Could not find intermodpath!
SDF ERROR: runs/single_key_wipe_p80_h0/final/sdf/nom_fast_1p32V_m40C/tt_um_rumcajs__nom_fast_1p32V_m40C.sdf:1267: Could not find intermodpath!
SDF ERROR: runs/single_key_wipe_p80_h0/final/sdf/nom_fast_1p32V_m40C/tt_um_rumcajs__nom_fast_1p32V_m40C.sdf:1268: Could not find intermodpath!
SDF ERROR: runs/single_key_wipe_p80_h0/final/sdf/nom_fast_1p32V_m40C/tt_um_rumcajs__nom_fast_1p32V_m40C.sdf:1269: Could not find intermodpath!
SDF ERROR: runs/single_key_wipe_p80_h0/final/sdf/nom_fast_1p32V_m40C/tt_um_rumcajs__nom_fast_1p32V_m40C.sdf:1270: Could not find intermodpath!
SDF ERROR: runs/single_key_wipe_p80_h0/final/sdf/nom_fast_1p32V_m40C/tt_um_rumcajs__nom_fast_1p32V_m40C.sdf:1271: Could not find intermodpath!
SDF ERROR: runs/single_key_wipe_p80_h0/final/sdf/nom_fast_1p32V_m40C/tt_um_rumcajs__nom_fast_1p32V_m40C.sdf:1272: Could not find intermodpath!
SDF ERROR: runs/single_key_wipe_p80_h0/final/sdf/nom_fast_1p32V_m40C/tt_um_rumcajs__nom_fast_1p32V_m40C.sdf:1273: Could not find intermodpath!
SDF ERROR: runs/single_key_wipe_p80_h0/final/sdf/nom_fast_1p32V_m40C/tt_um_rumcajs__nom_fast_1p32V_m40C.sdf:1274: Could not find intermodpath!
SDF ERROR: runs/single_key_wipe_p80_h0/final/sdf/nom_fast_1p32V_m40C/tt_um_rumcajs__nom_fast_1p32V_m40C.sdf:1275: Could not find intermodpath!
SDF ERROR: runs/single_key_wipe_p80_h0/final/sdf/nom_fast_1p32V_m40C/tt_um_rumcajs__nom_fast_1p32V_m40C.sdf:1276: Could not find intermodpath!
SDF ERROR: runs/single_key_wipe_p80_h0/final/sdf/nom_fast_1p32V_m40C/tt_um_rumcajs__nom_fast_1p32V_m40C.sdf:1277: Could not find intermodpath!
SDF ERROR: runs/single_key_wipe_p80_h0/final/sdf/nom_fast_1p32V_m40C/tt_um_rumcajs__nom_fast_1p32V_m40C.sdf:1278: Could not find intermodpath!
SDF ERROR: runs/single_key_wipe_p80_h0/final/sdf/nom_fast_1p32V_m40C/tt_um_rumcajs__nom_fast_1p32V_m40C.sdf:1279: Could not find intermodpath!
SDF ERROR: runs/single_key_wipe_p80_h0/final/sdf/nom_fast_1p32V_m40C/tt_um_rumcajs__nom_fast_1p32V_m40C.sdf:1280: Could not find intermodpath!
SDF ERROR: runs/single_key_wipe_p80_h0/final/sdf/nom_fast_1p32V_m40C/tt_um_rumcajs__nom_fast_1p32V_m40C.sdf:1281: Could not find intermodpath!
SDF ERROR: runs/single_key_wipe_p80_h0/final/sdf/nom_fast_1p32V_m40C/tt_um_rumcajs__nom_fast_1p32V_m40C.sdf:1282: Could not find intermodpath!
SDF ERROR: runs/single_key_wipe_p80_h0/final/sdf/nom_fast_1p32V_m40C/tt_um_rumcajs__nom_fast_1p32V_m40C.sdf:1283: CoulError: Could not find net. Did you run iverilog with '-ginterconnect'?
Error: Could not find net. Did you run iverilog with '-ginterconnect'?
Error: Could not find net. Did you run iverilog with '-ginterconnect'?
Error: Could not find net. Did you run iverilog with '-ginterconnect'?
Error: Could not find net. Did you run iverilog with '-ginterconnect'?
Error: Could not find net. Did you run iverilog with '-ginterconnect'?
Error: Could not find net. Did you run iverilog with '-ginterconnect'?
Error: Could not find net. Did you run iverilog with '-ginterconnect'?
Error: Could not find net. Did you run iverilog with '-ginterconnect'?
Error: Could not find net. Did you run iverilog with '-ginterconnect'?
Error: Could not find net. Did you run iverilog with '-ginterconnect'?
Error: Could not find net. Did you run iverilog with '-ginterconnect'?
Error: Could not find net. Did you run iverilog with '-ginterconnect'?
Error: Could not find net. Did you run iverilog with '-ginterconnect'?
Error: Could not find net. Did you run iverilog with '-ginterconnect'?
Error: Could not find net. Did you run iverilog with '-ginterconnect'?
Error: Could not find net. Did you run iverilog with '-ginterconnect'?
Error: Could not find net. Did you run iverilog with '-ginterconnect'?
Error: Could not find net. Did you run iverilog with '-ginterconnect'?
Error: Could not find net. Did you run iverilog with '-ginterconnect'?
Error: Could not find net. Did you run iverilog with '-ginterconnect'?
Error: Could not find net. Did you run iverilog with '-ginterconnect'?
Error: Could not find net. Did you run iverilog with '-ginterconnect'?
Error: Could not find net. Did you run iverilog with '-ginterconnect'?
Error: Could not find net. Did you run iverilog with '-ginterconnect'?
Error: Could not find net. Did you run iverilog with '-ginterconnect'?
Error: Could not find net. Did you run iverilog with '-ginterconnect'?
Error: Could not find net. Did you run iverilog with '-ginterconnect'?
Error: Could not find net. Did you run iverilog with '-ginterconnect'?
d not find intermodpath!
SDF ERROR: runs/single_key_wipe_p80_h0/final/sdf/nom_fast_1p32V_m40C/tt_um_rumcajs__nom_fast_1p32V_m40C.sdf:1284: Could not find intermodpath!
SDF ERROR: runs/single_key_wipe_p80_h0/final/sdf/nom_fast_1p32V_m40C/tt_um_rumcajs__nom_fast_1p32V_m40C.sdf:1285: Could not find intermodpath!
SDF ERROR: runs/single_key_wipe_p80_h0/final/sdf/nom_fast_1p32V_m40C/tt_um_rumcajs__nom_fast_1p32V_m40C.sdf:1286: Could not find intermodpath!
SDF ERROR: runs/single_key_wipe_p80_h0/final/sdf/nom_fast_1p32V_m40C/tt_um_rumcajs__nom_fast_1p32V_m40C.sdf:1287: Could not find intermodpath!
SDF ERROR: runs/single_key_wipe_p80_h0/final/sdf/nom_fast_1p32V_m40C/tt_um_rumcajs__nom_fast_1p32V_m40C.sdf:1288: Could not find intermodpath!
SDF ERROR: runs/single_key_wipe_p80_h0/final/sdf/nom_fast_1p32V_m40C/tt_um_rumcajs__nom_fast_1p32V_m40C.sdf:1289: Could not find intermodpath!
SDF ERROR: runs/single_key_wipe_p80_h0/final/sdf/nom_fast_1p32V_m40C/tt_um_rumcajs__nom_fast_1p32V_m40C.sdf:1290: Could not find intermodpath!
SDF ERROR: runs/single_key_wipe_p80_h0/final/sdf/nom_fast_1p32V_m40C/tt_um_rumcajs__nom_fast_1p32V_m40C.sdf:1291: Could not find intermodpath!
SDF ERROR: runs/single_key_wipe_p80_h0/final/sdf/nom_fast_1p32V_m40C/tt_um_rumcajs__nom_fast_1p32V_m40C.sdf:1292: Could not find intermodpath!
SDF ERROR: runs/single_key_wipe_p80_h0/final/sdf/nom_fast_1p32V_m40C/tt_um_rumcajs__nom_fast_1p32V_m40C.sdf:1293: Could not find intermodpath!
SDF ERROR: runs/single_key_wipe_p80_h0/final/sdf/nom_fast_1p32V_m40C/tt_um_rumcajs__nom_fast_1p32V_m40C.sdf:1294: Could not find intermodpath!
SDF ERROR: runs/single_key_wipe_p80_h0/final/sdf/nom_fast_1p32V_m40C/tt_um_rumcajs__nom_fast_1p32V_m40C.sdf:1295: Could not find intermodpath!
SDF ERROR: runs/single_key_wipe_p80_h0/final/sdf/nom_fast_1p32V_m40C/tt_um_rumcajs__nom_fast_1p32V_m40C.sdf:1296: Could not find intermodpath!
SDF ERROR: runs/single_key_wipe_p80_h0/final/sdf/nom_fast_1p32V_m40C/tt_um_rumcajs__nom_fast_1p32V_m40C.sdf:1297: Could not find intermodpath!
SDF ERROR: runs/single_key_wipe_p80_h0/final/sdf/nom_fast_1p32V_m40C/tt_um_rumcajs__nom_fast_1p32V_m40C.sdf:1298: Could not find intermodpath!
SDF ERROR: runs/single_key_wipe_p80_h0/final/sdf/nom_fast_1p32V_m40C/tt_um_rumcajs__nom_fast_1p32V_m40C.sdf:1299: Could not find intermodpath!
SDF ERROR: runs/single_key_wipe_p80_h0/final/sdf/nom_fast_1p32V_m40C/tt_um_rumcajs__nom_fast_1p32V_m40C.sdf:1300: Could not find intermodpath!
SDF ERROR: runs/single_key_wipe_p80_h0/final/sdf/nom_fast_1p32V_m40C/tt_um_rumcajs__nom_fast_1p32V_m40C.sdf:1301: Could not find intermodpath!
SDF ERROR: runs/single_key_wipe_p80_h0/final/sdf/nom_fast_1p32V_m40C/tt_um_rumcajs__nom_fast_1p32V_m40C.sdf:1302: Could not find intermodpath!
SDF ERROR: runs/single_key_wipe_p80_h0/final/sdf/nom_fast_1p32V_m40C/tt_um_rumcajs__nom_fast_1p32V_m40C.sdf:1303: Could not find intermodpath!
SDF ERROR: runs/single_key_wipe_p80_h0/final/sdf/nom_fast_1p32V_m40C/tt_um_rumcajs__nom_fast_1p32V_m40C.sdf:1304: Could not find intermodpath!
SDF ERROR: runs/single_key_wipe_p80_h0/final/sdf/nom_fast_1p32V_m40C/tt_um_rumcajs__nom_fast_1p32V_m40C.sdf:1305: Could not find intermodpath!
SDF ERROR: runs/single_key_wipe_p80_h0/final/sdf/nom_fast_1p32V_m40C/tt_um_rumcajs__nom_fast_1p32V_m40C.sdf:1306: Could not find intermodpath!
SDF ERROR: runs/single_key_wipe_p80_h0/final/sdf/nom_fast_1p32V_m40C/tt_um_rumcajs__nom_fast_1p32V_m40C.sdf:1307: Could not find intermodpath!
SDF ERROR: runs/single_key_wipe_p80_h0/final/sdf/nom_fast_1p32V_m40C/tt_um_rumcajs__nom_fast_1p32V_m40C.sdf:1308: Could not find intermodpath!
SDF ERROR: runs/single_key_wipe_p80_h0/final/sdf/nom_fast_1p32V_m40C/tt_um_rumcajs__nom_fast_1p32V_m40C.sdf:1309: Could not find intermodpath!
SDF ERROR: runs/single_key_wipe_p80_h0/final/sdf/nom_fast_1p32V_m40C/tt_um_rumcajs__nom_fast_1p32V_m40C.sdf:1310: Could not find intermodpath!
SDF ERROR: runs/single_key_wipe_p80_h0/final/sdf/nom_fast_1p32V_m40C/tt_um_rumcajs__nom_fast_1p32V_m40C.sdf:1311: Could not find intermodpath!
SDF ERROR: runs/single_key_wipe_p80_h0/final/sdf/nom_fast_1p32V_m40Error: Could not find net. Did you run iverilog with '-ginterconnect'?
Error: Could not find net. Did you run iverilog with '-ginterconnect'?
Error: Could not find net. Did you run iverilog with '-ginterconnect'?
Error: Could not find net. Did you run iverilog with '-ginterconnect'?
Error: Could not find net. Did you run iverilog with '-ginterconnect'?
Error: Could not find net. Did you run iverilog with '-ginterconnect'?
Error: Could not find net. Did you run iverilog with '-ginterconnect'?
Error: Could not find net. Did you run iverilog with '-ginterconnect'?
Error: Could not find net. Did you run iverilog with '-ginterconnect'?
Error: Could not find net. Did you run iverilog with '-ginterconnect'?
Error: Could not find net. Did you run iverilog with '-ginterconnect'?
Error: Could not find net. Did you run iverilog with '-ginterconnect'?
Error: Could not find net. Did you run iverilog with '-ginterconnect'?
Error: Could not find net. Did you run iverilog with '-ginterconnect'?
Error: Could not find net. Did you run iverilog with '-ginterconnect'?
Error: Could not find net. Did you run iverilog with '-ginterconnect'?
Error: Could not find net. Did you run iverilog with '-ginterconnect'?
Error: Could not find net. Did you run iverilog with '-ginterconnect'?
Error: Could not find net. Did you run iverilog with '-ginterconnect'?
Error: Could not find net. Did you run iverilog with '-ginterconnect'?
Error: Could not find net. Did you run iverilog with '-ginterconnect'?
Error: Could not find net. Did you run iverilog with '-ginterconnect'?
Error: Could not find net. Did you run iverilog with '-ginterconnect'?
Error: Could not find net. Did you run iverilog with '-ginterconnect'?
Error: Could not find net. Did you run iverilog with '-ginterconnect'?
Error: Could not find net. Did you run iverilog with '-ginterconnect'?
Error: Could not find net. Did you run iverilog with '-ginterconnect'?
Error: Could not find net. Did you run iverilog with '-ginterconnect'?
Error: Could not find net. Did you run iverilog with '-ginterconnect'?
C/tt_um_rumcajs__nom_fast_1p32V_m40C.sdf:1312: Could not find intermodpath!
SDF ERROR: runs/single_key_wipe_p80_h0/final/sdf/nom_fast_1p32V_m40C/tt_um_rumcajs__nom_fast_1p32V_m40C.sdf:1313: Could not find intermodpath!
SDF ERROR: runs/single_key_wipe_p80_h0/final/sdf/nom_fast_1p32V_m40C/tt_um_rumcajs__nom_fast_1p32V_m40C.sdf:1314: Could not find intermodpath!
SDF ERROR: runs/single_key_wipe_p80_h0/final/sdf/nom_fast_1p32V_m40C/tt_um_rumcajs__nom_fast_1p32V_m40C.sdf:1315: Could not find intermodpath!
SDF ERROR: runs/single_key_wipe_p80_h0/final/sdf/nom_fast_1p32V_m40C/tt_um_rumcajs__nom_fast_1p32V_m40C.sdf:1316: Could not find intermodpath!
SDF ERROR: runs/single_key_wipe_p80_h0/final/sdf/nom_fast_1p32V_m40C/tt_um_rumcajs__nom_fast_1p32V_m40C.sdf:1317: Could not find intermodpath!
SDF ERROR: runs/single_key_wipe_p80_h0/final/sdf/nom_fast_1p32V_m40C/tt_um_rumcajs__nom_fast_1p32V_m40C.sdf:1318: Could not find intermodpath!
SDF ERROR: runs/single_key_wipe_p80_h0/final/sdf/nom_fast_1p32V_m40C/tt_um_rumcajs__nom_fast_1p32V_m40C.sdf:1319: Could not find intermodpath!
SDF ERROR: runs/single_key_wipe_p80_h0/final/sdf/nom_fast_1p32V_m40C/tt_um_rumcajs__nom_fast_1p32V_m40C.sdf:1320: Could not find intermodpath!
SDF ERROR: runs/single_key_wipe_p80_h0/final/sdf/nom_fast_1p32V_m40C/tt_um_rumcajs__nom_fast_1p32V_m40C.sdf:1321: Could not find intermodpath!
SDF ERROR: runs/single_key_wipe_p80_h0/final/sdf/nom_fast_1p32V_m40C/tt_um_rumcajs__nom_fast_1p32V_m40C.sdf:1322: Could not find intermodpath!
SDF ERROR: runs/single_key_wipe_p80_h0/final/sdf/nom_fast_1p32V_m40C/tt_um_rumcajs__nom_fast_1p32V_m40C.sdf:1323: Could not find intermodpath!
SDF ERROR: runs/single_key_wipe_p80_h0/final/sdf/nom_fast_1p32V_m40C/tt_um_rumcajs__nom_fast_1p32V_m40C.sdf:1324: Could not find intermodpath!
SDF ERROR: runs/single_key_wipe_p80_h0/final/sdf/nom_fast_1p32V_m40C/tt_um_rumcajs__nom_fast_1p32V_m40C.sdf:1325: Could not find intermodpath!
SDF ERROR: runs/single_key_wipe_p80_h0/final/sdf/nom_fast_1p32V_m40C/tt_um_rumcajs__nom_fast_1p32V_m40C.sdf:1326: Could not find intermodpath!
SDF ERROR: runs/single_key_wipe_p80_h0/final/sdf/nom_fast_1p32V_m40C/tt_um_rumcajs__nom_fast_1p32V_m40C.sdf:1327: Could not find intermodpath!
SDF ERROR: runs/single_key_wipe_p80_h0/final/sdf/nom_fast_1p32V_m40C/tt_um_rumcajs__nom_fast_1p32V_m40C.sdf:1328: Could not find intermodpath!
SDF ERROR: runs/single_key_wipe_p80_h0/final/sdf/nom_fast_1p32V_m40C/tt_um_rumcajs__nom_fast_1p32V_m40C.sdf:1329: Could not find intermodpath!
SDF ERROR: runs/single_key_wipe_p80_h0/final/sdf/nom_fast_1p32V_m40C/tt_um_rumcajs__nom_fast_1p32V_m40C.sdf:1330: Could not find intermodpath!
SDF ERROR: runs/single_key_wipe_p80_h0/final/sdf/nom_fast_1p32V_m40C/tt_um_rumcajs__nom_fast_1p32V_m40C.sdf:1331: Could not find intermodpath!
SDF ERROR: runs/single_key_wipe_p80_h0/final/sdf/nom_fast_1p32V_m40C/tt_um_rumcajs__nom_fast_1p32V_m40C.sdf:1332: Could not find intermodpath!
SDF ERROR: runs/single_key_wipe_p80_h0/final/sdf/nom_fast_1p32V_m40C/tt_um_rumcajs__nom_fast_1p32V_m40C.sdf:1333: Could not find intermodpath!
SDF ERROR: runs/single_key_wipe_p80_h0/final/sdf/nom_fast_1p32V_m40C/tt_um_rumcajs__nom_fast_1p32V_m40C.sdf:1334: Could not find intermodpath!
SDF ERROR: runs/single_key_wipe_p80_h0/final/sdf/nom_fast_1p32V_m40C/tt_um_rumcajs__nom_fast_1p32V_m40C.sdf:1335: Could not find intermodpath!
SDF ERROR: runs/single_key_wipe_p80_h0/final/sdf/nom_fast_1p32V_m40C/tt_um_rumcajs__nom_fast_1p32V_m40C.sdf:1336: Could not find intermodpath!
SDF ERROR: runs/single_key_wipe_p80_h0/final/sdf/nom_fast_1p32V_m40C/tt_um_rumcajs__nom_fast_1p32V_m40C.sdf:1337: Could not find intermodpath!
SDF ERROR: runs/single_key_wipe_p80_h0/final/sdf/nom_fast_1p32V_m40C/tt_um_rumcajs__nom_fast_1p32V_m40C.sdf:1338: Could not find intermodpath!
SDF ERROR: runs/single_key_wipe_p80_h0/final/sdf/nom_fast_1p32V_m40C/tt_um_rumcajs__nom_fast_1p32V_m40C.sdf:1339: Could not find intermodpath!
SDF ERROR: runs/single_key_wipe_p80_h0/final/sdf/nom_fast_1p32V_m40C/tt_um_rumcajs__nom_fast_1p32V_m40C.sdf:1340: Could not find intermodpath!
SDF ERROR: runs/Error: Could not find net. Did you run iverilog with '-ginterconnect'?
Error: Could not find net. Did you run iverilog with '-ginterconnect'?
Error: Could not find net. Did you run iverilog with '-ginterconnect'?
Error: Could not find net. Did you run iverilog with '-ginterconnect'?
Error: Could not find net. Did you run iverilog with '-ginterconnect'?
Error: Could not find net. Did you run iverilog with '-ginterconnect'?
Error: Could not find net. Did you run iverilog with '-ginterconnect'?
Error: Could not find net. Did you run iverilog with '-ginterconnect'?
Error: Could not find net. Did you run iverilog with '-ginterconnect'?
Error: Could not find net. Did you run iverilog with '-ginterconnect'?
Error: Could not find net. Did you run iverilog with '-ginterconnect'?
Error: Could not find net. Did you run iverilog with '-ginterconnect'?
Error: Could not find net. Did you run iverilog with '-ginterconnect'?
Error: Could not find net. Did you run iverilog with '-ginterconnect'?
Error: Could not find net. Did you run iverilog with '-ginterconnect'?
Error: Could not find net. Did you run iverilog with '-ginterconnect'?
Error: Could not find net. Did you run iverilog with '-ginterconnect'?
Error: Could not find net. Did you run iverilog with '-ginterconnect'?
Error: Could not find net. Did you run iverilog with '-ginterconnect'?
Error: Could not find net. Did you run iverilog with '-ginterconnect'?
Error: Could not find net. Did you run iverilog with '-ginterconnect'?
Error: Could not find net. Did you run iverilog with '-ginterconnect'?
Error: Could not find net. Did you run iverilog with '-ginterconnect'?
Error: Could not find net. Did you run iverilog with '-ginterconnect'?
Error: Could not find net. Did you run iverilog with '-ginterconnect'?
Error: Could not find net. Did you run iverilog with '-ginterconnect'?
Error: Could not find net. Did you run iverilog with '-ginterconnect'?
Error: Could not find net. Did you run iverilog with '-ginterconnect'?
single_key_wipe_p80_h0/final/sdf/nom_fast_1p32V_m40C/tt_um_rumcajs__nom_fast_1p32V_m40C.sdf:1341: Could not find intermodpath!
SDF ERROR: runs/single_key_wipe_p80_h0/final/sdf/nom_fast_1p32V_m40C/tt_um_rumcajs__nom_fast_1p32V_m40C.sdf:1342: Could not find intermodpath!
SDF ERROR: runs/single_key_wipe_p80_h0/final/sdf/nom_fast_1p32V_m40C/tt_um_rumcajs__nom_fast_1p32V_m40C.sdf:1343: Could not find intermodpath!
SDF ERROR: runs/single_key_wipe_p80_h0/final/sdf/nom_fast_1p32V_m40C/tt_um_rumcajs__nom_fast_1p32V_m40C.sdf:1344: Could not find intermodpath!
SDF ERROR: runs/single_key_wipe_p80_h0/final/sdf/nom_fast_1p32V_m40C/tt_um_rumcajs__nom_fast_1p32V_m40C.sdf:1345: Could not find intermodpath!
SDF ERROR: runs/single_key_wipe_p80_h0/final/sdf/nom_fast_1p32V_m40C/tt_um_rumcajs__nom_fast_1p32V_m40C.sdf:1346: Could not find intermodpath!
SDF ERROR: runs/single_key_wipe_p80_h0/final/sdf/nom_fast_1p32V_m40C/tt_um_rumcajs__nom_fast_1p32V_m40C.sdf:1347: Could not find intermodpath!
SDF ERROR: runs/single_key_wipe_p80_h0/final/sdf/nom_fast_1p32V_m40C/tt_um_rumcajs__nom_fast_1p32V_m40C.sdf:1348: Could not find intermodpath!
SDF ERROR: runs/single_key_wipe_p80_h0/final/sdf/nom_fast_1p32V_m40C/tt_um_rumcajs__nom_fast_1p32V_m40C.sdf:1349: Could not find intermodpath!
SDF ERROR: runs/single_key_wipe_p80_h0/final/sdf/nom_fast_1p32V_m40C/tt_um_rumcajs__nom_fast_1p32V_m40C.sdf:1350: Could not find intermodpath!
SDF ERROR: runs/single_key_wipe_p80_h0/final/sdf/nom_fast_1p32V_m40C/tt_um_rumcajs__nom_fast_1p32V_m40C.sdf:1351: Could not find intermodpath!
SDF ERROR: runs/single_key_wipe_p80_h0/final/sdf/nom_fast_1p32V_m40C/tt_um_rumcajs__nom_fast_1p32V_m40C.sdf:1352: Could not find intermodpath!
SDF ERROR: runs/single_key_wipe_p80_h0/final/sdf/nom_fast_1p32V_m40C/tt_um_rumcajs__nom_fast_1p32V_m40C.sdf:1353: Could not find intermodpath!
SDF ERROR: runs/single_key_wipe_p80_h0/final/sdf/nom_fast_1p32V_m40C/tt_um_rumcajs__nom_fast_1p32V_m40C.sdf:1354: Could not find intermodpath!
SDF ERROR: runs/single_key_wipe_p80_h0/final/sdf/nom_fast_1p32V_m40C/tt_um_rumcajs__nom_fast_1p32V_m40C.sdf:1355: Could not find intermodpath!
SDF ERROR: runs/single_key_wipe_p80_h0/final/sdf/nom_fast_1p32V_m40C/tt_um_rumcajs__nom_fast_1p32V_m40C.sdf:1356: Could not find intermodpath!
SDF ERROR: runs/single_key_wipe_p80_h0/final/sdf/nom_fast_1p32V_m40C/tt_um_rumcajs__nom_fast_1p32V_m40C.sdf:1357: Could not find intermodpath!
SDF ERROR: runs/single_key_wipe_p80_h0/final/sdf/nom_fast_1p32V_m40C/tt_um_rumcajs__nom_fast_1p32V_m40C.sdf:1358: Could not find intermodpath!
SDF ERROR: runs/single_key_wipe_p80_h0/final/sdf/nom_fast_1p32V_m40C/tt_um_rumcajs__nom_fast_1p32V_m40C.sdf:1359: Could not find intermodpath!
SDF ERROR: runs/single_key_wipe_p80_h0/final/sdf/nom_fast_1p32V_m40C/tt_um_rumcajs__nom_fast_1p32V_m40C.sdf:1360: Could not find intermodpath!
SDF ERROR: runs/single_key_wipe_p80_h0/final/sdf/nom_fast_1p32V_m40C/tt_um_rumcajs__nom_fast_1p32V_m40C.sdf:1361: Could not find intermodpath!
SDF ERROR: runs/single_key_wipe_p80_h0/final/sdf/nom_fast_1p32V_m40C/tt_um_rumcajs__nom_fast_1p32V_m40C.sdf:1362: Could not find intermodpath!
SDF ERROR: runs/single_key_wipe_p80_h0/final/sdf/nom_fast_1p32V_m40C/tt_um_rumcajs__nom_fast_1p32V_m40C.sdf:1363: Could not find intermodpath!
SDF ERROR: runs/single_key_wipe_p80_h0/final/sdf/nom_fast_1p32V_m40C/tt_um_rumcajs__nom_fast_1p32V_m40C.sdf:1364: Could not find intermodpath!
SDF ERROR: runs/single_key_wipe_p80_h0/final/sdf/nom_fast_1p32V_m40C/tt_um_rumcajs__nom_fast_1p32V_m40C.sdf:1365: Could not find intermodpath!
SDF ERROR: runs/single_key_wipe_p80_h0/final/sdf/nom_fast_1p32V_m40C/tt_um_rumcajs__nom_fast_1p32V_m40C.sdf:1366: Could not find intermodpath!
SDF ERROR: runs/single_key_wipe_p80_h0/final/sdf/nom_fast_1p32V_m40C/tt_um_rumcajs__nom_fast_1p32V_m40C.sdf:1367: Could not find intermodpath!
SDF ERROR: runs/single_key_wipe_p80_h0/final/sdf/nom_fast_1p32V_m40C/tt_um_rumcajs__nom_fast_1p32V_m40C.sdf:1368: Could not find intermodpath!
SDF ERROR: runs/single_key_wipe_p80_h0/final/sdf/nom_fast_1p32V_m40C/tt_um_rumcajs__nom_fast_1p32V_m40C.sdf:Error: Could not find net. Did you run iverilog with '-ginterconnect'?
Error: Could not find net. Did you run iverilog with '-ginterconnect'?
Error: Could not find net. Did you run iverilog with '-ginterconnect'?
Error: Could not find net. Did you run iverilog with '-ginterconnect'?
Error: Could not find net. Did you run iverilog with '-ginterconnect'?
Error: Could not find net. Did you run iverilog with '-ginterconnect'?
Error: Could not find net. Did you run iverilog with '-ginterconnect'?
Error: Could not find net. Did you run iverilog with '-ginterconnect'?
Error: Could not find net. Did you run iverilog with '-ginterconnect'?
Error: Could not find net. Did you run iverilog with '-ginterconnect'?
Error: Could not find net. Did you run iverilog with '-ginterconnect'?
Error: Could not find net. Did you run iverilog with '-ginterconnect'?
Error: Could not find net. Did you run iverilog with '-ginterconnect'?
Error: Could not find net. Did you run iverilog with '-ginterconnect'?
Error: Could not find net. Did you run iverilog with '-ginterconnect'?
Error: Could not find net. Did you run iverilog with '-ginterconnect'?
Error: Could not find net. Did you run iverilog with '-ginterconnect'?
Error: Could not find net. Did you run iverilog with '-ginterconnect'?
Error: Could not find net. Did you run iverilog with '-ginterconnect'?
Error: Could not find net. Did you run iverilog with '-ginterconnect'?
Error: Could not find net. Did you run iverilog with '-ginterconnect'?
Error: Could not find net. Did you run iverilog with '-ginterconnect'?
Error: Could not find net. Did you run iverilog with '-ginterconnect'?
Error: Could not find net. Did you run iverilog with '-ginterconnect'?
Error: Could not find net. Did you run iverilog with '-ginterconnect'?
Error: Could not find net. Did you run iverilog with '-ginterconnect'?
Error: Could not find net. Did you run iverilog with '-ginterconnect'?
Error: Could not find net. Did you run iverilog with '-ginterconnect'?
Error: Could not find net. Did you run iverilog with '-ginterconnect'?
1369: Could not find intermodpath!
SDF ERROR: runs/single_key_wipe_p80_h0/final/sdf/nom_fast_1p32V_m40C/tt_um_rumcajs__nom_fast_1p32V_m40C.sdf:1370: Could not find intermodpath!
SDF ERROR: runs/single_key_wipe_p80_h0/final/sdf/nom_fast_1p32V_m40C/tt_um_rumcajs__nom_fast_1p32V_m40C.sdf:1371: Could not find intermodpath!
SDF ERROR: runs/single_key_wipe_p80_h0/final/sdf/nom_fast_1p32V_m40C/tt_um_rumcajs__nom_fast_1p32V_m40C.sdf:1372: Could not find intermodpath!
SDF ERROR: runs/single_key_wipe_p80_h0/final/sdf/nom_fast_1p32V_m40C/tt_um_rumcajs__nom_fast_1p32V_m40C.sdf:1373: Could not find intermodpath!
SDF ERROR: runs/single_key_wipe_p80_h0/final/sdf/nom_fast_1p32V_m40C/tt_um_rumcajs__nom_fast_1p32V_m40C.sdf:1374: Could not find intermodpath!
SDF ERROR: runs/single_key_wipe_p80_h0/final/sdf/nom_fast_1p32V_m40C/tt_um_rumcajs__nom_fast_1p32V_m40C.sdf:1375: Could not find intermodpath!
SDF ERROR: runs/single_key_wipe_p80_h0/final/sdf/nom_fast_1p32V_m40C/tt_um_rumcajs__nom_fast_1p32V_m40C.sdf:1376: Could not find intermodpath!
SDF ERROR: runs/single_key_wipe_p80_h0/final/sdf/nom_fast_1p32V_m40C/tt_um_rumcajs__nom_fast_1p32V_m40C.sdf:1377: Could not find intermodpath!
SDF ERROR: runs/single_key_wipe_p80_h0/final/sdf/nom_fast_1p32V_m40C/tt_um_rumcajs__nom_fast_1p32V_m40C.sdf:1378: Could not find intermodpath!
SDF ERROR: runs/single_key_wipe_p80_h0/final/sdf/nom_fast_1p32V_m40C/tt_um_rumcajs__nom_fast_1p32V_m40C.sdf:1379: Could not find intermodpath!
SDF ERROR: runs/single_key_wipe_p80_h0/final/sdf/nom_fast_1p32V_m40C/tt_um_rumcajs__nom_fast_1p32V_m40C.sdf:1380: Could not find intermodpath!
SDF ERROR: runs/single_key_wipe_p80_h0/final/sdf/nom_fast_1p32V_m40C/tt_um_rumcajs__nom_fast_1p32V_m40C.sdf:1381: Could not find intermodpath!
SDF ERROR: runs/single_key_wipe_p80_h0/final/sdf/nom_fast_1p32V_m40C/tt_um_rumcajs__nom_fast_1p32V_m40C.sdf:1382: Could not find intermodpath!
SDF ERROR: runs/single_key_wipe_p80_h0/final/sdf/nom_fast_1p32V_m40C/tt_um_rumcajs__nom_fast_1p32V_m40C.sdf:1383: Could not find intermodpath!
SDF ERROR: runs/single_key_wipe_p80_h0/final/sdf/nom_fast_1p32V_m40C/tt_um_rumcajs__nom_fast_1p32V_m40C.sdf:1384: Could not find intermodpath!
SDF ERROR: runs/single_key_wipe_p80_h0/final/sdf/nom_fast_1p32V_m40C/tt_um_rumcajs__nom_fast_1p32V_m40C.sdf:1385: Could not find intermodpath!
SDF ERROR: runs/single_key_wipe_p80_h0/final/sdf/nom_fast_1p32V_m40C/tt_um_rumcajs__nom_fast_1p32V_m40C.sdf:1386: Could not find intermodpath!
SDF ERROR: runs/single_key_wipe_p80_h0/final/sdf/nom_fast_1p32V_m40C/tt_um_rumcajs__nom_fast_1p32V_m40C.sdf:1387: Could not find intermodpath!
SDF ERROR: runs/single_key_wipe_p80_h0/final/sdf/nom_fast_1p32V_m40C/tt_um_rumcajs__nom_fast_1p32V_m40C.sdf:1388: Could not find intermodpath!
SDF ERROR: runs/single_key_wipe_p80_h0/final/sdf/nom_fast_1p32V_m40C/tt_um_rumcajs__nom_fast_1p32V_m40C.sdf:1389: Could not find intermodpath!
SDF ERROR: runs/single_key_wipe_p80_h0/final/sdf/nom_fast_1p32V_m40C/tt_um_rumcajs__nom_fast_1p32V_m40C.sdf:1390: Could not find intermodpath!
SDF ERROR: runs/single_key_wipe_p80_h0/final/sdf/nom_fast_1p32V_m40C/tt_um_rumcajs__nom_fast_1p32V_m40C.sdf:1391: Could not find intermodpath!
SDF ERROR: runs/single_key_wipe_p80_h0/final/sdf/nom_fast_1p32V_m40C/tt_um_rumcajs__nom_fast_1p32V_m40C.sdf:1392: Could not find intermodpath!
SDF ERROR: runs/single_key_wipe_p80_h0/final/sdf/nom_fast_1p32V_m40C/tt_um_rumcajs__nom_fast_1p32V_m40C.sdf:1393: Could not find intermodpath!
SDF ERROR: runs/single_key_wipe_p80_h0/final/sdf/nom_fast_1p32V_m40C/tt_um_rumcajs__nom_fast_1p32V_m40C.sdf:1394: Could not find intermodpath!
SDF ERROR: runs/single_key_wipe_p80_h0/final/sdf/nom_fast_1p32V_m40C/tt_um_rumcajs__nom_fast_1p32V_m40C.sdf:1395: Could not find intermodpath!
SDF ERROR: runs/single_key_wipe_p80_h0/final/sdf/nom_fast_1p32V_m40C/tt_um_rumcajs__nom_fast_1p32V_m40C.sdf:1396: Could not find intermodpath!
SDF ERROR: runs/single_key_wipe_p80_h0/final/sdf/nom_fast_1p32V_m40C/tt_um_rumcajs__nom_fast_1p32V_m40C.sdf:1397: Could not find intermodpath!
SDF ERROR: runs/single_key_wipe_p80_h0/final/sdf/nom_fastError: Could not find net. Did you run iverilog with '-ginterconnect'?
Error: Could not find net. Did you run iverilog with '-ginterconnect'?
Error: Could not find net. Did you run iverilog with '-ginterconnect'?
Error: Could not find net. Did you run iverilog with '-ginterconnect'?
Error: Could not find net. Did you run iverilog with '-ginterconnect'?
Error: Could not find net. Did you run iverilog with '-ginterconnect'?
Error: Could not find net. Did you run iverilog with '-ginterconnect'?
Error: Could not find net. Did you run iverilog with '-ginterconnect'?
Error: Could not find net. Did you run iverilog with '-ginterconnect'?
Error: Could not find net. Did you run iverilog with '-ginterconnect'?
Error: Could not find net. Did you run iverilog with '-ginterconnect'?
Error: Could not find net. Did you run iverilog with '-ginterconnect'?
Error: Could not find net. Did you run iverilog with '-ginterconnect'?
Error: Could not find net. Did you run iverilog with '-ginterconnect'?
Error: Could not find net. Did you run iverilog with '-ginterconnect'?
Error: Could not find net. Did you run iverilog with '-ginterconnect'?
Error: Could not find net. Did you run iverilog with '-ginterconnect'?
Error: Could not find net. Did you run iverilog with '-ginterconnect'?
Error: Could not find net. Did you run iverilog with '-ginterconnect'?
Error: Could not find net. Did you run iverilog with '-ginterconnect'?
Error: Could not find net. Did you run iverilog with '-ginterconnect'?
Error: Could not find net. Did you run iverilog with '-ginterconnect'?
Error: Could not find net. Did you run iverilog with '-ginterconnect'?
Error: Could not find net. Did you run iverilog with '-ginterconnect'?
Error: Could not find net. Did you run iverilog with '-ginterconnect'?
Error: Could not find net. Did you run iverilog with '-ginterconnect'?
Error: Could not find net. Did you run iverilog with '-ginterconnect'?
Error: Could not find net. Did you run iverilog with '-ginterconnect'?
Error: Could not find net. Did you run iverilog with '-ginterconnect'?
_1p32V_m40C/tt_um_rumcajs__nom_fast_1p32V_m40C.sdf:1398: Could not find intermodpath!
SDF ERROR: runs/single_key_wipe_p80_h0/final/sdf/nom_fast_1p32V_m40C/tt_um_rumcajs__nom_fast_1p32V_m40C.sdf:1399: Could not find intermodpath!
SDF ERROR: runs/single_key_wipe_p80_h0/final/sdf/nom_fast_1p32V_m40C/tt_um_rumcajs__nom_fast_1p32V_m40C.sdf:1400: Could not find intermodpath!
SDF ERROR: runs/single_key_wipe_p80_h0/final/sdf/nom_fast_1p32V_m40C/tt_um_rumcajs__nom_fast_1p32V_m40C.sdf:1401: Could not find intermodpath!
SDF ERROR: runs/single_key_wipe_p80_h0/final/sdf/nom_fast_1p32V_m40C/tt_um_rumcajs__nom_fast_1p32V_m40C.sdf:1402: Could not find intermodpath!
SDF ERROR: runs/single_key_wipe_p80_h0/final/sdf/nom_fast_1p32V_m40C/tt_um_rumcajs__nom_fast_1p32V_m40C.sdf:1403: Could not find intermodpath!
SDF ERROR: runs/single_key_wipe_p80_h0/final/sdf/nom_fast_1p32V_m40C/tt_um_rumcajs__nom_fast_1p32V_m40C.sdf:1404: Could not find intermodpath!
SDF ERROR: runs/single_key_wipe_p80_h0/final/sdf/nom_fast_1p32V_m40C/tt_um_rumcajs__nom_fast_1p32V_m40C.sdf:1405: Could not find intermodpath!
SDF ERROR: runs/single_key_wipe_p80_h0/final/sdf/nom_fast_1p32V_m40C/tt_um_rumcajs__nom_fast_1p32V_m40C.sdf:1406: Could not find intermodpath!
SDF ERROR: runs/single_key_wipe_p80_h0/final/sdf/nom_fast_1p32V_m40C/tt_um_rumcajs__nom_fast_1p32V_m40C.sdf:1407: Could not find intermodpath!
SDF ERROR: runs/single_key_wipe_p80_h0/final/sdf/nom_fast_1p32V_m40C/tt_um_rumcajs__nom_fast_1p32V_m40C.sdf:1408: Could not find intermodpath!
SDF ERROR: runs/single_key_wipe_p80_h0/final/sdf/nom_fast_1p32V_m40C/tt_um_rumcajs__nom_fast_1p32V_m40C.sdf:1409: Could not find intermodpath!
SDF ERROR: runs/single_key_wipe_p80_h0/final/sdf/nom_fast_1p32V_m40C/tt_um_rumcajs__nom_fast_1p32V_m40C.sdf:1410: Could not find intermodpath!
SDF ERROR: runs/single_key_wipe_p80_h0/final/sdf/nom_fast_1p32V_m40C/tt_um_rumcajs__nom_fast_1p32V_m40C.sdf:1411: Could not find intermodpath!
SDF ERROR: runs/single_key_wipe_p80_h0/final/sdf/nom_fast_1p32V_m40C/tt_um_rumcajs__nom_fast_1p32V_m40C.sdf:1412: Could not find intermodpath!
SDF ERROR: runs/single_key_wipe_p80_h0/final/sdf/nom_fast_1p32V_m40C/tt_um_rumcajs__nom_fast_1p32V_m40C.sdf:1413: Could not find intermodpath!
SDF ERROR: runs/single_key_wipe_p80_h0/final/sdf/nom_fast_1p32V_m40C/tt_um_rumcajs__nom_fast_1p32V_m40C.sdf:1414: Could not find intermodpath!
SDF ERROR: runs/single_key_wipe_p80_h0/final/sdf/nom_fast_1p32V_m40C/tt_um_rumcajs__nom_fast_1p32V_m40C.sdf:1415: Could not find intermodpath!
SDF ERROR: runs/single_key_wipe_p80_h0/final/sdf/nom_fast_1p32V_m40C/tt_um_rumcajs__nom_fast_1p32V_m40C.sdf:1416: Could not find intermodpath!
SDF ERROR: runs/single_key_wipe_p80_h0/final/sdf/nom_fast_1p32V_m40C/tt_um_rumcajs__nom_fast_1p32V_m40C.sdf:1417: Could not find intermodpath!
SDF ERROR: runs/single_key_wipe_p80_h0/final/sdf/nom_fast_1p32V_m40C/tt_um_rumcajs__nom_fast_1p32V_m40C.sdf:1418: Could not find intermodpath!
SDF ERROR: runs/single_key_wipe_p80_h0/final/sdf/nom_fast_1p32V_m40C/tt_um_rumcajs__nom_fast_1p32V_m40C.sdf:1419: Could not find intermodpath!
SDF ERROR: runs/single_key_wipe_p80_h0/final/sdf/nom_fast_1p32V_m40C/tt_um_rumcajs__nom_fast_1p32V_m40C.sdf:1420: Could not find intermodpath!
SDF ERROR: runs/single_key_wipe_p80_h0/final/sdf/nom_fast_1p32V_m40C/tt_um_rumcajs__nom_fast_1p32V_m40C.sdf:1421: Could not find intermodpath!
SDF ERROR: runs/single_key_wipe_p80_h0/final/sdf/nom_fast_1p32V_m40C/tt_um_rumcajs__nom_fast_1p32V_m40C.sdf:1422: Could not find intermodpath!
SDF ERROR: runs/single_key_wipe_p80_h0/final/sdf/nom_fast_1p32V_m40C/tt_um_rumcajs__nom_fast_1p32V_m40C.sdf:1423: Could not find intermodpath!
SDF ERROR: runs/single_key_wipe_p80_h0/final/sdf/nom_fast_1p32V_m40C/tt_um_rumcajs__nom_fast_1p32V_m40C.sdf:1424: Could not find intermodpath!
SDF ERROR: runs/single_key_wipe_p80_h0/final/sdf/nom_fast_1p32V_m40C/tt_um_rumcajs__nom_fast_1p32V_m40C.sdf:1425: Could not find intermodpath!
SDF ERROR: runs/single_key_wipe_p80_h0/final/sdf/nom_fast_1p32V_m40C/tt_um_rumcajs__nom_fast_1p32V_m40C.sdf:1426: Could not find intermodpath!
SDF ERError: Could not find net. Did you run iverilog with '-ginterconnect'?
Error: Could not find net. Did you run iverilog with '-ginterconnect'?
Error: Could not find net. Did you run iverilog with '-ginterconnect'?
Error: Could not find net. Did you run iverilog with '-ginterconnect'?
Error: Could not find net. Did you run iverilog with '-ginterconnect'?
Error: Could not find net. Did you run iverilog with '-ginterconnect'?
Error: Could not find net. Did you run iverilog with '-ginterconnect'?
Error: Could not find net. Did you run iverilog with '-ginterconnect'?
Error: Could not find net. Did you run iverilog with '-ginterconnect'?
Error: Could not find net. Did you run iverilog with '-ginterconnect'?
Error: Could not find net. Did you run iverilog with '-ginterconnect'?
Error: Could not find net. Did you run iverilog with '-ginterconnect'?
Error: Could not find net. Did you run iverilog with '-ginterconnect'?
Error: Could not find net. Did you run iverilog with '-ginterconnect'?
Error: Could not find net. Did you run iverilog with '-ginterconnect'?
Error: Could not find net. Did you run iverilog with '-ginterconnect'?
Error: Could not find net. Did you run iverilog with '-ginterconnect'?
Error: Could not find net. Did you run iverilog with '-ginterconnect'?
Error: Could not find net. Did you run iverilog with '-ginterconnect'?
Error: Could not find net. Did you run iverilog with '-ginterconnect'?
Error: Could not find net. Did you run iverilog with '-ginterconnect'?
Error: Could not find net. Did you run iverilog with '-ginterconnect'?
Error: Could not find net. Did you run iverilog with '-ginterconnect'?
Error: Could not find net. Did you run iverilog with '-ginterconnect'?
Error: Could not find net. Did you run iverilog with '-ginterconnect'?
Error: Could not find net. Did you run iverilog with '-ginterconnect'?
Error: Could not find net. Did you run iverilog with '-ginterconnect'?
Error: Could not find net. Did you run iverilog with '-ginterconnect'?
ROR: runs/single_key_wipe_p80_h0/final/sdf/nom_fast_1p32V_m40C/tt_um_rumcajs__nom_fast_1p32V_m40C.sdf:1427: Could not find intermodpath!
SDF ERROR: runs/single_key_wipe_p80_h0/final/sdf/nom_fast_1p32V_m40C/tt_um_rumcajs__nom_fast_1p32V_m40C.sdf:1428: Could not find intermodpath!
SDF ERROR: runs/single_key_wipe_p80_h0/final/sdf/nom_fast_1p32V_m40C/tt_um_rumcajs__nom_fast_1p32V_m40C.sdf:1429: Could not find intermodpath!
SDF ERROR: runs/single_key_wipe_p80_h0/final/sdf/nom_fast_1p32V_m40C/tt_um_rumcajs__nom_fast_1p32V_m40C.sdf:1430: Could not find intermodpath!
SDF ERROR: runs/single_key_wipe_p80_h0/final/sdf/nom_fast_1p32V_m40C/tt_um_rumcajs__nom_fast_1p32V_m40C.sdf:1431: Could not find intermodpath!
SDF ERROR: runs/single_key_wipe_p80_h0/final/sdf/nom_fast_1p32V_m40C/tt_um_rumcajs__nom_fast_1p32V_m40C.sdf:1432: Could not find intermodpath!
SDF ERROR: runs/single_key_wipe_p80_h0/final/sdf/nom_fast_1p32V_m40C/tt_um_rumcajs__nom_fast_1p32V_m40C.sdf:1433: Could not find intermodpath!
SDF ERROR: runs/single_key_wipe_p80_h0/final/sdf/nom_fast_1p32V_m40C/tt_um_rumcajs__nom_fast_1p32V_m40C.sdf:1434: Could not find intermodpath!
SDF ERROR: runs/single_key_wipe_p80_h0/final/sdf/nom_fast_1p32V_m40C/tt_um_rumcajs__nom_fast_1p32V_m40C.sdf:1435: Could not find intermodpath!
SDF ERROR: runs/single_key_wipe_p80_h0/final/sdf/nom_fast_1p32V_m40C/tt_um_rumcajs__nom_fast_1p32V_m40C.sdf:1436: Could not find intermodpath!
SDF ERROR: runs/single_key_wipe_p80_h0/final/sdf/nom_fast_1p32V_m40C/tt_um_rumcajs__nom_fast_1p32V_m40C.sdf:1437: Could not find intermodpath!
SDF ERROR: runs/single_key_wipe_p80_h0/final/sdf/nom_fast_1p32V_m40C/tt_um_rumcajs__nom_fast_1p32V_m40C.sdf:1438: Could not find intermodpath!
SDF ERROR: runs/single_key_wipe_p80_h0/final/sdf/nom_fast_1p32V_m40C/tt_um_rumcajs__nom_fast_1p32V_m40C.sdf:1439: Could not find intermodpath!
SDF ERROR: runs/single_key_wipe_p80_h0/final/sdf/nom_fast_1p32V_m40C/tt_um_rumcajs__nom_fast_1p32V_m40C.sdf:1440: Could not find intermodpath!
SDF ERROR: runs/single_key_wipe_p80_h0/final/sdf/nom_fast_1p32V_m40C/tt_um_rumcajs__nom_fast_1p32V_m40C.sdf:1441: Could not find intermodpath!
SDF ERROR: runs/single_key_wipe_p80_h0/final/sdf/nom_fast_1p32V_m40C/tt_um_rumcajs__nom_fast_1p32V_m40C.sdf:1442: Could not find intermodpath!
SDF ERROR: runs/single_key_wipe_p80_h0/final/sdf/nom_fast_1p32V_m40C/tt_um_rumcajs__nom_fast_1p32V_m40C.sdf:1443: Could not find intermodpath!
SDF ERROR: runs/single_key_wipe_p80_h0/final/sdf/nom_fast_1p32V_m40C/tt_um_rumcajs__nom_fast_1p32V_m40C.sdf:1444: Could not find intermodpath!
SDF ERROR: runs/single_key_wipe_p80_h0/final/sdf/nom_fast_1p32V_m40C/tt_um_rumcajs__nom_fast_1p32V_m40C.sdf:1445: Could not find intermodpath!
SDF ERROR: runs/single_key_wipe_p80_h0/final/sdf/nom_fast_1p32V_m40C/tt_um_rumcajs__nom_fast_1p32V_m40C.sdf:1446: Could not find intermodpath!
SDF ERROR: runs/single_key_wipe_p80_h0/final/sdf/nom_fast_1p32V_m40C/tt_um_rumcajs__nom_fast_1p32V_m40C.sdf:1447: Could not find intermodpath!
SDF ERROR: runs/single_key_wipe_p80_h0/final/sdf/nom_fast_1p32V_m40C/tt_um_rumcajs__nom_fast_1p32V_m40C.sdf:1448: Could not find intermodpath!
SDF ERROR: runs/single_key_wipe_p80_h0/final/sdf/nom_fast_1p32V_m40C/tt_um_rumcajs__nom_fast_1p32V_m40C.sdf:1449: Could not find intermodpath!
SDF ERROR: runs/single_key_wipe_p80_h0/final/sdf/nom_fast_1p32V_m40C/tt_um_rumcajs__nom_fast_1p32V_m40C.sdf:1450: Could not find intermodpath!
SDF ERROR: runs/single_key_wipe_p80_h0/final/sdf/nom_fast_1p32V_m40C/tt_um_rumcajs__nom_fast_1p32V_m40C.sdf:1451: Could not find intermodpath!
SDF ERROR: runs/single_key_wipe_p80_h0/final/sdf/nom_fast_1p32V_m40C/tt_um_rumcajs__nom_fast_1p32V_m40C.sdf:1452: Could not find intermodpath!
SDF ERROR: runs/single_key_wipe_p80_h0/final/sdf/nom_fast_1p32V_m40C/tt_um_rumcajs__nom_fast_1p32V_m40C.sdf:1453: Could not find intermodpath!
SDF ERROR: runs/single_key_wipe_p80_h0/final/sdf/nom_fast_1p32V_m40C/tt_um_rumcajs__nom_fast_1p32V_m40C.sdf:1454: Could not find intermodpath!
SDF ERROR: runs/single_key_wipe_p80_h0/final/sdf/nom_fast_1p32V_m40C/tt_um_rumcajs__nom_fast_1p32VError: Could not find net. Did you run iverilog with '-ginterconnect'?
Error: Could not find net. Did you run iverilog with '-ginterconnect'?
Error: Could not find net. Did you run iverilog with '-ginterconnect'?
Error: Could not find net. Did you run iverilog with '-ginterconnect'?
Error: Could not find net. Did you run iverilog with '-ginterconnect'?
Error: Could not find net. Did you run iverilog with '-ginterconnect'?
Error: Could not find net. Did you run iverilog with '-ginterconnect'?
Error: Could not find net. Did you run iverilog with '-ginterconnect'?
Error: Could not find net. Did you run iverilog with '-ginterconnect'?
Error: Could not find net. Did you run iverilog with '-ginterconnect'?
Error: Could not find net. Did you run iverilog with '-ginterconnect'?
Error: Could not find net. Did you run iverilog with '-ginterconnect'?
Error: Could not find net. Did you run iverilog with '-ginterconnect'?
Error: Could not find net. Did you run iverilog with '-ginterconnect'?
Error: Could not find net. Did you run iverilog with '-ginterconnect'?
Error: Could not find net. Did you run iverilog with '-ginterconnect'?
Error: Could not find net. Did you run iverilog with '-ginterconnect'?
Error: Could not find net. Did you run iverilog with '-ginterconnect'?
Error: Could not find net. Did you run iverilog with '-ginterconnect'?
Error: Could not find net. Did you run iverilog with '-ginterconnect'?
Error: Could not find net. Did you run iverilog with '-ginterconnect'?
Error: Could not find net. Did you run iverilog with '-ginterconnect'?
Error: Could not find net. Did you run iverilog with '-ginterconnect'?
Error: Could not find net. Did you run iverilog with '-ginterconnect'?
Error: Could not find net. Did you run iverilog with '-ginterconnect'?
Error: Could not find net. Did you run iverilog with '-ginterconnect'?
Error: Could not find net. Did you run iverilog with '-ginterconnect'?
Error: Could not find net. Did you run iverilog with '-ginterconnect'?
Error: Could not find net. Did you run iverilog with '-ginterconnect'?
_m40C.sdf:1455: Could not find intermodpath!
SDF ERROR: runs/single_key_wipe_p80_h0/final/sdf/nom_fast_1p32V_m40C/tt_um_rumcajs__nom_fast_1p32V_m40C.sdf:1456: Could not find intermodpath!
SDF ERROR: runs/single_key_wipe_p80_h0/final/sdf/nom_fast_1p32V_m40C/tt_um_rumcajs__nom_fast_1p32V_m40C.sdf:1457: Could not find intermodpath!
SDF ERROR: runs/single_key_wipe_p80_h0/final/sdf/nom_fast_1p32V_m40C/tt_um_rumcajs__nom_fast_1p32V_m40C.sdf:1458: Could not find intermodpath!
SDF ERROR: runs/single_key_wipe_p80_h0/final/sdf/nom_fast_1p32V_m40C/tt_um_rumcajs__nom_fast_1p32V_m40C.sdf:1459: Could not find intermodpath!
SDF ERROR: runs/single_key_wipe_p80_h0/final/sdf/nom_fast_1p32V_m40C/tt_um_rumcajs__nom_fast_1p32V_m40C.sdf:1460: Could not find intermodpath!
SDF ERROR: runs/single_key_wipe_p80_h0/final/sdf/nom_fast_1p32V_m40C/tt_um_rumcajs__nom_fast_1p32V_m40C.sdf:1461: Could not find intermodpath!
SDF ERROR: runs/single_key_wipe_p80_h0/final/sdf/nom_fast_1p32V_m40C/tt_um_rumcajs__nom_fast_1p32V_m40C.sdf:1462: Could not find intermodpath!
SDF ERROR: runs/single_key_wipe_p80_h0/final/sdf/nom_fast_1p32V_m40C/tt_um_rumcajs__nom_fast_1p32V_m40C.sdf:1463: Could not find intermodpath!
SDF ERROR: runs/single_key_wipe_p80_h0/final/sdf/nom_fast_1p32V_m40C/tt_um_rumcajs__nom_fast_1p32V_m40C.sdf:1464: Could not find intermodpath!
SDF ERROR: runs/single_key_wipe_p80_h0/final/sdf/nom_fast_1p32V_m40C/tt_um_rumcajs__nom_fast_1p32V_m40C.sdf:1465: Could not find intermodpath!
SDF ERROR: runs/single_key_wipe_p80_h0/final/sdf/nom_fast_1p32V_m40C/tt_um_rumcajs__nom_fast_1p32V_m40C.sdf:1466: Could not find intermodpath!
SDF ERROR: runs/single_key_wipe_p80_h0/final/sdf/nom_fast_1p32V_m40C/tt_um_rumcajs__nom_fast_1p32V_m40C.sdf:1467: Could not find intermodpath!
SDF ERROR: runs/single_key_wipe_p80_h0/final/sdf/nom_fast_1p32V_m40C/tt_um_rumcajs__nom_fast_1p32V_m40C.sdf:1468: Could not find intermodpath!
SDF ERROR: runs/single_key_wipe_p80_h0/final/sdf/nom_fast_1p32V_m40C/tt_um_rumcajs__nom_fast_1p32V_m40C.sdf:1469: Could not find intermodpath!
SDF ERROR: runs/single_key_wipe_p80_h0/final/sdf/nom_fast_1p32V_m40C/tt_um_rumcajs__nom_fast_1p32V_m40C.sdf:1470: Could not find intermodpath!
SDF ERROR: runs/single_key_wipe_p80_h0/final/sdf/nom_fast_1p32V_m40C/tt_um_rumcajs__nom_fast_1p32V_m40C.sdf:1471: Could not find intermodpath!
SDF ERROR: runs/single_key_wipe_p80_h0/final/sdf/nom_fast_1p32V_m40C/tt_um_rumcajs__nom_fast_1p32V_m40C.sdf:1472: Could not find intermodpath!
SDF ERROR: runs/single_key_wipe_p80_h0/final/sdf/nom_fast_1p32V_m40C/tt_um_rumcajs__nom_fast_1p32V_m40C.sdf:1473: Could not find intermodpath!
SDF ERROR: runs/single_key_wipe_p80_h0/final/sdf/nom_fast_1p32V_m40C/tt_um_rumcajs__nom_fast_1p32V_m40C.sdf:1474: Could not find intermodpath!
SDF ERROR: runs/single_key_wipe_p80_h0/final/sdf/nom_fast_1p32V_m40C/tt_um_rumcajs__nom_fast_1p32V_m40C.sdf:1475: Could not find intermodpath!
SDF ERROR: runs/single_key_wipe_p80_h0/final/sdf/nom_fast_1p32V_m40C/tt_um_rumcajs__nom_fast_1p32V_m40C.sdf:1476: Could not find intermodpath!
SDF ERROR: runs/single_key_wipe_p80_h0/final/sdf/nom_fast_1p32V_m40C/tt_um_rumcajs__nom_fast_1p32V_m40C.sdf:1477: Could not find intermodpath!
SDF ERROR: runs/single_key_wipe_p80_h0/final/sdf/nom_fast_1p32V_m40C/tt_um_rumcajs__nom_fast_1p32V_m40C.sdf:1478: Could not find intermodpath!
SDF ERROR: runs/single_key_wipe_p80_h0/final/sdf/nom_fast_1p32V_m40C/tt_um_rumcajs__nom_fast_1p32V_m40C.sdf:1479: Could not find intermodpath!
SDF ERROR: runs/single_key_wipe_p80_h0/final/sdf/nom_fast_1p32V_m40C/tt_um_rumcajs__nom_fast_1p32V_m40C.sdf:1480: Could not find intermodpath!
SDF ERROR: runs/single_key_wipe_p80_h0/final/sdf/nom_fast_1p32V_m40C/tt_um_rumcajs__nom_fast_1p32V_m40C.sdf:1481: Could not find intermodpath!
SDF ERROR: runs/single_key_wipe_p80_h0/final/sdf/nom_fast_1p32V_m40C/tt_um_rumcajs__nom_fast_1p32V_m40C.sdf:1482: Could not find intermodpath!
SDF ERROR: runs/single_key_wipe_p80_h0/final/sdf/nom_fast_1p32V_m40C/tt_um_rumcajs__nom_fast_1p32V_m40C.sdf:1483: Could not find intermodpath!
SDF ERROR: runs/single_key_wipe_p80_h0/final/sdError: Could not find net. Did you run iverilog with '-ginterconnect'?
Error: Could not find net. Did you run iverilog with '-ginterconnect'?
Error: Could not find net. Did you run iverilog with '-ginterconnect'?
Error: Could not find net. Did you run iverilog with '-ginterconnect'?
Error: Could not find net. Did you run iverilog with '-ginterconnect'?
Error: Could not find net. Did you run iverilog with '-ginterconnect'?
Error: Could not find net. Did you run iverilog with '-ginterconnect'?
Error: Could not find net. Did you run iverilog with '-ginterconnect'?
Error: Could not find net. Did you run iverilog with '-ginterconnect'?
Error: Could not find net. Did you run iverilog with '-ginterconnect'?
Error: Could not find net. Did you run iverilog with '-ginterconnect'?
Error: Could not find net. Did you run iverilog with '-ginterconnect'?
Error: Could not find net. Did you run iverilog with '-ginterconnect'?
Error: Could not find net. Did you run iverilog with '-ginterconnect'?
Error: Could not find net. Did you run iverilog with '-ginterconnect'?
Error: Could not find net. Did you run iverilog with '-ginterconnect'?
Error: Could not find net. Did you run iverilog with '-ginterconnect'?
Error: Could not find net. Did you run iverilog with '-ginterconnect'?
Error: Could not find net. Did you run iverilog with '-ginterconnect'?
Error: Could not find net. Did you run iverilog with '-ginterconnect'?
Error: Could not find net. Did you run iverilog with '-ginterconnect'?
Error: Could not find net. Did you run iverilog with '-ginterconnect'?
Error: Could not find net. Did you run iverilog with '-ginterconnect'?
Error: Could not find net. Did you run iverilog with '-ginterconnect'?
Error: Could not find net. Did you run iverilog with '-ginterconnect'?
Error: Could not find net. Did you run iverilog with '-ginterconnect'?
Error: Could not find net. Did you run iverilog with '-ginterconnect'?
Error: Could not find net. Did you run iverilog with '-ginterconnect'?
f/nom_fast_1p32V_m40C/tt_um_rumcajs__nom_fast_1p32V_m40C.sdf:1484: Could not find intermodpath!
SDF ERROR: runs/single_key_wipe_p80_h0/final/sdf/nom_fast_1p32V_m40C/tt_um_rumcajs__nom_fast_1p32V_m40C.sdf:1485: Could not find intermodpath!
SDF ERROR: runs/single_key_wipe_p80_h0/final/sdf/nom_fast_1p32V_m40C/tt_um_rumcajs__nom_fast_1p32V_m40C.sdf:1486: Could not find intermodpath!
SDF ERROR: runs/single_key_wipe_p80_h0/final/sdf/nom_fast_1p32V_m40C/tt_um_rumcajs__nom_fast_1p32V_m40C.sdf:1487: Could not find intermodpath!
SDF ERROR: runs/single_key_wipe_p80_h0/final/sdf/nom_fast_1p32V_m40C/tt_um_rumcajs__nom_fast_1p32V_m40C.sdf:1488: Could not find intermodpath!
SDF ERROR: runs/single_key_wipe_p80_h0/final/sdf/nom_fast_1p32V_m40C/tt_um_rumcajs__nom_fast_1p32V_m40C.sdf:1489: Could not find intermodpath!
SDF ERROR: runs/single_key_wipe_p80_h0/final/sdf/nom_fast_1p32V_m40C/tt_um_rumcajs__nom_fast_1p32V_m40C.sdf:1490: Could not find intermodpath!
SDF ERROR: runs/single_key_wipe_p80_h0/final/sdf/nom_fast_1p32V_m40C/tt_um_rumcajs__nom_fast_1p32V_m40C.sdf:1491: Could not find intermodpath!
SDF ERROR: runs/single_key_wipe_p80_h0/final/sdf/nom_fast_1p32V_m40C/tt_um_rumcajs__nom_fast_1p32V_m40C.sdf:1492: Could not find intermodpath!
SDF ERROR: runs/single_key_wipe_p80_h0/final/sdf/nom_fast_1p32V_m40C/tt_um_rumcajs__nom_fast_1p32V_m40C.sdf:1493: Could not find intermodpath!
SDF ERROR: runs/single_key_wipe_p80_h0/final/sdf/nom_fast_1p32V_m40C/tt_um_rumcajs__nom_fast_1p32V_m40C.sdf:1494: Could not find intermodpath!
SDF ERROR: runs/single_key_wipe_p80_h0/final/sdf/nom_fast_1p32V_m40C/tt_um_rumcajs__nom_fast_1p32V_m40C.sdf:1495: Could not find intermodpath!
SDF ERROR: runs/single_key_wipe_p80_h0/final/sdf/nom_fast_1p32V_m40C/tt_um_rumcajs__nom_fast_1p32V_m40C.sdf:1496: Could not find intermodpath!
SDF ERROR: runs/single_key_wipe_p80_h0/final/sdf/nom_fast_1p32V_m40C/tt_um_rumcajs__nom_fast_1p32V_m40C.sdf:1497: Could not find intermodpath!
SDF ERROR: runs/single_key_wipe_p80_h0/final/sdf/nom_fast_1p32V_m40C/tt_um_rumcajs__nom_fast_1p32V_m40C.sdf:1498: Could not find intermodpath!
SDF ERROR: runs/single_key_wipe_p80_h0/final/sdf/nom_fast_1p32V_m40C/tt_um_rumcajs__nom_fast_1p32V_m40C.sdf:1499: Could not find intermodpath!
SDF ERROR: runs/single_key_wipe_p80_h0/final/sdf/nom_fast_1p32V_m40C/tt_um_rumcajs__nom_fast_1p32V_m40C.sdf:1500: Could not find intermodpath!
SDF ERROR: runs/single_key_wipe_p80_h0/final/sdf/nom_fast_1p32V_m40C/tt_um_rumcajs__nom_fast_1p32V_m40C.sdf:1501: Could not find intermodpath!
SDF ERROR: runs/single_key_wipe_p80_h0/final/sdf/nom_fast_1p32V_m40C/tt_um_rumcajs__nom_fast_1p32V_m40C.sdf:1502: Could not find intermodpath!
SDF ERROR: runs/single_key_wipe_p80_h0/final/sdf/nom_fast_1p32V_m40C/tt_um_rumcajs__nom_fast_1p32V_m40C.sdf:1503: Could not find intermodpath!
SDF ERROR: runs/single_key_wipe_p80_h0/final/sdf/nom_fast_1p32V_m40C/tt_um_rumcajs__nom_fast_1p32V_m40C.sdf:1504: Could not find intermodpath!
SDF ERROR: runs/single_key_wipe_p80_h0/final/sdf/nom_fast_1p32V_m40C/tt_um_rumcajs__nom_fast_1p32V_m40C.sdf:1505: Could not find intermodpath!
SDF ERROR: runs/single_key_wipe_p80_h0/final/sdf/nom_fast_1p32V_m40C/tt_um_rumcajs__nom_fast_1p32V_m40C.sdf:1506: Could not find intermodpath!
SDF ERROR: runs/single_key_wipe_p80_h0/final/sdf/nom_fast_1p32V_m40C/tt_um_rumcajs__nom_fast_1p32V_m40C.sdf:1507: Could not find intermodpath!
SDF ERROR: runs/single_key_wipe_p80_h0/final/sdf/nom_fast_1p32V_m40C/tt_um_rumcajs__nom_fast_1p32V_m40C.sdf:1508: Could not find intermodpath!
SDF ERROR: runs/single_key_wipe_p80_h0/final/sdf/nom_fast_1p32V_m40C/tt_um_rumcajs__nom_fast_1p32V_m40C.sdf:1509: Could not find intermodpath!
SDF ERROR: runs/single_key_wipe_p80_h0/final/sdf/nom_fast_1p32V_m40C/tt_um_rumcajs__nom_fast_1p32V_m40C.sdf:1510: Could not find intermodpath!
SDF ERROR: runs/single_key_wipe_p80_h0/final/sdf/nom_fast_1p32V_m40C/tt_um_rumcajs__nom_fast_1p32V_m40C.sdf:1511: Could not find intermodpath!
SDF ERROR: runs/single_key_wipe_p80_h0/final/sdf/nom_fast_1p32V_m40C/tt_um_rumcajs__nom_fast_1p32V_m40C.sdf:1512: Could not find intermodpaError: Could not find net. Did you run iverilog with '-ginterconnect'?
Error: Could not find net. Did you run iverilog with '-ginterconnect'?
Error: Could not find net. Did you run iverilog with '-ginterconnect'?
Error: Could not find net. Did you run iverilog with '-ginterconnect'?
Error: Could not find net. Did you run iverilog with '-ginterconnect'?
Error: Could not find net. Did you run iverilog with '-ginterconnect'?
Error: Could not find net. Did you run iverilog with '-ginterconnect'?
Error: Could not find net. Did you run iverilog with '-ginterconnect'?
Error: Could not find net. Did you run iverilog with '-ginterconnect'?
Error: Could not find net. Did you run iverilog with '-ginterconnect'?
Error: Could not find net. Did you run iverilog with '-ginterconnect'?
Error: Could not find net. Did you run iverilog with '-ginterconnect'?
Error: Could not find net. Did you run iverilog with '-ginterconnect'?
Error: Could not find net. Did you run iverilog with '-ginterconnect'?
Error: Could not find net. Did you run iverilog with '-ginterconnect'?
Error: Could not find net. Did you run iverilog with '-ginterconnect'?
Error: Could not find net. Did you run iverilog with '-ginterconnect'?
Error: Could not find net. Did you run iverilog with '-ginterconnect'?
Error: Could not find net. Did you run iverilog with '-ginterconnect'?
Error: Could not find net. Did you run iverilog with '-ginterconnect'?
Error: Could not find net. Did you run iverilog with '-ginterconnect'?
Error: Could not find net. Did you run iverilog with '-ginterconnect'?
Error: Could not find net. Did you run iverilog with '-ginterconnect'?
Error: Could not find net. Did you run iverilog with '-ginterconnect'?
Error: Could not find net. Did you run iverilog with '-ginterconnect'?
Error: Could not find net. Did you run iverilog with '-ginterconnect'?
Error: Could not find net. Did you run iverilog with '-ginterconnect'?
Error: Could not find net. Did you run iverilog with '-ginterconnect'?
Error: Could not find net. Did you run iverilog with '-ginterconnect'?
th!
SDF ERROR: runs/single_key_wipe_p80_h0/final/sdf/nom_fast_1p32V_m40C/tt_um_rumcajs__nom_fast_1p32V_m40C.sdf:1513: Could not find intermodpath!
SDF ERROR: runs/single_key_wipe_p80_h0/final/sdf/nom_fast_1p32V_m40C/tt_um_rumcajs__nom_fast_1p32V_m40C.sdf:1514: Could not find intermodpath!
SDF ERROR: runs/single_key_wipe_p80_h0/final/sdf/nom_fast_1p32V_m40C/tt_um_rumcajs__nom_fast_1p32V_m40C.sdf:1515: Could not find intermodpath!
SDF ERROR: runs/single_key_wipe_p80_h0/final/sdf/nom_fast_1p32V_m40C/tt_um_rumcajs__nom_fast_1p32V_m40C.sdf:1516: Could not find intermodpath!
SDF ERROR: runs/single_key_wipe_p80_h0/final/sdf/nom_fast_1p32V_m40C/tt_um_rumcajs__nom_fast_1p32V_m40C.sdf:1517: Could not find intermodpath!
SDF ERROR: runs/single_key_wipe_p80_h0/final/sdf/nom_fast_1p32V_m40C/tt_um_rumcajs__nom_fast_1p32V_m40C.sdf:1518: Could not find intermodpath!
SDF ERROR: runs/single_key_wipe_p80_h0/final/sdf/nom_fast_1p32V_m40C/tt_um_rumcajs__nom_fast_1p32V_m40C.sdf:1519: Could not find intermodpath!
SDF ERROR: runs/single_key_wipe_p80_h0/final/sdf/nom_fast_1p32V_m40C/tt_um_rumcajs__nom_fast_1p32V_m40C.sdf:1520: Could not find intermodpath!
SDF ERROR: runs/single_key_wipe_p80_h0/final/sdf/nom_fast_1p32V_m40C/tt_um_rumcajs__nom_fast_1p32V_m40C.sdf:1521: Could not find intermodpath!
SDF ERROR: runs/single_key_wipe_p80_h0/final/sdf/nom_fast_1p32V_m40C/tt_um_rumcajs__nom_fast_1p32V_m40C.sdf:1522: Could not find intermodpath!
SDF ERROR: runs/single_key_wipe_p80_h0/final/sdf/nom_fast_1p32V_m40C/tt_um_rumcajs__nom_fast_1p32V_m40C.sdf:1523: Could not find intermodpath!
SDF ERROR: runs/single_key_wipe_p80_h0/final/sdf/nom_fast_1p32V_m40C/tt_um_rumcajs__nom_fast_1p32V_m40C.sdf:1524: Could not find intermodpath!
SDF ERROR: runs/single_key_wipe_p80_h0/final/sdf/nom_fast_1p32V_m40C/tt_um_rumcajs__nom_fast_1p32V_m40C.sdf:1525: Could not find intermodpath!
SDF ERROR: runs/single_key_wipe_p80_h0/final/sdf/nom_fast_1p32V_m40C/tt_um_rumcajs__nom_fast_1p32V_m40C.sdf:1526: Could not find intermodpath!
SDF ERROR: runs/single_key_wipe_p80_h0/final/sdf/nom_fast_1p32V_m40C/tt_um_rumcajs__nom_fast_1p32V_m40C.sdf:1527: Could not find intermodpath!
SDF ERROR: runs/single_key_wipe_p80_h0/final/sdf/nom_fast_1p32V_m40C/tt_um_rumcajs__nom_fast_1p32V_m40C.sdf:1528: Could not find intermodpath!
SDF ERROR: runs/single_key_wipe_p80_h0/final/sdf/nom_fast_1p32V_m40C/tt_um_rumcajs__nom_fast_1p32V_m40C.sdf:1529: Could not find intermodpath!
SDF ERROR: runs/single_key_wipe_p80_h0/final/sdf/nom_fast_1p32V_m40C/tt_um_rumcajs__nom_fast_1p32V_m40C.sdf:1530: Could not find intermodpath!
SDF ERROR: runs/single_key_wipe_p80_h0/final/sdf/nom_fast_1p32V_m40C/tt_um_rumcajs__nom_fast_1p32V_m40C.sdf:1531: Could not find intermodpath!
SDF ERROR: runs/single_key_wipe_p80_h0/final/sdf/nom_fast_1p32V_m40C/tt_um_rumcajs__nom_fast_1p32V_m40C.sdf:1532: Could not find intermodpath!
SDF ERROR: runs/single_key_wipe_p80_h0/final/sdf/nom_fast_1p32V_m40C/tt_um_rumcajs__nom_fast_1p32V_m40C.sdf:1533: Could not find intermodpath!
SDF ERROR: runs/single_key_wipe_p80_h0/final/sdf/nom_fast_1p32V_m40C/tt_um_rumcajs__nom_fast_1p32V_m40C.sdf:1534: Could not find intermodpath!
SDF ERROR: runs/single_key_wipe_p80_h0/final/sdf/nom_fast_1p32V_m40C/tt_um_rumcajs__nom_fast_1p32V_m40C.sdf:1535: Could not find intermodpath!
SDF ERROR: runs/single_key_wipe_p80_h0/final/sdf/nom_fast_1p32V_m40C/tt_um_rumcajs__nom_fast_1p32V_m40C.sdf:1536: Could not find intermodpath!
SDF ERROR: runs/single_key_wipe_p80_h0/final/sdf/nom_fast_1p32V_m40C/tt_um_rumcajs__nom_fast_1p32V_m40C.sdf:1537: Could not find intermodpath!
SDF ERROR: runs/single_key_wipe_p80_h0/final/sdf/nom_fast_1p32V_m40C/tt_um_rumcajs__nom_fast_1p32V_m40C.sdf:1538: Could not find intermodpath!
SDF ERROR: runs/single_key_wipe_p80_h0/final/sdf/nom_fast_1p32V_m40C/tt_um_rumcajs__nom_fast_1p32V_m40C.sdf:1539: Could not find intermodpath!
SDF ERROR: runs/single_key_wipe_p80_h0/final/sdf/nom_fast_1p32V_m40C/tt_um_rumcajs__nom_fast_1p32V_m40C.sdf:1540: Could not find intermodpath!
SDF ERROR: runs/single_key_wipe_p80_h0/final/sdf/nom_fast_1p32V_m40C/tt_um_rumcajs__nom_Error: Could not find net. Did you run iverilog with '-ginterconnect'?
Error: Could not find net. Did you run iverilog with '-ginterconnect'?
Error: Could not find net. Did you run iverilog with '-ginterconnect'?
Error: Could not find net. Did you run iverilog with '-ginterconnect'?
Error: Could not find net. Did you run iverilog with '-ginterconnect'?
Error: Could not find net. Did you run iverilog with '-ginterconnect'?
Error: Could not find net. Did you run iverilog with '-ginterconnect'?
Error: Could not find net. Did you run iverilog with '-ginterconnect'?
Error: Could not find net. Did you run iverilog with '-ginterconnect'?
Error: Could not find net. Did you run iverilog with '-ginterconnect'?
Error: Could not find net. Did you run iverilog with '-ginterconnect'?
Error: Could not find net. Did you run iverilog with '-ginterconnect'?
Error: Could not find net. Did you run iverilog with '-ginterconnect'?
Error: Could not find net. Did you run iverilog with '-ginterconnect'?
Error: Could not find net. Did you run iverilog with '-ginterconnect'?
Error: Could not find net. Did you run iverilog with '-ginterconnect'?
Error: Could not find net. Did you run iverilog with '-ginterconnect'?
Error: Could not find net. Did you run iverilog with '-ginterconnect'?
Error: Could not find net. Did you run iverilog with '-ginterconnect'?
Error: Could not find net. Did you run iverilog with '-ginterconnect'?
Error: Could not find net. Did you run iverilog with '-ginterconnect'?
Error: Could not find net. Did you run iverilog with '-ginterconnect'?
Error: Could not find net. Did you run iverilog with '-ginterconnect'?
Error: Could not find net. Did you run iverilog with '-ginterconnect'?
Error: Could not find net. Did you run iverilog with '-ginterconnect'?
Error: Could not find net. Did you run iverilog with '-ginterconnect'?
Error: Could not find net. Did you run iverilog with '-ginterconnect'?
Error: Could not find net. Did you run iverilog with '-ginterconnect'?
Error: Could not find net. Did you run iverilog with '-ginterconnect'?
fast_1p32V_m40C.sdf:1541: Could not find intermodpath!
SDF ERROR: runs/single_key_wipe_p80_h0/final/sdf/nom_fast_1p32V_m40C/tt_um_rumcajs__nom_fast_1p32V_m40C.sdf:1542: Could not find intermodpath!
SDF ERROR: runs/single_key_wipe_p80_h0/final/sdf/nom_fast_1p32V_m40C/tt_um_rumcajs__nom_fast_1p32V_m40C.sdf:1543: Could not find intermodpath!
SDF ERROR: runs/single_key_wipe_p80_h0/final/sdf/nom_fast_1p32V_m40C/tt_um_rumcajs__nom_fast_1p32V_m40C.sdf:1544: Could not find intermodpath!
SDF ERROR: runs/single_key_wipe_p80_h0/final/sdf/nom_fast_1p32V_m40C/tt_um_rumcajs__nom_fast_1p32V_m40C.sdf:1545: Could not find intermodpath!
SDF ERROR: runs/single_key_wipe_p80_h0/final/sdf/nom_fast_1p32V_m40C/tt_um_rumcajs__nom_fast_1p32V_m40C.sdf:1546: Could not find intermodpath!
SDF ERROR: runs/single_key_wipe_p80_h0/final/sdf/nom_fast_1p32V_m40C/tt_um_rumcajs__nom_fast_1p32V_m40C.sdf:1547: Could not find intermodpath!
SDF ERROR: runs/single_key_wipe_p80_h0/final/sdf/nom_fast_1p32V_m40C/tt_um_rumcajs__nom_fast_1p32V_m40C.sdf:1548: Could not find intermodpath!
SDF ERROR: runs/single_key_wipe_p80_h0/final/sdf/nom_fast_1p32V_m40C/tt_um_rumcajs__nom_fast_1p32V_m40C.sdf:1549: Could not find intermodpath!
SDF ERROR: runs/single_key_wipe_p80_h0/final/sdf/nom_fast_1p32V_m40C/tt_um_rumcajs__nom_fast_1p32V_m40C.sdf:1550: Could not find intermodpath!
SDF ERROR: runs/single_key_wipe_p80_h0/final/sdf/nom_fast_1p32V_m40C/tt_um_rumcajs__nom_fast_1p32V_m40C.sdf:1551: Could not find intermodpath!
SDF ERROR: runs/single_key_wipe_p80_h0/final/sdf/nom_fast_1p32V_m40C/tt_um_rumcajs__nom_fast_1p32V_m40C.sdf:1552: Could not find intermodpath!
SDF ERROR: runs/single_key_wipe_p80_h0/final/sdf/nom_fast_1p32V_m40C/tt_um_rumcajs__nom_fast_1p32V_m40C.sdf:1553: Could not find intermodpath!
SDF ERROR: runs/single_key_wipe_p80_h0/final/sdf/nom_fast_1p32V_m40C/tt_um_rumcajs__nom_fast_1p32V_m40C.sdf:1554: Could not find intermodpath!
SDF ERROR: runs/single_key_wipe_p80_h0/final/sdf/nom_fast_1p32V_m40C/tt_um_rumcajs__nom_fast_1p32V_m40C.sdf:1555: Could not find intermodpath!
SDF ERROR: runs/single_key_wipe_p80_h0/final/sdf/nom_fast_1p32V_m40C/tt_um_rumcajs__nom_fast_1p32V_m40C.sdf:1556: Could not find intermodpath!
SDF ERROR: runs/single_key_wipe_p80_h0/final/sdf/nom_fast_1p32V_m40C/tt_um_rumcajs__nom_fast_1p32V_m40C.sdf:1557: Could not find intermodpath!
SDF ERROR: runs/single_key_wipe_p80_h0/final/sdf/nom_fast_1p32V_m40C/tt_um_rumcajs__nom_fast_1p32V_m40C.sdf:1558: Could not find intermodpath!
SDF ERROR: runs/single_key_wipe_p80_h0/final/sdf/nom_fast_1p32V_m40C/tt_um_rumcajs__nom_fast_1p32V_m40C.sdf:1559: Could not find intermodpath!
SDF ERROR: runs/single_key_wipe_p80_h0/final/sdf/nom_fast_1p32V_m40C/tt_um_rumcajs__nom_fast_1p32V_m40C.sdf:1560: Could not find intermodpath!
SDF ERROR: runs/single_key_wipe_p80_h0/final/sdf/nom_fast_1p32V_m40C/tt_um_rumcajs__nom_fast_1p32V_m40C.sdf:1561: Could not find intermodpath!
SDF ERROR: runs/single_key_wipe_p80_h0/final/sdf/nom_fast_1p32V_m40C/tt_um_rumcajs__nom_fast_1p32V_m40C.sdf:1562: Could not find intermodpath!
SDF ERROR: runs/single_key_wipe_p80_h0/final/sdf/nom_fast_1p32V_m40C/tt_um_rumcajs__nom_fast_1p32V_m40C.sdf:1563: Could not find intermodpath!
SDF ERROR: runs/single_key_wipe_p80_h0/final/sdf/nom_fast_1p32V_m40C/tt_um_rumcajs__nom_fast_1p32V_m40C.sdf:1564: Could not find intermodpath!
SDF ERROR: runs/single_key_wipe_p80_h0/final/sdf/nom_fast_1p32V_m40C/tt_um_rumcajs__nom_fast_1p32V_m40C.sdf:1565: Could not find intermodpath!
SDF ERROR: runs/single_key_wipe_p80_h0/final/sdf/nom_fast_1p32V_m40C/tt_um_rumcajs__nom_fast_1p32V_m40C.sdf:1566: Could not find intermodpath!
SDF ERROR: runs/single_key_wipe_p80_h0/final/sdf/nom_fast_1p32V_m40C/tt_um_rumcajs__nom_fast_1p32V_m40C.sdf:1567: Could not find intermodpath!
SDF ERROR: runs/single_key_wipe_p80_h0/final/sdf/nom_fast_1p32V_m40C/tt_um_rumcajs__nom_fast_1p32V_m40C.sdf:1568: Could not find intermodpath!
SDF ERROR: runs/single_key_wipe_p80_h0/final/sdf/nom_fast_1p32V_m40C/tt_um_rumcajs__nom_fast_1p32V_m40C.sdf:1569: Could not find intermodpath!
SDF ERROR: runs/single_key_wipe_p80_hError: Could not find net. Did you run iverilog with '-ginterconnect'?
Error: Could not find net. Did you run iverilog with '-ginterconnect'?
Error: Could not find net. Did you run iverilog with '-ginterconnect'?
Error: Could not find net. Did you run iverilog with '-ginterconnect'?
Error: Could not find net. Did you run iverilog with '-ginterconnect'?
Error: Could not find net. Did you run iverilog with '-ginterconnect'?
Error: Could not find net. Did you run iverilog with '-ginterconnect'?
Error: Could not find net. Did you run iverilog with '-ginterconnect'?
Error: Could not find net. Did you run iverilog with '-ginterconnect'?
Error: Could not find net. Did you run iverilog with '-ginterconnect'?
Error: Could not find net. Did you run iverilog with '-ginterconnect'?
Error: Could not find net. Did you run iverilog with '-ginterconnect'?
Error: Could not find net. Did you run iverilog with '-ginterconnect'?
Error: Could not find net. Did you run iverilog with '-ginterconnect'?
Error: Could not find net. Did you run iverilog with '-ginterconnect'?
Error: Could not find net. Did you run iverilog with '-ginterconnect'?
Error: Could not find net. Did you run iverilog with '-ginterconnect'?
Error: Could not find net. Did you run iverilog with '-ginterconnect'?
Error: Could not find net. Did you run iverilog with '-ginterconnect'?
Error: Could not find net. Did you run iverilog with '-ginterconnect'?
Error: Could not find net. Did you run iverilog with '-ginterconnect'?
Error: Could not find net. Did you run iverilog with '-ginterconnect'?
Error: Could not find net. Did you run iverilog with '-ginterconnect'?
Error: Could not find net. Did you run iverilog with '-ginterconnect'?
Error: Could not find net. Did you run iverilog with '-ginterconnect'?
Error: Could not find net. Did you run iverilog with '-ginterconnect'?
Error: Could not find net. Did you run iverilog with '-ginterconnect'?
Error: Could not find net. Did you run iverilog with '-ginterconnect'?
0/final/sdf/nom_fast_1p32V_m40C/tt_um_rumcajs__nom_fast_1p32V_m40C.sdf:1570: Could not find intermodpath!
SDF ERROR: runs/single_key_wipe_p80_h0/final/sdf/nom_fast_1p32V_m40C/tt_um_rumcajs__nom_fast_1p32V_m40C.sdf:1571: Could not find intermodpath!
SDF ERROR: runs/single_key_wipe_p80_h0/final/sdf/nom_fast_1p32V_m40C/tt_um_rumcajs__nom_fast_1p32V_m40C.sdf:1572: Could not find intermodpath!
SDF ERROR: runs/single_key_wipe_p80_h0/final/sdf/nom_fast_1p32V_m40C/tt_um_rumcajs__nom_fast_1p32V_m40C.sdf:1573: Could not find intermodpath!
SDF ERROR: runs/single_key_wipe_p80_h0/final/sdf/nom_fast_1p32V_m40C/tt_um_rumcajs__nom_fast_1p32V_m40C.sdf:1574: Could not find intermodpath!
SDF ERROR: runs/single_key_wipe_p80_h0/final/sdf/nom_fast_1p32V_m40C/tt_um_rumcajs__nom_fast_1p32V_m40C.sdf:1575: Could not find intermodpath!
SDF ERROR: runs/single_key_wipe_p80_h0/final/sdf/nom_fast_1p32V_m40C/tt_um_rumcajs__nom_fast_1p32V_m40C.sdf:1576: Could not find intermodpath!
SDF ERROR: runs/single_key_wipe_p80_h0/final/sdf/nom_fast_1p32V_m40C/tt_um_rumcajs__nom_fast_1p32V_m40C.sdf:1577: Could not find intermodpath!
SDF ERROR: runs/single_key_wipe_p80_h0/final/sdf/nom_fast_1p32V_m40C/tt_um_rumcajs__nom_fast_1p32V_m40C.sdf:1578: Could not find intermodpath!
SDF ERROR: runs/single_key_wipe_p80_h0/final/sdf/nom_fast_1p32V_m40C/tt_um_rumcajs__nom_fast_1p32V_m40C.sdf:1579: Could not find intermodpath!
SDF ERROR: runs/single_key_wipe_p80_h0/final/sdf/nom_fast_1p32V_m40C/tt_um_rumcajs__nom_fast_1p32V_m40C.sdf:1580: Could not find intermodpath!
SDF ERROR: runs/single_key_wipe_p80_h0/final/sdf/nom_fast_1p32V_m40C/tt_um_rumcajs__nom_fast_1p32V_m40C.sdf:1581: Could not find intermodpath!
SDF ERROR: runs/single_key_wipe_p80_h0/final/sdf/nom_fast_1p32V_m40C/tt_um_rumcajs__nom_fast_1p32V_m40C.sdf:1582: Could not find intermodpath!
SDF ERROR: runs/single_key_wipe_p80_h0/final/sdf/nom_fast_1p32V_m40C/tt_um_rumcajs__nom_fast_1p32V_m40C.sdf:1583: Could not find intermodpath!
SDF ERROR: runs/single_key_wipe_p80_h0/final/sdf/nom_fast_1p32V_m40C/tt_um_rumcajs__nom_fast_1p32V_m40C.sdf:1584: Could not find intermodpath!
SDF ERROR: runs/single_key_wipe_p80_h0/final/sdf/nom_fast_1p32V_m40C/tt_um_rumcajs__nom_fast_1p32V_m40C.sdf:1585: Could not find intermodpath!
SDF ERROR: runs/single_key_wipe_p80_h0/final/sdf/nom_fast_1p32V_m40C/tt_um_rumcajs__nom_fast_1p32V_m40C.sdf:1586: Could not find intermodpath!
SDF ERROR: runs/single_key_wipe_p80_h0/final/sdf/nom_fast_1p32V_m40C/tt_um_rumcajs__nom_fast_1p32V_m40C.sdf:1587: Could not find intermodpath!
SDF ERROR: runs/single_key_wipe_p80_h0/final/sdf/nom_fast_1p32V_m40C/tt_um_rumcajs__nom_fast_1p32V_m40C.sdf:1588: Could not find intermodpath!
SDF ERROR: runs/single_key_wipe_p80_h0/final/sdf/nom_fast_1p32V_m40C/tt_um_rumcajs__nom_fast_1p32V_m40C.sdf:1589: Could not find intermodpath!
SDF ERROR: runs/single_key_wipe_p80_h0/final/sdf/nom_fast_1p32V_m40C/tt_um_rumcajs__nom_fast_1p32V_m40C.sdf:1590: Could not find intermodpath!
SDF ERROR: runs/single_key_wipe_p80_h0/final/sdf/nom_fast_1p32V_m40C/tt_um_rumcajs__nom_fast_1p32V_m40C.sdf:1591: Could not find intermodpath!
SDF ERROR: runs/single_key_wipe_p80_h0/final/sdf/nom_fast_1p32V_m40C/tt_um_rumcajs__nom_fast_1p32V_m40C.sdf:1592: Could not find intermodpath!
SDF ERROR: runs/single_key_wipe_p80_h0/final/sdf/nom_fast_1p32V_m40C/tt_um_rumcajs__nom_fast_1p32V_m40C.sdf:1593: Could not find intermodpath!
SDF ERROR: runs/single_key_wipe_p80_h0/final/sdf/nom_fast_1p32V_m40C/tt_um_rumcajs__nom_fast_1p32V_m40C.sdf:1594: Could not find intermodpath!
SDF ERROR: runs/single_key_wipe_p80_h0/final/sdf/nom_fast_1p32V_m40C/tt_um_rumcajs__nom_fast_1p32V_m40C.sdf:1595: Could not find intermodpath!
SDF ERROR: runs/single_key_wipe_p80_h0/final/sdf/nom_fast_1p32V_m40C/tt_um_rumcajs__nom_fast_1p32V_m40C.sdf:1596: Could not find intermodpath!
SDF ERROR: runs/single_key_wipe_p80_h0/final/sdf/nom_fast_1p32V_m40C/tt_um_rumcajs__nom_fast_1p32V_m40C.sdf:1597: Could not find intermodpath!
SDF ERROR: runs/single_key_wipe_p80_h0/final/sdf/nom_fast_1p32V_m40C/tt_um_rumcajs__nom_fast_1p32V_m40C.sdf:1598: Could not find Error: Could not find net. Did you run iverilog with '-ginterconnect'?
Error: Could not find net. Did you run iverilog with '-ginterconnect'?
Error: Could not find net. Did you run iverilog with '-ginterconnect'?
Error: Could not find net. Did you run iverilog with '-ginterconnect'?
Error: Could not find net. Did you run iverilog with '-ginterconnect'?
Error: Could not find net. Did you run iverilog with '-ginterconnect'?
Error: Could not find net. Did you run iverilog with '-ginterconnect'?
Error: Could not find net. Did you run iverilog with '-ginterconnect'?
Error: Could not find net. Did you run iverilog with '-ginterconnect'?
Error: Could not find net. Did you run iverilog with '-ginterconnect'?
Error: Could not find net. Did you run iverilog with '-ginterconnect'?
Error: Could not find net. Did you run iverilog with '-ginterconnect'?
Error: Could not find net. Did you run iverilog with '-ginterconnect'?
Error: Could not find net. Did you run iverilog with '-ginterconnect'?
Error: Could not find net. Did you run iverilog with '-ginterconnect'?
Error: Could not find net. Did you run iverilog with '-ginterconnect'?
Error: Could not find net. Did you run iverilog with '-ginterconnect'?
Error: Could not find net. Did you run iverilog with '-ginterconnect'?
Error: Could not find net. Did you run iverilog with '-ginterconnect'?
Error: Could not find net. Did you run iverilog with '-ginterconnect'?
Error: Could not find net. Did you run iverilog with '-ginterconnect'?
Error: Could not find net. Did you run iverilog with '-ginterconnect'?
Error: Could not find net. Did you run iverilog with '-ginterconnect'?
Error: Could not find net. Did you run iverilog with '-ginterconnect'?
Error: Could not find net. Did you run iverilog with '-ginterconnect'?
Error: Could not find net. Did you run iverilog with '-ginterconnect'?
Error: Could not find net. Did you run iverilog with '-ginterconnect'?
Error: Could not find net. Did you run iverilog with '-ginterconnect'?
Error: Could not find net. Did you run iverilog with '-ginterconnect'?
intermodpath!
SDF ERROR: runs/single_key_wipe_p80_h0/final/sdf/nom_fast_1p32V_m40C/tt_um_rumcajs__nom_fast_1p32V_m40C.sdf:1599: Could not find intermodpath!
SDF ERROR: runs/single_key_wipe_p80_h0/final/sdf/nom_fast_1p32V_m40C/tt_um_rumcajs__nom_fast_1p32V_m40C.sdf:1600: Could not find intermodpath!
SDF ERROR: runs/single_key_wipe_p80_h0/final/sdf/nom_fast_1p32V_m40C/tt_um_rumcajs__nom_fast_1p32V_m40C.sdf:1601: Could not find intermodpath!
SDF ERROR: runs/single_key_wipe_p80_h0/final/sdf/nom_fast_1p32V_m40C/tt_um_rumcajs__nom_fast_1p32V_m40C.sdf:1602: Could not find intermodpath!
SDF ERROR: runs/single_key_wipe_p80_h0/final/sdf/nom_fast_1p32V_m40C/tt_um_rumcajs__nom_fast_1p32V_m40C.sdf:1603: Could not find intermodpath!
SDF ERROR: runs/single_key_wipe_p80_h0/final/sdf/nom_fast_1p32V_m40C/tt_um_rumcajs__nom_fast_1p32V_m40C.sdf:1604: Could not find intermodpath!
SDF ERROR: runs/single_key_wipe_p80_h0/final/sdf/nom_fast_1p32V_m40C/tt_um_rumcajs__nom_fast_1p32V_m40C.sdf:1605: Could not find intermodpath!
SDF ERROR: runs/single_key_wipe_p80_h0/final/sdf/nom_fast_1p32V_m40C/tt_um_rumcajs__nom_fast_1p32V_m40C.sdf:1606: Could not find intermodpath!
SDF ERROR: runs/single_key_wipe_p80_h0/final/sdf/nom_fast_1p32V_m40C/tt_um_rumcajs__nom_fast_1p32V_m40C.sdf:1607: Could not find intermodpath!
SDF ERROR: runs/single_key_wipe_p80_h0/final/sdf/nom_fast_1p32V_m40C/tt_um_rumcajs__nom_fast_1p32V_m40C.sdf:1608: Could not find intermodpath!
SDF ERROR: runs/single_key_wipe_p80_h0/final/sdf/nom_fast_1p32V_m40C/tt_um_rumcajs__nom_fast_1p32V_m40C.sdf:1609: Could not find intermodpath!
SDF ERROR: runs/single_key_wipe_p80_h0/final/sdf/nom_fast_1p32V_m40C/tt_um_rumcajs__nom_fast_1p32V_m40C.sdf:1610: Could not find intermodpath!
SDF ERROR: runs/single_key_wipe_p80_h0/final/sdf/nom_fast_1p32V_m40C/tt_um_rumcajs__nom_fast_1p32V_m40C.sdf:1611: Could not find intermodpath!
SDF ERROR: runs/single_key_wipe_p80_h0/final/sdf/nom_fast_1p32V_m40C/tt_um_rumcajs__nom_fast_1p32V_m40C.sdf:1612: Could not find intermodpath!
SDF ERROR: runs/single_key_wipe_p80_h0/final/sdf/nom_fast_1p32V_m40C/tt_um_rumcajs__nom_fast_1p32V_m40C.sdf:1613: Could not find intermodpath!
SDF ERROR: runs/single_key_wipe_p80_h0/final/sdf/nom_fast_1p32V_m40C/tt_um_rumcajs__nom_fast_1p32V_m40C.sdf:1614: Could not find intermodpath!
SDF ERROR: runs/single_key_wipe_p80_h0/final/sdf/nom_fast_1p32V_m40C/tt_um_rumcajs__nom_fast_1p32V_m40C.sdf:1615: Could not find intermodpath!
SDF ERROR: runs/single_key_wipe_p80_h0/final/sdf/nom_fast_1p32V_m40C/tt_um_rumcajs__nom_fast_1p32V_m40C.sdf:1616: Could not find intermodpath!
SDF ERROR: runs/single_key_wipe_p80_h0/final/sdf/nom_fast_1p32V_m40C/tt_um_rumcajs__nom_fast_1p32V_m40C.sdf:1617: Could not find intermodpath!
SDF ERROR: runs/single_key_wipe_p80_h0/final/sdf/nom_fast_1p32V_m40C/tt_um_rumcajs__nom_fast_1p32V_m40C.sdf:1618: Could not find intermodpath!
SDF ERROR: runs/single_key_wipe_p80_h0/final/sdf/nom_fast_1p32V_m40C/tt_um_rumcajs__nom_fast_1p32V_m40C.sdf:1619: Could not find intermodpath!
SDF ERROR: runs/single_key_wipe_p80_h0/final/sdf/nom_fast_1p32V_m40C/tt_um_rumcajs__nom_fast_1p32V_m40C.sdf:1620: Could not find intermodpath!
SDF ERROR: runs/single_key_wipe_p80_h0/final/sdf/nom_fast_1p32V_m40C/tt_um_rumcajs__nom_fast_1p32V_m40C.sdf:1621: Could not find intermodpath!
SDF ERROR: runs/single_key_wipe_p80_h0/final/sdf/nom_fast_1p32V_m40C/tt_um_rumcajs__nom_fast_1p32V_m40C.sdf:1622: Could not find intermodpath!
SDF ERROR: runs/single_key_wipe_p80_h0/final/sdf/nom_fast_1p32V_m40C/tt_um_rumcajs__nom_fast_1p32V_m40C.sdf:1623: Could not find intermodpath!
SDF ERROR: runs/single_key_wipe_p80_h0/final/sdf/nom_fast_1p32V_m40C/tt_um_rumcajs__nom_fast_1p32V_m40C.sdf:1624: Could not find intermodpath!
SDF ERROR: runs/single_key_wipe_p80_h0/final/sdf/nom_fast_1p32V_m40C/tt_um_rumcajs__nom_fast_1p32V_m40C.sdf:1625: Could not find intermodpath!
SDF ERROR: runs/single_key_wipe_p80_h0/final/sdf/nom_fast_1p32V_m40C/tt_um_rumcajs__nom_fast_1p32V_m40C.sdf:1626: Could not find intermodpath!
SDF ERROR: runs/single_key_wipe_p80_h0/final/sdf/nom_fast_1p32V_m40C/tt_um_rumError: Could not find net. Did you run iverilog with '-ginterconnect'?
Error: Could not find net. Did you run iverilog with '-ginterconnect'?
Error: Could not find net. Did you run iverilog with '-ginterconnect'?
Error: Could not find net. Did you run iverilog with '-ginterconnect'?
Error: Could not find net. Did you run iverilog with '-ginterconnect'?
Error: Could not find net. Did you run iverilog with '-ginterconnect'?
Error: Could not find net. Did you run iverilog with '-ginterconnect'?
Error: Could not find net. Did you run iverilog with '-ginterconnect'?
Error: Could not find net. Did you run iverilog with '-ginterconnect'?
Error: Could not find net. Did you run iverilog with '-ginterconnect'?
Error: Could not find net. Did you run iverilog with '-ginterconnect'?
Error: Could not find net. Did you run iverilog with '-ginterconnect'?
Error: Could not find net. Did you run iverilog with '-ginterconnect'?
Error: Could not find net. Did you run iverilog with '-ginterconnect'?
Error: Could not find net. Did you run iverilog with '-ginterconnect'?
Error: Could not find net. Did you run iverilog with '-ginterconnect'?
Error: Could not find net. Did you run iverilog with '-ginterconnect'?
Error: Could not find net. Did you run iverilog with '-ginterconnect'?
Error: Could not find net. Did you run iverilog with '-ginterconnect'?
Error: Could not find net. Did you run iverilog with '-ginterconnect'?
Error: Could not find net. Did you run iverilog with '-ginterconnect'?
Error: Could not find net. Did you run iverilog with '-ginterconnect'?
Error: Could not find net. Did you run iverilog with '-ginterconnect'?
Error: Could not find net. Did you run iverilog with '-ginterconnect'?
Error: Could not find net. Did you run iverilog with '-ginterconnect'?
Error: Could not find net. Did you run iverilog with '-ginterconnect'?
Error: Could not find net. Did you run iverilog with '-ginterconnect'?
Error: Could not find net. Did you run iverilog with '-ginterconnect'?
Error: Could not find net. Did you run iverilog with '-ginterconnect'?
cajs__nom_fast_1p32V_m40C.sdf:1627: Could not find intermodpath!
SDF ERROR: runs/single_key_wipe_p80_h0/final/sdf/nom_fast_1p32V_m40C/tt_um_rumcajs__nom_fast_1p32V_m40C.sdf:1628: Could not find intermodpath!
SDF ERROR: runs/single_key_wipe_p80_h0/final/sdf/nom_fast_1p32V_m40C/tt_um_rumcajs__nom_fast_1p32V_m40C.sdf:1629: Could not find intermodpath!
SDF ERROR: runs/single_key_wipe_p80_h0/final/sdf/nom_fast_1p32V_m40C/tt_um_rumcajs__nom_fast_1p32V_m40C.sdf:1630: Could not find intermodpath!
SDF ERROR: runs/single_key_wipe_p80_h0/final/sdf/nom_fast_1p32V_m40C/tt_um_rumcajs__nom_fast_1p32V_m40C.sdf:1631: Could not find intermodpath!
SDF ERROR: runs/single_key_wipe_p80_h0/final/sdf/nom_fast_1p32V_m40C/tt_um_rumcajs__nom_fast_1p32V_m40C.sdf:1632: Could not find intermodpath!
SDF ERROR: runs/single_key_wipe_p80_h0/final/sdf/nom_fast_1p32V_m40C/tt_um_rumcajs__nom_fast_1p32V_m40C.sdf:1633: Could not find intermodpath!
SDF ERROR: runs/single_key_wipe_p80_h0/final/sdf/nom_fast_1p32V_m40C/tt_um_rumcajs__nom_fast_1p32V_m40C.sdf:1634: Could not find intermodpath!
SDF ERROR: runs/single_key_wipe_p80_h0/final/sdf/nom_fast_1p32V_m40C/tt_um_rumcajs__nom_fast_1p32V_m40C.sdf:1635: Could not find intermodpath!
SDF ERROR: runs/single_key_wipe_p80_h0/final/sdf/nom_fast_1p32V_m40C/tt_um_rumcajs__nom_fast_1p32V_m40C.sdf:1636: Could not find intermodpath!
SDF ERROR: runs/single_key_wipe_p80_h0/final/sdf/nom_fast_1p32V_m40C/tt_um_rumcajs__nom_fast_1p32V_m40C.sdf:1637: Could not find intermodpath!
SDF ERROR: runs/single_key_wipe_p80_h0/final/sdf/nom_fast_1p32V_m40C/tt_um_rumcajs__nom_fast_1p32V_m40C.sdf:1638: Could not find intermodpath!
SDF ERROR: runs/single_key_wipe_p80_h0/final/sdf/nom_fast_1p32V_m40C/tt_um_rumcajs__nom_fast_1p32V_m40C.sdf:1639: Could not find intermodpath!
SDF ERROR: runs/single_key_wipe_p80_h0/final/sdf/nom_fast_1p32V_m40C/tt_um_rumcajs__nom_fast_1p32V_m40C.sdf:1640: Could not find intermodpath!
SDF ERROR: runs/single_key_wipe_p80_h0/final/sdf/nom_fast_1p32V_m40C/tt_um_rumcajs__nom_fast_1p32V_m40C.sdf:1641: Could not find intermodpath!
SDF ERROR: runs/single_key_wipe_p80_h0/final/sdf/nom_fast_1p32V_m40C/tt_um_rumcajs__nom_fast_1p32V_m40C.sdf:1642: Could not find intermodpath!
SDF ERROR: runs/single_key_wipe_p80_h0/final/sdf/nom_fast_1p32V_m40C/tt_um_rumcajs__nom_fast_1p32V_m40C.sdf:1643: Could not find intermodpath!
SDF ERROR: runs/single_key_wipe_p80_h0/final/sdf/nom_fast_1p32V_m40C/tt_um_rumcajs__nom_fast_1p32V_m40C.sdf:1644: Could not find intermodpath!
SDF ERROR: runs/single_key_wipe_p80_h0/final/sdf/nom_fast_1p32V_m40C/tt_um_rumcajs__nom_fast_1p32V_m40C.sdf:1645: Could not find intermodpath!
SDF ERROR: runs/single_key_wipe_p80_h0/final/sdf/nom_fast_1p32V_m40C/tt_um_rumcajs__nom_fast_1p32V_m40C.sdf:1646: Could not find intermodpath!
SDF ERROR: runs/single_key_wipe_p80_h0/final/sdf/nom_fast_1p32V_m40C/tt_um_rumcajs__nom_fast_1p32V_m40C.sdf:1647: Could not find intermodpath!
SDF ERROR: runs/single_key_wipe_p80_h0/final/sdf/nom_fast_1p32V_m40C/tt_um_rumcajs__nom_fast_1p32V_m40C.sdf:1648: Could not find intermodpath!
SDF ERROR: runs/single_key_wipe_p80_h0/final/sdf/nom_fast_1p32V_m40C/tt_um_rumcajs__nom_fast_1p32V_m40C.sdf:1649: Could not find intermodpath!
SDF ERROR: runs/single_key_wipe_p80_h0/final/sdf/nom_fast_1p32V_m40C/tt_um_rumcajs__nom_fast_1p32V_m40C.sdf:1650: Could not find intermodpath!
SDF ERROR: runs/single_key_wipe_p80_h0/final/sdf/nom_fast_1p32V_m40C/tt_um_rumcajs__nom_fast_1p32V_m40C.sdf:1651: Could not find intermodpath!
SDF ERROR: runs/single_key_wipe_p80_h0/final/sdf/nom_fast_1p32V_m40C/tt_um_rumcajs__nom_fast_1p32V_m40C.sdf:1652: Could not find intermodpath!
SDF ERROR: runs/single_key_wipe_p80_h0/final/sdf/nom_fast_1p32V_m40C/tt_um_rumcajs__nom_fast_1p32V_m40C.sdf:1653: Could not find intermodpath!
SDF ERROR: runs/single_key_wipe_p80_h0/final/sdf/nom_fast_1p32V_m40C/tt_um_rumcajs__nom_fast_1p32V_m40C.sdf:1654: Could not find intermodpath!
SDF ERROR: runs/single_key_wipe_p80_h0/final/sdf/nom_fast_1p32V_m40C/tt_um_rumcajs__nom_fast_1p32V_m40C.sdf:1655: Could not find intermodpath!
SDF ERROR: runs/single_key_Error: Could not find net. Did you run iverilog with '-ginterconnect'?
Error: Could not find net. Did you run iverilog with '-ginterconnect'?
Error: Could not find net. Did you run iverilog with '-ginterconnect'?
Error: Could not find net. Did you run iverilog with '-ginterconnect'?
Error: Could not find net. Did you run iverilog with '-ginterconnect'?
Error: Could not find net. Did you run iverilog with '-ginterconnect'?
Error: Could not find net. Did you run iverilog with '-ginterconnect'?
Error: Could not find net. Did you run iverilog with '-ginterconnect'?
Error: Could not find net. Did you run iverilog with '-ginterconnect'?
Error: Could not find net. Did you run iverilog with '-ginterconnect'?
Error: Could not find net. Did you run iverilog with '-ginterconnect'?
Error: Could not find net. Did you run iverilog with '-ginterconnect'?
Error: Could not find net. Did you run iverilog with '-ginterconnect'?
Error: Could not find net. Did you run iverilog with '-ginterconnect'?
Error: Could not find net. Did you run iverilog with '-ginterconnect'?
Error: Could not find net. Did you run iverilog with '-ginterconnect'?
Error: Could not find net. Did you run iverilog with '-ginterconnect'?
Error: Could not find net. Did you run iverilog with '-ginterconnect'?
Error: Could not find net. Did you run iverilog with '-ginterconnect'?
Error: Could not find net. Did you run iverilog with '-ginterconnect'?
Error: Could not find net. Did you run iverilog with '-ginterconnect'?
Error: Could not find net. Did you run iverilog with '-ginterconnect'?
Error: Could not find net. Did you run iverilog with '-ginterconnect'?
Error: Could not find net. Did you run iverilog with '-ginterconnect'?
Error: Could not find net. Did you run iverilog with '-ginterconnect'?
Error: Could not find net. Did you run iverilog with '-ginterconnect'?
Error: Could not find net. Did you run iverilog with '-ginterconnect'?
Error: Could not find net. Did you run iverilog with '-ginterconnect'?
wipe_p80_h0/final/sdf/nom_fast_1p32V_m40C/tt_um_rumcajs__nom_fast_1p32V_m40C.sdf:1656: Could not find intermodpath!
SDF ERROR: runs/single_key_wipe_p80_h0/final/sdf/nom_fast_1p32V_m40C/tt_um_rumcajs__nom_fast_1p32V_m40C.sdf:1657: Could not find intermodpath!
SDF ERROR: runs/single_key_wipe_p80_h0/final/sdf/nom_fast_1p32V_m40C/tt_um_rumcajs__nom_fast_1p32V_m40C.sdf:1658: Could not find intermodpath!
SDF ERROR: runs/single_key_wipe_p80_h0/final/sdf/nom_fast_1p32V_m40C/tt_um_rumcajs__nom_fast_1p32V_m40C.sdf:1659: Could not find intermodpath!
SDF ERROR: runs/single_key_wipe_p80_h0/final/sdf/nom_fast_1p32V_m40C/tt_um_rumcajs__nom_fast_1p32V_m40C.sdf:1660: Could not find intermodpath!
SDF ERROR: runs/single_key_wipe_p80_h0/final/sdf/nom_fast_1p32V_m40C/tt_um_rumcajs__nom_fast_1p32V_m40C.sdf:1661: Could not find intermodpath!
SDF ERROR: runs/single_key_wipe_p80_h0/final/sdf/nom_fast_1p32V_m40C/tt_um_rumcajs__nom_fast_1p32V_m40C.sdf:1662: Could not find intermodpath!
SDF ERROR: runs/single_key_wipe_p80_h0/final/sdf/nom_fast_1p32V_m40C/tt_um_rumcajs__nom_fast_1p32V_m40C.sdf:1663: Could not find intermodpath!
SDF ERROR: runs/single_key_wipe_p80_h0/final/sdf/nom_fast_1p32V_m40C/tt_um_rumcajs__nom_fast_1p32V_m40C.sdf:1664: Could not find intermodpath!
SDF ERROR: runs/single_key_wipe_p80_h0/final/sdf/nom_fast_1p32V_m40C/tt_um_rumcajs__nom_fast_1p32V_m40C.sdf:1665: Could not find intermodpath!
SDF ERROR: runs/single_key_wipe_p80_h0/final/sdf/nom_fast_1p32V_m40C/tt_um_rumcajs__nom_fast_1p32V_m40C.sdf:1666: Could not find intermodpath!
SDF ERROR: runs/single_key_wipe_p80_h0/final/sdf/nom_fast_1p32V_m40C/tt_um_rumcajs__nom_fast_1p32V_m40C.sdf:1667: Could not find intermodpath!
SDF ERROR: runs/single_key_wipe_p80_h0/final/sdf/nom_fast_1p32V_m40C/tt_um_rumcajs__nom_fast_1p32V_m40C.sdf:1668: Could not find intermodpath!
SDF ERROR: runs/single_key_wipe_p80_h0/final/sdf/nom_fast_1p32V_m40C/tt_um_rumcajs__nom_fast_1p32V_m40C.sdf:1669: Could not find intermodpath!
SDF ERROR: runs/single_key_wipe_p80_h0/final/sdf/nom_fast_1p32V_m40C/tt_um_rumcajs__nom_fast_1p32V_m40C.sdf:1670: Could not find intermodpath!
SDF ERROR: runs/single_key_wipe_p80_h0/final/sdf/nom_fast_1p32V_m40C/tt_um_rumcajs__nom_fast_1p32V_m40C.sdf:1671: Could not find intermodpath!
SDF ERROR: runs/single_key_wipe_p80_h0/final/sdf/nom_fast_1p32V_m40C/tt_um_rumcajs__nom_fast_1p32V_m40C.sdf:1672: Could not find intermodpath!
SDF ERROR: runs/single_key_wipe_p80_h0/final/sdf/nom_fast_1p32V_m40C/tt_um_rumcajs__nom_fast_1p32V_m40C.sdf:1673: Could not find intermodpath!
SDF ERROR: runs/single_key_wipe_p80_h0/final/sdf/nom_fast_1p32V_m40C/tt_um_rumcajs__nom_fast_1p32V_m40C.sdf:1674: Could not find intermodpath!
SDF ERROR: runs/single_key_wipe_p80_h0/final/sdf/nom_fast_1p32V_m40C/tt_um_rumcajs__nom_fast_1p32V_m40C.sdf:1675: Could not find intermodpath!
SDF ERROR: runs/single_key_wipe_p80_h0/final/sdf/nom_fast_1p32V_m40C/tt_um_rumcajs__nom_fast_1p32V_m40C.sdf:1676: Could not find intermodpath!
SDF ERROR: runs/single_key_wipe_p80_h0/final/sdf/nom_fast_1p32V_m40C/tt_um_rumcajs__nom_fast_1p32V_m40C.sdf:1677: Could not find intermodpath!
SDF ERROR: runs/single_key_wipe_p80_h0/final/sdf/nom_fast_1p32V_m40C/tt_um_rumcajs__nom_fast_1p32V_m40C.sdf:1678: Could not find intermodpath!
SDF ERROR: runs/single_key_wipe_p80_h0/final/sdf/nom_fast_1p32V_m40C/tt_um_rumcajs__nom_fast_1p32V_m40C.sdf:1679: Could not find intermodpath!
SDF ERROR: runs/single_key_wipe_p80_h0/final/sdf/nom_fast_1p32V_m40C/tt_um_rumcajs__nom_fast_1p32V_m40C.sdf:1680: Could not find intermodpath!
SDF ERROR: runs/single_key_wipe_p80_h0/final/sdf/nom_fast_1p32V_m40C/tt_um_rumcajs__nom_fast_1p32V_m40C.sdf:1681: Could not find intermodpath!
SDF ERROR: runs/single_key_wipe_p80_h0/final/sdf/nom_fast_1p32V_m40C/tt_um_rumcajs__nom_fast_1p32V_m40C.sdf:1682: Could not find intermodpath!
SDF ERROR: runs/single_key_wipe_p80_h0/final/sdf/nom_fast_1p32V_m40C/tt_um_rumcajs__nom_fast_1p32V_m40C.sdf:1683: Could not find intermodpath!
SDF ERROR: runs/single_key_wipe_p80_h0/final/sdf/nom_fast_1p32V_m40C/tt_um_rumcajs__nom_fast_1p32V_m40C.sdf:1684: CouldError: Could not find net. Did you run iverilog with '-ginterconnect'?
Error: Could not find net. Did you run iverilog with '-ginterconnect'?
Error: Could not find net. Did you run iverilog with '-ginterconnect'?
Error: Could not find net. Did you run iverilog with '-ginterconnect'?
Error: Could not find net. Did you run iverilog with '-ginterconnect'?
Error: Could not find net. Did you run iverilog with '-ginterconnect'?
Error: Could not find net. Did you run iverilog with '-ginterconnect'?
Error: Could not find net. Did you run iverilog with '-ginterconnect'?
Error: Could not find net. Did you run iverilog with '-ginterconnect'?
Error: Could not find net. Did you run iverilog with '-ginterconnect'?
Error: Could not find net. Did you run iverilog with '-ginterconnect'?
Error: Could not find net. Did you run iverilog with '-ginterconnect'?
Error: Could not find net. Did you run iverilog with '-ginterconnect'?
Error: Could not find net. Did you run iverilog with '-ginterconnect'?
Error: Could not find net. Did you run iverilog with '-ginterconnect'?
Error: Could not find net. Did you run iverilog with '-ginterconnect'?
Error: Could not find net. Did you run iverilog with '-ginterconnect'?
Error: Could not find net. Did you run iverilog with '-ginterconnect'?
Error: Could not find net. Did you run iverilog with '-ginterconnect'?
Error: Could not find net. Did you run iverilog with '-ginterconnect'?
Error: Could not find net. Did you run iverilog with '-ginterconnect'?
Error: Could not find net. Did you run iverilog with '-ginterconnect'?
Error: Could not find net. Did you run iverilog with '-ginterconnect'?
Error: Could not find net. Did you run iverilog with '-ginterconnect'?
Error: Could not find net. Did you run iverilog with '-ginterconnect'?
Error: Could not find net. Did you run iverilog with '-ginterconnect'?
Error: Could not find net. Did you run iverilog with '-ginterconnect'?
Error: Could not find net. Did you run iverilog with '-ginterconnect'?
Error: Could not find net. Did you run iverilog with '-ginterconnect'?
 not find intermodpath!
SDF ERROR: runs/single_key_wipe_p80_h0/final/sdf/nom_fast_1p32V_m40C/tt_um_rumcajs__nom_fast_1p32V_m40C.sdf:1685: Could not find intermodpath!
SDF ERROR: runs/single_key_wipe_p80_h0/final/sdf/nom_fast_1p32V_m40C/tt_um_rumcajs__nom_fast_1p32V_m40C.sdf:1686: Could not find intermodpath!
SDF ERROR: runs/single_key_wipe_p80_h0/final/sdf/nom_fast_1p32V_m40C/tt_um_rumcajs__nom_fast_1p32V_m40C.sdf:1687: Could not find intermodpath!
SDF ERROR: runs/single_key_wipe_p80_h0/final/sdf/nom_fast_1p32V_m40C/tt_um_rumcajs__nom_fast_1p32V_m40C.sdf:1688: Could not find intermodpath!
SDF ERROR: runs/single_key_wipe_p80_h0/final/sdf/nom_fast_1p32V_m40C/tt_um_rumcajs__nom_fast_1p32V_m40C.sdf:1689: Could not find intermodpath!
SDF ERROR: runs/single_key_wipe_p80_h0/final/sdf/nom_fast_1p32V_m40C/tt_um_rumcajs__nom_fast_1p32V_m40C.sdf:1690: Could not find intermodpath!
SDF ERROR: runs/single_key_wipe_p80_h0/final/sdf/nom_fast_1p32V_m40C/tt_um_rumcajs__nom_fast_1p32V_m40C.sdf:1691: Could not find intermodpath!
SDF ERROR: runs/single_key_wipe_p80_h0/final/sdf/nom_fast_1p32V_m40C/tt_um_rumcajs__nom_fast_1p32V_m40C.sdf:1692: Could not find intermodpath!
SDF ERROR: runs/single_key_wipe_p80_h0/final/sdf/nom_fast_1p32V_m40C/tt_um_rumcajs__nom_fast_1p32V_m40C.sdf:1693: Could not find intermodpath!
SDF ERROR: runs/single_key_wipe_p80_h0/final/sdf/nom_fast_1p32V_m40C/tt_um_rumcajs__nom_fast_1p32V_m40C.sdf:1694: Could not find intermodpath!
SDF ERROR: runs/single_key_wipe_p80_h0/final/sdf/nom_fast_1p32V_m40C/tt_um_rumcajs__nom_fast_1p32V_m40C.sdf:1695: Could not find intermodpath!
SDF ERROR: runs/single_key_wipe_p80_h0/final/sdf/nom_fast_1p32V_m40C/tt_um_rumcajs__nom_fast_1p32V_m40C.sdf:1696: Could not find intermodpath!
SDF ERROR: runs/single_key_wipe_p80_h0/final/sdf/nom_fast_1p32V_m40C/tt_um_rumcajs__nom_fast_1p32V_m40C.sdf:1697: Could not find intermodpath!
SDF ERROR: runs/single_key_wipe_p80_h0/final/sdf/nom_fast_1p32V_m40C/tt_um_rumcajs__nom_fast_1p32V_m40C.sdf:1698: Could not find intermodpath!
SDF ERROR: runs/single_key_wipe_p80_h0/final/sdf/nom_fast_1p32V_m40C/tt_um_rumcajs__nom_fast_1p32V_m40C.sdf:1699: Could not find intermodpath!
SDF ERROR: runs/single_key_wipe_p80_h0/final/sdf/nom_fast_1p32V_m40C/tt_um_rumcajs__nom_fast_1p32V_m40C.sdf:1700: Could not find intermodpath!
SDF ERROR: runs/single_key_wipe_p80_h0/final/sdf/nom_fast_1p32V_m40C/tt_um_rumcajs__nom_fast_1p32V_m40C.sdf:1701: Could not find intermodpath!
SDF ERROR: runs/single_key_wipe_p80_h0/final/sdf/nom_fast_1p32V_m40C/tt_um_rumcajs__nom_fast_1p32V_m40C.sdf:1702: Could not find intermodpath!
SDF ERROR: runs/single_key_wipe_p80_h0/final/sdf/nom_fast_1p32V_m40C/tt_um_rumcajs__nom_fast_1p32V_m40C.sdf:1703: Could not find intermodpath!
SDF ERROR: runs/single_key_wipe_p80_h0/final/sdf/nom_fast_1p32V_m40C/tt_um_rumcajs__nom_fast_1p32V_m40C.sdf:1704: Could not find intermodpath!
SDF ERROR: runs/single_key_wipe_p80_h0/final/sdf/nom_fast_1p32V_m40C/tt_um_rumcajs__nom_fast_1p32V_m40C.sdf:1705: Could not find intermodpath!
SDF ERROR: runs/single_key_wipe_p80_h0/final/sdf/nom_fast_1p32V_m40C/tt_um_rumcajs__nom_fast_1p32V_m40C.sdf:1706: Could not find intermodpath!
SDF ERROR: runs/single_key_wipe_p80_h0/final/sdf/nom_fast_1p32V_m40C/tt_um_rumcajs__nom_fast_1p32V_m40C.sdf:1707: Could not find intermodpath!
SDF ERROR: runs/single_key_wipe_p80_h0/final/sdf/nom_fast_1p32V_m40C/tt_um_rumcajs__nom_fast_1p32V_m40C.sdf:1708: Could not find intermodpath!
SDF ERROR: runs/single_key_wipe_p80_h0/final/sdf/nom_fast_1p32V_m40C/tt_um_rumcajs__nom_fast_1p32V_m40C.sdf:1709: Could not find intermodpath!
SDF ERROR: runs/single_key_wipe_p80_h0/final/sdf/nom_fast_1p32V_m40C/tt_um_rumcajs__nom_fast_1p32V_m40C.sdf:1710: Could not find intermodpath!
SDF ERROR: runs/single_key_wipe_p80_h0/final/sdf/nom_fast_1p32V_m40C/tt_um_rumcajs__nom_fast_1p32V_m40C.sdf:1711: Could not find intermodpath!
SDF ERROR: runs/single_key_wipe_p80_h0/final/sdf/nom_fast_1p32V_m40C/tt_um_rumcajs__nom_fast_1p32V_m40C.sdf:1712: Could not find intermodpath!
SDF ERROR: runs/single_key_wipe_p80_h0/final/sdf/nom_fast_1p32V_m40CError: Could not find net. Did you run iverilog with '-ginterconnect'?
Error: Could not find net. Did you run iverilog with '-ginterconnect'?
Error: Could not find net. Did you run iverilog with '-ginterconnect'?
Error: Could not find net. Did you run iverilog with '-ginterconnect'?
Error: Could not find net. Did you run iverilog with '-ginterconnect'?
Error: Could not find net. Did you run iverilog with '-ginterconnect'?
Error: Could not find net. Did you run iverilog with '-ginterconnect'?
Error: Could not find net. Did you run iverilog with '-ginterconnect'?
Error: Could not find net. Did you run iverilog with '-ginterconnect'?
Error: Could not find net. Did you run iverilog with '-ginterconnect'?
Error: Could not find net. Did you run iverilog with '-ginterconnect'?
Error: Could not find net. Did you run iverilog with '-ginterconnect'?
Error: Could not find net. Did you run iverilog with '-ginterconnect'?
Error: Could not find net. Did you run iverilog with '-ginterconnect'?
Error: Could not find net. Did you run iverilog with '-ginterconnect'?
Error: Could not find net. Did you run iverilog with '-ginterconnect'?
Error: Could not find net. Did you run iverilog with '-ginterconnect'?
Error: Could not find net. Did you run iverilog with '-ginterconnect'?
Error: Could not find net. Did you run iverilog with '-ginterconnect'?
Error: Could not find net. Did you run iverilog with '-ginterconnect'?
Error: Could not find net. Did you run iverilog with '-ginterconnect'?
Error: Could not find net. Did you run iverilog with '-ginterconnect'?
Error: Could not find net. Did you run iverilog with '-ginterconnect'?
Error: Could not find net. Did you run iverilog with '-ginterconnect'?
Error: Could not find net. Did you run iverilog with '-ginterconnect'?
Error: Could not find net. Did you run iverilog with '-ginterconnect'?
Error: Could not find net. Did you run iverilog with '-ginterconnect'?
Error: Could not find net. Did you run iverilog with '-ginterconnect'?
Error: Could not find net. Did you run iverilog with '-ginterconnect'?
/tt_um_rumcajs__nom_fast_1p32V_m40C.sdf:1713: Could not find intermodpath!
SDF ERROR: runs/single_key_wipe_p80_h0/final/sdf/nom_fast_1p32V_m40C/tt_um_rumcajs__nom_fast_1p32V_m40C.sdf:1714: Could not find intermodpath!
SDF ERROR: runs/single_key_wipe_p80_h0/final/sdf/nom_fast_1p32V_m40C/tt_um_rumcajs__nom_fast_1p32V_m40C.sdf:1715: Could not find intermodpath!
SDF ERROR: runs/single_key_wipe_p80_h0/final/sdf/nom_fast_1p32V_m40C/tt_um_rumcajs__nom_fast_1p32V_m40C.sdf:1716: Could not find intermodpath!
SDF ERROR: runs/single_key_wipe_p80_h0/final/sdf/nom_fast_1p32V_m40C/tt_um_rumcajs__nom_fast_1p32V_m40C.sdf:1717: Could not find intermodpath!
SDF ERROR: runs/single_key_wipe_p80_h0/final/sdf/nom_fast_1p32V_m40C/tt_um_rumcajs__nom_fast_1p32V_m40C.sdf:1718: Could not find intermodpath!
SDF ERROR: runs/single_key_wipe_p80_h0/final/sdf/nom_fast_1p32V_m40C/tt_um_rumcajs__nom_fast_1p32V_m40C.sdf:1719: Could not find intermodpath!
SDF ERROR: runs/single_key_wipe_p80_h0/final/sdf/nom_fast_1p32V_m40C/tt_um_rumcajs__nom_fast_1p32V_m40C.sdf:1720: Could not find intermodpath!
SDF ERROR: runs/single_key_wipe_p80_h0/final/sdf/nom_fast_1p32V_m40C/tt_um_rumcajs__nom_fast_1p32V_m40C.sdf:1721: Could not find intermodpath!
SDF ERROR: runs/single_key_wipe_p80_h0/final/sdf/nom_fast_1p32V_m40C/tt_um_rumcajs__nom_fast_1p32V_m40C.sdf:1722: Could not find intermodpath!
SDF ERROR: runs/single_key_wipe_p80_h0/final/sdf/nom_fast_1p32V_m40C/tt_um_rumcajs__nom_fast_1p32V_m40C.sdf:1723: Could not find intermodpath!
SDF ERROR: runs/single_key_wipe_p80_h0/final/sdf/nom_fast_1p32V_m40C/tt_um_rumcajs__nom_fast_1p32V_m40C.sdf:1724: Could not find intermodpath!
SDF ERROR: runs/single_key_wipe_p80_h0/final/sdf/nom_fast_1p32V_m40C/tt_um_rumcajs__nom_fast_1p32V_m40C.sdf:1725: Could not find intermodpath!
SDF ERROR: runs/single_key_wipe_p80_h0/final/sdf/nom_fast_1p32V_m40C/tt_um_rumcajs__nom_fast_1p32V_m40C.sdf:1726: Could not find intermodpath!
SDF ERROR: runs/single_key_wipe_p80_h0/final/sdf/nom_fast_1p32V_m40C/tt_um_rumcajs__nom_fast_1p32V_m40C.sdf:1727: Could not find intermodpath!
SDF ERROR: runs/single_key_wipe_p80_h0/final/sdf/nom_fast_1p32V_m40C/tt_um_rumcajs__nom_fast_1p32V_m40C.sdf:1728: Could not find intermodpath!
SDF ERROR: runs/single_key_wipe_p80_h0/final/sdf/nom_fast_1p32V_m40C/tt_um_rumcajs__nom_fast_1p32V_m40C.sdf:1729: Could not find intermodpath!
SDF ERROR: runs/single_key_wipe_p80_h0/final/sdf/nom_fast_1p32V_m40C/tt_um_rumcajs__nom_fast_1p32V_m40C.sdf:1730: Could not find intermodpath!
SDF ERROR: runs/single_key_wipe_p80_h0/final/sdf/nom_fast_1p32V_m40C/tt_um_rumcajs__nom_fast_1p32V_m40C.sdf:1731: Could not find intermodpath!
SDF ERROR: runs/single_key_wipe_p80_h0/final/sdf/nom_fast_1p32V_m40C/tt_um_rumcajs__nom_fast_1p32V_m40C.sdf:1732: Could not find intermodpath!
SDF ERROR: runs/single_key_wipe_p80_h0/final/sdf/nom_fast_1p32V_m40C/tt_um_rumcajs__nom_fast_1p32V_m40C.sdf:1733: Could not find intermodpath!
SDF ERROR: runs/single_key_wipe_p80_h0/final/sdf/nom_fast_1p32V_m40C/tt_um_rumcajs__nom_fast_1p32V_m40C.sdf:1734: Could not find intermodpath!
SDF ERROR: runs/single_key_wipe_p80_h0/final/sdf/nom_fast_1p32V_m40C/tt_um_rumcajs__nom_fast_1p32V_m40C.sdf:1735: Could not find intermodpath!
SDF ERROR: runs/single_key_wipe_p80_h0/final/sdf/nom_fast_1p32V_m40C/tt_um_rumcajs__nom_fast_1p32V_m40C.sdf:1736: Could not find intermodpath!
SDF ERROR: runs/single_key_wipe_p80_h0/final/sdf/nom_fast_1p32V_m40C/tt_um_rumcajs__nom_fast_1p32V_m40C.sdf:1737: Could not find intermodpath!
SDF ERROR: runs/single_key_wipe_p80_h0/final/sdf/nom_fast_1p32V_m40C/tt_um_rumcajs__nom_fast_1p32V_m40C.sdf:1738: Could not find intermodpath!
SDF ERROR: runs/single_key_wipe_p80_h0/final/sdf/nom_fast_1p32V_m40C/tt_um_rumcajs__nom_fast_1p32V_m40C.sdf:1739: Could not find intermodpath!
SDF ERROR: runs/single_key_wipe_p80_h0/final/sdf/nom_fast_1p32V_m40C/tt_um_rumcajs__nom_fast_1p32V_m40C.sdf:1740: Could not find intermodpath!
SDF ERROR: runs/single_key_wipe_p80_h0/final/sdf/nom_fast_1p32V_m40C/tt_um_rumcajs__nom_fast_1p32V_m40C.sdf:1741: Could not find intermodpath!
SDF ERROR: runs/sError: Could not find net. Did you run iverilog with '-ginterconnect'?
Error: Could not find net. Did you run iverilog with '-ginterconnect'?
Error: Could not find net. Did you run iverilog with '-ginterconnect'?
Error: Could not find net. Did you run iverilog with '-ginterconnect'?
Error: Could not find net. Did you run iverilog with '-ginterconnect'?
Error: Could not find net. Did you run iverilog with '-ginterconnect'?
Error: Could not find net. Did you run iverilog with '-ginterconnect'?
Error: Could not find net. Did you run iverilog with '-ginterconnect'?
Error: Could not find net. Did you run iverilog with '-ginterconnect'?
Error: Could not find net. Did you run iverilog with '-ginterconnect'?
Error: Could not find net. Did you run iverilog with '-ginterconnect'?
Error: Could not find net. Did you run iverilog with '-ginterconnect'?
Error: Could not find net. Did you run iverilog with '-ginterconnect'?
Error: Could not find net. Did you run iverilog with '-ginterconnect'?
Error: Could not find net. Did you run iverilog with '-ginterconnect'?
Error: Could not find net. Did you run iverilog with '-ginterconnect'?
Error: Could not find net. Did you run iverilog with '-ginterconnect'?
Error: Could not find net. Did you run iverilog with '-ginterconnect'?
Error: Could not find net. Did you run iverilog with '-ginterconnect'?
Error: Could not find net. Did you run iverilog with '-ginterconnect'?
Error: Could not find net. Did you run iverilog with '-ginterconnect'?
Error: Could not find net. Did you run iverilog with '-ginterconnect'?
Error: Could not find net. Did you run iverilog with '-ginterconnect'?
Error: Could not find net. Did you run iverilog with '-ginterconnect'?
Error: Could not find net. Did you run iverilog with '-ginterconnect'?
Error: Could not find net. Did you run iverilog with '-ginterconnect'?
Error: Could not find net. Did you run iverilog with '-ginterconnect'?
Error: Could not find net. Did you run iverilog with '-ginterconnect'?
ingle_key_wipe_p80_h0/final/sdf/nom_fast_1p32V_m40C/tt_um_rumcajs__nom_fast_1p32V_m40C.sdf:1742: Could not find intermodpath!
SDF ERROR: runs/single_key_wipe_p80_h0/final/sdf/nom_fast_1p32V_m40C/tt_um_rumcajs__nom_fast_1p32V_m40C.sdf:1743: Could not find intermodpath!
SDF ERROR: runs/single_key_wipe_p80_h0/final/sdf/nom_fast_1p32V_m40C/tt_um_rumcajs__nom_fast_1p32V_m40C.sdf:1744: Could not find intermodpath!
SDF ERROR: runs/single_key_wipe_p80_h0/final/sdf/nom_fast_1p32V_m40C/tt_um_rumcajs__nom_fast_1p32V_m40C.sdf:1745: Could not find intermodpath!
SDF ERROR: runs/single_key_wipe_p80_h0/final/sdf/nom_fast_1p32V_m40C/tt_um_rumcajs__nom_fast_1p32V_m40C.sdf:1746: Could not find intermodpath!
SDF ERROR: runs/single_key_wipe_p80_h0/final/sdf/nom_fast_1p32V_m40C/tt_um_rumcajs__nom_fast_1p32V_m40C.sdf:1747: Could not find intermodpath!
SDF ERROR: runs/single_key_wipe_p80_h0/final/sdf/nom_fast_1p32V_m40C/tt_um_rumcajs__nom_fast_1p32V_m40C.sdf:1748: Could not find intermodpath!
SDF ERROR: runs/single_key_wipe_p80_h0/final/sdf/nom_fast_1p32V_m40C/tt_um_rumcajs__nom_fast_1p32V_m40C.sdf:1749: Could not find intermodpath!
SDF ERROR: runs/single_key_wipe_p80_h0/final/sdf/nom_fast_1p32V_m40C/tt_um_rumcajs__nom_fast_1p32V_m40C.sdf:1750: Could not find intermodpath!
SDF ERROR: runs/single_key_wipe_p80_h0/final/sdf/nom_fast_1p32V_m40C/tt_um_rumcajs__nom_fast_1p32V_m40C.sdf:1751: Could not find intermodpath!
SDF ERROR: runs/single_key_wipe_p80_h0/final/sdf/nom_fast_1p32V_m40C/tt_um_rumcajs__nom_fast_1p32V_m40C.sdf:1752: Could not find intermodpath!
SDF ERROR: runs/single_key_wipe_p80_h0/final/sdf/nom_fast_1p32V_m40C/tt_um_rumcajs__nom_fast_1p32V_m40C.sdf:1753: Could not find intermodpath!
SDF ERROR: runs/single_key_wipe_p80_h0/final/sdf/nom_fast_1p32V_m40C/tt_um_rumcajs__nom_fast_1p32V_m40C.sdf:1754: Could not find intermodpath!
SDF ERROR: runs/single_key_wipe_p80_h0/final/sdf/nom_fast_1p32V_m40C/tt_um_rumcajs__nom_fast_1p32V_m40C.sdf:1755: Could not find intermodpath!
SDF ERROR: runs/single_key_wipe_p80_h0/final/sdf/nom_fast_1p32V_m40C/tt_um_rumcajs__nom_fast_1p32V_m40C.sdf:1756: Could not find intermodpath!
SDF ERROR: runs/single_key_wipe_p80_h0/final/sdf/nom_fast_1p32V_m40C/tt_um_rumcajs__nom_fast_1p32V_m40C.sdf:1757: Could not find intermodpath!
SDF ERROR: runs/single_key_wipe_p80_h0/final/sdf/nom_fast_1p32V_m40C/tt_um_rumcajs__nom_fast_1p32V_m40C.sdf:1758: Could not find intermodpath!
SDF ERROR: runs/single_key_wipe_p80_h0/final/sdf/nom_fast_1p32V_m40C/tt_um_rumcajs__nom_fast_1p32V_m40C.sdf:1759: Could not find intermodpath!
SDF ERROR: runs/single_key_wipe_p80_h0/final/sdf/nom_fast_1p32V_m40C/tt_um_rumcajs__nom_fast_1p32V_m40C.sdf:1760: Could not find intermodpath!
SDF ERROR: runs/single_key_wipe_p80_h0/final/sdf/nom_fast_1p32V_m40C/tt_um_rumcajs__nom_fast_1p32V_m40C.sdf:1761: Could not find intermodpath!
SDF ERROR: runs/single_key_wipe_p80_h0/final/sdf/nom_fast_1p32V_m40C/tt_um_rumcajs__nom_fast_1p32V_m40C.sdf:1762: Could not find intermodpath!
SDF ERROR: runs/single_key_wipe_p80_h0/final/sdf/nom_fast_1p32V_m40C/tt_um_rumcajs__nom_fast_1p32V_m40C.sdf:1763: Could not find intermodpath!
SDF ERROR: runs/single_key_wipe_p80_h0/final/sdf/nom_fast_1p32V_m40C/tt_um_rumcajs__nom_fast_1p32V_m40C.sdf:1764: Could not find intermodpath!
SDF ERROR: runs/single_key_wipe_p80_h0/final/sdf/nom_fast_1p32V_m40C/tt_um_rumcajs__nom_fast_1p32V_m40C.sdf:1765: Could not find intermodpath!
SDF ERROR: runs/single_key_wipe_p80_h0/final/sdf/nom_fast_1p32V_m40C/tt_um_rumcajs__nom_fast_1p32V_m40C.sdf:1766: Could not find intermodpath!
SDF ERROR: runs/single_key_wipe_p80_h0/final/sdf/nom_fast_1p32V_m40C/tt_um_rumcajs__nom_fast_1p32V_m40C.sdf:1767: Could not find intermodpath!
SDF ERROR: runs/single_key_wipe_p80_h0/final/sdf/nom_fast_1p32V_m40C/tt_um_rumcajs__nom_fast_1p32V_m40C.sdf:1768: Could not find intermodpath!
SDF ERROR: runs/single_key_wipe_p80_h0/final/sdf/nom_fast_1p32V_m40C/tt_um_rumcajs__nom_fast_1p32V_m40C.sdf:1769: Could not find intermodpath!
SDF ERROR: runs/single_key_wipe_p80_h0/final/sdf/nom_fast_1p32V_m40C/tt_um_rumcajs__nom_fast_1p32V_m40C.sdf:1Error: Could not find net. Did you run iverilog with '-ginterconnect'?
Error: Could not find net. Did you run iverilog with '-ginterconnect'?
Error: Could not find net. Did you run iverilog with '-ginterconnect'?
Error: Could not find net. Did you run iverilog with '-ginterconnect'?
Error: Could not find net. Did you run iverilog with '-ginterconnect'?
Error: Could not find net. Did you run iverilog with '-ginterconnect'?
Error: Could not find net. Did you run iverilog with '-ginterconnect'?
Error: Could not find net. Did you run iverilog with '-ginterconnect'?
Error: Could not find net. Did you run iverilog with '-ginterconnect'?
Error: Could not find net. Did you run iverilog with '-ginterconnect'?
Error: Could not find net. Did you run iverilog with '-ginterconnect'?
Error: Could not find net. Did you run iverilog with '-ginterconnect'?
Error: Could not find net. Did you run iverilog with '-ginterconnect'?
Error: Could not find net. Did you run iverilog with '-ginterconnect'?
Error: Could not find net. Did you run iverilog with '-ginterconnect'?
Error: Could not find net. Did you run iverilog with '-ginterconnect'?
Error: Could not find net. Did you run iverilog with '-ginterconnect'?
Error: Could not find net. Did you run iverilog with '-ginterconnect'?
Error: Could not find net. Did you run iverilog with '-ginterconnect'?
Error: Could not find net. Did you run iverilog with '-ginterconnect'?
Error: Could not find net. Did you run iverilog with '-ginterconnect'?
Error: Could not find net. Did you run iverilog with '-ginterconnect'?
Error: Could not find net. Did you run iverilog with '-ginterconnect'?
Error: Could not find net. Did you run iverilog with '-ginterconnect'?
Error: Could not find net. Did you run iverilog with '-ginterconnect'?
Error: Could not find net. Did you run iverilog with '-ginterconnect'?
Error: Could not find net. Did you run iverilog with '-ginterconnect'?
Error: Could not find net. Did you run iverilog with '-ginterconnect'?
Error: Could not find net. Did you run iverilog with '-ginterconnect'?
770: Could not find intermodpath!
SDF ERROR: runs/single_key_wipe_p80_h0/final/sdf/nom_fast_1p32V_m40C/tt_um_rumcajs__nom_fast_1p32V_m40C.sdf:1771: Could not find intermodpath!
SDF ERROR: runs/single_key_wipe_p80_h0/final/sdf/nom_fast_1p32V_m40C/tt_um_rumcajs__nom_fast_1p32V_m40C.sdf:1772: Could not find intermodpath!
SDF ERROR: runs/single_key_wipe_p80_h0/final/sdf/nom_fast_1p32V_m40C/tt_um_rumcajs__nom_fast_1p32V_m40C.sdf:1773: Could not find intermodpath!
SDF ERROR: runs/single_key_wipe_p80_h0/final/sdf/nom_fast_1p32V_m40C/tt_um_rumcajs__nom_fast_1p32V_m40C.sdf:1774: Could not find intermodpath!
SDF ERROR: runs/single_key_wipe_p80_h0/final/sdf/nom_fast_1p32V_m40C/tt_um_rumcajs__nom_fast_1p32V_m40C.sdf:1775: Could not find intermodpath!
SDF ERROR: runs/single_key_wipe_p80_h0/final/sdf/nom_fast_1p32V_m40C/tt_um_rumcajs__nom_fast_1p32V_m40C.sdf:1776: Could not find intermodpath!
SDF ERROR: runs/single_key_wipe_p80_h0/final/sdf/nom_fast_1p32V_m40C/tt_um_rumcajs__nom_fast_1p32V_m40C.sdf:1777: Could not find intermodpath!
SDF ERROR: runs/single_key_wipe_p80_h0/final/sdf/nom_fast_1p32V_m40C/tt_um_rumcajs__nom_fast_1p32V_m40C.sdf:1778: Could not find intermodpath!
SDF ERROR: runs/single_key_wipe_p80_h0/final/sdf/nom_fast_1p32V_m40C/tt_um_rumcajs__nom_fast_1p32V_m40C.sdf:1779: Could not find intermodpath!
SDF ERROR: runs/single_key_wipe_p80_h0/final/sdf/nom_fast_1p32V_m40C/tt_um_rumcajs__nom_fast_1p32V_m40C.sdf:1780: Could not find intermodpath!
SDF ERROR: runs/single_key_wipe_p80_h0/final/sdf/nom_fast_1p32V_m40C/tt_um_rumcajs__nom_fast_1p32V_m40C.sdf:1781: Could not find intermodpath!
SDF ERROR: runs/single_key_wipe_p80_h0/final/sdf/nom_fast_1p32V_m40C/tt_um_rumcajs__nom_fast_1p32V_m40C.sdf:1782: Could not find intermodpath!
SDF ERROR: runs/single_key_wipe_p80_h0/final/sdf/nom_fast_1p32V_m40C/tt_um_rumcajs__nom_fast_1p32V_m40C.sdf:1783: Could not find intermodpath!
SDF ERROR: runs/single_key_wipe_p80_h0/final/sdf/nom_fast_1p32V_m40C/tt_um_rumcajs__nom_fast_1p32V_m40C.sdf:1784: Could not find intermodpath!
SDF ERROR: runs/single_key_wipe_p80_h0/final/sdf/nom_fast_1p32V_m40C/tt_um_rumcajs__nom_fast_1p32V_m40C.sdf:1785: Could not find intermodpath!
SDF ERROR: runs/single_key_wipe_p80_h0/final/sdf/nom_fast_1p32V_m40C/tt_um_rumcajs__nom_fast_1p32V_m40C.sdf:1786: Could not find intermodpath!
SDF ERROR: runs/single_key_wipe_p80_h0/final/sdf/nom_fast_1p32V_m40C/tt_um_rumcajs__nom_fast_1p32V_m40C.sdf:1787: Could not find intermodpath!
SDF ERROR: runs/single_key_wipe_p80_h0/final/sdf/nom_fast_1p32V_m40C/tt_um_rumcajs__nom_fast_1p32V_m40C.sdf:1788: Could not find intermodpath!
SDF ERROR: runs/single_key_wipe_p80_h0/final/sdf/nom_fast_1p32V_m40C/tt_um_rumcajs__nom_fast_1p32V_m40C.sdf:1789: Could not find intermodpath!
SDF ERROR: runs/single_key_wipe_p80_h0/final/sdf/nom_fast_1p32V_m40C/tt_um_rumcajs__nom_fast_1p32V_m40C.sdf:1790: Could not find intermodpath!
SDF ERROR: runs/single_key_wipe_p80_h0/final/sdf/nom_fast_1p32V_m40C/tt_um_rumcajs__nom_fast_1p32V_m40C.sdf:1791: Could not find intermodpath!
SDF ERROR: runs/single_key_wipe_p80_h0/final/sdf/nom_fast_1p32V_m40C/tt_um_rumcajs__nom_fast_1p32V_m40C.sdf:1792: Could not find intermodpath!
SDF ERROR: runs/single_key_wipe_p80_h0/final/sdf/nom_fast_1p32V_m40C/tt_um_rumcajs__nom_fast_1p32V_m40C.sdf:1793: Could not find intermodpath!
SDF ERROR: runs/single_key_wipe_p80_h0/final/sdf/nom_fast_1p32V_m40C/tt_um_rumcajs__nom_fast_1p32V_m40C.sdf:1794: Could not find intermodpath!
SDF ERROR: runs/single_key_wipe_p80_h0/final/sdf/nom_fast_1p32V_m40C/tt_um_rumcajs__nom_fast_1p32V_m40C.sdf:1795: Could not find intermodpath!
SDF ERROR: runs/single_key_wipe_p80_h0/final/sdf/nom_fast_1p32V_m40C/tt_um_rumcajs__nom_fast_1p32V_m40C.sdf:1796: Could not find intermodpath!
SDF ERROR: runs/single_key_wipe_p80_h0/final/sdf/nom_fast_1p32V_m40C/tt_um_rumcajs__nom_fast_1p32V_m40C.sdf:1797: Could not find intermodpath!
SDF ERROR: runs/single_key_wipe_p80_h0/final/sdf/nom_fast_1p32V_m40C/tt_um_rumcajs__nom_fast_1p32V_m40C.sdf:1798: Could not find intermodpath!
SDF ERROR: runs/single_key_wipe_p80_h0/final/sdf/nom_fast_Error: Could not find net. Did you run iverilog with '-ginterconnect'?
Error: Could not find net. Did you run iverilog with '-ginterconnect'?
Error: Could not find net. Did you run iverilog with '-ginterconnect'?
Error: Could not find net. Did you run iverilog with '-ginterconnect'?
Error: Could not find net. Did you run iverilog with '-ginterconnect'?
Error: Could not find net. Did you run iverilog with '-ginterconnect'?
Error: Could not find net. Did you run iverilog with '-ginterconnect'?
Error: Could not find net. Did you run iverilog with '-ginterconnect'?
Error: Could not find net. Did you run iverilog with '-ginterconnect'?
Error: Could not find net. Did you run iverilog with '-ginterconnect'?
Error: Could not find net. Did you run iverilog with '-ginterconnect'?
Error: Could not find net. Did you run iverilog with '-ginterconnect'?
Error: Could not find net. Did you run iverilog with '-ginterconnect'?
Error: Could not find net. Did you run iverilog with '-ginterconnect'?
Error: Could not find net. Did you run iverilog with '-ginterconnect'?
Error: Could not find net. Did you run iverilog with '-ginterconnect'?
Error: Could not find net. Did you run iverilog with '-ginterconnect'?
Error: Could not find net. Did you run iverilog with '-ginterconnect'?
Error: Could not find net. Did you run iverilog with '-ginterconnect'?
Error: Could not find net. Did you run iverilog with '-ginterconnect'?
Error: Could not find net. Did you run iverilog with '-ginterconnect'?
Error: Could not find net. Did you run iverilog with '-ginterconnect'?
Error: Could not find net. Did you run iverilog with '-ginterconnect'?
Error: Could not find net. Did you run iverilog with '-ginterconnect'?
Error: Could not find net. Did you run iverilog with '-ginterconnect'?
Error: Could not find net. Did you run iverilog with '-ginterconnect'?
Error: Could not find net. Did you run iverilog with '-ginterconnect'?
Error: Could not find net. Did you run iverilog with '-ginterconnect'?
Error: Could not find net. Did you run iverilog with '-ginterconnect'?
1p32V_m40C/tt_um_rumcajs__nom_fast_1p32V_m40C.sdf:1799: Could not find intermodpath!
SDF ERROR: runs/single_key_wipe_p80_h0/final/sdf/nom_fast_1p32V_m40C/tt_um_rumcajs__nom_fast_1p32V_m40C.sdf:1800: Could not find intermodpath!
SDF ERROR: runs/single_key_wipe_p80_h0/final/sdf/nom_fast_1p32V_m40C/tt_um_rumcajs__nom_fast_1p32V_m40C.sdf:1801: Could not find intermodpath!
SDF ERROR: runs/single_key_wipe_p80_h0/final/sdf/nom_fast_1p32V_m40C/tt_um_rumcajs__nom_fast_1p32V_m40C.sdf:1802: Could not find intermodpath!
SDF ERROR: runs/single_key_wipe_p80_h0/final/sdf/nom_fast_1p32V_m40C/tt_um_rumcajs__nom_fast_1p32V_m40C.sdf:1803: Could not find intermodpath!
SDF ERROR: runs/single_key_wipe_p80_h0/final/sdf/nom_fast_1p32V_m40C/tt_um_rumcajs__nom_fast_1p32V_m40C.sdf:1804: Could not find intermodpath!
SDF ERROR: runs/single_key_wipe_p80_h0/final/sdf/nom_fast_1p32V_m40C/tt_um_rumcajs__nom_fast_1p32V_m40C.sdf:1805: Could not find intermodpath!
SDF ERROR: runs/single_key_wipe_p80_h0/final/sdf/nom_fast_1p32V_m40C/tt_um_rumcajs__nom_fast_1p32V_m40C.sdf:1806: Could not find intermodpath!
SDF ERROR: runs/single_key_wipe_p80_h0/final/sdf/nom_fast_1p32V_m40C/tt_um_rumcajs__nom_fast_1p32V_m40C.sdf:1807: Could not find intermodpath!
SDF ERROR: runs/single_key_wipe_p80_h0/final/sdf/nom_fast_1p32V_m40C/tt_um_rumcajs__nom_fast_1p32V_m40C.sdf:1808: Could not find intermodpath!
SDF ERROR: runs/single_key_wipe_p80_h0/final/sdf/nom_fast_1p32V_m40C/tt_um_rumcajs__nom_fast_1p32V_m40C.sdf:1809: Could not find intermodpath!
SDF ERROR: runs/single_key_wipe_p80_h0/final/sdf/nom_fast_1p32V_m40C/tt_um_rumcajs__nom_fast_1p32V_m40C.sdf:1810: Could not find intermodpath!
SDF ERROR: runs/single_key_wipe_p80_h0/final/sdf/nom_fast_1p32V_m40C/tt_um_rumcajs__nom_fast_1p32V_m40C.sdf:1811: Could not find intermodpath!
SDF ERROR: runs/single_key_wipe_p80_h0/final/sdf/nom_fast_1p32V_m40C/tt_um_rumcajs__nom_fast_1p32V_m40C.sdf:1812: Could not find intermodpath!
SDF ERROR: runs/single_key_wipe_p80_h0/final/sdf/nom_fast_1p32V_m40C/tt_um_rumcajs__nom_fast_1p32V_m40C.sdf:1813: Could not find intermodpath!
SDF ERROR: runs/single_key_wipe_p80_h0/final/sdf/nom_fast_1p32V_m40C/tt_um_rumcajs__nom_fast_1p32V_m40C.sdf:1814: Could not find intermodpath!
SDF ERROR: runs/single_key_wipe_p80_h0/final/sdf/nom_fast_1p32V_m40C/tt_um_rumcajs__nom_fast_1p32V_m40C.sdf:1815: Could not find intermodpath!
SDF ERROR: runs/single_key_wipe_p80_h0/final/sdf/nom_fast_1p32V_m40C/tt_um_rumcajs__nom_fast_1p32V_m40C.sdf:1816: Could not find intermodpath!
SDF ERROR: runs/single_key_wipe_p80_h0/final/sdf/nom_fast_1p32V_m40C/tt_um_rumcajs__nom_fast_1p32V_m40C.sdf:1817: Could not find intermodpath!
SDF ERROR: runs/single_key_wipe_p80_h0/final/sdf/nom_fast_1p32V_m40C/tt_um_rumcajs__nom_fast_1p32V_m40C.sdf:1818: Could not find intermodpath!
SDF ERROR: runs/single_key_wipe_p80_h0/final/sdf/nom_fast_1p32V_m40C/tt_um_rumcajs__nom_fast_1p32V_m40C.sdf:1819: Could not find intermodpath!
SDF ERROR: runs/single_key_wipe_p80_h0/final/sdf/nom_fast_1p32V_m40C/tt_um_rumcajs__nom_fast_1p32V_m40C.sdf:1820: Could not find intermodpath!
SDF ERROR: runs/single_key_wipe_p80_h0/final/sdf/nom_fast_1p32V_m40C/tt_um_rumcajs__nom_fast_1p32V_m40C.sdf:1821: Could not find intermodpath!
SDF ERROR: runs/single_key_wipe_p80_h0/final/sdf/nom_fast_1p32V_m40C/tt_um_rumcajs__nom_fast_1p32V_m40C.sdf:1822: Could not find intermodpath!
SDF ERROR: runs/single_key_wipe_p80_h0/final/sdf/nom_fast_1p32V_m40C/tt_um_rumcajs__nom_fast_1p32V_m40C.sdf:1823: Could not find intermodpath!
SDF ERROR: runs/single_key_wipe_p80_h0/final/sdf/nom_fast_1p32V_m40C/tt_um_rumcajs__nom_fast_1p32V_m40C.sdf:1824: Could not find intermodpath!
SDF ERROR: runs/single_key_wipe_p80_h0/final/sdf/nom_fast_1p32V_m40C/tt_um_rumcajs__nom_fast_1p32V_m40C.sdf:1825: Could not find intermodpath!
SDF ERROR: runs/single_key_wipe_p80_h0/final/sdf/nom_fast_1p32V_m40C/tt_um_rumcajs__nom_fast_1p32V_m40C.sdf:1826: Could not find intermodpath!
SDF ERROR: runs/single_key_wipe_p80_h0/final/sdf/nom_fast_1p32V_m40C/tt_um_rumcajs__nom_fast_1p32V_m40C.sdf:1827: Could not find intermodpath!
SDF ERRError: Could not find net. Did you run iverilog with '-ginterconnect'?
Error: Could not find net. Did you run iverilog with '-ginterconnect'?
Error: Could not find net. Did you run iverilog with '-ginterconnect'?
Error: Could not find net. Did you run iverilog with '-ginterconnect'?
Error: Could not find net. Did you run iverilog with '-ginterconnect'?
Error: Could not find net. Did you run iverilog with '-ginterconnect'?
Error: Could not find net. Did you run iverilog with '-ginterconnect'?
Error: Could not find net. Did you run iverilog with '-ginterconnect'?
Error: Could not find net. Did you run iverilog with '-ginterconnect'?
Error: Could not find net. Did you run iverilog with '-ginterconnect'?
Error: Could not find net. Did you run iverilog with '-ginterconnect'?
Error: Could not find net. Did you run iverilog with '-ginterconnect'?
Error: Could not find net. Did you run iverilog with '-ginterconnect'?
Error: Could not find net. Did you run iverilog with '-ginterconnect'?
Error: Could not find net. Did you run iverilog with '-ginterconnect'?
Error: Could not find net. Did you run iverilog with '-ginterconnect'?
Error: Could not find net. Did you run iverilog with '-ginterconnect'?
Error: Could not find net. Did you run iverilog with '-ginterconnect'?
Error: Could not find net. Did you run iverilog with '-ginterconnect'?
Error: Could not find net. Did you run iverilog with '-ginterconnect'?
Error: Could not find net. Did you run iverilog with '-ginterconnect'?
Error: Could not find net. Did you run iverilog with '-ginterconnect'?
Error: Could not find net. Did you run iverilog with '-ginterconnect'?
Error: Could not find net. Did you run iverilog with '-ginterconnect'?
Error: Could not find net. Did you run iverilog with '-ginterconnect'?
Error: Could not find net. Did you run iverilog with '-ginterconnect'?
Error: Could not find net. Did you run iverilog with '-ginterconnect'?
Error: Could not find net. Did you run iverilog with '-ginterconnect'?
OR: runs/single_key_wipe_p80_h0/final/sdf/nom_fast_1p32V_m40C/tt_um_rumcajs__nom_fast_1p32V_m40C.sdf:1828: Could not find intermodpath!
SDF ERROR: runs/single_key_wipe_p80_h0/final/sdf/nom_fast_1p32V_m40C/tt_um_rumcajs__nom_fast_1p32V_m40C.sdf:1829: Could not find intermodpath!
SDF ERROR: runs/single_key_wipe_p80_h0/final/sdf/nom_fast_1p32V_m40C/tt_um_rumcajs__nom_fast_1p32V_m40C.sdf:1830: Could not find intermodpath!
SDF ERROR: runs/single_key_wipe_p80_h0/final/sdf/nom_fast_1p32V_m40C/tt_um_rumcajs__nom_fast_1p32V_m40C.sdf:1831: Could not find intermodpath!
SDF ERROR: runs/single_key_wipe_p80_h0/final/sdf/nom_fast_1p32V_m40C/tt_um_rumcajs__nom_fast_1p32V_m40C.sdf:1832: Could not find intermodpath!
SDF ERROR: runs/single_key_wipe_p80_h0/final/sdf/nom_fast_1p32V_m40C/tt_um_rumcajs__nom_fast_1p32V_m40C.sdf:1833: Could not find intermodpath!
SDF ERROR: runs/single_key_wipe_p80_h0/final/sdf/nom_fast_1p32V_m40C/tt_um_rumcajs__nom_fast_1p32V_m40C.sdf:1834: Could not find intermodpath!
SDF ERROR: runs/single_key_wipe_p80_h0/final/sdf/nom_fast_1p32V_m40C/tt_um_rumcajs__nom_fast_1p32V_m40C.sdf:1835: Could not find intermodpath!
SDF ERROR: runs/single_key_wipe_p80_h0/final/sdf/nom_fast_1p32V_m40C/tt_um_rumcajs__nom_fast_1p32V_m40C.sdf:1836: Could not find intermodpath!
SDF ERROR: runs/single_key_wipe_p80_h0/final/sdf/nom_fast_1p32V_m40C/tt_um_rumcajs__nom_fast_1p32V_m40C.sdf:1837: Could not find intermodpath!
SDF ERROR: runs/single_key_wipe_p80_h0/final/sdf/nom_fast_1p32V_m40C/tt_um_rumcajs__nom_fast_1p32V_m40C.sdf:1838: Could not find intermodpath!
SDF ERROR: runs/single_key_wipe_p80_h0/final/sdf/nom_fast_1p32V_m40C/tt_um_rumcajs__nom_fast_1p32V_m40C.sdf:1839: Could not find intermodpath!
SDF ERROR: runs/single_key_wipe_p80_h0/final/sdf/nom_fast_1p32V_m40C/tt_um_rumcajs__nom_fast_1p32V_m40C.sdf:1840: Could not find intermodpath!
SDF ERROR: runs/single_key_wipe_p80_h0/final/sdf/nom_fast_1p32V_m40C/tt_um_rumcajs__nom_fast_1p32V_m40C.sdf:1841: Could not find intermodpath!
SDF ERROR: runs/single_key_wipe_p80_h0/final/sdf/nom_fast_1p32V_m40C/tt_um_rumcajs__nom_fast_1p32V_m40C.sdf:1842: Could not find intermodpath!
SDF ERROR: runs/single_key_wipe_p80_h0/final/sdf/nom_fast_1p32V_m40C/tt_um_rumcajs__nom_fast_1p32V_m40C.sdf:1843: Could not find intermodpath!
SDF ERROR: runs/single_key_wipe_p80_h0/final/sdf/nom_fast_1p32V_m40C/tt_um_rumcajs__nom_fast_1p32V_m40C.sdf:1844: Could not find intermodpath!
SDF ERROR: runs/single_key_wipe_p80_h0/final/sdf/nom_fast_1p32V_m40C/tt_um_rumcajs__nom_fast_1p32V_m40C.sdf:1845: Could not find intermodpath!
SDF ERROR: runs/single_key_wipe_p80_h0/final/sdf/nom_fast_1p32V_m40C/tt_um_rumcajs__nom_fast_1p32V_m40C.sdf:1846: Could not find intermodpath!
SDF ERROR: runs/single_key_wipe_p80_h0/final/sdf/nom_fast_1p32V_m40C/tt_um_rumcajs__nom_fast_1p32V_m40C.sdf:1847: Could not find intermodpath!
SDF ERROR: runs/single_key_wipe_p80_h0/final/sdf/nom_fast_1p32V_m40C/tt_um_rumcajs__nom_fast_1p32V_m40C.sdf:1848: Could not find intermodpath!
SDF ERROR: runs/single_key_wipe_p80_h0/final/sdf/nom_fast_1p32V_m40C/tt_um_rumcajs__nom_fast_1p32V_m40C.sdf:1849: Could not find intermodpath!
SDF ERROR: runs/single_key_wipe_p80_h0/final/sdf/nom_fast_1p32V_m40C/tt_um_rumcajs__nom_fast_1p32V_m40C.sdf:1850: Could not find intermodpath!
SDF ERROR: runs/single_key_wipe_p80_h0/final/sdf/nom_fast_1p32V_m40C/tt_um_rumcajs__nom_fast_1p32V_m40C.sdf:1851: Could not find intermodpath!
SDF ERROR: runs/single_key_wipe_p80_h0/final/sdf/nom_fast_1p32V_m40C/tt_um_rumcajs__nom_fast_1p32V_m40C.sdf:1852: Could not find intermodpath!
SDF ERROR: runs/single_key_wipe_p80_h0/final/sdf/nom_fast_1p32V_m40C/tt_um_rumcajs__nom_fast_1p32V_m40C.sdf:1853: Could not find intermodpath!
SDF ERROR: runs/single_key_wipe_p80_h0/final/sdf/nom_fast_1p32V_m40C/tt_um_rumcajs__nom_fast_1p32V_m40C.sdf:1854: Could not find intermodpath!
SDF ERROR: runs/single_key_wipe_p80_h0/final/sdf/nom_fast_1p32V_m40C/tt_um_rumcajs__nom_fast_1p32V_m40C.sdf:1855: Could not find intermodpath!
SDF ERROR: runs/single_key_wipe_p80_h0/final/sdf/nom_fast_1p32V_m40C/tt_um_rumcajs__nom_fast_1p32V_Error: Could not find net. Did you run iverilog with '-ginterconnect'?
Error: Could not find net. Did you run iverilog with '-ginterconnect'?
Error: Could not find net. Did you run iverilog with '-ginterconnect'?
Error: Could not find net. Did you run iverilog with '-ginterconnect'?
Error: Could not find net. Did you run iverilog with '-ginterconnect'?
Error: Could not find net. Did you run iverilog with '-ginterconnect'?
Error: Could not find net. Did you run iverilog with '-ginterconnect'?
Error: Could not find net. Did you run iverilog with '-ginterconnect'?
Error: Could not find net. Did you run iverilog with '-ginterconnect'?
Error: Could not find net. Did you run iverilog with '-ginterconnect'?
Error: Could not find net. Did you run iverilog with '-ginterconnect'?
Error: Could not find net. Did you run iverilog with '-ginterconnect'?
Error: Could not find net. Did you run iverilog with '-ginterconnect'?
Error: Could not find net. Did you run iverilog with '-ginterconnect'?
Error: Could not find net. Did you run iverilog with '-ginterconnect'?
Error: Could not find net. Did you run iverilog with '-ginterconnect'?
Error: Could not find net. Did you run iverilog with '-ginterconnect'?
Error: Could not find net. Did you run iverilog with '-ginterconnect'?
Error: Could not find net. Did you run iverilog with '-ginterconnect'?
Error: Could not find net. Did you run iverilog with '-ginterconnect'?
Error: Could not find net. Did you run iverilog with '-ginterconnect'?
Error: Could not find net. Did you run iverilog with '-ginterconnect'?
Error: Could not find net. Did you run iverilog with '-ginterconnect'?
Error: Could not find net. Did you run iverilog with '-ginterconnect'?
Error: Could not find net. Did you run iverilog with '-ginterconnect'?
Error: Could not find net. Did you run iverilog with '-ginterconnect'?
Error: Could not find net. Did you run iverilog with '-ginterconnect'?
Error: Could not find net. Did you run iverilog with '-ginterconnect'?
Error: Could not find net. Did you run iverilog with '-ginterconnect'?
m40C.sdf:1856: Could not find intermodpath!
SDF ERROR: runs/single_key_wipe_p80_h0/final/sdf/nom_fast_1p32V_m40C/tt_um_rumcajs__nom_fast_1p32V_m40C.sdf:1857: Could not find intermodpath!
SDF ERROR: runs/single_key_wipe_p80_h0/final/sdf/nom_fast_1p32V_m40C/tt_um_rumcajs__nom_fast_1p32V_m40C.sdf:1858: Could not find intermodpath!
SDF ERROR: runs/single_key_wipe_p80_h0/final/sdf/nom_fast_1p32V_m40C/tt_um_rumcajs__nom_fast_1p32V_m40C.sdf:1859: Could not find intermodpath!
SDF ERROR: runs/single_key_wipe_p80_h0/final/sdf/nom_fast_1p32V_m40C/tt_um_rumcajs__nom_fast_1p32V_m40C.sdf:1860: Could not find intermodpath!
SDF ERROR: runs/single_key_wipe_p80_h0/final/sdf/nom_fast_1p32V_m40C/tt_um_rumcajs__nom_fast_1p32V_m40C.sdf:1861: Could not find intermodpath!
SDF ERROR: runs/single_key_wipe_p80_h0/final/sdf/nom_fast_1p32V_m40C/tt_um_rumcajs__nom_fast_1p32V_m40C.sdf:1862: Could not find intermodpath!
SDF ERROR: runs/single_key_wipe_p80_h0/final/sdf/nom_fast_1p32V_m40C/tt_um_rumcajs__nom_fast_1p32V_m40C.sdf:1863: Could not find intermodpath!
SDF ERROR: runs/single_key_wipe_p80_h0/final/sdf/nom_fast_1p32V_m40C/tt_um_rumcajs__nom_fast_1p32V_m40C.sdf:1864: Could not find intermodpath!
SDF ERROR: runs/single_key_wipe_p80_h0/final/sdf/nom_fast_1p32V_m40C/tt_um_rumcajs__nom_fast_1p32V_m40C.sdf:1865: Could not find intermodpath!
SDF ERROR: runs/single_key_wipe_p80_h0/final/sdf/nom_fast_1p32V_m40C/tt_um_rumcajs__nom_fast_1p32V_m40C.sdf:1866: Could not find intermodpath!
SDF ERROR: runs/single_key_wipe_p80_h0/final/sdf/nom_fast_1p32V_m40C/tt_um_rumcajs__nom_fast_1p32V_m40C.sdf:1867: Could not find intermodpath!
SDF ERROR: runs/single_key_wipe_p80_h0/final/sdf/nom_fast_1p32V_m40C/tt_um_rumcajs__nom_fast_1p32V_m40C.sdf:1868: Could not find intermodpath!
SDF ERROR: runs/single_key_wipe_p80_h0/final/sdf/nom_fast_1p32V_m40C/tt_um_rumcajs__nom_fast_1p32V_m40C.sdf:1869: Could not find intermodpath!
SDF ERROR: runs/single_key_wipe_p80_h0/final/sdf/nom_fast_1p32V_m40C/tt_um_rumcajs__nom_fast_1p32V_m40C.sdf:1870: Could not find intermodpath!
SDF ERROR: runs/single_key_wipe_p80_h0/final/sdf/nom_fast_1p32V_m40C/tt_um_rumcajs__nom_fast_1p32V_m40C.sdf:1871: Could not find intermodpath!
SDF ERROR: runs/single_key_wipe_p80_h0/final/sdf/nom_fast_1p32V_m40C/tt_um_rumcajs__nom_fast_1p32V_m40C.sdf:1872: Could not find intermodpath!
SDF ERROR: runs/single_key_wipe_p80_h0/final/sdf/nom_fast_1p32V_m40C/tt_um_rumcajs__nom_fast_1p32V_m40C.sdf:1873: Could not find intermodpath!
SDF ERROR: runs/single_key_wipe_p80_h0/final/sdf/nom_fast_1p32V_m40C/tt_um_rumcajs__nom_fast_1p32V_m40C.sdf:1874: Could not find intermodpath!
SDF ERROR: runs/single_key_wipe_p80_h0/final/sdf/nom_fast_1p32V_m40C/tt_um_rumcajs__nom_fast_1p32V_m40C.sdf:1875: Could not find intermodpath!
SDF ERROR: runs/single_key_wipe_p80_h0/final/sdf/nom_fast_1p32V_m40C/tt_um_rumcajs__nom_fast_1p32V_m40C.sdf:1876: Could not find intermodpath!
SDF ERROR: runs/single_key_wipe_p80_h0/final/sdf/nom_fast_1p32V_m40C/tt_um_rumcajs__nom_fast_1p32V_m40C.sdf:1877: Could not find intermodpath!
SDF ERROR: runs/single_key_wipe_p80_h0/final/sdf/nom_fast_1p32V_m40C/tt_um_rumcajs__nom_fast_1p32V_m40C.sdf:1878: Could not find intermodpath!
SDF ERROR: runs/single_key_wipe_p80_h0/final/sdf/nom_fast_1p32V_m40C/tt_um_rumcajs__nom_fast_1p32V_m40C.sdf:1879: Could not find intermodpath!
SDF ERROR: runs/single_key_wipe_p80_h0/final/sdf/nom_fast_1p32V_m40C/tt_um_rumcajs__nom_fast_1p32V_m40C.sdf:1880: Could not find intermodpath!
SDF ERROR: runs/single_key_wipe_p80_h0/final/sdf/nom_fast_1p32V_m40C/tt_um_rumcajs__nom_fast_1p32V_m40C.sdf:1881: Could not find intermodpath!
SDF ERROR: runs/single_key_wipe_p80_h0/final/sdf/nom_fast_1p32V_m40C/tt_um_rumcajs__nom_fast_1p32V_m40C.sdf:1882: Could not find intermodpath!
SDF ERROR: runs/single_key_wipe_p80_h0/final/sdf/nom_fast_1p32V_m40C/tt_um_rumcajs__nom_fast_1p32V_m40C.sdf:1883: Could not find intermodpath!
SDF ERROR: runs/single_key_wipe_p80_h0/final/sdf/nom_fast_1p32V_m40C/tt_um_rumcajs__nom_fast_1p32V_m40C.sdf:1884: Could not find intermodpath!
SDF ERROR: runs/single_key_wipe_p80_h0/final/sdfError: Could not find net. Did you run iverilog with '-ginterconnect'?
Error: Could not find net. Did you run iverilog with '-ginterconnect'?
Error: Could not find net. Did you run iverilog with '-ginterconnect'?
Error: Could not find net. Did you run iverilog with '-ginterconnect'?
Error: Could not find net. Did you run iverilog with '-ginterconnect'?
Error: Could not find net. Did you run iverilog with '-ginterconnect'?
Error: Could not find net. Did you run iverilog with '-ginterconnect'?
Error: Could not find net. Did you run iverilog with '-ginterconnect'?
Error: Could not find net. Did you run iverilog with '-ginterconnect'?
Error: Could not find net. Did you run iverilog with '-ginterconnect'?
Error: Could not find net. Did you run iverilog with '-ginterconnect'?
Error: Could not find net. Did you run iverilog with '-ginterconnect'?
Error: Could not find net. Did you run iverilog with '-ginterconnect'?
Error: Could not find net. Did you run iverilog with '-ginterconnect'?
Error: Could not find net. Did you run iverilog with '-ginterconnect'?
Error: Could not find net. Did you run iverilog with '-ginterconnect'?
Error: Could not find net. Did you run iverilog with '-ginterconnect'?
Error: Could not find net. Did you run iverilog with '-ginterconnect'?
Error: Could not find net. Did you run iverilog with '-ginterconnect'?
Error: Could not find net. Did you run iverilog with '-ginterconnect'?
Error: Could not find net. Did you run iverilog with '-ginterconnect'?
Error: Could not find net. Did you run iverilog with '-ginterconnect'?
Error: Could not find net. Did you run iverilog with '-ginterconnect'?
Error: Could not find net. Did you run iverilog with '-ginterconnect'?
Error: Could not find net. Did you run iverilog with '-ginterconnect'?
Error: Could not find net. Did you run iverilog with '-ginterconnect'?
Error: Could not find net. Did you run iverilog with '-ginterconnect'?
Error: Could not find net. Did you run iverilog with '-ginterconnect'?
/nom_fast_1p32V_m40C/tt_um_rumcajs__nom_fast_1p32V_m40C.sdf:1885: Could not find intermodpath!
SDF ERROR: runs/single_key_wipe_p80_h0/final/sdf/nom_fast_1p32V_m40C/tt_um_rumcajs__nom_fast_1p32V_m40C.sdf:1886: Could not find intermodpath!
SDF ERROR: runs/single_key_wipe_p80_h0/final/sdf/nom_fast_1p32V_m40C/tt_um_rumcajs__nom_fast_1p32V_m40C.sdf:1887: Could not find intermodpath!
SDF ERROR: runs/single_key_wipe_p80_h0/final/sdf/nom_fast_1p32V_m40C/tt_um_rumcajs__nom_fast_1p32V_m40C.sdf:1888: Could not find intermodpath!
SDF ERROR: runs/single_key_wipe_p80_h0/final/sdf/nom_fast_1p32V_m40C/tt_um_rumcajs__nom_fast_1p32V_m40C.sdf:1889: Could not find intermodpath!
SDF ERROR: runs/single_key_wipe_p80_h0/final/sdf/nom_fast_1p32V_m40C/tt_um_rumcajs__nom_fast_1p32V_m40C.sdf:1890: Could not find intermodpath!
SDF ERROR: runs/single_key_wipe_p80_h0/final/sdf/nom_fast_1p32V_m40C/tt_um_rumcajs__nom_fast_1p32V_m40C.sdf:1891: Could not find intermodpath!
SDF ERROR: runs/single_key_wipe_p80_h0/final/sdf/nom_fast_1p32V_m40C/tt_um_rumcajs__nom_fast_1p32V_m40C.sdf:1892: Could not find intermodpath!
SDF ERROR: runs/single_key_wipe_p80_h0/final/sdf/nom_fast_1p32V_m40C/tt_um_rumcajs__nom_fast_1p32V_m40C.sdf:1893: Could not find intermodpath!
SDF ERROR: runs/single_key_wipe_p80_h0/final/sdf/nom_fast_1p32V_m40C/tt_um_rumcajs__nom_fast_1p32V_m40C.sdf:1894: Could not find intermodpath!
SDF ERROR: runs/single_key_wipe_p80_h0/final/sdf/nom_fast_1p32V_m40C/tt_um_rumcajs__nom_fast_1p32V_m40C.sdf:1895: Could not find intermodpath!
SDF ERROR: runs/single_key_wipe_p80_h0/final/sdf/nom_fast_1p32V_m40C/tt_um_rumcajs__nom_fast_1p32V_m40C.sdf:1896: Could not find intermodpath!
SDF ERROR: runs/single_key_wipe_p80_h0/final/sdf/nom_fast_1p32V_m40C/tt_um_rumcajs__nom_fast_1p32V_m40C.sdf:1897: Could not find intermodpath!
SDF ERROR: runs/single_key_wipe_p80_h0/final/sdf/nom_fast_1p32V_m40C/tt_um_rumcajs__nom_fast_1p32V_m40C.sdf:1898: Could not find intermodpath!
SDF ERROR: runs/single_key_wipe_p80_h0/final/sdf/nom_fast_1p32V_m40C/tt_um_rumcajs__nom_fast_1p32V_m40C.sdf:1899: Could not find intermodpath!
SDF ERROR: runs/single_key_wipe_p80_h0/final/sdf/nom_fast_1p32V_m40C/tt_um_rumcajs__nom_fast_1p32V_m40C.sdf:1900: Could not find intermodpath!
SDF ERROR: runs/single_key_wipe_p80_h0/final/sdf/nom_fast_1p32V_m40C/tt_um_rumcajs__nom_fast_1p32V_m40C.sdf:1901: Could not find intermodpath!
SDF ERROR: runs/single_key_wipe_p80_h0/final/sdf/nom_fast_1p32V_m40C/tt_um_rumcajs__nom_fast_1p32V_m40C.sdf:1902: Could not find intermodpath!
SDF ERROR: runs/single_key_wipe_p80_h0/final/sdf/nom_fast_1p32V_m40C/tt_um_rumcajs__nom_fast_1p32V_m40C.sdf:1903: Could not find intermodpath!
SDF ERROR: runs/single_key_wipe_p80_h0/final/sdf/nom_fast_1p32V_m40C/tt_um_rumcajs__nom_fast_1p32V_m40C.sdf:1904: Could not find intermodpath!
SDF ERROR: runs/single_key_wipe_p80_h0/final/sdf/nom_fast_1p32V_m40C/tt_um_rumcajs__nom_fast_1p32V_m40C.sdf:1905: Could not find intermodpath!
SDF ERROR: runs/single_key_wipe_p80_h0/final/sdf/nom_fast_1p32V_m40C/tt_um_rumcajs__nom_fast_1p32V_m40C.sdf:1906: Could not find intermodpath!
SDF ERROR: runs/single_key_wipe_p80_h0/final/sdf/nom_fast_1p32V_m40C/tt_um_rumcajs__nom_fast_1p32V_m40C.sdf:1907: Could not find intermodpath!
SDF ERROR: runs/single_key_wipe_p80_h0/final/sdf/nom_fast_1p32V_m40C/tt_um_rumcajs__nom_fast_1p32V_m40C.sdf:1908: Could not find intermodpath!
SDF ERROR: runs/single_key_wipe_p80_h0/final/sdf/nom_fast_1p32V_m40C/tt_um_rumcajs__nom_fast_1p32V_m40C.sdf:1909: Could not find intermodpath!
SDF ERROR: runs/single_key_wipe_p80_h0/final/sdf/nom_fast_1p32V_m40C/tt_um_rumcajs__nom_fast_1p32V_m40C.sdf:1910: Could not find intermodpath!
SDF ERROR: runs/single_key_wipe_p80_h0/final/sdf/nom_fast_1p32V_m40C/tt_um_rumcajs__nom_fast_1p32V_m40C.sdf:1911: Could not find intermodpath!
SDF ERROR: runs/single_key_wipe_p80_h0/final/sdf/nom_fast_1p32V_m40C/tt_um_rumcajs__nom_fast_1p32V_m40C.sdf:1912: Could not find intermodpath!
SDF ERROR: runs/single_key_wipe_p80_h0/final/sdf/nom_fast_1p32V_m40C/tt_um_rumcajs__nom_fast_1p32V_m40C.sdf:1913: Could not find intermodpatError: Could not find net. Did you run iverilog with '-ginterconnect'?
Error: Could not find net. Did you run iverilog with '-ginterconnect'?
Error: Could not find net. Did you run iverilog with '-ginterconnect'?
Error: Could not find net. Did you run iverilog with '-ginterconnect'?
Error: Could not find net. Did you run iverilog with '-ginterconnect'?
Error: Could not find net. Did you run iverilog with '-ginterconnect'?
Error: Could not find net. Did you run iverilog with '-ginterconnect'?
Error: Could not find net. Did you run iverilog with '-ginterconnect'?
Error: Could not find net. Did you run iverilog with '-ginterconnect'?
Error: Could not find net. Did you run iverilog with '-ginterconnect'?
Error: Could not find net. Did you run iverilog with '-ginterconnect'?
Error: Could not find net. Did you run iverilog with '-ginterconnect'?
Error: Could not find net. Did you run iverilog with '-ginterconnect'?
Error: Could not find net. Did you run iverilog with '-ginterconnect'?
Error: Could not find net. Did you run iverilog with '-ginterconnect'?
Error: Could not find net. Did you run iverilog with '-ginterconnect'?
Error: Could not find net. Did you run iverilog with '-ginterconnect'?
Error: Could not find net. Did you run iverilog with '-ginterconnect'?
Error: Could not find net. Did you run iverilog with '-ginterconnect'?
Error: Could not find net. Did you run iverilog with '-ginterconnect'?
Error: Could not find net. Did you run iverilog with '-ginterconnect'?
Error: Could not find net. Did you run iverilog with '-ginterconnect'?
Error: Could not find net. Did you run iverilog with '-ginterconnect'?
Error: Could not find net. Did you run iverilog with '-ginterconnect'?
Error: Could not find net. Did you run iverilog with '-ginterconnect'?
Error: Could not find net. Did you run iverilog with '-ginterconnect'?
Error: Could not find net. Did you run iverilog with '-ginterconnect'?
Error: Could not find net. Did you run iverilog with '-ginterconnect'?
Error: Could not find net. Did you run iverilog with '-ginterconnect'?
h!
SDF ERROR: runs/single_key_wipe_p80_h0/final/sdf/nom_fast_1p32V_m40C/tt_um_rumcajs__nom_fast_1p32V_m40C.sdf:1914: Could not find intermodpath!
SDF ERROR: runs/single_key_wipe_p80_h0/final/sdf/nom_fast_1p32V_m40C/tt_um_rumcajs__nom_fast_1p32V_m40C.sdf:1915: Could not find intermodpath!
SDF ERROR: runs/single_key_wipe_p80_h0/final/sdf/nom_fast_1p32V_m40C/tt_um_rumcajs__nom_fast_1p32V_m40C.sdf:1916: Could not find intermodpath!
SDF ERROR: runs/single_key_wipe_p80_h0/final/sdf/nom_fast_1p32V_m40C/tt_um_rumcajs__nom_fast_1p32V_m40C.sdf:1917: Could not find intermodpath!
SDF ERROR: runs/single_key_wipe_p80_h0/final/sdf/nom_fast_1p32V_m40C/tt_um_rumcajs__nom_fast_1p32V_m40C.sdf:1918: Could not find intermodpath!
SDF ERROR: runs/single_key_wipe_p80_h0/final/sdf/nom_fast_1p32V_m40C/tt_um_rumcajs__nom_fast_1p32V_m40C.sdf:1919: Could not find intermodpath!
SDF ERROR: runs/single_key_wipe_p80_h0/final/sdf/nom_fast_1p32V_m40C/tt_um_rumcajs__nom_fast_1p32V_m40C.sdf:1920: Could not find intermodpath!
SDF ERROR: runs/single_key_wipe_p80_h0/final/sdf/nom_fast_1p32V_m40C/tt_um_rumcajs__nom_fast_1p32V_m40C.sdf:1921: Could not find intermodpath!
SDF ERROR: runs/single_key_wipe_p80_h0/final/sdf/nom_fast_1p32V_m40C/tt_um_rumcajs__nom_fast_1p32V_m40C.sdf:1922: Could not find intermodpath!
SDF ERROR: runs/single_key_wipe_p80_h0/final/sdf/nom_fast_1p32V_m40C/tt_um_rumcajs__nom_fast_1p32V_m40C.sdf:1923: Could not find intermodpath!
SDF ERROR: runs/single_key_wipe_p80_h0/final/sdf/nom_fast_1p32V_m40C/tt_um_rumcajs__nom_fast_1p32V_m40C.sdf:1924: Could not find intermodpath!
SDF ERROR: runs/single_key_wipe_p80_h0/final/sdf/nom_fast_1p32V_m40C/tt_um_rumcajs__nom_fast_1p32V_m40C.sdf:1925: Could not find intermodpath!
SDF ERROR: runs/single_key_wipe_p80_h0/final/sdf/nom_fast_1p32V_m40C/tt_um_rumcajs__nom_fast_1p32V_m40C.sdf:1926: Could not find intermodpath!
SDF ERROR: runs/single_key_wipe_p80_h0/final/sdf/nom_fast_1p32V_m40C/tt_um_rumcajs__nom_fast_1p32V_m40C.sdf:1927: Could not find intermodpath!
SDF ERROR: runs/single_key_wipe_p80_h0/final/sdf/nom_fast_1p32V_m40C/tt_um_rumcajs__nom_fast_1p32V_m40C.sdf:1928: Could not find intermodpath!
SDF ERROR: runs/single_key_wipe_p80_h0/final/sdf/nom_fast_1p32V_m40C/tt_um_rumcajs__nom_fast_1p32V_m40C.sdf:1929: Could not find intermodpath!
SDF ERROR: runs/single_key_wipe_p80_h0/final/sdf/nom_fast_1p32V_m40C/tt_um_rumcajs__nom_fast_1p32V_m40C.sdf:1930: Could not find intermodpath!
SDF ERROR: runs/single_key_wipe_p80_h0/final/sdf/nom_fast_1p32V_m40C/tt_um_rumcajs__nom_fast_1p32V_m40C.sdf:1931: Could not find intermodpath!
SDF ERROR: runs/single_key_wipe_p80_h0/final/sdf/nom_fast_1p32V_m40C/tt_um_rumcajs__nom_fast_1p32V_m40C.sdf:1932: Could not find intermodpath!
SDF ERROR: runs/single_key_wipe_p80_h0/final/sdf/nom_fast_1p32V_m40C/tt_um_rumcajs__nom_fast_1p32V_m40C.sdf:1933: Could not find intermodpath!
SDF ERROR: runs/single_key_wipe_p80_h0/final/sdf/nom_fast_1p32V_m40C/tt_um_rumcajs__nom_fast_1p32V_m40C.sdf:1934: Could not find intermodpath!
SDF ERROR: runs/single_key_wipe_p80_h0/final/sdf/nom_fast_1p32V_m40C/tt_um_rumcajs__nom_fast_1p32V_m40C.sdf:1935: Could not find intermodpath!
SDF ERROR: runs/single_key_wipe_p80_h0/final/sdf/nom_fast_1p32V_m40C/tt_um_rumcajs__nom_fast_1p32V_m40C.sdf:1936: Could not find intermodpath!
SDF ERROR: runs/single_key_wipe_p80_h0/final/sdf/nom_fast_1p32V_m40C/tt_um_rumcajs__nom_fast_1p32V_m40C.sdf:1937: Could not find intermodpath!
SDF ERROR: runs/single_key_wipe_p80_h0/final/sdf/nom_fast_1p32V_m40C/tt_um_rumcajs__nom_fast_1p32V_m40C.sdf:1938: Could not find intermodpath!
SDF ERROR: runs/single_key_wipe_p80_h0/final/sdf/nom_fast_1p32V_m40C/tt_um_rumcajs__nom_fast_1p32V_m40C.sdf:1939: Could not find intermodpath!
SDF ERROR: runs/single_key_wipe_p80_h0/final/sdf/nom_fast_1p32V_m40C/tt_um_rumcajs__nom_fast_1p32V_m40C.sdf:1940: Could not find intermodpath!
SDF ERROR: runs/single_key_wipe_p80_h0/final/sdf/nom_fast_1p32V_m40C/tt_um_rumcajs__nom_fast_1p32V_m40C.sdf:1941: Could not find intermodpath!
SDF ERROR: runs/single_key_wipe_p80_h0/final/sdf/nom_fast_1p32V_m40C/tt_um_rumcajs__nom_fError: Could not find net. Did you run iverilog with '-ginterconnect'?
Error: Could not find net. Did you run iverilog with '-ginterconnect'?
Error: Could not find net. Did you run iverilog with '-ginterconnect'?
Error: Could not find net. Did you run iverilog with '-ginterconnect'?
Error: Could not find net. Did you run iverilog with '-ginterconnect'?
Error: Could not find net. Did you run iverilog with '-ginterconnect'?
Error: Could not find net. Did you run iverilog with '-ginterconnect'?
Error: Could not find net. Did you run iverilog with '-ginterconnect'?
Error: Could not find net. Did you run iverilog with '-ginterconnect'?
Error: Could not find net. Did you run iverilog with '-ginterconnect'?
Error: Could not find net. Did you run iverilog with '-ginterconnect'?
Error: Could not find net. Did you run iverilog with '-ginterconnect'?
Error: Could not find net. Did you run iverilog with '-ginterconnect'?
Error: Could not find net. Did you run iverilog with '-ginterconnect'?
Error: Could not find net. Did you run iverilog with '-ginterconnect'?
Error: Could not find net. Did you run iverilog with '-ginterconnect'?
Error: Could not find net. Did you run iverilog with '-ginterconnect'?
Error: Could not find net. Did you run iverilog with '-ginterconnect'?
Error: Could not find net. Did you run iverilog with '-ginterconnect'?
Error: Could not find net. Did you run iverilog with '-ginterconnect'?
Error: Could not find net. Did you run iverilog with '-ginterconnect'?
Error: Could not find net. Did you run iverilog with '-ginterconnect'?
Error: Could not find net. Did you run iverilog with '-ginterconnect'?
Error: Could not find net. Did you run iverilog with '-ginterconnect'?
Error: Could not find net. Did you run iverilog with '-ginterconnect'?
Error: Could not find net. Did you run iverilog with '-ginterconnect'?
Error: Could not find net. Did you run iverilog with '-ginterconnect'?
Error: Could not find net. Did you run iverilog with '-ginterconnect'?
Error: Could not find net. Did you run iverilog with '-ginterconnect'?
ast_1p32V_m40C.sdf:1942: Could not find intermodpath!
SDF ERROR: runs/single_key_wipe_p80_h0/final/sdf/nom_fast_1p32V_m40C/tt_um_rumcajs__nom_fast_1p32V_m40C.sdf:1943: Could not find intermodpath!
SDF ERROR: runs/single_key_wipe_p80_h0/final/sdf/nom_fast_1p32V_m40C/tt_um_rumcajs__nom_fast_1p32V_m40C.sdf:1944: Could not find intermodpath!
SDF ERROR: runs/single_key_wipe_p80_h0/final/sdf/nom_fast_1p32V_m40C/tt_um_rumcajs__nom_fast_1p32V_m40C.sdf:1945: Could not find intermodpath!
SDF ERROR: runs/single_key_wipe_p80_h0/final/sdf/nom_fast_1p32V_m40C/tt_um_rumcajs__nom_fast_1p32V_m40C.sdf:1946: Could not find intermodpath!
SDF ERROR: runs/single_key_wipe_p80_h0/final/sdf/nom_fast_1p32V_m40C/tt_um_rumcajs__nom_fast_1p32V_m40C.sdf:1947: Could not find intermodpath!
SDF ERROR: runs/single_key_wipe_p80_h0/final/sdf/nom_fast_1p32V_m40C/tt_um_rumcajs__nom_fast_1p32V_m40C.sdf:1948: Could not find intermodpath!
SDF ERROR: runs/single_key_wipe_p80_h0/final/sdf/nom_fast_1p32V_m40C/tt_um_rumcajs__nom_fast_1p32V_m40C.sdf:1949: Could not find intermodpath!
SDF ERROR: runs/single_key_wipe_p80_h0/final/sdf/nom_fast_1p32V_m40C/tt_um_rumcajs__nom_fast_1p32V_m40C.sdf:1950: Could not find intermodpath!
SDF ERROR: runs/single_key_wipe_p80_h0/final/sdf/nom_fast_1p32V_m40C/tt_um_rumcajs__nom_fast_1p32V_m40C.sdf:1951: Could not find intermodpath!
SDF ERROR: runs/single_key_wipe_p80_h0/final/sdf/nom_fast_1p32V_m40C/tt_um_rumcajs__nom_fast_1p32V_m40C.sdf:1952: Could not find intermodpath!
SDF ERROR: runs/single_key_wipe_p80_h0/final/sdf/nom_fast_1p32V_m40C/tt_um_rumcajs__nom_fast_1p32V_m40C.sdf:1953: Could not find intermodpath!
SDF ERROR: runs/single_key_wipe_p80_h0/final/sdf/nom_fast_1p32V_m40C/tt_um_rumcajs__nom_fast_1p32V_m40C.sdf:1954: Could not find intermodpath!
SDF ERROR: runs/single_key_wipe_p80_h0/final/sdf/nom_fast_1p32V_m40C/tt_um_rumcajs__nom_fast_1p32V_m40C.sdf:1955: Could not find intermodpath!
SDF ERROR: runs/single_key_wipe_p80_h0/final/sdf/nom_fast_1p32V_m40C/tt_um_rumcajs__nom_fast_1p32V_m40C.sdf:1956: Could not find intermodpath!
SDF ERROR: runs/single_key_wipe_p80_h0/final/sdf/nom_fast_1p32V_m40C/tt_um_rumcajs__nom_fast_1p32V_m40C.sdf:1957: Could not find intermodpath!
SDF ERROR: runs/single_key_wipe_p80_h0/final/sdf/nom_fast_1p32V_m40C/tt_um_rumcajs__nom_fast_1p32V_m40C.sdf:1958: Could not find intermodpath!
SDF ERROR: runs/single_key_wipe_p80_h0/final/sdf/nom_fast_1p32V_m40C/tt_um_rumcajs__nom_fast_1p32V_m40C.sdf:1959: Could not find intermodpath!
SDF ERROR: runs/single_key_wipe_p80_h0/final/sdf/nom_fast_1p32V_m40C/tt_um_rumcajs__nom_fast_1p32V_m40C.sdf:1960: Could not find intermodpath!
SDF ERROR: runs/single_key_wipe_p80_h0/final/sdf/nom_fast_1p32V_m40C/tt_um_rumcajs__nom_fast_1p32V_m40C.sdf:1961: Could not find intermodpath!
SDF ERROR: runs/single_key_wipe_p80_h0/final/sdf/nom_fast_1p32V_m40C/tt_um_rumcajs__nom_fast_1p32V_m40C.sdf:1962: Could not find intermodpath!
SDF ERROR: runs/single_key_wipe_p80_h0/final/sdf/nom_fast_1p32V_m40C/tt_um_rumcajs__nom_fast_1p32V_m40C.sdf:1963: Could not find intermodpath!
SDF ERROR: runs/single_key_wipe_p80_h0/final/sdf/nom_fast_1p32V_m40C/tt_um_rumcajs__nom_fast_1p32V_m40C.sdf:1964: Could not find intermodpath!
SDF ERROR: runs/single_key_wipe_p80_h0/final/sdf/nom_fast_1p32V_m40C/tt_um_rumcajs__nom_fast_1p32V_m40C.sdf:1965: Could not find intermodpath!
SDF ERROR: runs/single_key_wipe_p80_h0/final/sdf/nom_fast_1p32V_m40C/tt_um_rumcajs__nom_fast_1p32V_m40C.sdf:1966: Could not find intermodpath!
SDF ERROR: runs/single_key_wipe_p80_h0/final/sdf/nom_fast_1p32V_m40C/tt_um_rumcajs__nom_fast_1p32V_m40C.sdf:1967: Could not find intermodpath!
SDF ERROR: runs/single_key_wipe_p80_h0/final/sdf/nom_fast_1p32V_m40C/tt_um_rumcajs__nom_fast_1p32V_m40C.sdf:1968: Could not find intermodpath!
SDF ERROR: runs/single_key_wipe_p80_h0/final/sdf/nom_fast_1p32V_m40C/tt_um_rumcajs__nom_fast_1p32V_m40C.sdf:1969: Could not find intermodpath!
SDF ERROR: runs/single_key_wipe_p80_h0/final/sdf/nom_fast_1p32V_m40C/tt_um_rumcajs__nom_fast_1p32V_m40C.sdf:1970: Could not find intermodpath!
SDF ERROR: runs/single_key_wipe_p80_h0Error: Could not find net. Did you run iverilog with '-ginterconnect'?
Error: Could not find net. Did you run iverilog with '-ginterconnect'?
Error: Could not find net. Did you run iverilog with '-ginterconnect'?
Error: Could not find net. Did you run iverilog with '-ginterconnect'?
Error: Could not find net. Did you run iverilog with '-ginterconnect'?
Error: Could not find net. Did you run iverilog with '-ginterconnect'?
Error: Could not find net. Did you run iverilog with '-ginterconnect'?
Error: Could not find net. Did you run iverilog with '-ginterconnect'?
Error: Could not find net. Did you run iverilog with '-ginterconnect'?
Error: Could not find net. Did you run iverilog with '-ginterconnect'?
Error: Could not find net. Did you run iverilog with '-ginterconnect'?
Error: Could not find net. Did you run iverilog with '-ginterconnect'?
Error: Could not find net. Did you run iverilog with '-ginterconnect'?
Error: Could not find net. Did you run iverilog with '-ginterconnect'?
Error: Could not find net. Did you run iverilog with '-ginterconnect'?
Error: Could not find net. Did you run iverilog with '-ginterconnect'?
Error: Could not find net. Did you run iverilog with '-ginterconnect'?
Error: Could not find net. Did you run iverilog with '-ginterconnect'?
Error: Could not find net. Did you run iverilog with '-ginterconnect'?
Error: Could not find net. Did you run iverilog with '-ginterconnect'?
Error: Could not find net. Did you run iverilog with '-ginterconnect'?
Error: Could not find net. Did you run iverilog with '-ginterconnect'?
Error: Could not find net. Did you run iverilog with '-ginterconnect'?
Error: Could not find net. Did you run iverilog with '-ginterconnect'?
Error: Could not find net. Did you run iverilog with '-ginterconnect'?
Error: Could not find net. Did you run iverilog with '-ginterconnect'?
Error: Could not find net. Did you run iverilog with '-ginterconnect'?
Error: Could not find net. Did you run iverilog with '-ginterconnect'?
/final/sdf/nom_fast_1p32V_m40C/tt_um_rumcajs__nom_fast_1p32V_m40C.sdf:1971: Could not find intermodpath!
SDF ERROR: runs/single_key_wipe_p80_h0/final/sdf/nom_fast_1p32V_m40C/tt_um_rumcajs__nom_fast_1p32V_m40C.sdf:1972: Could not find intermodpath!
SDF ERROR: runs/single_key_wipe_p80_h0/final/sdf/nom_fast_1p32V_m40C/tt_um_rumcajs__nom_fast_1p32V_m40C.sdf:1973: Could not find intermodpath!
SDF ERROR: runs/single_key_wipe_p80_h0/final/sdf/nom_fast_1p32V_m40C/tt_um_rumcajs__nom_fast_1p32V_m40C.sdf:1974: Could not find intermodpath!
SDF ERROR: runs/single_key_wipe_p80_h0/final/sdf/nom_fast_1p32V_m40C/tt_um_rumcajs__nom_fast_1p32V_m40C.sdf:1975: Could not find intermodpath!
SDF ERROR: runs/single_key_wipe_p80_h0/final/sdf/nom_fast_1p32V_m40C/tt_um_rumcajs__nom_fast_1p32V_m40C.sdf:1976: Could not find intermodpath!
SDF ERROR: runs/single_key_wipe_p80_h0/final/sdf/nom_fast_1p32V_m40C/tt_um_rumcajs__nom_fast_1p32V_m40C.sdf:1977: Could not find intermodpath!
SDF ERROR: runs/single_key_wipe_p80_h0/final/sdf/nom_fast_1p32V_m40C/tt_um_rumcajs__nom_fast_1p32V_m40C.sdf:1978: Could not find intermodpath!
SDF ERROR: runs/single_key_wipe_p80_h0/final/sdf/nom_fast_1p32V_m40C/tt_um_rumcajs__nom_fast_1p32V_m40C.sdf:1979: Could not find intermodpath!
SDF ERROR: runs/single_key_wipe_p80_h0/final/sdf/nom_fast_1p32V_m40C/tt_um_rumcajs__nom_fast_1p32V_m40C.sdf:1980: Could not find intermodpath!
SDF ERROR: runs/single_key_wipe_p80_h0/final/sdf/nom_fast_1p32V_m40C/tt_um_rumcajs__nom_fast_1p32V_m40C.sdf:1981: Could not find intermodpath!
SDF ERROR: runs/single_key_wipe_p80_h0/final/sdf/nom_fast_1p32V_m40C/tt_um_rumcajs__nom_fast_1p32V_m40C.sdf:1982: Could not find intermodpath!
SDF ERROR: runs/single_key_wipe_p80_h0/final/sdf/nom_fast_1p32V_m40C/tt_um_rumcajs__nom_fast_1p32V_m40C.sdf:1983: Could not find intermodpath!
SDF ERROR: runs/single_key_wipe_p80_h0/final/sdf/nom_fast_1p32V_m40C/tt_um_rumcajs__nom_fast_1p32V_m40C.sdf:1984: Could not find intermodpath!
SDF ERROR: runs/single_key_wipe_p80_h0/final/sdf/nom_fast_1p32V_m40C/tt_um_rumcajs__nom_fast_1p32V_m40C.sdf:1985: Could not find intermodpath!
SDF ERROR: runs/single_key_wipe_p80_h0/final/sdf/nom_fast_1p32V_m40C/tt_um_rumcajs__nom_fast_1p32V_m40C.sdf:1986: Could not find intermodpath!
SDF ERROR: runs/single_key_wipe_p80_h0/final/sdf/nom_fast_1p32V_m40C/tt_um_rumcajs__nom_fast_1p32V_m40C.sdf:1987: Could not find intermodpath!
SDF ERROR: runs/single_key_wipe_p80_h0/final/sdf/nom_fast_1p32V_m40C/tt_um_rumcajs__nom_fast_1p32V_m40C.sdf:1988: Could not find intermodpath!
SDF ERROR: runs/single_key_wipe_p80_h0/final/sdf/nom_fast_1p32V_m40C/tt_um_rumcajs__nom_fast_1p32V_m40C.sdf:1989: Could not find intermodpath!
SDF ERROR: runs/single_key_wipe_p80_h0/final/sdf/nom_fast_1p32V_m40C/tt_um_rumcajs__nom_fast_1p32V_m40C.sdf:1990: Could not find intermodpath!
SDF ERROR: runs/single_key_wipe_p80_h0/final/sdf/nom_fast_1p32V_m40C/tt_um_rumcajs__nom_fast_1p32V_m40C.sdf:1991: Could not find intermodpath!
SDF ERROR: runs/single_key_wipe_p80_h0/final/sdf/nom_fast_1p32V_m40C/tt_um_rumcajs__nom_fast_1p32V_m40C.sdf:1992: Could not find intermodpath!
SDF ERROR: runs/single_key_wipe_p80_h0/final/sdf/nom_fast_1p32V_m40C/tt_um_rumcajs__nom_fast_1p32V_m40C.sdf:1993: Could not find intermodpath!
SDF ERROR: runs/single_key_wipe_p80_h0/final/sdf/nom_fast_1p32V_m40C/tt_um_rumcajs__nom_fast_1p32V_m40C.sdf:1994: Could not find intermodpath!
SDF ERROR: runs/single_key_wipe_p80_h0/final/sdf/nom_fast_1p32V_m40C/tt_um_rumcajs__nom_fast_1p32V_m40C.sdf:1995: Could not find intermodpath!
SDF ERROR: runs/single_key_wipe_p80_h0/final/sdf/nom_fast_1p32V_m40C/tt_um_rumcajs__nom_fast_1p32V_m40C.sdf:1996: Could not find intermodpath!
SDF ERROR: runs/single_key_wipe_p80_h0/final/sdf/nom_fast_1p32V_m40C/tt_um_rumcajs__nom_fast_1p32V_m40C.sdf:1997: Could not find intermodpath!
SDF ERROR: runs/single_key_wipe_p80_h0/final/sdf/nom_fast_1p32V_m40C/tt_um_rumcajs__nom_fast_1p32V_m40C.sdf:1998: Could not find intermodpath!
SDF ERROR: runs/single_key_wipe_p80_h0/final/sdf/nom_fast_1p32V_m40C/tt_um_rumcajs__nom_fast_1p32V_m40C.sdf:1999: Could not find iError: Could not find net. Did you run iverilog with '-ginterconnect'?
Error: Could not find net. Did you run iverilog with '-ginterconnect'?
Error: Could not find net. Did you run iverilog with '-ginterconnect'?
Error: Could not find net. Did you run iverilog with '-ginterconnect'?
Error: Could not find net. Did you run iverilog with '-ginterconnect'?
Error: Could not find net. Did you run iverilog with '-ginterconnect'?
Error: Could not find net. Did you run iverilog with '-ginterconnect'?
Error: Could not find net. Did you run iverilog with '-ginterconnect'?
Error: Could not find net. Did you run iverilog with '-ginterconnect'?
Error: Could not find net. Did you run iverilog with '-ginterconnect'?
Error: Could not find net. Did you run iverilog with '-ginterconnect'?
Error: Could not find net. Did you run iverilog with '-ginterconnect'?
Error: Could not find net. Did you run iverilog with '-ginterconnect'?
Error: Could not find net. Did you run iverilog with '-ginterconnect'?
Error: Could not find net. Did you run iverilog with '-ginterconnect'?
Error: Could not find net. Did you run iverilog with '-ginterconnect'?
Error: Could not find net. Did you run iverilog with '-ginterconnect'?
Error: Could not find net. Did you run iverilog with '-ginterconnect'?
Error: Could not find net. Did you run iverilog with '-ginterconnect'?
Error: Could not find net. Did you run iverilog with '-ginterconnect'?
Error: Could not find net. Did you run iverilog with '-ginterconnect'?
Error: Could not find net. Did you run iverilog with '-ginterconnect'?
Error: Could not find net. Did you run iverilog with '-ginterconnect'?
Error: Could not find net. Did you run iverilog with '-ginterconnect'?
Error: Could not find net. Did you run iverilog with '-ginterconnect'?
Error: Could not find net. Did you run iverilog with '-ginterconnect'?
Error: Could not find net. Did you run iverilog with '-ginterconnect'?
Error: Could not find net. Did you run iverilog with '-ginterconnect'?
Error: Could not find net. Did you run iverilog with '-ginterconnect'?
ntermodpath!
SDF ERROR: runs/single_key_wipe_p80_h0/final/sdf/nom_fast_1p32V_m40C/tt_um_rumcajs__nom_fast_1p32V_m40C.sdf:2000: Could not find intermodpath!
SDF ERROR: runs/single_key_wipe_p80_h0/final/sdf/nom_fast_1p32V_m40C/tt_um_rumcajs__nom_fast_1p32V_m40C.sdf:2001: Could not find intermodpath!
SDF ERROR: runs/single_key_wipe_p80_h0/final/sdf/nom_fast_1p32V_m40C/tt_um_rumcajs__nom_fast_1p32V_m40C.sdf:2002: Could not find intermodpath!
SDF ERROR: runs/single_key_wipe_p80_h0/final/sdf/nom_fast_1p32V_m40C/tt_um_rumcajs__nom_fast_1p32V_m40C.sdf:2003: Could not find intermodpath!
SDF ERROR: runs/single_key_wipe_p80_h0/final/sdf/nom_fast_1p32V_m40C/tt_um_rumcajs__nom_fast_1p32V_m40C.sdf:2004: Could not find intermodpath!
SDF ERROR: runs/single_key_wipe_p80_h0/final/sdf/nom_fast_1p32V_m40C/tt_um_rumcajs__nom_fast_1p32V_m40C.sdf:2005: Could not find intermodpath!
SDF ERROR: runs/single_key_wipe_p80_h0/final/sdf/nom_fast_1p32V_m40C/tt_um_rumcajs__nom_fast_1p32V_m40C.sdf:2006: Could not find intermodpath!
SDF ERROR: runs/single_key_wipe_p80_h0/final/sdf/nom_fast_1p32V_m40C/tt_um_rumcajs__nom_fast_1p32V_m40C.sdf:2007: Could not find intermodpath!
SDF ERROR: runs/single_key_wipe_p80_h0/final/sdf/nom_fast_1p32V_m40C/tt_um_rumcajs__nom_fast_1p32V_m40C.sdf:2008: Could not find intermodpath!
SDF ERROR: runs/single_key_wipe_p80_h0/final/sdf/nom_fast_1p32V_m40C/tt_um_rumcajs__nom_fast_1p32V_m40C.sdf:2009: Could not find intermodpath!
SDF ERROR: runs/single_key_wipe_p80_h0/final/sdf/nom_fast_1p32V_m40C/tt_um_rumcajs__nom_fast_1p32V_m40C.sdf:2010: Could not find intermodpath!
SDF ERROR: runs/single_key_wipe_p80_h0/final/sdf/nom_fast_1p32V_m40C/tt_um_rumcajs__nom_fast_1p32V_m40C.sdf:2011: Could not find intermodpath!
SDF ERROR: runs/single_key_wipe_p80_h0/final/sdf/nom_fast_1p32V_m40C/tt_um_rumcajs__nom_fast_1p32V_m40C.sdf:2012: Could not find intermodpath!
SDF ERROR: runs/single_key_wipe_p80_h0/final/sdf/nom_fast_1p32V_m40C/tt_um_rumcajs__nom_fast_1p32V_m40C.sdf:2013: Could not find intermodpath!
SDF ERROR: runs/single_key_wipe_p80_h0/final/sdf/nom_fast_1p32V_m40C/tt_um_rumcajs__nom_fast_1p32V_m40C.sdf:2014: Could not find intermodpath!
SDF ERROR: runs/single_key_wipe_p80_h0/final/sdf/nom_fast_1p32V_m40C/tt_um_rumcajs__nom_fast_1p32V_m40C.sdf:2015: Could not find intermodpath!
SDF ERROR: runs/single_key_wipe_p80_h0/final/sdf/nom_fast_1p32V_m40C/tt_um_rumcajs__nom_fast_1p32V_m40C.sdf:2016: Could not find intermodpath!
SDF ERROR: runs/single_key_wipe_p80_h0/final/sdf/nom_fast_1p32V_m40C/tt_um_rumcajs__nom_fast_1p32V_m40C.sdf:2017: Could not find intermodpath!
SDF ERROR: runs/single_key_wipe_p80_h0/final/sdf/nom_fast_1p32V_m40C/tt_um_rumcajs__nom_fast_1p32V_m40C.sdf:2018: Could not find intermodpath!
SDF ERROR: runs/single_key_wipe_p80_h0/final/sdf/nom_fast_1p32V_m40C/tt_um_rumcajs__nom_fast_1p32V_m40C.sdf:2019: Could not find intermodpath!
SDF ERROR: runs/single_key_wipe_p80_h0/final/sdf/nom_fast_1p32V_m40C/tt_um_rumcajs__nom_fast_1p32V_m40C.sdf:2020: Could not find intermodpath!
SDF ERROR: runs/single_key_wipe_p80_h0/final/sdf/nom_fast_1p32V_m40C/tt_um_rumcajs__nom_fast_1p32V_m40C.sdf:2021: Could not find intermodpath!
SDF ERROR: runs/single_key_wipe_p80_h0/final/sdf/nom_fast_1p32V_m40C/tt_um_rumcajs__nom_fast_1p32V_m40C.sdf:2022: Could not find intermodpath!
SDF ERROR: runs/single_key_wipe_p80_h0/final/sdf/nom_fast_1p32V_m40C/tt_um_rumcajs__nom_fast_1p32V_m40C.sdf:2023: Could not find intermodpath!
SDF ERROR: runs/single_key_wipe_p80_h0/final/sdf/nom_fast_1p32V_m40C/tt_um_rumcajs__nom_fast_1p32V_m40C.sdf:2024: Could not find intermodpath!
SDF ERROR: runs/single_key_wipe_p80_h0/final/sdf/nom_fast_1p32V_m40C/tt_um_rumcajs__nom_fast_1p32V_m40C.sdf:2025: Could not find intermodpath!
SDF ERROR: runs/single_key_wipe_p80_h0/final/sdf/nom_fast_1p32V_m40C/tt_um_rumcajs__nom_fast_1p32V_m40C.sdf:2026: Could not find intermodpath!
SDF ERROR: runs/single_key_wipe_p80_h0/final/sdf/nom_fast_1p32V_m40C/tt_um_rumcajs__nom_fast_1p32V_m40C.sdf:2027: Could not find intermodpath!
SDF ERROR: runs/single_key_wipe_p80_h0/final/sdf/nom_fast_1p32V_m40C/tt_um_rumcError: Could not find net. Did you run iverilog with '-ginterconnect'?
Error: Could not find net. Did you run iverilog with '-ginterconnect'?
Error: Could not find net. Did you run iverilog with '-ginterconnect'?
Error: Could not find net. Did you run iverilog with '-ginterconnect'?
Error: Could not find net. Did you run iverilog with '-ginterconnect'?
Error: Could not find net. Did you run iverilog with '-ginterconnect'?
Error: Could not find net. Did you run iverilog with '-ginterconnect'?
Error: Could not find net. Did you run iverilog with '-ginterconnect'?
Error: Could not find net. Did you run iverilog with '-ginterconnect'?
Error: Could not find net. Did you run iverilog with '-ginterconnect'?
Error: Could not find net. Did you run iverilog with '-ginterconnect'?
Error: Could not find net. Did you run iverilog with '-ginterconnect'?
Error: Could not find net. Did you run iverilog with '-ginterconnect'?
Error: Could not find net. Did you run iverilog with '-ginterconnect'?
Error: Could not find net. Did you run iverilog with '-ginterconnect'?
Error: Could not find net. Did you run iverilog with '-ginterconnect'?
Error: Could not find net. Did you run iverilog with '-ginterconnect'?
Error: Could not find net. Did you run iverilog with '-ginterconnect'?
Error: Could not find net. Did you run iverilog with '-ginterconnect'?
Error: Could not find net. Did you run iverilog with '-ginterconnect'?
Error: Could not find net. Did you run iverilog with '-ginterconnect'?
Error: Could not find net. Did you run iverilog with '-ginterconnect'?
Error: Could not find net. Did you run iverilog with '-ginterconnect'?
Error: Could not find net. Did you run iverilog with '-ginterconnect'?
Error: Could not find net. Did you run iverilog with '-ginterconnect'?
Error: Could not find net. Did you run iverilog with '-ginterconnect'?
Error: Could not find net. Did you run iverilog with '-ginterconnect'?
Error: Could not find net. Did you run iverilog with '-ginterconnect'?
Error: Could not find net. Did you run iverilog with '-ginterconnect'?
ajs__nom_fast_1p32V_m40C.sdf:2028: Could not find intermodpath!
SDF ERROR: runs/single_key_wipe_p80_h0/final/sdf/nom_fast_1p32V_m40C/tt_um_rumcajs__nom_fast_1p32V_m40C.sdf:2029: Could not find intermodpath!
SDF ERROR: runs/single_key_wipe_p80_h0/final/sdf/nom_fast_1p32V_m40C/tt_um_rumcajs__nom_fast_1p32V_m40C.sdf:2030: Could not find intermodpath!
SDF ERROR: runs/single_key_wipe_p80_h0/final/sdf/nom_fast_1p32V_m40C/tt_um_rumcajs__nom_fast_1p32V_m40C.sdf:2031: Could not find intermodpath!
SDF ERROR: runs/single_key_wipe_p80_h0/final/sdf/nom_fast_1p32V_m40C/tt_um_rumcajs__nom_fast_1p32V_m40C.sdf:2032: Could not find intermodpath!
SDF ERROR: runs/single_key_wipe_p80_h0/final/sdf/nom_fast_1p32V_m40C/tt_um_rumcajs__nom_fast_1p32V_m40C.sdf:2033: Could not find intermodpath!
SDF ERROR: runs/single_key_wipe_p80_h0/final/sdf/nom_fast_1p32V_m40C/tt_um_rumcajs__nom_fast_1p32V_m40C.sdf:2034: Could not find intermodpath!
SDF ERROR: runs/single_key_wipe_p80_h0/final/sdf/nom_fast_1p32V_m40C/tt_um_rumcajs__nom_fast_1p32V_m40C.sdf:2035: Could not find intermodpath!
SDF ERROR: runs/single_key_wipe_p80_h0/final/sdf/nom_fast_1p32V_m40C/tt_um_rumcajs__nom_fast_1p32V_m40C.sdf:2036: Could not find intermodpath!
SDF ERROR: runs/single_key_wipe_p80_h0/final/sdf/nom_fast_1p32V_m40C/tt_um_rumcajs__nom_fast_1p32V_m40C.sdf:2037: Could not find intermodpath!
SDF ERROR: runs/single_key_wipe_p80_h0/final/sdf/nom_fast_1p32V_m40C/tt_um_rumcajs__nom_fast_1p32V_m40C.sdf:2038: Could not find intermodpath!
SDF ERROR: runs/single_key_wipe_p80_h0/final/sdf/nom_fast_1p32V_m40C/tt_um_rumcajs__nom_fast_1p32V_m40C.sdf:2039: Could not find intermodpath!
SDF ERROR: runs/single_key_wipe_p80_h0/final/sdf/nom_fast_1p32V_m40C/tt_um_rumcajs__nom_fast_1p32V_m40C.sdf:2040: Could not find intermodpath!
SDF ERROR: runs/single_key_wipe_p80_h0/final/sdf/nom_fast_1p32V_m40C/tt_um_rumcajs__nom_fast_1p32V_m40C.sdf:2041: Could not find intermodpath!
SDF ERROR: runs/single_key_wipe_p80_h0/final/sdf/nom_fast_1p32V_m40C/tt_um_rumcajs__nom_fast_1p32V_m40C.sdf:2042: Could not find intermodpath!
SDF ERROR: runs/single_key_wipe_p80_h0/final/sdf/nom_fast_1p32V_m40C/tt_um_rumcajs__nom_fast_1p32V_m40C.sdf:2043: Could not find intermodpath!
SDF ERROR: runs/single_key_wipe_p80_h0/final/sdf/nom_fast_1p32V_m40C/tt_um_rumcajs__nom_fast_1p32V_m40C.sdf:2044: Could not find intermodpath!
SDF ERROR: runs/single_key_wipe_p80_h0/final/sdf/nom_fast_1p32V_m40C/tt_um_rumcajs__nom_fast_1p32V_m40C.sdf:2045: Could not find intermodpath!
SDF ERROR: runs/single_key_wipe_p80_h0/final/sdf/nom_fast_1p32V_m40C/tt_um_rumcajs__nom_fast_1p32V_m40C.sdf:2046: Could not find intermodpath!
SDF ERROR: runs/single_key_wipe_p80_h0/final/sdf/nom_fast_1p32V_m40C/tt_um_rumcajs__nom_fast_1p32V_m40C.sdf:2047: Could not find intermodpath!
SDF ERROR: runs/single_key_wipe_p80_h0/final/sdf/nom_fast_1p32V_m40C/tt_um_rumcajs__nom_fast_1p32V_m40C.sdf:2048: Could not find intermodpath!
SDF ERROR: runs/single_key_wipe_p80_h0/final/sdf/nom_fast_1p32V_m40C/tt_um_rumcajs__nom_fast_1p32V_m40C.sdf:2049: Could not find intermodpath!
SDF ERROR: runs/single_key_wipe_p80_h0/final/sdf/nom_fast_1p32V_m40C/tt_um_rumcajs__nom_fast_1p32V_m40C.sdf:2050: Could not find intermodpath!
SDF ERROR: runs/single_key_wipe_p80_h0/final/sdf/nom_fast_1p32V_m40C/tt_um_rumcajs__nom_fast_1p32V_m40C.sdf:2051: Could not find intermodpath!
SDF ERROR: runs/single_key_wipe_p80_h0/final/sdf/nom_fast_1p32V_m40C/tt_um_rumcajs__nom_fast_1p32V_m40C.sdf:2052: Could not find intermodpath!
SDF ERROR: runs/single_key_wipe_p80_h0/final/sdf/nom_fast_1p32V_m40C/tt_um_rumcajs__nom_fast_1p32V_m40C.sdf:2053: Could not find intermodpath!
SDF ERROR: runs/single_key_wipe_p80_h0/final/sdf/nom_fast_1p32V_m40C/tt_um_rumcajs__nom_fast_1p32V_m40C.sdf:2054: Could not find intermodpath!
SDF ERROR: runs/single_key_wipe_p80_h0/final/sdf/nom_fast_1p32V_m40C/tt_um_rumcajs__nom_fast_1p32V_m40C.sdf:2055: Could not find intermodpath!
SDF ERROR: runs/single_key_wipe_p80_h0/final/sdf/nom_fast_1p32V_m40C/tt_um_rumcajs__nom_fast_1p32V_m40C.sdf:2056: Could not find intermodpath!
SDF ERROR: runs/single_key_wError: Could not find net. Did you run iverilog with '-ginterconnect'?
Error: Could not find net. Did you run iverilog with '-ginterconnect'?
Error: Could not find net. Did you run iverilog with '-ginterconnect'?
Error: Could not find net. Did you run iverilog with '-ginterconnect'?
Error: Could not find net. Did you run iverilog with '-ginterconnect'?
Error: Could not find net. Did you run iverilog with '-ginterconnect'?
Error: Could not find net. Did you run iverilog with '-ginterconnect'?
Error: Could not find net. Did you run iverilog with '-ginterconnect'?
Error: Could not find net. Did you run iverilog with '-ginterconnect'?
Error: Could not find net. Did you run iverilog with '-ginterconnect'?
Error: Could not find net. Did you run iverilog with '-ginterconnect'?
Error: Could not find net. Did you run iverilog with '-ginterconnect'?
Error: Could not find net. Did you run iverilog with '-ginterconnect'?
Error: Could not find net. Did you run iverilog with '-ginterconnect'?
Error: Could not find net. Did you run iverilog with '-ginterconnect'?
Error: Could not find net. Did you run iverilog with '-ginterconnect'?
Error: Could not find net. Did you run iverilog with '-ginterconnect'?
Error: Could not find net. Did you run iverilog with '-ginterconnect'?
Error: Could not find net. Did you run iverilog with '-ginterconnect'?
Error: Could not find net. Did you run iverilog with '-ginterconnect'?
Error: Could not find net. Did you run iverilog with '-ginterconnect'?
Error: Could not find net. Did you run iverilog with '-ginterconnect'?
Error: Could not find net. Did you run iverilog with '-ginterconnect'?
Error: Could not find net. Did you run iverilog with '-ginterconnect'?
Error: Could not find net. Did you run iverilog with '-ginterconnect'?
Error: Could not find net. Did you run iverilog with '-ginterconnect'?
Error: Could not find net. Did you run iverilog with '-ginterconnect'?
Error: Could not find net. Did you run iverilog with '-ginterconnect'?
ipe_p80_h0/final/sdf/nom_fast_1p32V_m40C/tt_um_rumcajs__nom_fast_1p32V_m40C.sdf:2057: Could not find intermodpath!
SDF ERROR: runs/single_key_wipe_p80_h0/final/sdf/nom_fast_1p32V_m40C/tt_um_rumcajs__nom_fast_1p32V_m40C.sdf:2058: Could not find intermodpath!
SDF ERROR: runs/single_key_wipe_p80_h0/final/sdf/nom_fast_1p32V_m40C/tt_um_rumcajs__nom_fast_1p32V_m40C.sdf:2059: Could not find intermodpath!
SDF ERROR: runs/single_key_wipe_p80_h0/final/sdf/nom_fast_1p32V_m40C/tt_um_rumcajs__nom_fast_1p32V_m40C.sdf:2060: Could not find intermodpath!
SDF ERROR: runs/single_key_wipe_p80_h0/final/sdf/nom_fast_1p32V_m40C/tt_um_rumcajs__nom_fast_1p32V_m40C.sdf:2061: Could not find intermodpath!
SDF ERROR: runs/single_key_wipe_p80_h0/final/sdf/nom_fast_1p32V_m40C/tt_um_rumcajs__nom_fast_1p32V_m40C.sdf:2062: Could not find intermodpath!
SDF ERROR: runs/single_key_wipe_p80_h0/final/sdf/nom_fast_1p32V_m40C/tt_um_rumcajs__nom_fast_1p32V_m40C.sdf:2063: Could not find intermodpath!
SDF ERROR: runs/single_key_wipe_p80_h0/final/sdf/nom_fast_1p32V_m40C/tt_um_rumcajs__nom_fast_1p32V_m40C.sdf:2064: Could not find intermodpath!
SDF ERROR: runs/single_key_wipe_p80_h0/final/sdf/nom_fast_1p32V_m40C/tt_um_rumcajs__nom_fast_1p32V_m40C.sdf:2065: Could not find intermodpath!
SDF ERROR: runs/single_key_wipe_p80_h0/final/sdf/nom_fast_1p32V_m40C/tt_um_rumcajs__nom_fast_1p32V_m40C.sdf:2066: Could not find intermodpath!
SDF ERROR: runs/single_key_wipe_p80_h0/final/sdf/nom_fast_1p32V_m40C/tt_um_rumcajs__nom_fast_1p32V_m40C.sdf:2067: Could not find intermodpath!
SDF ERROR: runs/single_key_wipe_p80_h0/final/sdf/nom_fast_1p32V_m40C/tt_um_rumcajs__nom_fast_1p32V_m40C.sdf:2068: Could not find intermodpath!
SDF ERROR: runs/single_key_wipe_p80_h0/final/sdf/nom_fast_1p32V_m40C/tt_um_rumcajs__nom_fast_1p32V_m40C.sdf:2069: Could not find intermodpath!
SDF ERROR: runs/single_key_wipe_p80_h0/final/sdf/nom_fast_1p32V_m40C/tt_um_rumcajs__nom_fast_1p32V_m40C.sdf:2070: Could not find intermodpath!
SDF ERROR: runs/single_key_wipe_p80_h0/final/sdf/nom_fast_1p32V_m40C/tt_um_rumcajs__nom_fast_1p32V_m40C.sdf:2071: Could not find intermodpath!
SDF ERROR: runs/single_key_wipe_p80_h0/final/sdf/nom_fast_1p32V_m40C/tt_um_rumcajs__nom_fast_1p32V_m40C.sdf:2072: Could not find intermodpath!
SDF ERROR: runs/single_key_wipe_p80_h0/final/sdf/nom_fast_1p32V_m40C/tt_um_rumcajs__nom_fast_1p32V_m40C.sdf:2073: Could not find intermodpath!
SDF ERROR: runs/single_key_wipe_p80_h0/final/sdf/nom_fast_1p32V_m40C/tt_um_rumcajs__nom_fast_1p32V_m40C.sdf:2074: Could not find intermodpath!
SDF ERROR: runs/single_key_wipe_p80_h0/final/sdf/nom_fast_1p32V_m40C/tt_um_rumcajs__nom_fast_1p32V_m40C.sdf:2075: Could not find intermodpath!
SDF ERROR: runs/single_key_wipe_p80_h0/final/sdf/nom_fast_1p32V_m40C/tt_um_rumcajs__nom_fast_1p32V_m40C.sdf:2076: Could not find intermodpath!
SDF ERROR: runs/single_key_wipe_p80_h0/final/sdf/nom_fast_1p32V_m40C/tt_um_rumcajs__nom_fast_1p32V_m40C.sdf:2077: Could not find intermodpath!
SDF ERROR: runs/single_key_wipe_p80_h0/final/sdf/nom_fast_1p32V_m40C/tt_um_rumcajs__nom_fast_1p32V_m40C.sdf:2078: Could not find intermodpath!
SDF ERROR: runs/single_key_wipe_p80_h0/final/sdf/nom_fast_1p32V_m40C/tt_um_rumcajs__nom_fast_1p32V_m40C.sdf:2079: Could not find intermodpath!
SDF ERROR: runs/single_key_wipe_p80_h0/final/sdf/nom_fast_1p32V_m40C/tt_um_rumcajs__nom_fast_1p32V_m40C.sdf:2080: Could not find intermodpath!
SDF ERROR: runs/single_key_wipe_p80_h0/final/sdf/nom_fast_1p32V_m40C/tt_um_rumcajs__nom_fast_1p32V_m40C.sdf:2081: Could not find intermodpath!
SDF ERROR: runs/single_key_wipe_p80_h0/final/sdf/nom_fast_1p32V_m40C/tt_um_rumcajs__nom_fast_1p32V_m40C.sdf:2082: Could not find intermodpath!
SDF ERROR: runs/single_key_wipe_p80_h0/final/sdf/nom_fast_1p32V_m40C/tt_um_rumcajs__nom_fast_1p32V_m40C.sdf:2083: Could not find intermodpath!
SDF ERROR: runs/single_key_wipe_p80_h0/final/sdf/nom_fast_1p32V_m40C/tt_um_rumcajs__nom_fast_1p32V_m40C.sdf:2084: Could not find intermodpath!
SDF ERROR: runs/single_key_wipe_p80_h0/final/sdf/nom_fast_1p32V_m40C/tt_um_rumcajs__nom_fast_1p32V_m40C.sdf:2085: Could Error: Could not find net. Did you run iverilog with '-ginterconnect'?
Error: Could not find net. Did you run iverilog with '-ginterconnect'?
Error: Could not find net. Did you run iverilog with '-ginterconnect'?
Error: Could not find net. Did you run iverilog with '-ginterconnect'?
Error: Could not find net. Did you run iverilog with '-ginterconnect'?
Error: Could not find net. Did you run iverilog with '-ginterconnect'?
Error: Could not find net. Did you run iverilog with '-ginterconnect'?
Error: Could not find net. Did you run iverilog with '-ginterconnect'?
Error: Could not find net. Did you run iverilog with '-ginterconnect'?
Error: Could not find net. Did you run iverilog with '-ginterconnect'?
Error: Could not find net. Did you run iverilog with '-ginterconnect'?
Error: Could not find net. Did you run iverilog with '-ginterconnect'?
Error: Could not find net. Did you run iverilog with '-ginterconnect'?
Error: Could not find net. Did you run iverilog with '-ginterconnect'?
Error: Could not find net. Did you run iverilog with '-ginterconnect'?
Error: Could not find net. Did you run iverilog with '-ginterconnect'?
Error: Could not find net. Did you run iverilog with '-ginterconnect'?
Error: Could not find net. Did you run iverilog with '-ginterconnect'?
Error: Could not find net. Did you run iverilog with '-ginterconnect'?
Error: Could not find net. Did you run iverilog with '-ginterconnect'?
Error: Could not find net. Did you run iverilog with '-ginterconnect'?
Error: Could not find net. Did you run iverilog with '-ginterconnect'?
Error: Could not find net. Did you run iverilog with '-ginterconnect'?
Error: Could not find net. Did you run iverilog with '-ginterconnect'?
Error: Could not find net. Did you run iverilog with '-ginterconnect'?
Error: Could not find net. Did you run iverilog with '-ginterconnect'?
Error: Could not find net. Did you run iverilog with '-ginterconnect'?
Error: Could not find net. Did you run iverilog with '-ginterconnect'?
Error: Could not find net. Did you run iverilog with '-ginterconnect'?
not find intermodpath!
SDF ERROR: runs/single_key_wipe_p80_h0/final/sdf/nom_fast_1p32V_m40C/tt_um_rumcajs__nom_fast_1p32V_m40C.sdf:2086: Could not find intermodpath!
SDF ERROR: runs/single_key_wipe_p80_h0/final/sdf/nom_fast_1p32V_m40C/tt_um_rumcajs__nom_fast_1p32V_m40C.sdf:2087: Could not find intermodpath!
SDF ERROR: runs/single_key_wipe_p80_h0/final/sdf/nom_fast_1p32V_m40C/tt_um_rumcajs__nom_fast_1p32V_m40C.sdf:2088: Could not find intermodpath!
SDF ERROR: runs/single_key_wipe_p80_h0/final/sdf/nom_fast_1p32V_m40C/tt_um_rumcajs__nom_fast_1p32V_m40C.sdf:2089: Could not find intermodpath!
SDF ERROR: runs/single_key_wipe_p80_h0/final/sdf/nom_fast_1p32V_m40C/tt_um_rumcajs__nom_fast_1p32V_m40C.sdf:2090: Could not find intermodpath!
SDF ERROR: runs/single_key_wipe_p80_h0/final/sdf/nom_fast_1p32V_m40C/tt_um_rumcajs__nom_fast_1p32V_m40C.sdf:2091: Could not find intermodpath!
SDF ERROR: runs/single_key_wipe_p80_h0/final/sdf/nom_fast_1p32V_m40C/tt_um_rumcajs__nom_fast_1p32V_m40C.sdf:2092: Could not find intermodpath!
SDF ERROR: runs/single_key_wipe_p80_h0/final/sdf/nom_fast_1p32V_m40C/tt_um_rumcajs__nom_fast_1p32V_m40C.sdf:2093: Could not find intermodpath!
SDF ERROR: runs/single_key_wipe_p80_h0/final/sdf/nom_fast_1p32V_m40C/tt_um_rumcajs__nom_fast_1p32V_m40C.sdf:2094: Could not find intermodpath!
SDF ERROR: runs/single_key_wipe_p80_h0/final/sdf/nom_fast_1p32V_m40C/tt_um_rumcajs__nom_fast_1p32V_m40C.sdf:2095: Could not find intermodpath!
SDF ERROR: runs/single_key_wipe_p80_h0/final/sdf/nom_fast_1p32V_m40C/tt_um_rumcajs__nom_fast_1p32V_m40C.sdf:2096: Could not find intermodpath!
SDF ERROR: runs/single_key_wipe_p80_h0/final/sdf/nom_fast_1p32V_m40C/tt_um_rumcajs__nom_fast_1p32V_m40C.sdf:2097: Could not find intermodpath!
SDF ERROR: runs/single_key_wipe_p80_h0/final/sdf/nom_fast_1p32V_m40C/tt_um_rumcajs__nom_fast_1p32V_m40C.sdf:2098: Could not find intermodpath!
SDF ERROR: runs/single_key_wipe_p80_h0/final/sdf/nom_fast_1p32V_m40C/tt_um_rumcajs__nom_fast_1p32V_m40C.sdf:2099: Could not find intermodpath!
SDF ERROR: runs/single_key_wipe_p80_h0/final/sdf/nom_fast_1p32V_m40C/tt_um_rumcajs__nom_fast_1p32V_m40C.sdf:2100: Could not find intermodpath!
SDF ERROR: runs/single_key_wipe_p80_h0/final/sdf/nom_fast_1p32V_m40C/tt_um_rumcajs__nom_fast_1p32V_m40C.sdf:2101: Could not find intermodpath!
SDF ERROR: runs/single_key_wipe_p80_h0/final/sdf/nom_fast_1p32V_m40C/tt_um_rumcajs__nom_fast_1p32V_m40C.sdf:2102: Could not find intermodpath!
SDF ERROR: runs/single_key_wipe_p80_h0/final/sdf/nom_fast_1p32V_m40C/tt_um_rumcajs__nom_fast_1p32V_m40C.sdf:2103: Could not find intermodpath!
SDF ERROR: runs/single_key_wipe_p80_h0/final/sdf/nom_fast_1p32V_m40C/tt_um_rumcajs__nom_fast_1p32V_m40C.sdf:2104: Could not find intermodpath!
SDF ERROR: runs/single_key_wipe_p80_h0/final/sdf/nom_fast_1p32V_m40C/tt_um_rumcajs__nom_fast_1p32V_m40C.sdf:2105: Could not find intermodpath!
SDF ERROR: runs/single_key_wipe_p80_h0/final/sdf/nom_fast_1p32V_m40C/tt_um_rumcajs__nom_fast_1p32V_m40C.sdf:2106: Could not find intermodpath!
SDF ERROR: runs/single_key_wipe_p80_h0/final/sdf/nom_fast_1p32V_m40C/tt_um_rumcajs__nom_fast_1p32V_m40C.sdf:2107: Could not find intermodpath!
SDF ERROR: runs/single_key_wipe_p80_h0/final/sdf/nom_fast_1p32V_m40C/tt_um_rumcajs__nom_fast_1p32V_m40C.sdf:2108: Could not find intermodpath!
SDF ERROR: runs/single_key_wipe_p80_h0/final/sdf/nom_fast_1p32V_m40C/tt_um_rumcajs__nom_fast_1p32V_m40C.sdf:2109: Could not find intermodpath!
SDF ERROR: runs/single_key_wipe_p80_h0/final/sdf/nom_fast_1p32V_m40C/tt_um_rumcajs__nom_fast_1p32V_m40C.sdf:2110: Could not find intermodpath!
SDF ERROR: runs/single_key_wipe_p80_h0/final/sdf/nom_fast_1p32V_m40C/tt_um_rumcajs__nom_fast_1p32V_m40C.sdf:2111: Could not find intermodpath!
SDF ERROR: runs/single_key_wipe_p80_h0/final/sdf/nom_fast_1p32V_m40C/tt_um_rumcajs__nom_fast_1p32V_m40C.sdf:2112: Could not find intermodpath!
SDF ERROR: runs/single_key_wipe_p80_h0/final/sdf/nom_fast_1p32V_m40C/tt_um_rumcajs__nom_fast_1p32V_m40C.sdf:2113: Could not find intermodpath!
SDF ERROR: runs/single_key_wipe_p80_h0/final/sdf/nom_fast_1p32V_m40C/Error: Could not find net. Did you run iverilog with '-ginterconnect'?
Error: Could not find net. Did you run iverilog with '-ginterconnect'?
Error: Could not find net. Did you run iverilog with '-ginterconnect'?
Error: Could not find net. Did you run iverilog with '-ginterconnect'?
Error: Could not find net. Did you run iverilog with '-ginterconnect'?
Error: Could not find net. Did you run iverilog with '-ginterconnect'?
Error: Could not find net. Did you run iverilog with '-ginterconnect'?
Error: Could not find net. Did you run iverilog with '-ginterconnect'?
Error: Could not find net. Did you run iverilog with '-ginterconnect'?
Error: Could not find net. Did you run iverilog with '-ginterconnect'?
Error: Could not find net. Did you run iverilog with '-ginterconnect'?
Error: Could not find net. Did you run iverilog with '-ginterconnect'?
Error: Could not find net. Did you run iverilog with '-ginterconnect'?
Error: Could not find net. Did you run iverilog with '-ginterconnect'?
Error: Could not find net. Did you run iverilog with '-ginterconnect'?
Error: Could not find net. Did you run iverilog with '-ginterconnect'?
Error: Could not find net. Did you run iverilog with '-ginterconnect'?
Error: Could not find net. Did you run iverilog with '-ginterconnect'?
Error: Could not find net. Did you run iverilog with '-ginterconnect'?
Error: Could not find net. Did you run iverilog with '-ginterconnect'?
Error: Could not find net. Did you run iverilog with '-ginterconnect'?
Error: Could not find net. Did you run iverilog with '-ginterconnect'?
Error: Could not find net. Did you run iverilog with '-ginterconnect'?
Error: Could not find net. Did you run iverilog with '-ginterconnect'?
Error: Could not find net. Did you run iverilog with '-ginterconnect'?
Error: Could not find net. Did you run iverilog with '-ginterconnect'?
Error: Could not find net. Did you run iverilog with '-ginterconnect'?
Error: Could not find net. Did you run iverilog with '-ginterconnect'?
Error: Could not find net. Did you run iverilog with '-ginterconnect'?
tt_um_rumcajs__nom_fast_1p32V_m40C.sdf:2114: Could not find intermodpath!
SDF ERROR: runs/single_key_wipe_p80_h0/final/sdf/nom_fast_1p32V_m40C/tt_um_rumcajs__nom_fast_1p32V_m40C.sdf:2115: Could not find intermodpath!
SDF ERROR: runs/single_key_wipe_p80_h0/final/sdf/nom_fast_1p32V_m40C/tt_um_rumcajs__nom_fast_1p32V_m40C.sdf:2116: Could not find intermodpath!
SDF ERROR: runs/single_key_wipe_p80_h0/final/sdf/nom_fast_1p32V_m40C/tt_um_rumcajs__nom_fast_1p32V_m40C.sdf:2117: Could not find intermodpath!
SDF ERROR: runs/single_key_wipe_p80_h0/final/sdf/nom_fast_1p32V_m40C/tt_um_rumcajs__nom_fast_1p32V_m40C.sdf:2118: Could not find intermodpath!
SDF ERROR: runs/single_key_wipe_p80_h0/final/sdf/nom_fast_1p32V_m40C/tt_um_rumcajs__nom_fast_1p32V_m40C.sdf:2119: Could not find intermodpath!
SDF ERROR: runs/single_key_wipe_p80_h0/final/sdf/nom_fast_1p32V_m40C/tt_um_rumcajs__nom_fast_1p32V_m40C.sdf:2120: Could not find intermodpath!
SDF ERROR: runs/single_key_wipe_p80_h0/final/sdf/nom_fast_1p32V_m40C/tt_um_rumcajs__nom_fast_1p32V_m40C.sdf:2121: Could not find intermodpath!
SDF ERROR: runs/single_key_wipe_p80_h0/final/sdf/nom_fast_1p32V_m40C/tt_um_rumcajs__nom_fast_1p32V_m40C.sdf:2122: Could not find intermodpath!
SDF ERROR: runs/single_key_wipe_p80_h0/final/sdf/nom_fast_1p32V_m40C/tt_um_rumcajs__nom_fast_1p32V_m40C.sdf:2123: Could not find intermodpath!
SDF ERROR: runs/single_key_wipe_p80_h0/final/sdf/nom_fast_1p32V_m40C/tt_um_rumcajs__nom_fast_1p32V_m40C.sdf:2124: Could not find intermodpath!
SDF ERROR: runs/single_key_wipe_p80_h0/final/sdf/nom_fast_1p32V_m40C/tt_um_rumcajs__nom_fast_1p32V_m40C.sdf:2125: Could not find intermodpath!
SDF ERROR: runs/single_key_wipe_p80_h0/final/sdf/nom_fast_1p32V_m40C/tt_um_rumcajs__nom_fast_1p32V_m40C.sdf:2126: Could not find intermodpath!
SDF ERROR: runs/single_key_wipe_p80_h0/final/sdf/nom_fast_1p32V_m40C/tt_um_rumcajs__nom_fast_1p32V_m40C.sdf:2127: Could not find intermodpath!
SDF ERROR: runs/single_key_wipe_p80_h0/final/sdf/nom_fast_1p32V_m40C/tt_um_rumcajs__nom_fast_1p32V_m40C.sdf:2128: Could not find intermodpath!
SDF ERROR: runs/single_key_wipe_p80_h0/final/sdf/nom_fast_1p32V_m40C/tt_um_rumcajs__nom_fast_1p32V_m40C.sdf:2129: Could not find intermodpath!
SDF ERROR: runs/single_key_wipe_p80_h0/final/sdf/nom_fast_1p32V_m40C/tt_um_rumcajs__nom_fast_1p32V_m40C.sdf:2130: Could not find intermodpath!
SDF ERROR: runs/single_key_wipe_p80_h0/final/sdf/nom_fast_1p32V_m40C/tt_um_rumcajs__nom_fast_1p32V_m40C.sdf:2131: Could not find intermodpath!
SDF ERROR: runs/single_key_wipe_p80_h0/final/sdf/nom_fast_1p32V_m40C/tt_um_rumcajs__nom_fast_1p32V_m40C.sdf:2132: Could not find intermodpath!
SDF ERROR: runs/single_key_wipe_p80_h0/final/sdf/nom_fast_1p32V_m40C/tt_um_rumcajs__nom_fast_1p32V_m40C.sdf:2133: Could not find intermodpath!
SDF ERROR: runs/single_key_wipe_p80_h0/final/sdf/nom_fast_1p32V_m40C/tt_um_rumcajs__nom_fast_1p32V_m40C.sdf:2134: Could not find intermodpath!
SDF ERROR: runs/single_key_wipe_p80_h0/final/sdf/nom_fast_1p32V_m40C/tt_um_rumcajs__nom_fast_1p32V_m40C.sdf:2135: Could not find intermodpath!
SDF ERROR: runs/single_key_wipe_p80_h0/final/sdf/nom_fast_1p32V_m40C/tt_um_rumcajs__nom_fast_1p32V_m40C.sdf:2136: Could not find intermodpath!
SDF ERROR: runs/single_key_wipe_p80_h0/final/sdf/nom_fast_1p32V_m40C/tt_um_rumcajs__nom_fast_1p32V_m40C.sdf:2137: Could not find intermodpath!
SDF ERROR: runs/single_key_wipe_p80_h0/final/sdf/nom_fast_1p32V_m40C/tt_um_rumcajs__nom_fast_1p32V_m40C.sdf:2138: Could not find intermodpath!
SDF ERROR: runs/single_key_wipe_p80_h0/final/sdf/nom_fast_1p32V_m40C/tt_um_rumcajs__nom_fast_1p32V_m40C.sdf:2139: Could not find intermodpath!
SDF ERROR: runs/single_key_wipe_p80_h0/final/sdf/nom_fast_1p32V_m40C/tt_um_rumcajs__nom_fast_1p32V_m40C.sdf:2140: Could not find intermodpath!
SDF ERROR: runs/single_key_wipe_p80_h0/final/sdf/nom_fast_1p32V_m40C/tt_um_rumcajs__nom_fast_1p32V_m40C.sdf:2141: Could not find intermodpath!
SDF ERROR: runs/single_key_wipe_p80_h0/final/sdf/nom_fast_1p32V_m40C/tt_um_rumcajs__nom_fast_1p32V_m40C.sdf:2142: Could not find intermodpath!
SDF ERROR: runs/siError: Could not find net. Did you run iverilog with '-ginterconnect'?
Error: Could not find net. Did you run iverilog with '-ginterconnect'?
Error: Could not find net. Did you run iverilog with '-ginterconnect'?
Error: Could not find net. Did you run iverilog with '-ginterconnect'?
Error: Could not find net. Did you run iverilog with '-ginterconnect'?
Error: Could not find net. Did you run iverilog with '-ginterconnect'?
Error: Could not find net. Did you run iverilog with '-ginterconnect'?
Error: Could not find net. Did you run iverilog with '-ginterconnect'?
Error: Could not find net. Did you run iverilog with '-ginterconnect'?
Error: Could not find net. Did you run iverilog with '-ginterconnect'?
Error: Could not find net. Did you run iverilog with '-ginterconnect'?
Error: Could not find net. Did you run iverilog with '-ginterconnect'?
Error: Could not find net. Did you run iverilog with '-ginterconnect'?
Error: Could not find net. Did you run iverilog with '-ginterconnect'?
Error: Could not find net. Did you run iverilog with '-ginterconnect'?
Error: Could not find net. Did you run iverilog with '-ginterconnect'?
Error: Could not find net. Did you run iverilog with '-ginterconnect'?
Error: Could not find net. Did you run iverilog with '-ginterconnect'?
Error: Could not find net. Did you run iverilog with '-ginterconnect'?
Error: Could not find net. Did you run iverilog with '-ginterconnect'?
Error: Could not find net. Did you run iverilog with '-ginterconnect'?
Error: Could not find net. Did you run iverilog with '-ginterconnect'?
Error: Could not find net. Did you run iverilog with '-ginterconnect'?
Error: Could not find net. Did you run iverilog with '-ginterconnect'?
Error: Could not find net. Did you run iverilog with '-ginterconnect'?
Error: Could not find net. Did you run iverilog with '-ginterconnect'?
Error: Could not find net. Did you run iverilog with '-ginterconnect'?
Error: Could not find net. Did you run iverilog with '-ginterconnect'?
ngle_key_wipe_p80_h0/final/sdf/nom_fast_1p32V_m40C/tt_um_rumcajs__nom_fast_1p32V_m40C.sdf:2143: Could not find intermodpath!
SDF ERROR: runs/single_key_wipe_p80_h0/final/sdf/nom_fast_1p32V_m40C/tt_um_rumcajs__nom_fast_1p32V_m40C.sdf:2144: Could not find intermodpath!
SDF ERROR: runs/single_key_wipe_p80_h0/final/sdf/nom_fast_1p32V_m40C/tt_um_rumcajs__nom_fast_1p32V_m40C.sdf:2145: Could not find intermodpath!
SDF ERROR: runs/single_key_wipe_p80_h0/final/sdf/nom_fast_1p32V_m40C/tt_um_rumcajs__nom_fast_1p32V_m40C.sdf:2146: Could not find intermodpath!
SDF ERROR: runs/single_key_wipe_p80_h0/final/sdf/nom_fast_1p32V_m40C/tt_um_rumcajs__nom_fast_1p32V_m40C.sdf:2147: Could not find intermodpath!
SDF ERROR: runs/single_key_wipe_p80_h0/final/sdf/nom_fast_1p32V_m40C/tt_um_rumcajs__nom_fast_1p32V_m40C.sdf:2148: Could not find intermodpath!
SDF ERROR: runs/single_key_wipe_p80_h0/final/sdf/nom_fast_1p32V_m40C/tt_um_rumcajs__nom_fast_1p32V_m40C.sdf:2149: Could not find intermodpath!
SDF ERROR: runs/single_key_wipe_p80_h0/final/sdf/nom_fast_1p32V_m40C/tt_um_rumcajs__nom_fast_1p32V_m40C.sdf:2150: Could not find intermodpath!
SDF ERROR: runs/single_key_wipe_p80_h0/final/sdf/nom_fast_1p32V_m40C/tt_um_rumcajs__nom_fast_1p32V_m40C.sdf:2151: Could not find intermodpath!
SDF ERROR: runs/single_key_wipe_p80_h0/final/sdf/nom_fast_1p32V_m40C/tt_um_rumcajs__nom_fast_1p32V_m40C.sdf:2152: Could not find intermodpath!
SDF ERROR: runs/single_key_wipe_p80_h0/final/sdf/nom_fast_1p32V_m40C/tt_um_rumcajs__nom_fast_1p32V_m40C.sdf:2153: Could not find intermodpath!
SDF ERROR: runs/single_key_wipe_p80_h0/final/sdf/nom_fast_1p32V_m40C/tt_um_rumcajs__nom_fast_1p32V_m40C.sdf:2154: Could not find intermodpath!
SDF ERROR: runs/single_key_wipe_p80_h0/final/sdf/nom_fast_1p32V_m40C/tt_um_rumcajs__nom_fast_1p32V_m40C.sdf:2155: Could not find intermodpath!
SDF ERROR: runs/single_key_wipe_p80_h0/final/sdf/nom_fast_1p32V_m40C/tt_um_rumcajs__nom_fast_1p32V_m40C.sdf:2156: Could not find intermodpath!
SDF ERROR: runs/single_key_wipe_p80_h0/final/sdf/nom_fast_1p32V_m40C/tt_um_rumcajs__nom_fast_1p32V_m40C.sdf:2157: Could not find intermodpath!
SDF ERROR: runs/single_key_wipe_p80_h0/final/sdf/nom_fast_1p32V_m40C/tt_um_rumcajs__nom_fast_1p32V_m40C.sdf:2158: Could not find intermodpath!
SDF ERROR: runs/single_key_wipe_p80_h0/final/sdf/nom_fast_1p32V_m40C/tt_um_rumcajs__nom_fast_1p32V_m40C.sdf:2159: Could not find intermodpath!
SDF ERROR: runs/single_key_wipe_p80_h0/final/sdf/nom_fast_1p32V_m40C/tt_um_rumcajs__nom_fast_1p32V_m40C.sdf:2160: Could not find intermodpath!
SDF ERROR: runs/single_key_wipe_p80_h0/final/sdf/nom_fast_1p32V_m40C/tt_um_rumcajs__nom_fast_1p32V_m40C.sdf:2161: Could not find intermodpath!
SDF ERROR: runs/single_key_wipe_p80_h0/final/sdf/nom_fast_1p32V_m40C/tt_um_rumcajs__nom_fast_1p32V_m40C.sdf:2162: Could not find intermodpath!
SDF ERROR: runs/single_key_wipe_p80_h0/final/sdf/nom_fast_1p32V_m40C/tt_um_rumcajs__nom_fast_1p32V_m40C.sdf:2163: Could not find intermodpath!
SDF ERROR: runs/single_key_wipe_p80_h0/final/sdf/nom_fast_1p32V_m40C/tt_um_rumcajs__nom_fast_1p32V_m40C.sdf:2164: Could not find intermodpath!
SDF ERROR: runs/single_key_wipe_p80_h0/final/sdf/nom_fast_1p32V_m40C/tt_um_rumcajs__nom_fast_1p32V_m40C.sdf:2165: Could not find intermodpath!
SDF ERROR: runs/single_key_wipe_p80_h0/final/sdf/nom_fast_1p32V_m40C/tt_um_rumcajs__nom_fast_1p32V_m40C.sdf:2166: Could not find intermodpath!
SDF ERROR: runs/single_key_wipe_p80_h0/final/sdf/nom_fast_1p32V_m40C/tt_um_rumcajs__nom_fast_1p32V_m40C.sdf:2167: Could not find intermodpath!
SDF ERROR: runs/single_key_wipe_p80_h0/final/sdf/nom_fast_1p32V_m40C/tt_um_rumcajs__nom_fast_1p32V_m40C.sdf:2168: Could not find intermodpath!
SDF ERROR: runs/single_key_wipe_p80_h0/final/sdf/nom_fast_1p32V_m40C/tt_um_rumcajs__nom_fast_1p32V_m40C.sdf:2169: Could not find intermodpath!
SDF ERROR: runs/single_key_wipe_p80_h0/final/sdf/nom_fast_1p32V_m40C/tt_um_rumcajs__nom_fast_1p32V_m40C.sdf:2170: Could not find intermodpath!
SDF ERROR: runs/single_key_wipe_p80_h0/final/sdf/nom_fast_1p32V_m40C/tt_um_rumcajs__nom_fast_1p32V_m40C.sdf:21Error: Could not find net. Did you run iverilog with '-ginterconnect'?
Error: Could not find net. Did you run iverilog with '-ginterconnect'?
Error: Could not find net. Did you run iverilog with '-ginterconnect'?
Error: Could not find net. Did you run iverilog with '-ginterconnect'?
Error: Could not find net. Did you run iverilog with '-ginterconnect'?
Error: Could not find net. Did you run iverilog with '-ginterconnect'?
Error: Could not find net. Did you run iverilog with '-ginterconnect'?
Error: Could not find net. Did you run iverilog with '-ginterconnect'?
Error: Could not find net. Did you run iverilog with '-ginterconnect'?
Error: Could not find net. Did you run iverilog with '-ginterconnect'?
Error: Could not find net. Did you run iverilog with '-ginterconnect'?
Error: Could not find net. Did you run iverilog with '-ginterconnect'?
Error: Could not find net. Did you run iverilog with '-ginterconnect'?
Error: Could not find net. Did you run iverilog with '-ginterconnect'?
Error: Could not find net. Did you run iverilog with '-ginterconnect'?
Error: Could not find net. Did you run iverilog with '-ginterconnect'?
Error: Could not find net. Did you run iverilog with '-ginterconnect'?
Error: Could not find net. Did you run iverilog with '-ginterconnect'?
Error: Could not find net. Did you run iverilog with '-ginterconnect'?
Error: Could not find net. Did you run iverilog with '-ginterconnect'?
Error: Could not find net. Did you run iverilog with '-ginterconnect'?
Error: Could not find net. Did you run iverilog with '-ginterconnect'?
Error: Could not find net. Did you run iverilog with '-ginterconnect'?
Error: Could not find net. Did you run iverilog with '-ginterconnect'?
Error: Could not find net. Did you run iverilog with '-ginterconnect'?
Error: Could not find net. Did you run iverilog with '-ginterconnect'?
Error: Could not find net. Did you run iverilog with '-ginterconnect'?
Error: Could not find net. Did you run iverilog with '-ginterconnect'?
Error: Could not find net. Did you run iverilog with '-ginterconnect'?
71: Could not find intermodpath!
SDF ERROR: runs/single_key_wipe_p80_h0/final/sdf/nom_fast_1p32V_m40C/tt_um_rumcajs__nom_fast_1p32V_m40C.sdf:2172: Could not find intermodpath!
SDF ERROR: runs/single_key_wipe_p80_h0/final/sdf/nom_fast_1p32V_m40C/tt_um_rumcajs__nom_fast_1p32V_m40C.sdf:2173: Could not find intermodpath!
SDF ERROR: runs/single_key_wipe_p80_h0/final/sdf/nom_fast_1p32V_m40C/tt_um_rumcajs__nom_fast_1p32V_m40C.sdf:2174: Could not find intermodpath!
SDF ERROR: runs/single_key_wipe_p80_h0/final/sdf/nom_fast_1p32V_m40C/tt_um_rumcajs__nom_fast_1p32V_m40C.sdf:2175: Could not find intermodpath!
SDF ERROR: runs/single_key_wipe_p80_h0/final/sdf/nom_fast_1p32V_m40C/tt_um_rumcajs__nom_fast_1p32V_m40C.sdf:2176: Could not find intermodpath!
SDF ERROR: runs/single_key_wipe_p80_h0/final/sdf/nom_fast_1p32V_m40C/tt_um_rumcajs__nom_fast_1p32V_m40C.sdf:2177: Could not find intermodpath!
SDF ERROR: runs/single_key_wipe_p80_h0/final/sdf/nom_fast_1p32V_m40C/tt_um_rumcajs__nom_fast_1p32V_m40C.sdf:2178: Could not find intermodpath!
SDF ERROR: runs/single_key_wipe_p80_h0/final/sdf/nom_fast_1p32V_m40C/tt_um_rumcajs__nom_fast_1p32V_m40C.sdf:2179: Could not find intermodpath!
SDF ERROR: runs/single_key_wipe_p80_h0/final/sdf/nom_fast_1p32V_m40C/tt_um_rumcajs__nom_fast_1p32V_m40C.sdf:2180: Could not find intermodpath!
SDF ERROR: runs/single_key_wipe_p80_h0/final/sdf/nom_fast_1p32V_m40C/tt_um_rumcajs__nom_fast_1p32V_m40C.sdf:2181: Could not find intermodpath!
SDF ERROR: runs/single_key_wipe_p80_h0/final/sdf/nom_fast_1p32V_m40C/tt_um_rumcajs__nom_fast_1p32V_m40C.sdf:2182: Could not find intermodpath!
SDF ERROR: runs/single_key_wipe_p80_h0/final/sdf/nom_fast_1p32V_m40C/tt_um_rumcajs__nom_fast_1p32V_m40C.sdf:2183: Could not find intermodpath!
SDF ERROR: runs/single_key_wipe_p80_h0/final/sdf/nom_fast_1p32V_m40C/tt_um_rumcajs__nom_fast_1p32V_m40C.sdf:2184: Could not find intermodpath!
SDF ERROR: runs/single_key_wipe_p80_h0/final/sdf/nom_fast_1p32V_m40C/tt_um_rumcajs__nom_fast_1p32V_m40C.sdf:2185: Could not find intermodpath!
SDF ERROR: runs/single_key_wipe_p80_h0/final/sdf/nom_fast_1p32V_m40C/tt_um_rumcajs__nom_fast_1p32V_m40C.sdf:2186: Could not find intermodpath!
SDF ERROR: runs/single_key_wipe_p80_h0/final/sdf/nom_fast_1p32V_m40C/tt_um_rumcajs__nom_fast_1p32V_m40C.sdf:2187: Could not find intermodpath!
SDF ERROR: runs/single_key_wipe_p80_h0/final/sdf/nom_fast_1p32V_m40C/tt_um_rumcajs__nom_fast_1p32V_m40C.sdf:2188: Could not find intermodpath!
SDF ERROR: runs/single_key_wipe_p80_h0/final/sdf/nom_fast_1p32V_m40C/tt_um_rumcajs__nom_fast_1p32V_m40C.sdf:2189: Could not find intermodpath!
SDF ERROR: runs/single_key_wipe_p80_h0/final/sdf/nom_fast_1p32V_m40C/tt_um_rumcajs__nom_fast_1p32V_m40C.sdf:2190: Could not find intermodpath!
SDF ERROR: runs/single_key_wipe_p80_h0/final/sdf/nom_fast_1p32V_m40C/tt_um_rumcajs__nom_fast_1p32V_m40C.sdf:2191: Could not find intermodpath!
SDF ERROR: runs/single_key_wipe_p80_h0/final/sdf/nom_fast_1p32V_m40C/tt_um_rumcajs__nom_fast_1p32V_m40C.sdf:2192: Could not find intermodpath!
SDF ERROR: runs/single_key_wipe_p80_h0/final/sdf/nom_fast_1p32V_m40C/tt_um_rumcajs__nom_fast_1p32V_m40C.sdf:2193: Could not find intermodpath!
SDF ERROR: runs/single_key_wipe_p80_h0/final/sdf/nom_fast_1p32V_m40C/tt_um_rumcajs__nom_fast_1p32V_m40C.sdf:2194: Could not find intermodpath!
SDF ERROR: runs/single_key_wipe_p80_h0/final/sdf/nom_fast_1p32V_m40C/tt_um_rumcajs__nom_fast_1p32V_m40C.sdf:2195: Could not find intermodpath!
SDF ERROR: runs/single_key_wipe_p80_h0/final/sdf/nom_fast_1p32V_m40C/tt_um_rumcajs__nom_fast_1p32V_m40C.sdf:2196: Could not find intermodpath!
SDF ERROR: runs/single_key_wipe_p80_h0/final/sdf/nom_fast_1p32V_m40C/tt_um_rumcajs__nom_fast_1p32V_m40C.sdf:2197: Could not find intermodpath!
SDF ERROR: runs/single_key_wipe_p80_h0/final/sdf/nom_fast_1p32V_m40C/tt_um_rumcajs__nom_fast_1p32V_m40C.sdf:2198: Could not find intermodpath!
SDF ERROR: runs/single_key_wipe_p80_h0/final/sdf/nom_fast_1p32V_m40C/tt_um_rumcajs__nom_fast_1p32V_m40C.sdf:2199: Could not find intermodpath!
SDF ERROR: runs/single_key_wipe_p80_h0/final/sdf/nom_fast_1Error: Could not find net. Did you run iverilog with '-ginterconnect'?
Error: Could not find net. Did you run iverilog with '-ginterconnect'?
Error: Could not find net. Did you run iverilog with '-ginterconnect'?
Error: Could not find net. Did you run iverilog with '-ginterconnect'?
Error: Could not find net. Did you run iverilog with '-ginterconnect'?
Error: Could not find net. Did you run iverilog with '-ginterconnect'?
Error: Could not find net. Did you run iverilog with '-ginterconnect'?
Error: Could not find net. Did you run iverilog with '-ginterconnect'?
Error: Could not find net. Did you run iverilog with '-ginterconnect'?
Error: Could not find net. Did you run iverilog with '-ginterconnect'?
Error: Could not find net. Did you run iverilog with '-ginterconnect'?
Error: Could not find net. Did you run iverilog with '-ginterconnect'?
Error: Could not find net. Did you run iverilog with '-ginterconnect'?
Error: Could not find net. Did you run iverilog with '-ginterconnect'?
Error: Could not find net. Did you run iverilog with '-ginterconnect'?
Error: Could not find net. Did you run iverilog with '-ginterconnect'?
Error: Could not find net. Did you run iverilog with '-ginterconnect'?
Error: Could not find net. Did you run iverilog with '-ginterconnect'?
Error: Could not find net. Did you run iverilog with '-ginterconnect'?
Error: Could not find net. Did you run iverilog with '-ginterconnect'?
Error: Could not find net. Did you run iverilog with '-ginterconnect'?
Error: Could not find net. Did you run iverilog with '-ginterconnect'?
Error: Could not find net. Did you run iverilog with '-ginterconnect'?
Error: Could not find net. Did you run iverilog with '-ginterconnect'?
Error: Could not find net. Did you run iverilog with '-ginterconnect'?
Error: Could not find net. Did you run iverilog with '-ginterconnect'?
Error: Could not find net. Did you run iverilog with '-ginterconnect'?
Error: Could not find net. Did you run iverilog with '-ginterconnect'?
Error: Could not find net. Did you run iverilog with '-ginterconnect'?
p32V_m40C/tt_um_rumcajs__nom_fast_1p32V_m40C.sdf:2200: Could not find intermodpath!
SDF ERROR: runs/single_key_wipe_p80_h0/final/sdf/nom_fast_1p32V_m40C/tt_um_rumcajs__nom_fast_1p32V_m40C.sdf:2201: Could not find intermodpath!
SDF ERROR: runs/single_key_wipe_p80_h0/final/sdf/nom_fast_1p32V_m40C/tt_um_rumcajs__nom_fast_1p32V_m40C.sdf:2202: Could not find intermodpath!
SDF ERROR: runs/single_key_wipe_p80_h0/final/sdf/nom_fast_1p32V_m40C/tt_um_rumcajs__nom_fast_1p32V_m40C.sdf:2203: Could not find intermodpath!
SDF ERROR: runs/single_key_wipe_p80_h0/final/sdf/nom_fast_1p32V_m40C/tt_um_rumcajs__nom_fast_1p32V_m40C.sdf:2204: Could not find intermodpath!
SDF ERROR: runs/single_key_wipe_p80_h0/final/sdf/nom_fast_1p32V_m40C/tt_um_rumcajs__nom_fast_1p32V_m40C.sdf:2205: Could not find intermodpath!
SDF ERROR: runs/single_key_wipe_p80_h0/final/sdf/nom_fast_1p32V_m40C/tt_um_rumcajs__nom_fast_1p32V_m40C.sdf:2206: Could not find intermodpath!
SDF ERROR: runs/single_key_wipe_p80_h0/final/sdf/nom_fast_1p32V_m40C/tt_um_rumcajs__nom_fast_1p32V_m40C.sdf:2207: Could not find intermodpath!
SDF ERROR: runs/single_key_wipe_p80_h0/final/sdf/nom_fast_1p32V_m40C/tt_um_rumcajs__nom_fast_1p32V_m40C.sdf:2208: Could not find intermodpath!
SDF ERROR: runs/single_key_wipe_p80_h0/final/sdf/nom_fast_1p32V_m40C/tt_um_rumcajs__nom_fast_1p32V_m40C.sdf:2209: Could not find intermodpath!
SDF ERROR: runs/single_key_wipe_p80_h0/final/sdf/nom_fast_1p32V_m40C/tt_um_rumcajs__nom_fast_1p32V_m40C.sdf:2210: Could not find intermodpath!
SDF ERROR: runs/single_key_wipe_p80_h0/final/sdf/nom_fast_1p32V_m40C/tt_um_rumcajs__nom_fast_1p32V_m40C.sdf:2211: Could not find intermodpath!
SDF ERROR: runs/single_key_wipe_p80_h0/final/sdf/nom_fast_1p32V_m40C/tt_um_rumcajs__nom_fast_1p32V_m40C.sdf:2212: Could not find intermodpath!
SDF ERROR: runs/single_key_wipe_p80_h0/final/sdf/nom_fast_1p32V_m40C/tt_um_rumcajs__nom_fast_1p32V_m40C.sdf:2213: Could not find intermodpath!
SDF ERROR: runs/single_key_wipe_p80_h0/final/sdf/nom_fast_1p32V_m40C/tt_um_rumcajs__nom_fast_1p32V_m40C.sdf:2214: Could not find intermodpath!
SDF ERROR: runs/single_key_wipe_p80_h0/final/sdf/nom_fast_1p32V_m40C/tt_um_rumcajs__nom_fast_1p32V_m40C.sdf:2215: Could not find intermodpath!
SDF ERROR: runs/single_key_wipe_p80_h0/final/sdf/nom_fast_1p32V_m40C/tt_um_rumcajs__nom_fast_1p32V_m40C.sdf:2216: Could not find intermodpath!
SDF ERROR: runs/single_key_wipe_p80_h0/final/sdf/nom_fast_1p32V_m40C/tt_um_rumcajs__nom_fast_1p32V_m40C.sdf:2217: Could not find intermodpath!
SDF ERROR: runs/single_key_wipe_p80_h0/final/sdf/nom_fast_1p32V_m40C/tt_um_rumcajs__nom_fast_1p32V_m40C.sdf:2218: Could not find intermodpath!
SDF ERROR: runs/single_key_wipe_p80_h0/final/sdf/nom_fast_1p32V_m40C/tt_um_rumcajs__nom_fast_1p32V_m40C.sdf:2219: Could not find intermodpath!
SDF ERROR: runs/single_key_wipe_p80_h0/final/sdf/nom_fast_1p32V_m40C/tt_um_rumcajs__nom_fast_1p32V_m40C.sdf:2220: Could not find intermodpath!
SDF ERROR: runs/single_key_wipe_p80_h0/final/sdf/nom_fast_1p32V_m40C/tt_um_rumcajs__nom_fast_1p32V_m40C.sdf:2221: Could not find intermodpath!
SDF ERROR: runs/single_key_wipe_p80_h0/final/sdf/nom_fast_1p32V_m40C/tt_um_rumcajs__nom_fast_1p32V_m40C.sdf:2222: Could not find intermodpath!
SDF ERROR: runs/single_key_wipe_p80_h0/final/sdf/nom_fast_1p32V_m40C/tt_um_rumcajs__nom_fast_1p32V_m40C.sdf:2223: Could not find intermodpath!
SDF ERROR: runs/single_key_wipe_p80_h0/final/sdf/nom_fast_1p32V_m40C/tt_um_rumcajs__nom_fast_1p32V_m40C.sdf:2224: Could not find intermodpath!
SDF ERROR: runs/single_key_wipe_p80_h0/final/sdf/nom_fast_1p32V_m40C/tt_um_rumcajs__nom_fast_1p32V_m40C.sdf:2225: Could not find intermodpath!
SDF ERROR: runs/single_key_wipe_p80_h0/final/sdf/nom_fast_1p32V_m40C/tt_um_rumcajs__nom_fast_1p32V_m40C.sdf:2226: Could not find intermodpath!
SDF ERROR: runs/single_key_wipe_p80_h0/final/sdf/nom_fast_1p32V_m40C/tt_um_rumcajs__nom_fast_1p32V_m40C.sdf:2227: Could not find intermodpath!
SDF ERROR: runs/single_key_wipe_p80_h0/final/sdf/nom_fast_1p32V_m40C/tt_um_rumcajs__nom_fast_1p32V_m40C.sdf:2228: Could not find intermodpath!
SDF ERROError: Could not find net. Did you run iverilog with '-ginterconnect'?
Error: Could not find net. Did you run iverilog with '-ginterconnect'?
Error: Could not find net. Did you run iverilog with '-ginterconnect'?
Error: Could not find net. Did you run iverilog with '-ginterconnect'?
Error: Could not find net. Did you run iverilog with '-ginterconnect'?
Error: Could not find net. Did you run iverilog with '-ginterconnect'?
Error: Could not find net. Did you run iverilog with '-ginterconnect'?
Error: Could not find net. Did you run iverilog with '-ginterconnect'?
Error: Could not find net. Did you run iverilog with '-ginterconnect'?
Error: Could not find net. Did you run iverilog with '-ginterconnect'?
Error: Could not find net. Did you run iverilog with '-ginterconnect'?
Error: Could not find net. Did you run iverilog with '-ginterconnect'?
Error: Could not find net. Did you run iverilog with '-ginterconnect'?
Error: Could not find net. Did you run iverilog with '-ginterconnect'?
Error: Could not find net. Did you run iverilog with '-ginterconnect'?
Error: Could not find net. Did you run iverilog with '-ginterconnect'?
Error: Could not find net. Did you run iverilog with '-ginterconnect'?
Error: Could not find net. Did you run iverilog with '-ginterconnect'?
Error: Could not find net. Did you run iverilog with '-ginterconnect'?
Error: Could not find net. Did you run iverilog with '-ginterconnect'?
Error: Could not find net. Did you run iverilog with '-ginterconnect'?
Error: Could not find net. Did you run iverilog with '-ginterconnect'?
Error: Could not find net. Did you run iverilog with '-ginterconnect'?
Error: Could not find net. Did you run iverilog with '-ginterconnect'?
Error: Could not find net. Did you run iverilog with '-ginterconnect'?
Error: Could not find net. Did you run iverilog with '-ginterconnect'?
Error: Could not find net. Did you run iverilog with '-ginterconnect'?
Error: Could not find net. Did you run iverilog with '-ginterconnect'?
R: runs/single_key_wipe_p80_h0/final/sdf/nom_fast_1p32V_m40C/tt_um_rumcajs__nom_fast_1p32V_m40C.sdf:2229: Could not find intermodpath!
SDF ERROR: runs/single_key_wipe_p80_h0/final/sdf/nom_fast_1p32V_m40C/tt_um_rumcajs__nom_fast_1p32V_m40C.sdf:2230: Could not find intermodpath!
SDF ERROR: runs/single_key_wipe_p80_h0/final/sdf/nom_fast_1p32V_m40C/tt_um_rumcajs__nom_fast_1p32V_m40C.sdf:2231: Could not find intermodpath!
SDF ERROR: runs/single_key_wipe_p80_h0/final/sdf/nom_fast_1p32V_m40C/tt_um_rumcajs__nom_fast_1p32V_m40C.sdf:2232: Could not find intermodpath!
SDF ERROR: runs/single_key_wipe_p80_h0/final/sdf/nom_fast_1p32V_m40C/tt_um_rumcajs__nom_fast_1p32V_m40C.sdf:2233: Could not find intermodpath!
SDF ERROR: runs/single_key_wipe_p80_h0/final/sdf/nom_fast_1p32V_m40C/tt_um_rumcajs__nom_fast_1p32V_m40C.sdf:2234: Could not find intermodpath!
SDF ERROR: runs/single_key_wipe_p80_h0/final/sdf/nom_fast_1p32V_m40C/tt_um_rumcajs__nom_fast_1p32V_m40C.sdf:2235: Could not find intermodpath!
SDF ERROR: runs/single_key_wipe_p80_h0/final/sdf/nom_fast_1p32V_m40C/tt_um_rumcajs__nom_fast_1p32V_m40C.sdf:2236: Could not find intermodpath!
SDF ERROR: runs/single_key_wipe_p80_h0/final/sdf/nom_fast_1p32V_m40C/tt_um_rumcajs__nom_fast_1p32V_m40C.sdf:2237: Could not find intermodpath!
SDF ERROR: runs/single_key_wipe_p80_h0/final/sdf/nom_fast_1p32V_m40C/tt_um_rumcajs__nom_fast_1p32V_m40C.sdf:2238: Could not find intermodpath!
SDF ERROR: runs/single_key_wipe_p80_h0/final/sdf/nom_fast_1p32V_m40C/tt_um_rumcajs__nom_fast_1p32V_m40C.sdf:2239: Could not find intermodpath!
SDF ERROR: runs/single_key_wipe_p80_h0/final/sdf/nom_fast_1p32V_m40C/tt_um_rumcajs__nom_fast_1p32V_m40C.sdf:2240: Could not find intermodpath!
SDF ERROR: runs/single_key_wipe_p80_h0/final/sdf/nom_fast_1p32V_m40C/tt_um_rumcajs__nom_fast_1p32V_m40C.sdf:2241: Could not find intermodpath!
SDF ERROR: runs/single_key_wipe_p80_h0/final/sdf/nom_fast_1p32V_m40C/tt_um_rumcajs__nom_fast_1p32V_m40C.sdf:2242: Could not find intermodpath!
SDF ERROR: runs/single_key_wipe_p80_h0/final/sdf/nom_fast_1p32V_m40C/tt_um_rumcajs__nom_fast_1p32V_m40C.sdf:2243: Could not find intermodpath!
SDF ERROR: runs/single_key_wipe_p80_h0/final/sdf/nom_fast_1p32V_m40C/tt_um_rumcajs__nom_fast_1p32V_m40C.sdf:2244: Could not find intermodpath!
SDF ERROR: runs/single_key_wipe_p80_h0/final/sdf/nom_fast_1p32V_m40C/tt_um_rumcajs__nom_fast_1p32V_m40C.sdf:2245: Could not find intermodpath!
SDF ERROR: runs/single_key_wipe_p80_h0/final/sdf/nom_fast_1p32V_m40C/tt_um_rumcajs__nom_fast_1p32V_m40C.sdf:2246: Could not find intermodpath!
SDF ERROR: runs/single_key_wipe_p80_h0/final/sdf/nom_fast_1p32V_m40C/tt_um_rumcajs__nom_fast_1p32V_m40C.sdf:2247: Could not find intermodpath!
SDF ERROR: runs/single_key_wipe_p80_h0/final/sdf/nom_fast_1p32V_m40C/tt_um_rumcajs__nom_fast_1p32V_m40C.sdf:2248: Could not find intermodpath!
SDF ERROR: runs/single_key_wipe_p80_h0/final/sdf/nom_fast_1p32V_m40C/tt_um_rumcajs__nom_fast_1p32V_m40C.sdf:2249: Could not find intermodpath!
SDF ERROR: runs/single_key_wipe_p80_h0/final/sdf/nom_fast_1p32V_m40C/tt_um_rumcajs__nom_fast_1p32V_m40C.sdf:2250: Could not find intermodpath!
SDF ERROR: runs/single_key_wipe_p80_h0/final/sdf/nom_fast_1p32V_m40C/tt_um_rumcajs__nom_fast_1p32V_m40C.sdf:2251: Could not find intermodpath!
SDF ERROR: runs/single_key_wipe_p80_h0/final/sdf/nom_fast_1p32V_m40C/tt_um_rumcajs__nom_fast_1p32V_m40C.sdf:2252: Could not find intermodpath!
SDF ERROR: runs/single_key_wipe_p80_h0/final/sdf/nom_fast_1p32V_m40C/tt_um_rumcajs__nom_fast_1p32V_m40C.sdf:2253: Could not find intermodpath!
SDF ERROR: runs/single_key_wipe_p80_h0/final/sdf/nom_fast_1p32V_m40C/tt_um_rumcajs__nom_fast_1p32V_m40C.sdf:2254: Could not find intermodpath!
SDF ERROR: runs/single_key_wipe_p80_h0/final/sdf/nom_fast_1p32V_m40C/tt_um_rumcajs__nom_fast_1p32V_m40C.sdf:2255: Could not find intermodpath!
SDF ERROR: runs/single_key_wipe_p80_h0/final/sdf/nom_fast_1p32V_m40C/tt_um_rumcajs__nom_fast_1p32V_m40C.sdf:2256: Could not find intermodpath!
SDF ERROR: runs/single_key_wipe_p80_h0/final/sdf/nom_fast_1p32V_m40C/tt_um_rumcajs__nom_fast_1p32V_mError: Could not find net. Did you run iverilog with '-ginterconnect'?
Error: Could not find net. Did you run iverilog with '-ginterconnect'?
Error: Could not find net. Did you run iverilog with '-ginterconnect'?
Error: Could not find net. Did you run iverilog with '-ginterconnect'?
Error: Could not find net. Did you run iverilog with '-ginterconnect'?
Error: Could not find net. Did you run iverilog with '-ginterconnect'?
Error: Could not find net. Did you run iverilog with '-ginterconnect'?
Error: Could not find net. Did you run iverilog with '-ginterconnect'?
Error: Could not find net. Did you run iverilog with '-ginterconnect'?
Error: Could not find net. Did you run iverilog with '-ginterconnect'?
Error: Could not find net. Did you run iverilog with '-ginterconnect'?
Error: Could not find net. Did you run iverilog with '-ginterconnect'?
Error: Could not find net. Did you run iverilog with '-ginterconnect'?
Error: Could not find net. Did you run iverilog with '-ginterconnect'?
Error: Could not find net. Did you run iverilog with '-ginterconnect'?
Error: Could not find net. Did you run iverilog with '-ginterconnect'?
Error: Could not find net. Did you run iverilog with '-ginterconnect'?
Error: Could not find net. Did you run iverilog with '-ginterconnect'?
Error: Could not find net. Did you run iverilog with '-ginterconnect'?
Error: Could not find net. Did you run iverilog with '-ginterconnect'?
Error: Could not find net. Did you run iverilog with '-ginterconnect'?
Error: Could not find net. Did you run iverilog with '-ginterconnect'?
Error: Could not find net. Did you run iverilog with '-ginterconnect'?
Error: Could not find net. Did you run iverilog with '-ginterconnect'?
Error: Could not find net. Did you run iverilog with '-ginterconnect'?
Error: Could not find net. Did you run iverilog with '-ginterconnect'?
Error: Could not find net. Did you run iverilog with '-ginterconnect'?
Error: Could not find net. Did you run iverilog with '-ginterconnect'?
Error: Could not find net. Did you run iverilog with '-ginterconnect'?
40C.sdf:2257: Could not find intermodpath!
SDF ERROR: runs/single_key_wipe_p80_h0/final/sdf/nom_fast_1p32V_m40C/tt_um_rumcajs__nom_fast_1p32V_m40C.sdf:2258: Could not find intermodpath!
SDF ERROR: runs/single_key_wipe_p80_h0/final/sdf/nom_fast_1p32V_m40C/tt_um_rumcajs__nom_fast_1p32V_m40C.sdf:2259: Could not find intermodpath!
SDF ERROR: runs/single_key_wipe_p80_h0/final/sdf/nom_fast_1p32V_m40C/tt_um_rumcajs__nom_fast_1p32V_m40C.sdf:2260: Could not find intermodpath!
SDF ERROR: runs/single_key_wipe_p80_h0/final/sdf/nom_fast_1p32V_m40C/tt_um_rumcajs__nom_fast_1p32V_m40C.sdf:2261: Could not find intermodpath!
SDF ERROR: runs/single_key_wipe_p80_h0/final/sdf/nom_fast_1p32V_m40C/tt_um_rumcajs__nom_fast_1p32V_m40C.sdf:2262: Could not find intermodpath!
SDF ERROR: runs/single_key_wipe_p80_h0/final/sdf/nom_fast_1p32V_m40C/tt_um_rumcajs__nom_fast_1p32V_m40C.sdf:2263: Could not find intermodpath!
SDF ERROR: runs/single_key_wipe_p80_h0/final/sdf/nom_fast_1p32V_m40C/tt_um_rumcajs__nom_fast_1p32V_m40C.sdf:2264: Could not find intermodpath!
SDF ERROR: runs/single_key_wipe_p80_h0/final/sdf/nom_fast_1p32V_m40C/tt_um_rumcajs__nom_fast_1p32V_m40C.sdf:2265: Could not find intermodpath!
SDF ERROR: runs/single_key_wipe_p80_h0/final/sdf/nom_fast_1p32V_m40C/tt_um_rumcajs__nom_fast_1p32V_m40C.sdf:2266: Could not find intermodpath!
SDF ERROR: runs/single_key_wipe_p80_h0/final/sdf/nom_fast_1p32V_m40C/tt_um_rumcajs__nom_fast_1p32V_m40C.sdf:2267: Could not find intermodpath!
SDF ERROR: runs/single_key_wipe_p80_h0/final/sdf/nom_fast_1p32V_m40C/tt_um_rumcajs__nom_fast_1p32V_m40C.sdf:2268: Could not find intermodpath!
SDF ERROR: runs/single_key_wipe_p80_h0/final/sdf/nom_fast_1p32V_m40C/tt_um_rumcajs__nom_fast_1p32V_m40C.sdf:2269: Could not find intermodpath!
SDF ERROR: runs/single_key_wipe_p80_h0/final/sdf/nom_fast_1p32V_m40C/tt_um_rumcajs__nom_fast_1p32V_m40C.sdf:2270: Could not find intermodpath!
SDF ERROR: runs/single_key_wipe_p80_h0/final/sdf/nom_fast_1p32V_m40C/tt_um_rumcajs__nom_fast_1p32V_m40C.sdf:2271: Could not find intermodpath!
SDF ERROR: runs/single_key_wipe_p80_h0/final/sdf/nom_fast_1p32V_m40C/tt_um_rumcajs__nom_fast_1p32V_m40C.sdf:2272: Could not find intermodpath!
SDF ERROR: runs/single_key_wipe_p80_h0/final/sdf/nom_fast_1p32V_m40C/tt_um_rumcajs__nom_fast_1p32V_m40C.sdf:2273: Could not find intermodpath!
SDF ERROR: runs/single_key_wipe_p80_h0/final/sdf/nom_fast_1p32V_m40C/tt_um_rumcajs__nom_fast_1p32V_m40C.sdf:2274: Could not find intermodpath!
SDF ERROR: runs/single_key_wipe_p80_h0/final/sdf/nom_fast_1p32V_m40C/tt_um_rumcajs__nom_fast_1p32V_m40C.sdf:2275: Could not find intermodpath!
SDF ERROR: runs/single_key_wipe_p80_h0/final/sdf/nom_fast_1p32V_m40C/tt_um_rumcajs__nom_fast_1p32V_m40C.sdf:2276: Could not find intermodpath!
SDF ERROR: runs/single_key_wipe_p80_h0/final/sdf/nom_fast_1p32V_m40C/tt_um_rumcajs__nom_fast_1p32V_m40C.sdf:2277: Could not find intermodpath!
SDF ERROR: runs/single_key_wipe_p80_h0/final/sdf/nom_fast_1p32V_m40C/tt_um_rumcajs__nom_fast_1p32V_m40C.sdf:2278: Could not find intermodpath!
SDF ERROR: runs/single_key_wipe_p80_h0/final/sdf/nom_fast_1p32V_m40C/tt_um_rumcajs__nom_fast_1p32V_m40C.sdf:2279: Could not find intermodpath!
SDF ERROR: runs/single_key_wipe_p80_h0/final/sdf/nom_fast_1p32V_m40C/tt_um_rumcajs__nom_fast_1p32V_m40C.sdf:2280: Could not find intermodpath!
SDF ERROR: runs/single_key_wipe_p80_h0/final/sdf/nom_fast_1p32V_m40C/tt_um_rumcajs__nom_fast_1p32V_m40C.sdf:2281: Could not find intermodpath!
SDF ERROR: runs/single_key_wipe_p80_h0/final/sdf/nom_fast_1p32V_m40C/tt_um_rumcajs__nom_fast_1p32V_m40C.sdf:2282: Could not find intermodpath!
SDF ERROR: runs/single_key_wipe_p80_h0/final/sdf/nom_fast_1p32V_m40C/tt_um_rumcajs__nom_fast_1p32V_m40C.sdf:2283: Could not find intermodpath!
SDF ERROR: runs/single_key_wipe_p80_h0/final/sdf/nom_fast_1p32V_m40C/tt_um_rumcajs__nom_fast_1p32V_m40C.sdf:2284: Could not find intermodpath!
SDF ERROR: runs/single_key_wipe_p80_h0/final/sdf/nom_fast_1p32V_m40C/tt_um_rumcajs__nom_fast_1p32V_m40C.sdf:2285: Could not find intermodpath!
SDF ERROR: runs/single_key_wipe_p80_h0/final/sdf/Error: Could not find net. Did you run iverilog with '-ginterconnect'?
Error: Could not find net. Did you run iverilog with '-ginterconnect'?
Error: Could not find net. Did you run iverilog with '-ginterconnect'?
Error: Could not find net. Did you run iverilog with '-ginterconnect'?
Error: Could not find net. Did you run iverilog with '-ginterconnect'?
Error: Could not find net. Did you run iverilog with '-ginterconnect'?
Error: Could not find net. Did you run iverilog with '-ginterconnect'?
Error: Could not find net. Did you run iverilog with '-ginterconnect'?
Error: Could not find net. Did you run iverilog with '-ginterconnect'?
Error: Could not find net. Did you run iverilog with '-ginterconnect'?
Error: Could not find net. Did you run iverilog with '-ginterconnect'?
Error: Could not find net. Did you run iverilog with '-ginterconnect'?
Error: Could not find net. Did you run iverilog with '-ginterconnect'?
Error: Could not find net. Did you run iverilog with '-ginterconnect'?
Error: Could not find net. Did you run iverilog with '-ginterconnect'?
Error: Could not find net. Did you run iverilog with '-ginterconnect'?
Error: Could not find net. Did you run iverilog with '-ginterconnect'?
Error: Could not find net. Did you run iverilog with '-ginterconnect'?
Error: Could not find net. Did you run iverilog with '-ginterconnect'?
Error: Could not find net. Did you run iverilog with '-ginterconnect'?
Error: Could not find net. Did you run iverilog with '-ginterconnect'?
Error: Could not find net. Did you run iverilog with '-ginterconnect'?
Error: Could not find net. Did you run iverilog with '-ginterconnect'?
Error: Could not find net. Did you run iverilog with '-ginterconnect'?
Error: Could not find net. Did you run iverilog with '-ginterconnect'?
Error: Could not find net. Did you run iverilog with '-ginterconnect'?
Error: Could not find net. Did you run iverilog with '-ginterconnect'?
Error: Could not find net. Did you run iverilog with '-ginterconnect'?
nom_fast_1p32V_m40C/tt_um_rumcajs__nom_fast_1p32V_m40C.sdf:2286: Could not find intermodpath!
SDF ERROR: runs/single_key_wipe_p80_h0/final/sdf/nom_fast_1p32V_m40C/tt_um_rumcajs__nom_fast_1p32V_m40C.sdf:2287: Could not find intermodpath!
SDF ERROR: runs/single_key_wipe_p80_h0/final/sdf/nom_fast_1p32V_m40C/tt_um_rumcajs__nom_fast_1p32V_m40C.sdf:2288: Could not find intermodpath!
SDF ERROR: runs/single_key_wipe_p80_h0/final/sdf/nom_fast_1p32V_m40C/tt_um_rumcajs__nom_fast_1p32V_m40C.sdf:2289: Could not find intermodpath!
SDF ERROR: runs/single_key_wipe_p80_h0/final/sdf/nom_fast_1p32V_m40C/tt_um_rumcajs__nom_fast_1p32V_m40C.sdf:2290: Could not find intermodpath!
SDF ERROR: runs/single_key_wipe_p80_h0/final/sdf/nom_fast_1p32V_m40C/tt_um_rumcajs__nom_fast_1p32V_m40C.sdf:2291: Could not find intermodpath!
SDF ERROR: runs/single_key_wipe_p80_h0/final/sdf/nom_fast_1p32V_m40C/tt_um_rumcajs__nom_fast_1p32V_m40C.sdf:2292: Could not find intermodpath!
SDF ERROR: runs/single_key_wipe_p80_h0/final/sdf/nom_fast_1p32V_m40C/tt_um_rumcajs__nom_fast_1p32V_m40C.sdf:2293: Could not find intermodpath!
SDF ERROR: runs/single_key_wipe_p80_h0/final/sdf/nom_fast_1p32V_m40C/tt_um_rumcajs__nom_fast_1p32V_m40C.sdf:2294: Could not find intermodpath!
SDF ERROR: runs/single_key_wipe_p80_h0/final/sdf/nom_fast_1p32V_m40C/tt_um_rumcajs__nom_fast_1p32V_m40C.sdf:2295: Could not find intermodpath!
SDF ERROR: runs/single_key_wipe_p80_h0/final/sdf/nom_fast_1p32V_m40C/tt_um_rumcajs__nom_fast_1p32V_m40C.sdf:2296: Could not find intermodpath!
SDF ERROR: runs/single_key_wipe_p80_h0/final/sdf/nom_fast_1p32V_m40C/tt_um_rumcajs__nom_fast_1p32V_m40C.sdf:2297: Could not find intermodpath!
SDF ERROR: runs/single_key_wipe_p80_h0/final/sdf/nom_fast_1p32V_m40C/tt_um_rumcajs__nom_fast_1p32V_m40C.sdf:2298: Could not find intermodpath!
SDF ERROR: runs/single_key_wipe_p80_h0/final/sdf/nom_fast_1p32V_m40C/tt_um_rumcajs__nom_fast_1p32V_m40C.sdf:2299: Could not find intermodpath!
SDF ERROR: runs/single_key_wipe_p80_h0/final/sdf/nom_fast_1p32V_m40C/tt_um_rumcajs__nom_fast_1p32V_m40C.sdf:2300: Could not find intermodpath!
SDF ERROR: runs/single_key_wipe_p80_h0/final/sdf/nom_fast_1p32V_m40C/tt_um_rumcajs__nom_fast_1p32V_m40C.sdf:2301: Could not find intermodpath!
SDF ERROR: runs/single_key_wipe_p80_h0/final/sdf/nom_fast_1p32V_m40C/tt_um_rumcajs__nom_fast_1p32V_m40C.sdf:2302: Could not find intermodpath!
SDF ERROR: runs/single_key_wipe_p80_h0/final/sdf/nom_fast_1p32V_m40C/tt_um_rumcajs__nom_fast_1p32V_m40C.sdf:2303: Could not find intermodpath!
SDF ERROR: runs/single_key_wipe_p80_h0/final/sdf/nom_fast_1p32V_m40C/tt_um_rumcajs__nom_fast_1p32V_m40C.sdf:2304: Could not find intermodpath!
SDF ERROR: runs/single_key_wipe_p80_h0/final/sdf/nom_fast_1p32V_m40C/tt_um_rumcajs__nom_fast_1p32V_m40C.sdf:2305: Could not find intermodpath!
SDF ERROR: runs/single_key_wipe_p80_h0/final/sdf/nom_fast_1p32V_m40C/tt_um_rumcajs__nom_fast_1p32V_m40C.sdf:2306: Could not find intermodpath!
SDF ERROR: runs/single_key_wipe_p80_h0/final/sdf/nom_fast_1p32V_m40C/tt_um_rumcajs__nom_fast_1p32V_m40C.sdf:2307: Could not find intermodpath!
SDF ERROR: runs/single_key_wipe_p80_h0/final/sdf/nom_fast_1p32V_m40C/tt_um_rumcajs__nom_fast_1p32V_m40C.sdf:2308: Could not find intermodpath!
SDF ERROR: runs/single_key_wipe_p80_h0/final/sdf/nom_fast_1p32V_m40C/tt_um_rumcajs__nom_fast_1p32V_m40C.sdf:2309: Could not find intermodpath!
SDF ERROR: runs/single_key_wipe_p80_h0/final/sdf/nom_fast_1p32V_m40C/tt_um_rumcajs__nom_fast_1p32V_m40C.sdf:2310: Could not find intermodpath!
SDF ERROR: runs/single_key_wipe_p80_h0/final/sdf/nom_fast_1p32V_m40C/tt_um_rumcajs__nom_fast_1p32V_m40C.sdf:2311: Could not find intermodpath!
SDF ERROR: runs/single_key_wipe_p80_h0/final/sdf/nom_fast_1p32V_m40C/tt_um_rumcajs__nom_fast_1p32V_m40C.sdf:2312: Could not find intermodpath!
SDF ERROR: runs/single_key_wipe_p80_h0/final/sdf/nom_fast_1p32V_m40C/tt_um_rumcajs__nom_fast_1p32V_m40C.sdf:2313: Could not find intermodpath!
SDF ERROR: runs/single_key_wipe_p80_h0/final/sdf/nom_fast_1p32V_m40C/tt_um_rumcajs__nom_fast_1p32V_m40C.sdf:2314: Could not find intermodpathError: Could not find net. Did you run iverilog with '-ginterconnect'?
Error: Could not find net. Did you run iverilog with '-ginterconnect'?
Error: Could not find net. Did you run iverilog with '-ginterconnect'?
Error: Could not find net. Did you run iverilog with '-ginterconnect'?
Error: Could not find net. Did you run iverilog with '-ginterconnect'?
Error: Could not find net. Did you run iverilog with '-ginterconnect'?
Error: Could not find net. Did you run iverilog with '-ginterconnect'?
Error: Could not find net. Did you run iverilog with '-ginterconnect'?
Error: Could not find net. Did you run iverilog with '-ginterconnect'?
Error: Could not find net. Did you run iverilog with '-ginterconnect'?
Error: Could not find net. Did you run iverilog with '-ginterconnect'?
Error: Could not find net. Did you run iverilog with '-ginterconnect'?
Error: Could not find net. Did you run iverilog with '-ginterconnect'?
Error: Could not find net. Did you run iverilog with '-ginterconnect'?
Error: Could not find net. Did you run iverilog with '-ginterconnect'?
Error: Could not find net. Did you run iverilog with '-ginterconnect'?
Error: Could not find net. Did you run iverilog with '-ginterconnect'?
Error: Could not find net. Did you run iverilog with '-ginterconnect'?
Error: Could not find net. Did you run iverilog with '-ginterconnect'?
Error: Could not find net. Did you run iverilog with '-ginterconnect'?
Error: Could not find net. Did you run iverilog with '-ginterconnect'?
Error: Could not find net. Did you run iverilog with '-ginterconnect'?
Error: Could not find net. Did you run iverilog with '-ginterconnect'?
Error: Could not find net. Did you run iverilog with '-ginterconnect'?
Error: Could not find net. Did you run iverilog with '-ginterconnect'?
Error: Could not find net. Did you run iverilog with '-ginterconnect'?
Error: Could not find net. Did you run iverilog with '-ginterconnect'?
Error: Could not find net. Did you run iverilog with '-ginterconnect'?
Error: Could not find net. Did you run iverilog with '-ginterconnect'?
!
SDF ERROR: runs/single_key_wipe_p80_h0/final/sdf/nom_fast_1p32V_m40C/tt_um_rumcajs__nom_fast_1p32V_m40C.sdf:2315: Could not find intermodpath!
SDF ERROR: runs/single_key_wipe_p80_h0/final/sdf/nom_fast_1p32V_m40C/tt_um_rumcajs__nom_fast_1p32V_m40C.sdf:2316: Could not find intermodpath!
SDF ERROR: runs/single_key_wipe_p80_h0/final/sdf/nom_fast_1p32V_m40C/tt_um_rumcajs__nom_fast_1p32V_m40C.sdf:2317: Could not find intermodpath!
SDF ERROR: runs/single_key_wipe_p80_h0/final/sdf/nom_fast_1p32V_m40C/tt_um_rumcajs__nom_fast_1p32V_m40C.sdf:2318: Could not find intermodpath!
SDF ERROR: runs/single_key_wipe_p80_h0/final/sdf/nom_fast_1p32V_m40C/tt_um_rumcajs__nom_fast_1p32V_m40C.sdf:2319: Could not find intermodpath!
SDF ERROR: runs/single_key_wipe_p80_h0/final/sdf/nom_fast_1p32V_m40C/tt_um_rumcajs__nom_fast_1p32V_m40C.sdf:2320: Could not find intermodpath!
SDF ERROR: runs/single_key_wipe_p80_h0/final/sdf/nom_fast_1p32V_m40C/tt_um_rumcajs__nom_fast_1p32V_m40C.sdf:2321: Could not find intermodpath!
SDF ERROR: runs/single_key_wipe_p80_h0/final/sdf/nom_fast_1p32V_m40C/tt_um_rumcajs__nom_fast_1p32V_m40C.sdf:2322: Could not find intermodpath!
SDF ERROR: runs/single_key_wipe_p80_h0/final/sdf/nom_fast_1p32V_m40C/tt_um_rumcajs__nom_fast_1p32V_m40C.sdf:2323: Could not find intermodpath!
SDF ERROR: runs/single_key_wipe_p80_h0/final/sdf/nom_fast_1p32V_m40C/tt_um_rumcajs__nom_fast_1p32V_m40C.sdf:2324: Could not find intermodpath!
SDF ERROR: runs/single_key_wipe_p80_h0/final/sdf/nom_fast_1p32V_m40C/tt_um_rumcajs__nom_fast_1p32V_m40C.sdf:2325: Could not find intermodpath!
SDF ERROR: runs/single_key_wipe_p80_h0/final/sdf/nom_fast_1p32V_m40C/tt_um_rumcajs__nom_fast_1p32V_m40C.sdf:2326: Could not find intermodpath!
SDF ERROR: runs/single_key_wipe_p80_h0/final/sdf/nom_fast_1p32V_m40C/tt_um_rumcajs__nom_fast_1p32V_m40C.sdf:2327: Could not find intermodpath!
SDF ERROR: runs/single_key_wipe_p80_h0/final/sdf/nom_fast_1p32V_m40C/tt_um_rumcajs__nom_fast_1p32V_m40C.sdf:2328: Could not find intermodpath!
SDF ERROR: runs/single_key_wipe_p80_h0/final/sdf/nom_fast_1p32V_m40C/tt_um_rumcajs__nom_fast_1p32V_m40C.sdf:2329: Could not find intermodpath!
SDF ERROR: runs/single_key_wipe_p80_h0/final/sdf/nom_fast_1p32V_m40C/tt_um_rumcajs__nom_fast_1p32V_m40C.sdf:2330: Could not find intermodpath!
SDF ERROR: runs/single_key_wipe_p80_h0/final/sdf/nom_fast_1p32V_m40C/tt_um_rumcajs__nom_fast_1p32V_m40C.sdf:2331: Could not find intermodpath!
SDF ERROR: runs/single_key_wipe_p80_h0/final/sdf/nom_fast_1p32V_m40C/tt_um_rumcajs__nom_fast_1p32V_m40C.sdf:2332: Could not find intermodpath!
SDF ERROR: runs/single_key_wipe_p80_h0/final/sdf/nom_fast_1p32V_m40C/tt_um_rumcajs__nom_fast_1p32V_m40C.sdf:2333: Could not find intermodpath!
SDF ERROR: runs/single_key_wipe_p80_h0/final/sdf/nom_fast_1p32V_m40C/tt_um_rumcajs__nom_fast_1p32V_m40C.sdf:2334: Could not find intermodpath!
SDF ERROR: runs/single_key_wipe_p80_h0/final/sdf/nom_fast_1p32V_m40C/tt_um_rumcajs__nom_fast_1p32V_m40C.sdf:2335: Could not find intermodpath!
SDF ERROR: runs/single_key_wipe_p80_h0/final/sdf/nom_fast_1p32V_m40C/tt_um_rumcajs__nom_fast_1p32V_m40C.sdf:2336: Could not find intermodpath!
SDF ERROR: runs/single_key_wipe_p80_h0/final/sdf/nom_fast_1p32V_m40C/tt_um_rumcajs__nom_fast_1p32V_m40C.sdf:2337: Could not find intermodpath!
SDF ERROR: runs/single_key_wipe_p80_h0/final/sdf/nom_fast_1p32V_m40C/tt_um_rumcajs__nom_fast_1p32V_m40C.sdf:2338: Could not find intermodpath!
SDF ERROR: runs/single_key_wipe_p80_h0/final/sdf/nom_fast_1p32V_m40C/tt_um_rumcajs__nom_fast_1p32V_m40C.sdf:2339: Could not find intermodpath!
SDF ERROR: runs/single_key_wipe_p80_h0/final/sdf/nom_fast_1p32V_m40C/tt_um_rumcajs__nom_fast_1p32V_m40C.sdf:2340: Could not find intermodpath!
SDF ERROR: runs/single_key_wipe_p80_h0/final/sdf/nom_fast_1p32V_m40C/tt_um_rumcajs__nom_fast_1p32V_m40C.sdf:2341: Could not find intermodpath!
SDF ERROR: runs/single_key_wipe_p80_h0/final/sdf/nom_fast_1p32V_m40C/tt_um_rumcajs__nom_fast_1p32V_m40C.sdf:2342: Could not find intermodpath!
SDF ERROR: runs/single_key_wipe_p80_h0/final/sdf/nom_fast_1p32V_m40C/tt_um_rumcajs__nom_faError: Could not find net. Did you run iverilog with '-ginterconnect'?
Error: Could not find net. Did you run iverilog with '-ginterconnect'?
Error: Could not find net. Did you run iverilog with '-ginterconnect'?
Error: Could not find net. Did you run iverilog with '-ginterconnect'?
Error: Could not find net. Did you run iverilog with '-ginterconnect'?
Error: Could not find net. Did you run iverilog with '-ginterconnect'?
Error: Could not find net. Did you run iverilog with '-ginterconnect'?
Error: Could not find net. Did you run iverilog with '-ginterconnect'?
Error: Could not find net. Did you run iverilog with '-ginterconnect'?
Error: Could not find net. Did you run iverilog with '-ginterconnect'?
Error: Could not find net. Did you run iverilog with '-ginterconnect'?
Error: Could not find net. Did you run iverilog with '-ginterconnect'?
Error: Could not find net. Did you run iverilog with '-ginterconnect'?
Error: Could not find net. Did you run iverilog with '-ginterconnect'?
Error: Could not find net. Did you run iverilog with '-ginterconnect'?
Error: Could not find net. Did you run iverilog with '-ginterconnect'?
Error: Could not find net. Did you run iverilog with '-ginterconnect'?
Error: Could not find net. Did you run iverilog with '-ginterconnect'?
Error: Could not find net. Did you run iverilog with '-ginterconnect'?
Error: Could not find net. Did you run iverilog with '-ginterconnect'?
Error: Could not find net. Did you run iverilog with '-ginterconnect'?
Error: Could not find net. Did you run iverilog with '-ginterconnect'?
Error: Could not find net. Did you run iverilog with '-ginterconnect'?
Error: Could not find net. Did you run iverilog with '-ginterconnect'?
Error: Could not find net. Did you run iverilog with '-ginterconnect'?
Error: Could not find net. Did you run iverilog with '-ginterconnect'?
Error: Could not find net. Did you run iverilog with '-ginterconnect'?
Error: Could not find net. Did you run iverilog with '-ginterconnect'?
Error: Could not find net. Did you run iverilog with '-ginterconnect'?
st_1p32V_m40C.sdf:2343: Could not find intermodpath!
SDF ERROR: runs/single_key_wipe_p80_h0/final/sdf/nom_fast_1p32V_m40C/tt_um_rumcajs__nom_fast_1p32V_m40C.sdf:2344: Could not find intermodpath!
SDF ERROR: runs/single_key_wipe_p80_h0/final/sdf/nom_fast_1p32V_m40C/tt_um_rumcajs__nom_fast_1p32V_m40C.sdf:2345: Could not find intermodpath!
SDF ERROR: runs/single_key_wipe_p80_h0/final/sdf/nom_fast_1p32V_m40C/tt_um_rumcajs__nom_fast_1p32V_m40C.sdf:2346: Could not find intermodpath!
SDF ERROR: runs/single_key_wipe_p80_h0/final/sdf/nom_fast_1p32V_m40C/tt_um_rumcajs__nom_fast_1p32V_m40C.sdf:2347: Could not find intermodpath!
SDF ERROR: runs/single_key_wipe_p80_h0/final/sdf/nom_fast_1p32V_m40C/tt_um_rumcajs__nom_fast_1p32V_m40C.sdf:2348: Could not find intermodpath!
SDF ERROR: runs/single_key_wipe_p80_h0/final/sdf/nom_fast_1p32V_m40C/tt_um_rumcajs__nom_fast_1p32V_m40C.sdf:2349: Could not find intermodpath!
SDF ERROR: runs/single_key_wipe_p80_h0/final/sdf/nom_fast_1p32V_m40C/tt_um_rumcajs__nom_fast_1p32V_m40C.sdf:2350: Could not find intermodpath!
SDF ERROR: runs/single_key_wipe_p80_h0/final/sdf/nom_fast_1p32V_m40C/tt_um_rumcajs__nom_fast_1p32V_m40C.sdf:2351: Could not find intermodpath!
SDF ERROR: runs/single_key_wipe_p80_h0/final/sdf/nom_fast_1p32V_m40C/tt_um_rumcajs__nom_fast_1p32V_m40C.sdf:2352: Could not find intermodpath!
SDF ERROR: runs/single_key_wipe_p80_h0/final/sdf/nom_fast_1p32V_m40C/tt_um_rumcajs__nom_fast_1p32V_m40C.sdf:2353: Could not find intermodpath!
SDF ERROR: runs/single_key_wipe_p80_h0/final/sdf/nom_fast_1p32V_m40C/tt_um_rumcajs__nom_fast_1p32V_m40C.sdf:2354: Could not find intermodpath!
SDF ERROR: runs/single_key_wipe_p80_h0/final/sdf/nom_fast_1p32V_m40C/tt_um_rumcajs__nom_fast_1p32V_m40C.sdf:2355: Could not find intermodpath!
SDF ERROR: runs/single_key_wipe_p80_h0/final/sdf/nom_fast_1p32V_m40C/tt_um_rumcajs__nom_fast_1p32V_m40C.sdf:2356: Could not find intermodpath!
SDF ERROR: runs/single_key_wipe_p80_h0/final/sdf/nom_fast_1p32V_m40C/tt_um_rumcajs__nom_fast_1p32V_m40C.sdf:2357: Could not find intermodpath!
SDF ERROR: runs/single_key_wipe_p80_h0/final/sdf/nom_fast_1p32V_m40C/tt_um_rumcajs__nom_fast_1p32V_m40C.sdf:2358: Could not find intermodpath!
SDF ERROR: runs/single_key_wipe_p80_h0/final/sdf/nom_fast_1p32V_m40C/tt_um_rumcajs__nom_fast_1p32V_m40C.sdf:2359: Could not find intermodpath!
SDF ERROR: runs/single_key_wipe_p80_h0/final/sdf/nom_fast_1p32V_m40C/tt_um_rumcajs__nom_fast_1p32V_m40C.sdf:2360: Could not find intermodpath!
SDF ERROR: runs/single_key_wipe_p80_h0/final/sdf/nom_fast_1p32V_m40C/tt_um_rumcajs__nom_fast_1p32V_m40C.sdf:2361: Could not find intermodpath!
SDF ERROR: runs/single_key_wipe_p80_h0/final/sdf/nom_fast_1p32V_m40C/tt_um_rumcajs__nom_fast_1p32V_m40C.sdf:2362: Could not find intermodpath!
SDF ERROR: runs/single_key_wipe_p80_h0/final/sdf/nom_fast_1p32V_m40C/tt_um_rumcajs__nom_fast_1p32V_m40C.sdf:2363: Could not find intermodpath!
SDF ERROR: runs/single_key_wipe_p80_h0/final/sdf/nom_fast_1p32V_m40C/tt_um_rumcajs__nom_fast_1p32V_m40C.sdf:2364: Could not find intermodpath!
SDF ERROR: runs/single_key_wipe_p80_h0/final/sdf/nom_fast_1p32V_m40C/tt_um_rumcajs__nom_fast_1p32V_m40C.sdf:2365: Could not find intermodpath!
SDF ERROR: runs/single_key_wipe_p80_h0/final/sdf/nom_fast_1p32V_m40C/tt_um_rumcajs__nom_fast_1p32V_m40C.sdf:2366: Could not find intermodpath!
SDF ERROR: runs/single_key_wipe_p80_h0/final/sdf/nom_fast_1p32V_m40C/tt_um_rumcajs__nom_fast_1p32V_m40C.sdf:2367: Could not find intermodpath!
SDF ERROR: runs/single_key_wipe_p80_h0/final/sdf/nom_fast_1p32V_m40C/tt_um_rumcajs__nom_fast_1p32V_m40C.sdf:2368: Could not find intermodpath!
SDF ERROR: runs/single_key_wipe_p80_h0/final/sdf/nom_fast_1p32V_m40C/tt_um_rumcajs__nom_fast_1p32V_m40C.sdf:2369: Could not find intermodpath!
SDF ERROR: runs/single_key_wipe_p80_h0/final/sdf/nom_fast_1p32V_m40C/tt_um_rumcajs__nom_fast_1p32V_m40C.sdf:2370: Could not find intermodpath!
SDF ERROR: runs/single_key_wipe_p80_h0/final/sdf/nom_fast_1p32V_m40C/tt_um_rumcajs__nom_fast_1p32V_m40C.sdf:2371: Could not find intermodpath!
SDF ERROR: runs/single_key_wipe_p80_h0/Error: Could not find net. Did you run iverilog with '-ginterconnect'?
Error: Could not find net. Did you run iverilog with '-ginterconnect'?
Error: Could not find net. Did you run iverilog with '-ginterconnect'?
Error: Could not find net. Did you run iverilog with '-ginterconnect'?
Error: Could not find net. Did you run iverilog with '-ginterconnect'?
Error: Could not find net. Did you run iverilog with '-ginterconnect'?
Error: Could not find net. Did you run iverilog with '-ginterconnect'?
Error: Could not find net. Did you run iverilog with '-ginterconnect'?
Error: Could not find net. Did you run iverilog with '-ginterconnect'?
Error: Could not find net. Did you run iverilog with '-ginterconnect'?
Error: Could not find net. Did you run iverilog with '-ginterconnect'?
Error: Could not find net. Did you run iverilog with '-ginterconnect'?
Error: Could not find net. Did you run iverilog with '-ginterconnect'?
Error: Could not find net. Did you run iverilog with '-ginterconnect'?
Error: Could not find net. Did you run iverilog with '-ginterconnect'?
Error: Could not find net. Did you run iverilog with '-ginterconnect'?
Error: Could not find net. Did you run iverilog with '-ginterconnect'?
Error: Could not find net. Did you run iverilog with '-ginterconnect'?
Error: Could not find net. Did you run iverilog with '-ginterconnect'?
Error: Could not find net. Did you run iverilog with '-ginterconnect'?
Error: Could not find net. Did you run iverilog with '-ginterconnect'?
Error: Could not find net. Did you run iverilog with '-ginterconnect'?
Error: Could not find net. Did you run iverilog with '-ginterconnect'?
Error: Could not find net. Did you run iverilog with '-ginterconnect'?
Error: Could not find net. Did you run iverilog with '-ginterconnect'?
Error: Could not find net. Did you run iverilog with '-ginterconnect'?
Error: Could not find net. Did you run iverilog with '-ginterconnect'?
Error: Could not find net. Did you run iverilog with '-ginterconnect'?
final/sdf/nom_fast_1p32V_m40C/tt_um_rumcajs__nom_fast_1p32V_m40C.sdf:2372: Could not find intermodpath!
SDF ERROR: runs/single_key_wipe_p80_h0/final/sdf/nom_fast_1p32V_m40C/tt_um_rumcajs__nom_fast_1p32V_m40C.sdf:2373: Could not find intermodpath!
SDF ERROR: runs/single_key_wipe_p80_h0/final/sdf/nom_fast_1p32V_m40C/tt_um_rumcajs__nom_fast_1p32V_m40C.sdf:2374: Could not find intermodpath!
SDF ERROR: runs/single_key_wipe_p80_h0/final/sdf/nom_fast_1p32V_m40C/tt_um_rumcajs__nom_fast_1p32V_m40C.sdf:2375: Could not find intermodpath!
SDF ERROR: runs/single_key_wipe_p80_h0/final/sdf/nom_fast_1p32V_m40C/tt_um_rumcajs__nom_fast_1p32V_m40C.sdf:2376: Could not find intermodpath!
SDF ERROR: runs/single_key_wipe_p80_h0/final/sdf/nom_fast_1p32V_m40C/tt_um_rumcajs__nom_fast_1p32V_m40C.sdf:2377: Could not find intermodpath!
SDF ERROR: runs/single_key_wipe_p80_h0/final/sdf/nom_fast_1p32V_m40C/tt_um_rumcajs__nom_fast_1p32V_m40C.sdf:2378: Could not find intermodpath!
SDF ERROR: runs/single_key_wipe_p80_h0/final/sdf/nom_fast_1p32V_m40C/tt_um_rumcajs__nom_fast_1p32V_m40C.sdf:2379: Could not find intermodpath!
SDF ERROR: runs/single_key_wipe_p80_h0/final/sdf/nom_fast_1p32V_m40C/tt_um_rumcajs__nom_fast_1p32V_m40C.sdf:2380: Could not find intermodpath!
SDF ERROR: runs/single_key_wipe_p80_h0/final/sdf/nom_fast_1p32V_m40C/tt_um_rumcajs__nom_fast_1p32V_m40C.sdf:2381: Could not find intermodpath!
SDF ERROR: runs/single_key_wipe_p80_h0/final/sdf/nom_fast_1p32V_m40C/tt_um_rumcajs__nom_fast_1p32V_m40C.sdf:2382: Could not find intermodpath!
SDF ERROR: runs/single_key_wipe_p80_h0/final/sdf/nom_fast_1p32V_m40C/tt_um_rumcajs__nom_fast_1p32V_m40C.sdf:2383: Could not find intermodpath!
SDF ERROR: runs/single_key_wipe_p80_h0/final/sdf/nom_fast_1p32V_m40C/tt_um_rumcajs__nom_fast_1p32V_m40C.sdf:2384: Could not find intermodpath!
SDF ERROR: runs/single_key_wipe_p80_h0/final/sdf/nom_fast_1p32V_m40C/tt_um_rumcajs__nom_fast_1p32V_m40C.sdf:2385: Could not find intermodpath!
SDF ERROR: runs/single_key_wipe_p80_h0/final/sdf/nom_fast_1p32V_m40C/tt_um_rumcajs__nom_fast_1p32V_m40C.sdf:2386: Could not find intermodpath!
SDF ERROR: runs/single_key_wipe_p80_h0/final/sdf/nom_fast_1p32V_m40C/tt_um_rumcajs__nom_fast_1p32V_m40C.sdf:2387: Could not find intermodpath!
SDF ERROR: runs/single_key_wipe_p80_h0/final/sdf/nom_fast_1p32V_m40C/tt_um_rumcajs__nom_fast_1p32V_m40C.sdf:2388: Could not find intermodpath!
SDF ERROR: runs/single_key_wipe_p80_h0/final/sdf/nom_fast_1p32V_m40C/tt_um_rumcajs__nom_fast_1p32V_m40C.sdf:2389: Could not find intermodpath!
SDF ERROR: runs/single_key_wipe_p80_h0/final/sdf/nom_fast_1p32V_m40C/tt_um_rumcajs__nom_fast_1p32V_m40C.sdf:2390: Could not find intermodpath!
SDF ERROR: runs/single_key_wipe_p80_h0/final/sdf/nom_fast_1p32V_m40C/tt_um_rumcajs__nom_fast_1p32V_m40C.sdf:2391: Could not find intermodpath!
SDF ERROR: runs/single_key_wipe_p80_h0/final/sdf/nom_fast_1p32V_m40C/tt_um_rumcajs__nom_fast_1p32V_m40C.sdf:2392: Could not find intermodpath!
SDF ERROR: runs/single_key_wipe_p80_h0/final/sdf/nom_fast_1p32V_m40C/tt_um_rumcajs__nom_fast_1p32V_m40C.sdf:2393: Could not find intermodpath!
SDF ERROR: runs/single_key_wipe_p80_h0/final/sdf/nom_fast_1p32V_m40C/tt_um_rumcajs__nom_fast_1p32V_m40C.sdf:2394: Could not find intermodpath!
SDF ERROR: runs/single_key_wipe_p80_h0/final/sdf/nom_fast_1p32V_m40C/tt_um_rumcajs__nom_fast_1p32V_m40C.sdf:2395: Could not find intermodpath!
SDF ERROR: runs/single_key_wipe_p80_h0/final/sdf/nom_fast_1p32V_m40C/tt_um_rumcajs__nom_fast_1p32V_m40C.sdf:2396: Could not find intermodpath!
SDF ERROR: runs/single_key_wipe_p80_h0/final/sdf/nom_fast_1p32V_m40C/tt_um_rumcajs__nom_fast_1p32V_m40C.sdf:2397: Could not find intermodpath!
SDF ERROR: runs/single_key_wipe_p80_h0/final/sdf/nom_fast_1p32V_m40C/tt_um_rumcajs__nom_fast_1p32V_m40C.sdf:2398: Could not find intermodpath!
SDF ERROR: runs/single_key_wipe_p80_h0/final/sdf/nom_fast_1p32V_m40C/tt_um_rumcajs__nom_fast_1p32V_m40C.sdf:2399: Could not find intermodpath!
SDF ERROR: runs/single_key_wipe_p80_h0/final/sdf/nom_fast_1p32V_m40C/tt_um_rumcajs__nom_fast_1p32V_m40C.sdf:2400: Could not find inError: Could not find net. Did you run iverilog with '-ginterconnect'?
Error: Could not find net. Did you run iverilog with '-ginterconnect'?
Error: Could not find net. Did you run iverilog with '-ginterconnect'?
Error: Could not find net. Did you run iverilog with '-ginterconnect'?
Error: Could not find net. Did you run iverilog with '-ginterconnect'?
Error: Could not find net. Did you run iverilog with '-ginterconnect'?
Error: Could not find net. Did you run iverilog with '-ginterconnect'?
Error: Could not find net. Did you run iverilog with '-ginterconnect'?
Error: Could not find net. Did you run iverilog with '-ginterconnect'?
Error: Could not find net. Did you run iverilog with '-ginterconnect'?
Error: Could not find net. Did you run iverilog with '-ginterconnect'?
Error: Could not find net. Did you run iverilog with '-ginterconnect'?
Error: Could not find net. Did you run iverilog with '-ginterconnect'?
Error: Could not find net. Did you run iverilog with '-ginterconnect'?
Error: Could not find net. Did you run iverilog with '-ginterconnect'?
Error: Could not find net. Did you run iverilog with '-ginterconnect'?
Error: Could not find net. Did you run iverilog with '-ginterconnect'?
Error: Could not find net. Did you run iverilog with '-ginterconnect'?
Error: Could not find net. Did you run iverilog with '-ginterconnect'?
Error: Could not find net. Did you run iverilog with '-ginterconnect'?
Error: Could not find net. Did you run iverilog with '-ginterconnect'?
Error: Could not find net. Did you run iverilog with '-ginterconnect'?
Error: Could not find net. Did you run iverilog with '-ginterconnect'?
Error: Could not find net. Did you run iverilog with '-ginterconnect'?
Error: Could not find net. Did you run iverilog with '-ginterconnect'?
Error: Could not find net. Did you run iverilog with '-ginterconnect'?
Error: Could not find net. Did you run iverilog with '-ginterconnect'?
Error: Could not find net. Did you run iverilog with '-ginterconnect'?
Error: Could not find net. Did you run iverilog with '-ginterconnect'?
termodpath!
SDF ERROR: runs/single_key_wipe_p80_h0/final/sdf/nom_fast_1p32V_m40C/tt_um_rumcajs__nom_fast_1p32V_m40C.sdf:2401: Could not find intermodpath!
SDF ERROR: runs/single_key_wipe_p80_h0/final/sdf/nom_fast_1p32V_m40C/tt_um_rumcajs__nom_fast_1p32V_m40C.sdf:2402: Could not find intermodpath!
SDF ERROR: runs/single_key_wipe_p80_h0/final/sdf/nom_fast_1p32V_m40C/tt_um_rumcajs__nom_fast_1p32V_m40C.sdf:2403: Could not find intermodpath!
SDF ERROR: runs/single_key_wipe_p80_h0/final/sdf/nom_fast_1p32V_m40C/tt_um_rumcajs__nom_fast_1p32V_m40C.sdf:2404: Could not find intermodpath!
SDF ERROR: runs/single_key_wipe_p80_h0/final/sdf/nom_fast_1p32V_m40C/tt_um_rumcajs__nom_fast_1p32V_m40C.sdf:2405: Could not find intermodpath!
SDF ERROR: runs/single_key_wipe_p80_h0/final/sdf/nom_fast_1p32V_m40C/tt_um_rumcajs__nom_fast_1p32V_m40C.sdf:2406: Could not find intermodpath!
SDF ERROR: runs/single_key_wipe_p80_h0/final/sdf/nom_fast_1p32V_m40C/tt_um_rumcajs__nom_fast_1p32V_m40C.sdf:2407: Could not find intermodpath!
SDF ERROR: runs/single_key_wipe_p80_h0/final/sdf/nom_fast_1p32V_m40C/tt_um_rumcajs__nom_fast_1p32V_m40C.sdf:2408: Could not find intermodpath!
SDF ERROR: runs/single_key_wipe_p80_h0/final/sdf/nom_fast_1p32V_m40C/tt_um_rumcajs__nom_fast_1p32V_m40C.sdf:2409: Could not find intermodpath!
SDF ERROR: runs/single_key_wipe_p80_h0/final/sdf/nom_fast_1p32V_m40C/tt_um_rumcajs__nom_fast_1p32V_m40C.sdf:2410: Could not find intermodpath!
SDF ERROR: runs/single_key_wipe_p80_h0/final/sdf/nom_fast_1p32V_m40C/tt_um_rumcajs__nom_fast_1p32V_m40C.sdf:2411: Could not find intermodpath!
SDF ERROR: runs/single_key_wipe_p80_h0/final/sdf/nom_fast_1p32V_m40C/tt_um_rumcajs__nom_fast_1p32V_m40C.sdf:2412: Could not find intermodpath!
SDF ERROR: runs/single_key_wipe_p80_h0/final/sdf/nom_fast_1p32V_m40C/tt_um_rumcajs__nom_fast_1p32V_m40C.sdf:2413: Could not find intermodpath!
SDF ERROR: runs/single_key_wipe_p80_h0/final/sdf/nom_fast_1p32V_m40C/tt_um_rumcajs__nom_fast_1p32V_m40C.sdf:2414: Could not find intermodpath!
SDF ERROR: runs/single_key_wipe_p80_h0/final/sdf/nom_fast_1p32V_m40C/tt_um_rumcajs__nom_fast_1p32V_m40C.sdf:2415: Could not find intermodpath!
SDF ERROR: runs/single_key_wipe_p80_h0/final/sdf/nom_fast_1p32V_m40C/tt_um_rumcajs__nom_fast_1p32V_m40C.sdf:2416: Could not find intermodpath!
SDF ERROR: runs/single_key_wipe_p80_h0/final/sdf/nom_fast_1p32V_m40C/tt_um_rumcajs__nom_fast_1p32V_m40C.sdf:2417: Could not find intermodpath!
SDF ERROR: runs/single_key_wipe_p80_h0/final/sdf/nom_fast_1p32V_m40C/tt_um_rumcajs__nom_fast_1p32V_m40C.sdf:2418: Could not find intermodpath!
SDF ERROR: runs/single_key_wipe_p80_h0/final/sdf/nom_fast_1p32V_m40C/tt_um_rumcajs__nom_fast_1p32V_m40C.sdf:2419: Could not find intermodpath!
SDF ERROR: runs/single_key_wipe_p80_h0/final/sdf/nom_fast_1p32V_m40C/tt_um_rumcajs__nom_fast_1p32V_m40C.sdf:2420: Could not find intermodpath!
SDF ERROR: runs/single_key_wipe_p80_h0/final/sdf/nom_fast_1p32V_m40C/tt_um_rumcajs__nom_fast_1p32V_m40C.sdf:2421: Could not find intermodpath!
SDF ERROR: runs/single_key_wipe_p80_h0/final/sdf/nom_fast_1p32V_m40C/tt_um_rumcajs__nom_fast_1p32V_m40C.sdf:2422: Could not find intermodpath!
SDF ERROR: runs/single_key_wipe_p80_h0/final/sdf/nom_fast_1p32V_m40C/tt_um_rumcajs__nom_fast_1p32V_m40C.sdf:2423: Could not find intermodpath!
SDF ERROR: runs/single_key_wipe_p80_h0/final/sdf/nom_fast_1p32V_m40C/tt_um_rumcajs__nom_fast_1p32V_m40C.sdf:2424: Could not find intermodpath!
SDF ERROR: runs/single_key_wipe_p80_h0/final/sdf/nom_fast_1p32V_m40C/tt_um_rumcajs__nom_fast_1p32V_m40C.sdf:2425: Could not find intermodpath!
SDF ERROR: runs/single_key_wipe_p80_h0/final/sdf/nom_fast_1p32V_m40C/tt_um_rumcajs__nom_fast_1p32V_m40C.sdf:2426: Could not find intermodpath!
SDF ERROR: runs/single_key_wipe_p80_h0/final/sdf/nom_fast_1p32V_m40C/tt_um_rumcajs__nom_fast_1p32V_m40C.sdf:2427: Could not find intermodpath!
SDF ERROR: runs/single_key_wipe_p80_h0/final/sdf/nom_fast_1p32V_m40C/tt_um_rumcajs__nom_fast_1p32V_m40C.sdf:2428: Could not find intermodpath!
SDF ERROR: runs/single_key_wipe_p80_h0/final/sdf/nom_fast_1p32V_m40C/tt_um_rumcaError: Could not find net. Did you run iverilog with '-ginterconnect'?
Error: Could not find net. Did you run iverilog with '-ginterconnect'?
Error: Could not find net. Did you run iverilog with '-ginterconnect'?
Error: Could not find net. Did you run iverilog with '-ginterconnect'?
Error: Could not find net. Did you run iverilog with '-ginterconnect'?
Error: Could not find net. Did you run iverilog with '-ginterconnect'?
Error: Could not find net. Did you run iverilog with '-ginterconnect'?
Error: Could not find net. Did you run iverilog with '-ginterconnect'?
Error: Could not find net. Did you run iverilog with '-ginterconnect'?
Error: Could not find net. Did you run iverilog with '-ginterconnect'?
Error: Could not find net. Did you run iverilog with '-ginterconnect'?
Error: Could not find net. Did you run iverilog with '-ginterconnect'?
Error: Could not find net. Did you run iverilog with '-ginterconnect'?
Error: Could not find net. Did you run iverilog with '-ginterconnect'?
Error: Could not find net. Did you run iverilog with '-ginterconnect'?
Error: Could not find net. Did you run iverilog with '-ginterconnect'?
Error: Could not find net. Did you run iverilog with '-ginterconnect'?
Error: Could not find net. Did you run iverilog with '-ginterconnect'?
Error: Could not find net. Did you run iverilog with '-ginterconnect'?
Error: Could not find net. Did you run iverilog with '-ginterconnect'?
Error: Could not find net. Did you run iverilog with '-ginterconnect'?
Error: Could not find net. Did you run iverilog with '-ginterconnect'?
Error: Could not find net. Did you run iverilog with '-ginterconnect'?
Error: Could not find net. Did you run iverilog with '-ginterconnect'?
Error: Could not find net. Did you run iverilog with '-ginterconnect'?
Error: Could not find net. Did you run iverilog with '-ginterconnect'?
Error: Could not find net. Did you run iverilog with '-ginterconnect'?
Error: Could not find net. Did you run iverilog with '-ginterconnect'?
Error: Could not find net. Did you run iverilog with '-ginterconnect'?
js__nom_fast_1p32V_m40C.sdf:2429: Could not find intermodpath!
SDF ERROR: runs/single_key_wipe_p80_h0/final/sdf/nom_fast_1p32V_m40C/tt_um_rumcajs__nom_fast_1p32V_m40C.sdf:2430: Could not find intermodpath!
SDF ERROR: runs/single_key_wipe_p80_h0/final/sdf/nom_fast_1p32V_m40C/tt_um_rumcajs__nom_fast_1p32V_m40C.sdf:2431: Could not find intermodpath!
SDF ERROR: runs/single_key_wipe_p80_h0/final/sdf/nom_fast_1p32V_m40C/tt_um_rumcajs__nom_fast_1p32V_m40C.sdf:2432: Could not find intermodpath!
SDF ERROR: runs/single_key_wipe_p80_h0/final/sdf/nom_fast_1p32V_m40C/tt_um_rumcajs__nom_fast_1p32V_m40C.sdf:2433: Could not find intermodpath!
SDF ERROR: runs/single_key_wipe_p80_h0/final/sdf/nom_fast_1p32V_m40C/tt_um_rumcajs__nom_fast_1p32V_m40C.sdf:2434: Could not find intermodpath!
SDF ERROR: runs/single_key_wipe_p80_h0/final/sdf/nom_fast_1p32V_m40C/tt_um_rumcajs__nom_fast_1p32V_m40C.sdf:2435: Could not find intermodpath!
SDF ERROR: runs/single_key_wipe_p80_h0/final/sdf/nom_fast_1p32V_m40C/tt_um_rumcajs__nom_fast_1p32V_m40C.sdf:2436: Could not find intermodpath!
SDF ERROR: runs/single_key_wipe_p80_h0/final/sdf/nom_fast_1p32V_m40C/tt_um_rumcajs__nom_fast_1p32V_m40C.sdf:2437: Could not find intermodpath!
SDF ERROR: runs/single_key_wipe_p80_h0/final/sdf/nom_fast_1p32V_m40C/tt_um_rumcajs__nom_fast_1p32V_m40C.sdf:2438: Could not find intermodpath!
SDF ERROR: runs/single_key_wipe_p80_h0/final/sdf/nom_fast_1p32V_m40C/tt_um_rumcajs__nom_fast_1p32V_m40C.sdf:2439: Could not find intermodpath!
SDF ERROR: runs/single_key_wipe_p80_h0/final/sdf/nom_fast_1p32V_m40C/tt_um_rumcajs__nom_fast_1p32V_m40C.sdf:2440: Could not find intermodpath!
SDF ERROR: runs/single_key_wipe_p80_h0/final/sdf/nom_fast_1p32V_m40C/tt_um_rumcajs__nom_fast_1p32V_m40C.sdf:2441: Could not find intermodpath!
SDF ERROR: runs/single_key_wipe_p80_h0/final/sdf/nom_fast_1p32V_m40C/tt_um_rumcajs__nom_fast_1p32V_m40C.sdf:2442: Could not find intermodpath!
SDF ERROR: runs/single_key_wipe_p80_h0/final/sdf/nom_fast_1p32V_m40C/tt_um_rumcajs__nom_fast_1p32V_m40C.sdf:2443: Could not find intermodpath!
SDF ERROR: runs/single_key_wipe_p80_h0/final/sdf/nom_fast_1p32V_m40C/tt_um_rumcajs__nom_fast_1p32V_m40C.sdf:2444: Could not find intermodpath!
SDF ERROR: runs/single_key_wipe_p80_h0/final/sdf/nom_fast_1p32V_m40C/tt_um_rumcajs__nom_fast_1p32V_m40C.sdf:2445: Could not find intermodpath!
SDF ERROR: runs/single_key_wipe_p80_h0/final/sdf/nom_fast_1p32V_m40C/tt_um_rumcajs__nom_fast_1p32V_m40C.sdf:2446: Could not find intermodpath!
SDF ERROR: runs/single_key_wipe_p80_h0/final/sdf/nom_fast_1p32V_m40C/tt_um_rumcajs__nom_fast_1p32V_m40C.sdf:2447: Could not find intermodpath!
SDF ERROR: runs/single_key_wipe_p80_h0/final/sdf/nom_fast_1p32V_m40C/tt_um_rumcajs__nom_fast_1p32V_m40C.sdf:2448: Could not find intermodpath!
SDF ERROR: runs/single_key_wipe_p80_h0/final/sdf/nom_fast_1p32V_m40C/tt_um_rumcajs__nom_fast_1p32V_m40C.sdf:2449: Could not find intermodpath!
SDF ERROR: runs/single_key_wipe_p80_h0/final/sdf/nom_fast_1p32V_m40C/tt_um_rumcajs__nom_fast_1p32V_m40C.sdf:2450: Could not find intermodpath!
SDF ERROR: runs/single_key_wipe_p80_h0/final/sdf/nom_fast_1p32V_m40C/tt_um_rumcajs__nom_fast_1p32V_m40C.sdf:2451: Could not find intermodpath!
SDF ERROR: runs/single_key_wipe_p80_h0/final/sdf/nom_fast_1p32V_m40C/tt_um_rumcajs__nom_fast_1p32V_m40C.sdf:2452: Could not find intermodpath!
SDF ERROR: runs/single_key_wipe_p80_h0/final/sdf/nom_fast_1p32V_m40C/tt_um_rumcajs__nom_fast_1p32V_m40C.sdf:2453: Could not find intermodpath!
SDF ERROR: runs/single_key_wipe_p80_h0/final/sdf/nom_fast_1p32V_m40C/tt_um_rumcajs__nom_fast_1p32V_m40C.sdf:2454: Could not find intermodpath!
SDF ERROR: runs/single_key_wipe_p80_h0/final/sdf/nom_fast_1p32V_m40C/tt_um_rumcajs__nom_fast_1p32V_m40C.sdf:2455: Could not find intermodpath!
SDF ERROR: runs/single_key_wipe_p80_h0/final/sdf/nom_fast_1p32V_m40C/tt_um_rumcajs__nom_fast_1p32V_m40C.sdf:2456: Could not find intermodpath!
SDF ERROR: runs/single_key_wipe_p80_h0/final/sdf/nom_fast_1p32V_m40C/tt_um_rumcajs__nom_fast_1p32V_m40C.sdf:2457: Could not find intermodpath!
SDF ERROR: runs/single_key_wiError: Could not find net. Did you run iverilog with '-ginterconnect'?
Error: Could not find net. Did you run iverilog with '-ginterconnect'?
Error: Could not find net. Did you run iverilog with '-ginterconnect'?
Error: Could not find net. Did you run iverilog with '-ginterconnect'?
Error: Could not find net. Did you run iverilog with '-ginterconnect'?
Error: Could not find net. Did you run iverilog with '-ginterconnect'?
Error: Could not find net. Did you run iverilog with '-ginterconnect'?
Error: Could not find net. Did you run iverilog with '-ginterconnect'?
Error: Could not find net. Did you run iverilog with '-ginterconnect'?
Error: Could not find net. Did you run iverilog with '-ginterconnect'?
Error: Could not find net. Did you run iverilog with '-ginterconnect'?
Error: Could not find net. Did you run iverilog with '-ginterconnect'?
Error: Could not find net. Did you run iverilog with '-ginterconnect'?
Error: Could not find net. Did you run iverilog with '-ginterconnect'?
Error: Could not find net. Did you run iverilog with '-ginterconnect'?
Error: Could not find net. Did you run iverilog with '-ginterconnect'?
Error: Could not find net. Did you run iverilog with '-ginterconnect'?
Error: Could not find net. Did you run iverilog with '-ginterconnect'?
Error: Could not find net. Did you run iverilog with '-ginterconnect'?
Error: Could not find net. Did you run iverilog with '-ginterconnect'?
Error: Could not find net. Did you run iverilog with '-ginterconnect'?
Error: Could not find net. Did you run iverilog with '-ginterconnect'?
Error: Could not find net. Did you run iverilog with '-ginterconnect'?
Error: Could not find net. Did you run iverilog with '-ginterconnect'?
Error: Could not find net. Did you run iverilog with '-ginterconnect'?
Error: Could not find net. Did you run iverilog with '-ginterconnect'?
Error: Could not find net. Did you run iverilog with '-ginterconnect'?
Error: Could not find net. Did you run iverilog with '-ginterconnect'?
pe_p80_h0/final/sdf/nom_fast_1p32V_m40C/tt_um_rumcajs__nom_fast_1p32V_m40C.sdf:2458: Could not find intermodpath!
SDF ERROR: runs/single_key_wipe_p80_h0/final/sdf/nom_fast_1p32V_m40C/tt_um_rumcajs__nom_fast_1p32V_m40C.sdf:2459: Could not find intermodpath!
SDF ERROR: runs/single_key_wipe_p80_h0/final/sdf/nom_fast_1p32V_m40C/tt_um_rumcajs__nom_fast_1p32V_m40C.sdf:2460: Could not find intermodpath!
SDF ERROR: runs/single_key_wipe_p80_h0/final/sdf/nom_fast_1p32V_m40C/tt_um_rumcajs__nom_fast_1p32V_m40C.sdf:2461: Could not find intermodpath!
SDF ERROR: runs/single_key_wipe_p80_h0/final/sdf/nom_fast_1p32V_m40C/tt_um_rumcajs__nom_fast_1p32V_m40C.sdf:2462: Could not find intermodpath!
SDF ERROR: runs/single_key_wipe_p80_h0/final/sdf/nom_fast_1p32V_m40C/tt_um_rumcajs__nom_fast_1p32V_m40C.sdf:2463: Could not find intermodpath!
SDF ERROR: runs/single_key_wipe_p80_h0/final/sdf/nom_fast_1p32V_m40C/tt_um_rumcajs__nom_fast_1p32V_m40C.sdf:2464: Could not find intermodpath!
SDF ERROR: runs/single_key_wipe_p80_h0/final/sdf/nom_fast_1p32V_m40C/tt_um_rumcajs__nom_fast_1p32V_m40C.sdf:2465: Could not find intermodpath!
SDF ERROR: runs/single_key_wipe_p80_h0/final/sdf/nom_fast_1p32V_m40C/tt_um_rumcajs__nom_fast_1p32V_m40C.sdf:2466: Could not find intermodpath!
SDF ERROR: runs/single_key_wipe_p80_h0/final/sdf/nom_fast_1p32V_m40C/tt_um_rumcajs__nom_fast_1p32V_m40C.sdf:2467: Could not find intermodpath!
SDF ERROR: runs/single_key_wipe_p80_h0/final/sdf/nom_fast_1p32V_m40C/tt_um_rumcajs__nom_fast_1p32V_m40C.sdf:2468: Could not find intermodpath!
SDF ERROR: runs/single_key_wipe_p80_h0/final/sdf/nom_fast_1p32V_m40C/tt_um_rumcajs__nom_fast_1p32V_m40C.sdf:2469: Could not find intermodpath!
SDF ERROR: runs/single_key_wipe_p80_h0/final/sdf/nom_fast_1p32V_m40C/tt_um_rumcajs__nom_fast_1p32V_m40C.sdf:2470: Could not find intermodpath!
SDF ERROR: runs/single_key_wipe_p80_h0/final/sdf/nom_fast_1p32V_m40C/tt_um_rumcajs__nom_fast_1p32V_m40C.sdf:2471: Could not find intermodpath!
SDF ERROR: runs/single_key_wipe_p80_h0/final/sdf/nom_fast_1p32V_m40C/tt_um_rumcajs__nom_fast_1p32V_m40C.sdf:2472: Could not find intermodpath!
SDF ERROR: runs/single_key_wipe_p80_h0/final/sdf/nom_fast_1p32V_m40C/tt_um_rumcajs__nom_fast_1p32V_m40C.sdf:2473: Could not find intermodpath!
SDF ERROR: runs/single_key_wipe_p80_h0/final/sdf/nom_fast_1p32V_m40C/tt_um_rumcajs__nom_fast_1p32V_m40C.sdf:2474: Could not find intermodpath!
SDF ERROR: runs/single_key_wipe_p80_h0/final/sdf/nom_fast_1p32V_m40C/tt_um_rumcajs__nom_fast_1p32V_m40C.sdf:2475: Could not find intermodpath!
SDF ERROR: runs/single_key_wipe_p80_h0/final/sdf/nom_fast_1p32V_m40C/tt_um_rumcajs__nom_fast_1p32V_m40C.sdf:2476: Could not find intermodpath!
SDF ERROR: runs/single_key_wipe_p80_h0/final/sdf/nom_fast_1p32V_m40C/tt_um_rumcajs__nom_fast_1p32V_m40C.sdf:2477: Could not find intermodpath!
SDF ERROR: runs/single_key_wipe_p80_h0/final/sdf/nom_fast_1p32V_m40C/tt_um_rumcajs__nom_fast_1p32V_m40C.sdf:2478: Could not find intermodpath!
SDF ERROR: runs/single_key_wipe_p80_h0/final/sdf/nom_fast_1p32V_m40C/tt_um_rumcajs__nom_fast_1p32V_m40C.sdf:2479: Could not find intermodpath!
SDF ERROR: runs/single_key_wipe_p80_h0/final/sdf/nom_fast_1p32V_m40C/tt_um_rumcajs__nom_fast_1p32V_m40C.sdf:2480: Could not find intermodpath!
SDF ERROR: runs/single_key_wipe_p80_h0/final/sdf/nom_fast_1p32V_m40C/tt_um_rumcajs__nom_fast_1p32V_m40C.sdf:2481: Could not find intermodpath!
SDF ERROR: runs/single_key_wipe_p80_h0/final/sdf/nom_fast_1p32V_m40C/tt_um_rumcajs__nom_fast_1p32V_m40C.sdf:2482: Could not find intermodpath!
SDF ERROR: runs/single_key_wipe_p80_h0/final/sdf/nom_fast_1p32V_m40C/tt_um_rumcajs__nom_fast_1p32V_m40C.sdf:2483: Could not find intermodpath!
SDF ERROR: runs/single_key_wipe_p80_h0/final/sdf/nom_fast_1p32V_m40C/tt_um_rumcajs__nom_fast_1p32V_m40C.sdf:2484: Could not find intermodpath!
SDF ERROR: runs/single_key_wipe_p80_h0/final/sdf/nom_fast_1p32V_m40C/tt_um_rumcajs__nom_fast_1p32V_m40C.sdf:2485: Could not find intermodpath!
SDF ERROR: runs/single_key_wipe_p80_h0/final/sdf/nom_fast_1p32V_m40C/tt_um_rumcajs__nom_fast_1p32V_m40C.sdf:2486: Could nError: Could not find net. Did you run iverilog with '-ginterconnect'?
Error: Could not find net. Did you run iverilog with '-ginterconnect'?
Error: Could not find net. Did you run iverilog with '-ginterconnect'?
Error: Could not find net. Did you run iverilog with '-ginterconnect'?
Error: Could not find net. Did you run iverilog with '-ginterconnect'?
Error: Could not find net. Did you run iverilog with '-ginterconnect'?
Error: Could not find net. Did you run iverilog with '-ginterconnect'?
Error: Could not find net. Did you run iverilog with '-ginterconnect'?
Error: Could not find net. Did you run iverilog with '-ginterconnect'?
Error: Could not find net. Did you run iverilog with '-ginterconnect'?
Error: Could not find net. Did you run iverilog with '-ginterconnect'?
Error: Could not find net. Did you run iverilog with '-ginterconnect'?
Error: Could not find net. Did you run iverilog with '-ginterconnect'?
Error: Could not find net. Did you run iverilog with '-ginterconnect'?
Error: Could not find net. Did you run iverilog with '-ginterconnect'?
Error: Could not find net. Did you run iverilog with '-ginterconnect'?
Error: Could not find net. Did you run iverilog with '-ginterconnect'?
Error: Could not find net. Did you run iverilog with '-ginterconnect'?
Error: Could not find net. Did you run iverilog with '-ginterconnect'?
Error: Could not find net. Did you run iverilog with '-ginterconnect'?
Error: Could not find net. Did you run iverilog with '-ginterconnect'?
Error: Could not find net. Did you run iverilog with '-ginterconnect'?
Error: Could not find net. Did you run iverilog with '-ginterconnect'?
Error: Could not find net. Did you run iverilog with '-ginterconnect'?
Error: Could not find net. Did you run iverilog with '-ginterconnect'?
Error: Could not find net. Did you run iverilog with '-ginterconnect'?
Error: Could not find net. Did you run iverilog with '-ginterconnect'?
Error: Could not find net. Did you run iverilog with '-ginterconnect'?
Error: Could not find net. Did you run iverilog with '-ginterconnect'?
ot find intermodpath!
SDF ERROR: runs/single_key_wipe_p80_h0/final/sdf/nom_fast_1p32V_m40C/tt_um_rumcajs__nom_fast_1p32V_m40C.sdf:2487: Could not find intermodpath!
SDF ERROR: runs/single_key_wipe_p80_h0/final/sdf/nom_fast_1p32V_m40C/tt_um_rumcajs__nom_fast_1p32V_m40C.sdf:2488: Could not find intermodpath!
SDF ERROR: runs/single_key_wipe_p80_h0/final/sdf/nom_fast_1p32V_m40C/tt_um_rumcajs__nom_fast_1p32V_m40C.sdf:2489: Could not find intermodpath!
SDF ERROR: runs/single_key_wipe_p80_h0/final/sdf/nom_fast_1p32V_m40C/tt_um_rumcajs__nom_fast_1p32V_m40C.sdf:2490: Could not find intermodpath!
SDF ERROR: runs/single_key_wipe_p80_h0/final/sdf/nom_fast_1p32V_m40C/tt_um_rumcajs__nom_fast_1p32V_m40C.sdf:2491: Could not find intermodpath!
SDF ERROR: runs/single_key_wipe_p80_h0/final/sdf/nom_fast_1p32V_m40C/tt_um_rumcajs__nom_fast_1p32V_m40C.sdf:2492: Could not find intermodpath!
SDF ERROR: runs/single_key_wipe_p80_h0/final/sdf/nom_fast_1p32V_m40C/tt_um_rumcajs__nom_fast_1p32V_m40C.sdf:2493: Could not find intermodpath!
SDF ERROR: runs/single_key_wipe_p80_h0/final/sdf/nom_fast_1p32V_m40C/tt_um_rumcajs__nom_fast_1p32V_m40C.sdf:2494: Could not find intermodpath!
SDF ERROR: runs/single_key_wipe_p80_h0/final/sdf/nom_fast_1p32V_m40C/tt_um_rumcajs__nom_fast_1p32V_m40C.sdf:2495: Could not find intermodpath!
SDF ERROR: runs/single_key_wipe_p80_h0/final/sdf/nom_fast_1p32V_m40C/tt_um_rumcajs__nom_fast_1p32V_m40C.sdf:2496: Could not find intermodpath!
SDF ERROR: runs/single_key_wipe_p80_h0/final/sdf/nom_fast_1p32V_m40C/tt_um_rumcajs__nom_fast_1p32V_m40C.sdf:2497: Could not find intermodpath!
SDF ERROR: runs/single_key_wipe_p80_h0/final/sdf/nom_fast_1p32V_m40C/tt_um_rumcajs__nom_fast_1p32V_m40C.sdf:2498: Could not find intermodpath!
SDF ERROR: runs/single_key_wipe_p80_h0/final/sdf/nom_fast_1p32V_m40C/tt_um_rumcajs__nom_fast_1p32V_m40C.sdf:2499: Could not find intermodpath!
SDF ERROR: runs/single_key_wipe_p80_h0/final/sdf/nom_fast_1p32V_m40C/tt_um_rumcajs__nom_fast_1p32V_m40C.sdf:2500: Could not find intermodpath!
SDF ERROR: runs/single_key_wipe_p80_h0/final/sdf/nom_fast_1p32V_m40C/tt_um_rumcajs__nom_fast_1p32V_m40C.sdf:2501: Could not find intermodpath!
SDF ERROR: runs/single_key_wipe_p80_h0/final/sdf/nom_fast_1p32V_m40C/tt_um_rumcajs__nom_fast_1p32V_m40C.sdf:2502: Could not find intermodpath!
SDF ERROR: runs/single_key_wipe_p80_h0/final/sdf/nom_fast_1p32V_m40C/tt_um_rumcajs__nom_fast_1p32V_m40C.sdf:2503: Could not find intermodpath!
SDF ERROR: runs/single_key_wipe_p80_h0/final/sdf/nom_fast_1p32V_m40C/tt_um_rumcajs__nom_fast_1p32V_m40C.sdf:2504: Could not find intermodpath!
SDF ERROR: runs/single_key_wipe_p80_h0/final/sdf/nom_fast_1p32V_m40C/tt_um_rumcajs__nom_fast_1p32V_m40C.sdf:2505: Could not find intermodpath!
SDF ERROR: runs/single_key_wipe_p80_h0/final/sdf/nom_fast_1p32V_m40C/tt_um_rumcajs__nom_fast_1p32V_m40C.sdf:2506: Could not find intermodpath!
SDF ERROR: runs/single_key_wipe_p80_h0/final/sdf/nom_fast_1p32V_m40C/tt_um_rumcajs__nom_fast_1p32V_m40C.sdf:2507: Could not find intermodpath!
SDF ERROR: runs/single_key_wipe_p80_h0/final/sdf/nom_fast_1p32V_m40C/tt_um_rumcajs__nom_fast_1p32V_m40C.sdf:2508: Could not find intermodpath!
SDF ERROR: runs/single_key_wipe_p80_h0/final/sdf/nom_fast_1p32V_m40C/tt_um_rumcajs__nom_fast_1p32V_m40C.sdf:2509: Could not find intermodpath!
SDF ERROR: runs/single_key_wipe_p80_h0/final/sdf/nom_fast_1p32V_m40C/tt_um_rumcajs__nom_fast_1p32V_m40C.sdf:2510: Could not find intermodpath!
SDF ERROR: runs/single_key_wipe_p80_h0/final/sdf/nom_fast_1p32V_m40C/tt_um_rumcajs__nom_fast_1p32V_m40C.sdf:2511: Could not find intermodpath!
SDF ERROR: runs/single_key_wipe_p80_h0/final/sdf/nom_fast_1p32V_m40C/tt_um_rumcajs__nom_fast_1p32V_m40C.sdf:2512: Could not find intermodpath!
SDF ERROR: runs/single_key_wipe_p80_h0/final/sdf/nom_fast_1p32V_m40C/tt_um_rumcajs__nom_fast_1p32V_m40C.sdf:2513: Could not find intermodpath!
SDF ERROR: runs/single_key_wipe_p80_h0/final/sdf/nom_fast_1p32V_m40C/tt_um_rumcajs__nom_fast_1p32V_m40C.sdf:2514: Could not find intermodpath!
SDF ERROR: runs/single_key_wipe_p80_h0/final/sdf/nom_fast_1p32V_m40C/tError: Could not find net. Did you run iverilog with '-ginterconnect'?
Error: Could not find net. Did you run iverilog with '-ginterconnect'?
Error: Could not find net. Did you run iverilog with '-ginterconnect'?
Error: Could not find net. Did you run iverilog with '-ginterconnect'?
Error: Could not find net. Did you run iverilog with '-ginterconnect'?
Error: Could not find net. Did you run iverilog with '-ginterconnect'?
Error: Could not find net. Did you run iverilog with '-ginterconnect'?
Error: Could not find net. Did you run iverilog with '-ginterconnect'?
Error: Could not find net. Did you run iverilog with '-ginterconnect'?
Error: Could not find net. Did you run iverilog with '-ginterconnect'?
Error: Could not find net. Did you run iverilog with '-ginterconnect'?
Error: Could not find net. Did you run iverilog with '-ginterconnect'?
Error: Could not find net. Did you run iverilog with '-ginterconnect'?
Error: Could not find net. Did you run iverilog with '-ginterconnect'?
Error: Could not find net. Did you run iverilog with '-ginterconnect'?
Error: Could not find net. Did you run iverilog with '-ginterconnect'?
Error: Could not find net. Did you run iverilog with '-ginterconnect'?
Error: Could not find net. Did you run iverilog with '-ginterconnect'?
Error: Could not find net. Did you run iverilog with '-ginterconnect'?
Error: Could not find net. Did you run iverilog with '-ginterconnect'?
Error: Could not find net. Did you run iverilog with '-ginterconnect'?
Error: Could not find net. Did you run iverilog with '-ginterconnect'?
Error: Could not find net. Did you run iverilog with '-ginterconnect'?
Error: Could not find net. Did you run iverilog with '-ginterconnect'?
Error: Could not find net. Did you run iverilog with '-ginterconnect'?
Error: Could not find net. Did you run iverilog with '-ginterconnect'?
Error: Could not find net. Did you run iverilog with '-ginterconnect'?
Error: Could not find net. Did you run iverilog with '-ginterconnect'?
Error: Could not find net. Did you run iverilog with '-ginterconnect'?
t_um_rumcajs__nom_fast_1p32V_m40C.sdf:2515: Could not find intermodpath!
SDF ERROR: runs/single_key_wipe_p80_h0/final/sdf/nom_fast_1p32V_m40C/tt_um_rumcajs__nom_fast_1p32V_m40C.sdf:2516: Could not find intermodpath!
SDF ERROR: runs/single_key_wipe_p80_h0/final/sdf/nom_fast_1p32V_m40C/tt_um_rumcajs__nom_fast_1p32V_m40C.sdf:2517: Could not find intermodpath!
SDF ERROR: runs/single_key_wipe_p80_h0/final/sdf/nom_fast_1p32V_m40C/tt_um_rumcajs__nom_fast_1p32V_m40C.sdf:2518: Could not find intermodpath!
SDF ERROR: runs/single_key_wipe_p80_h0/final/sdf/nom_fast_1p32V_m40C/tt_um_rumcajs__nom_fast_1p32V_m40C.sdf:2519: Could not find intermodpath!
SDF ERROR: runs/single_key_wipe_p80_h0/final/sdf/nom_fast_1p32V_m40C/tt_um_rumcajs__nom_fast_1p32V_m40C.sdf:2520: Could not find intermodpath!
SDF ERROR: runs/single_key_wipe_p80_h0/final/sdf/nom_fast_1p32V_m40C/tt_um_rumcajs__nom_fast_1p32V_m40C.sdf:2521: Could not find intermodpath!
SDF ERROR: runs/single_key_wipe_p80_h0/final/sdf/nom_fast_1p32V_m40C/tt_um_rumcajs__nom_fast_1p32V_m40C.sdf:2522: Could not find intermodpath!
SDF ERROR: runs/single_key_wipe_p80_h0/final/sdf/nom_fast_1p32V_m40C/tt_um_rumcajs__nom_fast_1p32V_m40C.sdf:2523: Could not find intermodpath!
SDF ERROR: runs/single_key_wipe_p80_h0/final/sdf/nom_fast_1p32V_m40C/tt_um_rumcajs__nom_fast_1p32V_m40C.sdf:2524: Could not find intermodpath!
SDF ERROR: runs/single_key_wipe_p80_h0/final/sdf/nom_fast_1p32V_m40C/tt_um_rumcajs__nom_fast_1p32V_m40C.sdf:2525: Could not find intermodpath!
SDF ERROR: runs/single_key_wipe_p80_h0/final/sdf/nom_fast_1p32V_m40C/tt_um_rumcajs__nom_fast_1p32V_m40C.sdf:2526: Could not find intermodpath!
SDF ERROR: runs/single_key_wipe_p80_h0/final/sdf/nom_fast_1p32V_m40C/tt_um_rumcajs__nom_fast_1p32V_m40C.sdf:2527: Could not find intermodpath!
SDF ERROR: runs/single_key_wipe_p80_h0/final/sdf/nom_fast_1p32V_m40C/tt_um_rumcajs__nom_fast_1p32V_m40C.sdf:2528: Could not find intermodpath!
SDF ERROR: runs/single_key_wipe_p80_h0/final/sdf/nom_fast_1p32V_m40C/tt_um_rumcajs__nom_fast_1p32V_m40C.sdf:2529: Could not find intermodpath!
SDF ERROR: runs/single_key_wipe_p80_h0/final/sdf/nom_fast_1p32V_m40C/tt_um_rumcajs__nom_fast_1p32V_m40C.sdf:2530: Could not find intermodpath!
SDF ERROR: runs/single_key_wipe_p80_h0/final/sdf/nom_fast_1p32V_m40C/tt_um_rumcajs__nom_fast_1p32V_m40C.sdf:2531: Could not find intermodpath!
SDF ERROR: runs/single_key_wipe_p80_h0/final/sdf/nom_fast_1p32V_m40C/tt_um_rumcajs__nom_fast_1p32V_m40C.sdf:2532: Could not find intermodpath!
SDF ERROR: runs/single_key_wipe_p80_h0/final/sdf/nom_fast_1p32V_m40C/tt_um_rumcajs__nom_fast_1p32V_m40C.sdf:2533: Could not find intermodpath!
SDF ERROR: runs/single_key_wipe_p80_h0/final/sdf/nom_fast_1p32V_m40C/tt_um_rumcajs__nom_fast_1p32V_m40C.sdf:2534: Could not find intermodpath!
SDF ERROR: runs/single_key_wipe_p80_h0/final/sdf/nom_fast_1p32V_m40C/tt_um_rumcajs__nom_fast_1p32V_m40C.sdf:2535: Could not find intermodpath!
SDF ERROR: runs/single_key_wipe_p80_h0/final/sdf/nom_fast_1p32V_m40C/tt_um_rumcajs__nom_fast_1p32V_m40C.sdf:2536: Could not find intermodpath!
SDF ERROR: runs/single_key_wipe_p80_h0/final/sdf/nom_fast_1p32V_m40C/tt_um_rumcajs__nom_fast_1p32V_m40C.sdf:2537: Could not find intermodpath!
SDF ERROR: runs/single_key_wipe_p80_h0/final/sdf/nom_fast_1p32V_m40C/tt_um_rumcajs__nom_fast_1p32V_m40C.sdf:2538: Could not find intermodpath!
SDF ERROR: runs/single_key_wipe_p80_h0/final/sdf/nom_fast_1p32V_m40C/tt_um_rumcajs__nom_fast_1p32V_m40C.sdf:2539: Could not find intermodpath!
SDF ERROR: runs/single_key_wipe_p80_h0/final/sdf/nom_fast_1p32V_m40C/tt_um_rumcajs__nom_fast_1p32V_m40C.sdf:2540: Could not find intermodpath!
SDF ERROR: runs/single_key_wipe_p80_h0/final/sdf/nom_fast_1p32V_m40C/tt_um_rumcajs__nom_fast_1p32V_m40C.sdf:2541: Could not find intermodpath!
SDF ERROR: runs/single_key_wipe_p80_h0/final/sdf/nom_fast_1p32V_m40C/tt_um_rumcajs__nom_fast_1p32V_m40C.sdf:2542: Could not find intermodpath!
SDF ERROR: runs/single_key_wipe_p80_h0/final/sdf/nom_fast_1p32V_m40C/tt_um_rumcajs__nom_fast_1p32V_m40C.sdf:2543: Could not find intermodpath!
SDF ERROR: runs/sinError: Could not find net. Did you run iverilog with '-ginterconnect'?
Error: Could not find net. Did you run iverilog with '-ginterconnect'?
Error: Could not find net. Did you run iverilog with '-ginterconnect'?
Error: Could not find net. Did you run iverilog with '-ginterconnect'?
Error: Could not find net. Did you run iverilog with '-ginterconnect'?
Error: Could not find net. Did you run iverilog with '-ginterconnect'?
Error: Could not find net. Did you run iverilog with '-ginterconnect'?
Error: Could not find net. Did you run iverilog with '-ginterconnect'?
Error: Could not find net. Did you run iverilog with '-ginterconnect'?
Error: Could not find net. Did you run iverilog with '-ginterconnect'?
Error: Could not find net. Did you run iverilog with '-ginterconnect'?
Error: Could not find net. Did you run iverilog with '-ginterconnect'?
Error: Could not find net. Did you run iverilog with '-ginterconnect'?
Error: Could not find net. Did you run iverilog with '-ginterconnect'?
Error: Could not find net. Did you run iverilog with '-ginterconnect'?
Error: Could not find net. Did you run iverilog with '-ginterconnect'?
Error: Could not find net. Did you run iverilog with '-ginterconnect'?
Error: Could not find net. Did you run iverilog with '-ginterconnect'?
Error: Could not find net. Did you run iverilog with '-ginterconnect'?
Error: Could not find net. Did you run iverilog with '-ginterconnect'?
Error: Could not find net. Did you run iverilog with '-ginterconnect'?
Error: Could not find net. Did you run iverilog with '-ginterconnect'?
Error: Could not find net. Did you run iverilog with '-ginterconnect'?
Error: Could not find net. Did you run iverilog with '-ginterconnect'?
Error: Could not find net. Did you run iverilog with '-ginterconnect'?
Error: Could not find net. Did you run iverilog with '-ginterconnect'?
Error: Could not find net. Did you run iverilog with '-ginterconnect'?
Error: Could not find net. Did you run iverilog with '-ginterconnect'?
gle_key_wipe_p80_h0/final/sdf/nom_fast_1p32V_m40C/tt_um_rumcajs__nom_fast_1p32V_m40C.sdf:2544: Could not find intermodpath!
SDF ERROR: runs/single_key_wipe_p80_h0/final/sdf/nom_fast_1p32V_m40C/tt_um_rumcajs__nom_fast_1p32V_m40C.sdf:2545: Could not find intermodpath!
SDF ERROR: runs/single_key_wipe_p80_h0/final/sdf/nom_fast_1p32V_m40C/tt_um_rumcajs__nom_fast_1p32V_m40C.sdf:2546: Could not find intermodpath!
SDF ERROR: runs/single_key_wipe_p80_h0/final/sdf/nom_fast_1p32V_m40C/tt_um_rumcajs__nom_fast_1p32V_m40C.sdf:2547: Could not find intermodpath!
SDF ERROR: runs/single_key_wipe_p80_h0/final/sdf/nom_fast_1p32V_m40C/tt_um_rumcajs__nom_fast_1p32V_m40C.sdf:2548: Could not find intermodpath!
SDF ERROR: runs/single_key_wipe_p80_h0/final/sdf/nom_fast_1p32V_m40C/tt_um_rumcajs__nom_fast_1p32V_m40C.sdf:2549: Could not find intermodpath!
SDF ERROR: runs/single_key_wipe_p80_h0/final/sdf/nom_fast_1p32V_m40C/tt_um_rumcajs__nom_fast_1p32V_m40C.sdf:2550: Could not find intermodpath!
SDF ERROR: runs/single_key_wipe_p80_h0/final/sdf/nom_fast_1p32V_m40C/tt_um_rumcajs__nom_fast_1p32V_m40C.sdf:2551: Could not find intermodpath!
SDF ERROR: runs/single_key_wipe_p80_h0/final/sdf/nom_fast_1p32V_m40C/tt_um_rumcajs__nom_fast_1p32V_m40C.sdf:2552: Could not find intermodpath!
SDF ERROR: runs/single_key_wipe_p80_h0/final/sdf/nom_fast_1p32V_m40C/tt_um_rumcajs__nom_fast_1p32V_m40C.sdf:2553: Could not find intermodpath!
SDF ERROR: runs/single_key_wipe_p80_h0/final/sdf/nom_fast_1p32V_m40C/tt_um_rumcajs__nom_fast_1p32V_m40C.sdf:2554: Could not find intermodpath!
SDF ERROR: runs/single_key_wipe_p80_h0/final/sdf/nom_fast_1p32V_m40C/tt_um_rumcajs__nom_fast_1p32V_m40C.sdf:2555: Could not find intermodpath!
SDF ERROR: runs/single_key_wipe_p80_h0/final/sdf/nom_fast_1p32V_m40C/tt_um_rumcajs__nom_fast_1p32V_m40C.sdf:2556: Could not find intermodpath!
SDF ERROR: runs/single_key_wipe_p80_h0/final/sdf/nom_fast_1p32V_m40C/tt_um_rumcajs__nom_fast_1p32V_m40C.sdf:2557: Could not find intermodpath!
SDF ERROR: runs/single_key_wipe_p80_h0/final/sdf/nom_fast_1p32V_m40C/tt_um_rumcajs__nom_fast_1p32V_m40C.sdf:2558: Could not find intermodpath!
SDF ERROR: runs/single_key_wipe_p80_h0/final/sdf/nom_fast_1p32V_m40C/tt_um_rumcajs__nom_fast_1p32V_m40C.sdf:2559: Could not find intermodpath!
SDF ERROR: runs/single_key_wipe_p80_h0/final/sdf/nom_fast_1p32V_m40C/tt_um_rumcajs__nom_fast_1p32V_m40C.sdf:2560: Could not find intermodpath!
SDF ERROR: runs/single_key_wipe_p80_h0/final/sdf/nom_fast_1p32V_m40C/tt_um_rumcajs__nom_fast_1p32V_m40C.sdf:2561: Could not find intermodpath!
SDF ERROR: runs/single_key_wipe_p80_h0/final/sdf/nom_fast_1p32V_m40C/tt_um_rumcajs__nom_fast_1p32V_m40C.sdf:2562: Could not find intermodpath!
SDF ERROR: runs/single_key_wipe_p80_h0/final/sdf/nom_fast_1p32V_m40C/tt_um_rumcajs__nom_fast_1p32V_m40C.sdf:2563: Could not find intermodpath!
SDF ERROR: runs/single_key_wipe_p80_h0/final/sdf/nom_fast_1p32V_m40C/tt_um_rumcajs__nom_fast_1p32V_m40C.sdf:2564: Could not find intermodpath!
SDF ERROR: runs/single_key_wipe_p80_h0/final/sdf/nom_fast_1p32V_m40C/tt_um_rumcajs__nom_fast_1p32V_m40C.sdf:2565: Could not find intermodpath!
SDF ERROR: runs/single_key_wipe_p80_h0/final/sdf/nom_fast_1p32V_m40C/tt_um_rumcajs__nom_fast_1p32V_m40C.sdf:2566: Could not find intermodpath!
SDF ERROR: runs/single_key_wipe_p80_h0/final/sdf/nom_fast_1p32V_m40C/tt_um_rumcajs__nom_fast_1p32V_m40C.sdf:2567: Could not find intermodpath!
SDF ERROR: runs/single_key_wipe_p80_h0/final/sdf/nom_fast_1p32V_m40C/tt_um_rumcajs__nom_fast_1p32V_m40C.sdf:2568: Could not find intermodpath!
SDF ERROR: runs/single_key_wipe_p80_h0/final/sdf/nom_fast_1p32V_m40C/tt_um_rumcajs__nom_fast_1p32V_m40C.sdf:2569: Could not find intermodpath!
SDF ERROR: runs/single_key_wipe_p80_h0/final/sdf/nom_fast_1p32V_m40C/tt_um_rumcajs__nom_fast_1p32V_m40C.sdf:2570: Could not find intermodpath!
SDF ERROR: runs/single_key_wipe_p80_h0/final/sdf/nom_fast_1p32V_m40C/tt_um_rumcajs__nom_fast_1p32V_m40C.sdf:2571: Could not find intermodpath!
SDF ERROR: runs/single_key_wipe_p80_h0/final/sdf/nom_fast_1p32V_m40C/tt_um_rumcajs__nom_fast_1p32V_m40C.sdf:257Error: Could not find net. Did you run iverilog with '-ginterconnect'?
Error: Could not find net. Did you run iverilog with '-ginterconnect'?
Error: Could not find net. Did you run iverilog with '-ginterconnect'?
Error: Could not find net. Did you run iverilog with '-ginterconnect'?
Error: Could not find net. Did you run iverilog with '-ginterconnect'?
Error: Could not find net. Did you run iverilog with '-ginterconnect'?
Error: Could not find net. Did you run iverilog with '-ginterconnect'?
Error: Could not find net. Did you run iverilog with '-ginterconnect'?
Error: Could not find net. Did you run iverilog with '-ginterconnect'?
Error: Could not find net. Did you run iverilog with '-ginterconnect'?
Error: Could not find net. Did you run iverilog with '-ginterconnect'?
Error: Could not find net. Did you run iverilog with '-ginterconnect'?
Error: Could not find net. Did you run iverilog with '-ginterconnect'?
Error: Could not find net. Did you run iverilog with '-ginterconnect'?
Error: Could not find net. Did you run iverilog with '-ginterconnect'?
Error: Could not find net. Did you run iverilog with '-ginterconnect'?
Error: Could not find net. Did you run iverilog with '-ginterconnect'?
Error: Could not find net. Did you run iverilog with '-ginterconnect'?
Error: Could not find net. Did you run iverilog with '-ginterconnect'?
Error: Could not find net. Did you run iverilog with '-ginterconnect'?
Error: Could not find net. Did you run iverilog with '-ginterconnect'?
Error: Could not find net. Did you run iverilog with '-ginterconnect'?
Error: Could not find net. Did you run iverilog with '-ginterconnect'?
Error: Could not find net. Did you run iverilog with '-ginterconnect'?
Error: Could not find net. Did you run iverilog with '-ginterconnect'?
Error: Could not find net. Did you run iverilog with '-ginterconnect'?
Error: Could not find net. Did you run iverilog with '-ginterconnect'?
Error: Could not find net. Did you run iverilog with '-ginterconnect'?
Error: Could not find net. Did you run iverilog with '-ginterconnect'?
2: Could not find intermodpath!
SDF ERROR: runs/single_key_wipe_p80_h0/final/sdf/nom_fast_1p32V_m40C/tt_um_rumcajs__nom_fast_1p32V_m40C.sdf:2573: Could not find intermodpath!
SDF ERROR: runs/single_key_wipe_p80_h0/final/sdf/nom_fast_1p32V_m40C/tt_um_rumcajs__nom_fast_1p32V_m40C.sdf:2574: Could not find intermodpath!
SDF ERROR: runs/single_key_wipe_p80_h0/final/sdf/nom_fast_1p32V_m40C/tt_um_rumcajs__nom_fast_1p32V_m40C.sdf:2575: Could not find intermodpath!
SDF ERROR: runs/single_key_wipe_p80_h0/final/sdf/nom_fast_1p32V_m40C/tt_um_rumcajs__nom_fast_1p32V_m40C.sdf:2576: Could not find intermodpath!
SDF ERROR: runs/single_key_wipe_p80_h0/final/sdf/nom_fast_1p32V_m40C/tt_um_rumcajs__nom_fast_1p32V_m40C.sdf:2577: Could not find intermodpath!
SDF ERROR: runs/single_key_wipe_p80_h0/final/sdf/nom_fast_1p32V_m40C/tt_um_rumcajs__nom_fast_1p32V_m40C.sdf:2578: Could not find intermodpath!
SDF ERROR: runs/single_key_wipe_p80_h0/final/sdf/nom_fast_1p32V_m40C/tt_um_rumcajs__nom_fast_1p32V_m40C.sdf:2579: Could not find intermodpath!
SDF ERROR: runs/single_key_wipe_p80_h0/final/sdf/nom_fast_1p32V_m40C/tt_um_rumcajs__nom_fast_1p32V_m40C.sdf:2580: Could not find intermodpath!
SDF ERROR: runs/single_key_wipe_p80_h0/final/sdf/nom_fast_1p32V_m40C/tt_um_rumcajs__nom_fast_1p32V_m40C.sdf:2581: Could not find intermodpath!
SDF ERROR: runs/single_key_wipe_p80_h0/final/sdf/nom_fast_1p32V_m40C/tt_um_rumcajs__nom_fast_1p32V_m40C.sdf:2582: Could not find intermodpath!
SDF ERROR: runs/single_key_wipe_p80_h0/final/sdf/nom_fast_1p32V_m40C/tt_um_rumcajs__nom_fast_1p32V_m40C.sdf:2583: Could not find intermodpath!
SDF ERROR: runs/single_key_wipe_p80_h0/final/sdf/nom_fast_1p32V_m40C/tt_um_rumcajs__nom_fast_1p32V_m40C.sdf:2584: Could not find intermodpath!
SDF ERROR: runs/single_key_wipe_p80_h0/final/sdf/nom_fast_1p32V_m40C/tt_um_rumcajs__nom_fast_1p32V_m40C.sdf:2585: Could not find intermodpath!
SDF ERROR: runs/single_key_wipe_p80_h0/final/sdf/nom_fast_1p32V_m40C/tt_um_rumcajs__nom_fast_1p32V_m40C.sdf:2586: Could not find intermodpath!
SDF ERROR: runs/single_key_wipe_p80_h0/final/sdf/nom_fast_1p32V_m40C/tt_um_rumcajs__nom_fast_1p32V_m40C.sdf:2587: Could not find intermodpath!
SDF ERROR: runs/single_key_wipe_p80_h0/final/sdf/nom_fast_1p32V_m40C/tt_um_rumcajs__nom_fast_1p32V_m40C.sdf:2588: Could not find intermodpath!
SDF ERROR: runs/single_key_wipe_p80_h0/final/sdf/nom_fast_1p32V_m40C/tt_um_rumcajs__nom_fast_1p32V_m40C.sdf:2589: Could not find intermodpath!
SDF ERROR: runs/single_key_wipe_p80_h0/final/sdf/nom_fast_1p32V_m40C/tt_um_rumcajs__nom_fast_1p32V_m40C.sdf:2590: Could not find intermodpath!
SDF ERROR: runs/single_key_wipe_p80_h0/final/sdf/nom_fast_1p32V_m40C/tt_um_rumcajs__nom_fast_1p32V_m40C.sdf:2591: Could not find intermodpath!
SDF ERROR: runs/single_key_wipe_p80_h0/final/sdf/nom_fast_1p32V_m40C/tt_um_rumcajs__nom_fast_1p32V_m40C.sdf:2592: Could not find intermodpath!
SDF ERROR: runs/single_key_wipe_p80_h0/final/sdf/nom_fast_1p32V_m40C/tt_um_rumcajs__nom_fast_1p32V_m40C.sdf:2593: Could not find intermodpath!
SDF ERROR: runs/single_key_wipe_p80_h0/final/sdf/nom_fast_1p32V_m40C/tt_um_rumcajs__nom_fast_1p32V_m40C.sdf:2594: Could not find intermodpath!
SDF ERROR: runs/single_key_wipe_p80_h0/final/sdf/nom_fast_1p32V_m40C/tt_um_rumcajs__nom_fast_1p32V_m40C.sdf:2595: Could not find intermodpath!
SDF ERROR: runs/single_key_wipe_p80_h0/final/sdf/nom_fast_1p32V_m40C/tt_um_rumcajs__nom_fast_1p32V_m40C.sdf:2596: Could not find intermodpath!
SDF ERROR: runs/single_key_wipe_p80_h0/final/sdf/nom_fast_1p32V_m40C/tt_um_rumcajs__nom_fast_1p32V_m40C.sdf:2597: Could not find intermodpath!
SDF ERROR: runs/single_key_wipe_p80_h0/final/sdf/nom_fast_1p32V_m40C/tt_um_rumcajs__nom_fast_1p32V_m40C.sdf:2598: Could not find intermodpath!
SDF ERROR: runs/single_key_wipe_p80_h0/final/sdf/nom_fast_1p32V_m40C/tt_um_rumcajs__nom_fast_1p32V_m40C.sdf:2599: Could not find intermodpath!
SDF ERROR: runs/single_key_wipe_p80_h0/final/sdf/nom_fast_1p32V_m40C/tt_um_rumcajs__nom_fast_1p32V_m40C.sdf:2600: Could not find intermodpath!
SDF ERROR: runs/single_key_wipe_p80_h0/final/sdf/nom_fast_1pError: Could not find net. Did you run iverilog with '-ginterconnect'?
Error: Could not find net. Did you run iverilog with '-ginterconnect'?
Error: Could not find net. Did you run iverilog with '-ginterconnect'?
Error: Could not find net. Did you run iverilog with '-ginterconnect'?
Error: Could not find net. Did you run iverilog with '-ginterconnect'?
Error: Could not find net. Did you run iverilog with '-ginterconnect'?
Error: Could not find net. Did you run iverilog with '-ginterconnect'?
Error: Could not find net. Did you run iverilog with '-ginterconnect'?
Error: Could not find net. Did you run iverilog with '-ginterconnect'?
Error: Could not find net. Did you run iverilog with '-ginterconnect'?
Error: Could not find net. Did you run iverilog with '-ginterconnect'?
Error: Could not find net. Did you run iverilog with '-ginterconnect'?
Error: Could not find net. Did you run iverilog with '-ginterconnect'?
Error: Could not find net. Did you run iverilog with '-ginterconnect'?
Error: Could not find net. Did you run iverilog with '-ginterconnect'?
Error: Could not find net. Did you run iverilog with '-ginterconnect'?
Error: Could not find net. Did you run iverilog with '-ginterconnect'?
Error: Could not find net. Did you run iverilog with '-ginterconnect'?
Error: Could not find net. Did you run iverilog with '-ginterconnect'?
Error: Could not find net. Did you run iverilog with '-ginterconnect'?
Error: Could not find net. Did you run iverilog with '-ginterconnect'?
Error: Could not find net. Did you run iverilog with '-ginterconnect'?
Error: Could not find net. Did you run iverilog with '-ginterconnect'?
Error: Could not find net. Did you run iverilog with '-ginterconnect'?
Error: Could not find net. Did you run iverilog with '-ginterconnect'?
Error: Could not find net. Did you run iverilog with '-ginterconnect'?
Error: Could not find net. Did you run iverilog with '-ginterconnect'?
Error: Could not find net. Did you run iverilog with '-ginterconnect'?
Error: Could not find net. Did you run iverilog with '-ginterconnect'?
32V_m40C/tt_um_rumcajs__nom_fast_1p32V_m40C.sdf:2601: Could not find intermodpath!
SDF ERROR: runs/single_key_wipe_p80_h0/final/sdf/nom_fast_1p32V_m40C/tt_um_rumcajs__nom_fast_1p32V_m40C.sdf:2602: Could not find intermodpath!
SDF ERROR: runs/single_key_wipe_p80_h0/final/sdf/nom_fast_1p32V_m40C/tt_um_rumcajs__nom_fast_1p32V_m40C.sdf:2603: Could not find intermodpath!
SDF ERROR: runs/single_key_wipe_p80_h0/final/sdf/nom_fast_1p32V_m40C/tt_um_rumcajs__nom_fast_1p32V_m40C.sdf:2604: Could not find intermodpath!
SDF ERROR: runs/single_key_wipe_p80_h0/final/sdf/nom_fast_1p32V_m40C/tt_um_rumcajs__nom_fast_1p32V_m40C.sdf:2605: Could not find intermodpath!
SDF ERROR: runs/single_key_wipe_p80_h0/final/sdf/nom_fast_1p32V_m40C/tt_um_rumcajs__nom_fast_1p32V_m40C.sdf:2606: Could not find intermodpath!
SDF ERROR: runs/single_key_wipe_p80_h0/final/sdf/nom_fast_1p32V_m40C/tt_um_rumcajs__nom_fast_1p32V_m40C.sdf:2607: Could not find intermodpath!
SDF ERROR: runs/single_key_wipe_p80_h0/final/sdf/nom_fast_1p32V_m40C/tt_um_rumcajs__nom_fast_1p32V_m40C.sdf:2608: Could not find intermodpath!
SDF ERROR: runs/single_key_wipe_p80_h0/final/sdf/nom_fast_1p32V_m40C/tt_um_rumcajs__nom_fast_1p32V_m40C.sdf:2609: Could not find intermodpath!
SDF ERROR: runs/single_key_wipe_p80_h0/final/sdf/nom_fast_1p32V_m40C/tt_um_rumcajs__nom_fast_1p32V_m40C.sdf:2610: Could not find intermodpath!
SDF ERROR: runs/single_key_wipe_p80_h0/final/sdf/nom_fast_1p32V_m40C/tt_um_rumcajs__nom_fast_1p32V_m40C.sdf:2611: Could not find intermodpath!
SDF ERROR: runs/single_key_wipe_p80_h0/final/sdf/nom_fast_1p32V_m40C/tt_um_rumcajs__nom_fast_1p32V_m40C.sdf:2612: Could not find intermodpath!
SDF ERROR: runs/single_key_wipe_p80_h0/final/sdf/nom_fast_1p32V_m40C/tt_um_rumcajs__nom_fast_1p32V_m40C.sdf:2613: Could not find intermodpath!
SDF ERROR: runs/single_key_wipe_p80_h0/final/sdf/nom_fast_1p32V_m40C/tt_um_rumcajs__nom_fast_1p32V_m40C.sdf:2614: Could not find intermodpath!
SDF ERROR: runs/single_key_wipe_p80_h0/final/sdf/nom_fast_1p32V_m40C/tt_um_rumcajs__nom_fast_1p32V_m40C.sdf:2615: Could not find intermodpath!
SDF ERROR: runs/single_key_wipe_p80_h0/final/sdf/nom_fast_1p32V_m40C/tt_um_rumcajs__nom_fast_1p32V_m40C.sdf:2616: Could not find intermodpath!
SDF ERROR: runs/single_key_wipe_p80_h0/final/sdf/nom_fast_1p32V_m40C/tt_um_rumcajs__nom_fast_1p32V_m40C.sdf:2617: Could not find intermodpath!
SDF ERROR: runs/single_key_wipe_p80_h0/final/sdf/nom_fast_1p32V_m40C/tt_um_rumcajs__nom_fast_1p32V_m40C.sdf:2618: Could not find intermodpath!
SDF ERROR: runs/single_key_wipe_p80_h0/final/sdf/nom_fast_1p32V_m40C/tt_um_rumcajs__nom_fast_1p32V_m40C.sdf:2619: Could not find intermodpath!
SDF ERROR: runs/single_key_wipe_p80_h0/final/sdf/nom_fast_1p32V_m40C/tt_um_rumcajs__nom_fast_1p32V_m40C.sdf:2620: Could not find intermodpath!
SDF ERROR: runs/single_key_wipe_p80_h0/final/sdf/nom_fast_1p32V_m40C/tt_um_rumcajs__nom_fast_1p32V_m40C.sdf:2621: Could not find intermodpath!
SDF ERROR: runs/single_key_wipe_p80_h0/final/sdf/nom_fast_1p32V_m40C/tt_um_rumcajs__nom_fast_1p32V_m40C.sdf:2622: Could not find intermodpath!
SDF ERROR: runs/single_key_wipe_p80_h0/final/sdf/nom_fast_1p32V_m40C/tt_um_rumcajs__nom_fast_1p32V_m40C.sdf:2623: Could not find intermodpath!
SDF ERROR: runs/single_key_wipe_p80_h0/final/sdf/nom_fast_1p32V_m40C/tt_um_rumcajs__nom_fast_1p32V_m40C.sdf:2624: Could not find intermodpath!
SDF ERROR: runs/single_key_wipe_p80_h0/final/sdf/nom_fast_1p32V_m40C/tt_um_rumcajs__nom_fast_1p32V_m40C.sdf:2625: Could not find intermodpath!
SDF ERROR: runs/single_key_wipe_p80_h0/final/sdf/nom_fast_1p32V_m40C/tt_um_rumcajs__nom_fast_1p32V_m40C.sdf:2626: Could not find intermodpath!
SDF ERROR: runs/single_key_wipe_p80_h0/final/sdf/nom_fast_1p32V_m40C/tt_um_rumcajs__nom_fast_1p32V_m40C.sdf:2627: Could not find intermodpath!
SDF ERROR: runs/single_key_wipe_p80_h0/final/sdf/nom_fast_1p32V_m40C/tt_um_rumcajs__nom_fast_1p32V_m40C.sdf:2628: Could not find intermodpath!
SDF ERROR: runs/single_key_wipe_p80_h0/final/sdf/nom_fast_1p32V_m40C/tt_um_rumcajs__nom_fast_1p32V_m40C.sdf:2629: Could not find intermodpath!
SDF ERRORError: Could not find net. Did you run iverilog with '-ginterconnect'?
Error: Could not find net. Did you run iverilog with '-ginterconnect'?
Error: Could not find net. Did you run iverilog with '-ginterconnect'?
Error: Could not find net. Did you run iverilog with '-ginterconnect'?
Error: Could not find net. Did you run iverilog with '-ginterconnect'?
Error: Could not find net. Did you run iverilog with '-ginterconnect'?
Error: Could not find net. Did you run iverilog with '-ginterconnect'?
Error: Could not find net. Did you run iverilog with '-ginterconnect'?
Error: Could not find net. Did you run iverilog with '-ginterconnect'?
Error: Could not find net. Did you run iverilog with '-ginterconnect'?
Error: Could not find net. Did you run iverilog with '-ginterconnect'?
Error: Could not find net. Did you run iverilog with '-ginterconnect'?
Error: Could not find net. Did you run iverilog with '-ginterconnect'?
Error: Could not find net. Did you run iverilog with '-ginterconnect'?
Error: Could not find net. Did you run iverilog with '-ginterconnect'?
Error: Could not find net. Did you run iverilog with '-ginterconnect'?
Error: Could not find net. Did you run iverilog with '-ginterconnect'?
Error: Could not find net. Did you run iverilog with '-ginterconnect'?
Error: Could not find net. Did you run iverilog with '-ginterconnect'?
Error: Could not find net. Did you run iverilog with '-ginterconnect'?
Error: Could not find net. Did you run iverilog with '-ginterconnect'?
Error: Could not find net. Did you run iverilog with '-ginterconnect'?
Error: Could not find net. Did you run iverilog with '-ginterconnect'?
Error: Could not find net. Did you run iverilog with '-ginterconnect'?
Error: Could not find net. Did you run iverilog with '-ginterconnect'?
Error: Could not find net. Did you run iverilog with '-ginterconnect'?
Error: Could not find net. Did you run iverilog with '-ginterconnect'?
Error: Could not find net. Did you run iverilog with '-ginterconnect'?
: runs/single_key_wipe_p80_h0/final/sdf/nom_fast_1p32V_m40C/tt_um_rumcajs__nom_fast_1p32V_m40C.sdf:2630: Could not find intermodpath!
SDF ERROR: runs/single_key_wipe_p80_h0/final/sdf/nom_fast_1p32V_m40C/tt_um_rumcajs__nom_fast_1p32V_m40C.sdf:2631: Could not find intermodpath!
SDF ERROR: runs/single_key_wipe_p80_h0/final/sdf/nom_fast_1p32V_m40C/tt_um_rumcajs__nom_fast_1p32V_m40C.sdf:2632: Could not find intermodpath!
SDF ERROR: runs/single_key_wipe_p80_h0/final/sdf/nom_fast_1p32V_m40C/tt_um_rumcajs__nom_fast_1p32V_m40C.sdf:2633: Could not find intermodpath!
SDF ERROR: runs/single_key_wipe_p80_h0/final/sdf/nom_fast_1p32V_m40C/tt_um_rumcajs__nom_fast_1p32V_m40C.sdf:2634: Could not find intermodpath!
SDF ERROR: runs/single_key_wipe_p80_h0/final/sdf/nom_fast_1p32V_m40C/tt_um_rumcajs__nom_fast_1p32V_m40C.sdf:2635: Could not find intermodpath!
SDF ERROR: runs/single_key_wipe_p80_h0/final/sdf/nom_fast_1p32V_m40C/tt_um_rumcajs__nom_fast_1p32V_m40C.sdf:2636: Could not find intermodpath!
SDF ERROR: runs/single_key_wipe_p80_h0/final/sdf/nom_fast_1p32V_m40C/tt_um_rumcajs__nom_fast_1p32V_m40C.sdf:2637: Could not find intermodpath!
SDF ERROR: runs/single_key_wipe_p80_h0/final/sdf/nom_fast_1p32V_m40C/tt_um_rumcajs__nom_fast_1p32V_m40C.sdf:2638: Could not find intermodpath!
SDF ERROR: runs/single_key_wipe_p80_h0/final/sdf/nom_fast_1p32V_m40C/tt_um_rumcajs__nom_fast_1p32V_m40C.sdf:2639: Could not find intermodpath!
SDF ERROR: runs/single_key_wipe_p80_h0/final/sdf/nom_fast_1p32V_m40C/tt_um_rumcajs__nom_fast_1p32V_m40C.sdf:2640: Could not find intermodpath!
SDF ERROR: runs/single_key_wipe_p80_h0/final/sdf/nom_fast_1p32V_m40C/tt_um_rumcajs__nom_fast_1p32V_m40C.sdf:2641: Could not find intermodpath!
SDF ERROR: runs/single_key_wipe_p80_h0/final/sdf/nom_fast_1p32V_m40C/tt_um_rumcajs__nom_fast_1p32V_m40C.sdf:2642: Could not find intermodpath!
SDF ERROR: runs/single_key_wipe_p80_h0/final/sdf/nom_fast_1p32V_m40C/tt_um_rumcajs__nom_fast_1p32V_m40C.sdf:2643: Could not find intermodpath!
SDF ERROR: runs/single_key_wipe_p80_h0/final/sdf/nom_fast_1p32V_m40C/tt_um_rumcajs__nom_fast_1p32V_m40C.sdf:2644: Could not find intermodpath!
SDF ERROR: runs/single_key_wipe_p80_h0/final/sdf/nom_fast_1p32V_m40C/tt_um_rumcajs__nom_fast_1p32V_m40C.sdf:2645: Could not find intermodpath!
SDF ERROR: runs/single_key_wipe_p80_h0/final/sdf/nom_fast_1p32V_m40C/tt_um_rumcajs__nom_fast_1p32V_m40C.sdf:2646: Could not find intermodpath!
SDF ERROR: runs/single_key_wipe_p80_h0/final/sdf/nom_fast_1p32V_m40C/tt_um_rumcajs__nom_fast_1p32V_m40C.sdf:2647: Could not find intermodpath!
SDF ERROR: runs/single_key_wipe_p80_h0/final/sdf/nom_fast_1p32V_m40C/tt_um_rumcajs__nom_fast_1p32V_m40C.sdf:2648: Could not find intermodpath!
SDF ERROR: runs/single_key_wipe_p80_h0/final/sdf/nom_fast_1p32V_m40C/tt_um_rumcajs__nom_fast_1p32V_m40C.sdf:2649: Could not find intermodpath!
SDF ERROR: runs/single_key_wipe_p80_h0/final/sdf/nom_fast_1p32V_m40C/tt_um_rumcajs__nom_fast_1p32V_m40C.sdf:2650: Could not find intermodpath!
SDF ERROR: runs/single_key_wipe_p80_h0/final/sdf/nom_fast_1p32V_m40C/tt_um_rumcajs__nom_fast_1p32V_m40C.sdf:2651: Could not find intermodpath!
SDF ERROR: runs/single_key_wipe_p80_h0/final/sdf/nom_fast_1p32V_m40C/tt_um_rumcajs__nom_fast_1p32V_m40C.sdf:2652: Could not find intermodpath!
SDF ERROR: runs/single_key_wipe_p80_h0/final/sdf/nom_fast_1p32V_m40C/tt_um_rumcajs__nom_fast_1p32V_m40C.sdf:2653: Could not find intermodpath!
SDF ERROR: runs/single_key_wipe_p80_h0/final/sdf/nom_fast_1p32V_m40C/tt_um_rumcajs__nom_fast_1p32V_m40C.sdf:2654: Could not find intermodpath!
SDF ERROR: runs/single_key_wipe_p80_h0/final/sdf/nom_fast_1p32V_m40C/tt_um_rumcajs__nom_fast_1p32V_m40C.sdf:2655: Could not find intermodpath!
SDF ERROR: runs/single_key_wipe_p80_h0/final/sdf/nom_fast_1p32V_m40C/tt_um_rumcajs__nom_fast_1p32V_m40C.sdf:2656: Could not find intermodpath!
SDF ERROR: runs/single_key_wipe_p80_h0/final/sdf/nom_fast_1p32V_m40C/tt_um_rumcajs__nom_fast_1p32V_m40C.sdf:2657: Could not find intermodpath!
SDF ERROR: runs/single_key_wipe_p80_h0/final/sdf/nom_fast_1p32V_m40C/tt_um_rumcajs__nom_fast_1p32V_m4Error: Could not find net. Did you run iverilog with '-ginterconnect'?
Error: Could not find net. Did you run iverilog with '-ginterconnect'?
Error: Could not find net. Did you run iverilog with '-ginterconnect'?
Error: Could not find net. Did you run iverilog with '-ginterconnect'?
Error: Could not find net. Did you run iverilog with '-ginterconnect'?
Error: Could not find net. Did you run iverilog with '-ginterconnect'?
Error: Could not find net. Did you run iverilog with '-ginterconnect'?
Error: Could not find net. Did you run iverilog with '-ginterconnect'?
Error: Could not find net. Did you run iverilog with '-ginterconnect'?
Error: Could not find net. Did you run iverilog with '-ginterconnect'?
Error: Could not find net. Did you run iverilog with '-ginterconnect'?
Error: Could not find net. Did you run iverilog with '-ginterconnect'?
Error: Could not find net. Did you run iverilog with '-ginterconnect'?
Error: Could not find net. Did you run iverilog with '-ginterconnect'?
Error: Could not find net. Did you run iverilog with '-ginterconnect'?
Error: Could not find net. Did you run iverilog with '-ginterconnect'?
Error: Could not find net. Did you run iverilog with '-ginterconnect'?
Error: Could not find net. Did you run iverilog with '-ginterconnect'?
Error: Could not find net. Did you run iverilog with '-ginterconnect'?
Error: Could not find net. Did you run iverilog with '-ginterconnect'?
Error: Could not find net. Did you run iverilog with '-ginterconnect'?
Error: Could not find net. Did you run iverilog with '-ginterconnect'?
Error: Could not find net. Did you run iverilog with '-ginterconnect'?
Error: Could not find net. Did you run iverilog with '-ginterconnect'?
Error: Could not find net. Did you run iverilog with '-ginterconnect'?
Error: Could not find net. Did you run iverilog with '-ginterconnect'?
Error: Could not find net. Did you run iverilog with '-ginterconnect'?
Error: Could not find net. Did you run iverilog with '-ginterconnect'?
Error: Could not find net. Did you run iverilog with '-ginterconnect'?
0C.sdf:2658: Could not find intermodpath!
SDF ERROR: runs/single_key_wipe_p80_h0/final/sdf/nom_fast_1p32V_m40C/tt_um_rumcajs__nom_fast_1p32V_m40C.sdf:2659: Could not find intermodpath!
SDF ERROR: runs/single_key_wipe_p80_h0/final/sdf/nom_fast_1p32V_m40C/tt_um_rumcajs__nom_fast_1p32V_m40C.sdf:2660: Could not find intermodpath!
SDF ERROR: runs/single_key_wipe_p80_h0/final/sdf/nom_fast_1p32V_m40C/tt_um_rumcajs__nom_fast_1p32V_m40C.sdf:2661: Could not find intermodpath!
SDF ERROR: runs/single_key_wipe_p80_h0/final/sdf/nom_fast_1p32V_m40C/tt_um_rumcajs__nom_fast_1p32V_m40C.sdf:2662: Could not find intermodpath!
SDF ERROR: runs/single_key_wipe_p80_h0/final/sdf/nom_fast_1p32V_m40C/tt_um_rumcajs__nom_fast_1p32V_m40C.sdf:2663: Could not find intermodpath!
SDF ERROR: runs/single_key_wipe_p80_h0/final/sdf/nom_fast_1p32V_m40C/tt_um_rumcajs__nom_fast_1p32V_m40C.sdf:2664: Could not find intermodpath!
SDF ERROR: runs/single_key_wipe_p80_h0/final/sdf/nom_fast_1p32V_m40C/tt_um_rumcajs__nom_fast_1p32V_m40C.sdf:2665: Could not find intermodpath!
SDF ERROR: runs/single_key_wipe_p80_h0/final/sdf/nom_fast_1p32V_m40C/tt_um_rumcajs__nom_fast_1p32V_m40C.sdf:2666: Could not find intermodpath!
SDF ERROR: runs/single_key_wipe_p80_h0/final/sdf/nom_fast_1p32V_m40C/tt_um_rumcajs__nom_fast_1p32V_m40C.sdf:2667: Could not find intermodpath!
SDF ERROR: runs/single_key_wipe_p80_h0/final/sdf/nom_fast_1p32V_m40C/tt_um_rumcajs__nom_fast_1p32V_m40C.sdf:2668: Could not find intermodpath!
SDF ERROR: runs/single_key_wipe_p80_h0/final/sdf/nom_fast_1p32V_m40C/tt_um_rumcajs__nom_fast_1p32V_m40C.sdf:2669: Could not find intermodpath!
SDF ERROR: runs/single_key_wipe_p80_h0/final/sdf/nom_fast_1p32V_m40C/tt_um_rumcajs__nom_fast_1p32V_m40C.sdf:2670: Could not find intermodpath!
SDF ERROR: runs/single_key_wipe_p80_h0/final/sdf/nom_fast_1p32V_m40C/tt_um_rumcajs__nom_fast_1p32V_m40C.sdf:2671: Could not find intermodpath!
SDF ERROR: runs/single_key_wipe_p80_h0/final/sdf/nom_fast_1p32V_m40C/tt_um_rumcajs__nom_fast_1p32V_m40C.sdf:2672: Could not find intermodpath!
SDF ERROR: runs/single_key_wipe_p80_h0/final/sdf/nom_fast_1p32V_m40C/tt_um_rumcajs__nom_fast_1p32V_m40C.sdf:2673: Could not find intermodpath!
SDF ERROR: runs/single_key_wipe_p80_h0/final/sdf/nom_fast_1p32V_m40C/tt_um_rumcajs__nom_fast_1p32V_m40C.sdf:2674: Could not find intermodpath!
SDF ERROR: runs/single_key_wipe_p80_h0/final/sdf/nom_fast_1p32V_m40C/tt_um_rumcajs__nom_fast_1p32V_m40C.sdf:2675: Could not find intermodpath!
SDF ERROR: runs/single_key_wipe_p80_h0/final/sdf/nom_fast_1p32V_m40C/tt_um_rumcajs__nom_fast_1p32V_m40C.sdf:2676: Could not find intermodpath!
SDF ERROR: runs/single_key_wipe_p80_h0/final/sdf/nom_fast_1p32V_m40C/tt_um_rumcajs__nom_fast_1p32V_m40C.sdf:2677: Could not find intermodpath!
SDF ERROR: runs/single_key_wipe_p80_h0/final/sdf/nom_fast_1p32V_m40C/tt_um_rumcajs__nom_fast_1p32V_m40C.sdf:2678: Could not find intermodpath!
SDF ERROR: runs/single_key_wipe_p80_h0/final/sdf/nom_fast_1p32V_m40C/tt_um_rumcajs__nom_fast_1p32V_m40C.sdf:2679: Could not find intermodpath!
SDF ERROR: runs/single_key_wipe_p80_h0/final/sdf/nom_fast_1p32V_m40C/tt_um_rumcajs__nom_fast_1p32V_m40C.sdf:2680: Could not find intermodpath!
SDF ERROR: runs/single_key_wipe_p80_h0/final/sdf/nom_fast_1p32V_m40C/tt_um_rumcajs__nom_fast_1p32V_m40C.sdf:2681: Could not find intermodpath!
SDF ERROR: runs/single_key_wipe_p80_h0/final/sdf/nom_fast_1p32V_m40C/tt_um_rumcajs__nom_fast_1p32V_m40C.sdf:2682: Could not find intermodpath!
SDF ERROR: runs/single_key_wipe_p80_h0/final/sdf/nom_fast_1p32V_m40C/tt_um_rumcajs__nom_fast_1p32V_m40C.sdf:2683: Could not find intermodpath!
SDF ERROR: runs/single_key_wipe_p80_h0/final/sdf/nom_fast_1p32V_m40C/tt_um_rumcajs__nom_fast_1p32V_m40C.sdf:2684: Could not find intermodpath!
SDF ERROR: runs/single_key_wipe_p80_h0/final/sdf/nom_fast_1p32V_m40C/tt_um_rumcajs__nom_fast_1p32V_m40C.sdf:2685: Could not find intermodpath!
SDF ERROR: runs/single_key_wipe_p80_h0/final/sdf/nom_fast_1p32V_m40C/tt_um_rumcajs__nom_fast_1p32V_m40C.sdf:2686: Could not find intermodpath!
SDF ERROR: runs/single_key_wipe_p80_h0/final/sdf/nError: Could not find net. Did you run iverilog with '-ginterconnect'?
Error: Could not find net. Did you run iverilog with '-ginterconnect'?
Error: Could not find net. Did you run iverilog with '-ginterconnect'?
Error: Could not find net. Did you run iverilog with '-ginterconnect'?
Error: Could not find net. Did you run iverilog with '-ginterconnect'?
Error: Could not find net. Did you run iverilog with '-ginterconnect'?
Error: Could not find net. Did you run iverilog with '-ginterconnect'?
Error: Could not find net. Did you run iverilog with '-ginterconnect'?
Error: Could not find net. Did you run iverilog with '-ginterconnect'?
Error: Could not find net. Did you run iverilog with '-ginterconnect'?
Error: Could not find net. Did you run iverilog with '-ginterconnect'?
Error: Could not find net. Did you run iverilog with '-ginterconnect'?
Error: Could not find net. Did you run iverilog with '-ginterconnect'?
Error: Could not find net. Did you run iverilog with '-ginterconnect'?
Error: Could not find net. Did you run iverilog with '-ginterconnect'?
Error: Could not find net. Did you run iverilog with '-ginterconnect'?
Error: Could not find net. Did you run iverilog with '-ginterconnect'?
Error: Could not find net. Did you run iverilog with '-ginterconnect'?
Error: Could not find net. Did you run iverilog with '-ginterconnect'?
Error: Could not find net. Did you run iverilog with '-ginterconnect'?
Error: Could not find net. Did you run iverilog with '-ginterconnect'?
Error: Could not find net. Did you run iverilog with '-ginterconnect'?
Error: Could not find net. Did you run iverilog with '-ginterconnect'?
Error: Could not find net. Did you run iverilog with '-ginterconnect'?
Error: Could not find net. Did you run iverilog with '-ginterconnect'?
Error: Could not find net. Did you run iverilog with '-ginterconnect'?
Error: Could not find net. Did you run iverilog with '-ginterconnect'?
Error: Could not find net. Did you run iverilog with '-ginterconnect'?
om_fast_1p32V_m40C/tt_um_rumcajs__nom_fast_1p32V_m40C.sdf:2687: Could not find intermodpath!
SDF ERROR: runs/single_key_wipe_p80_h0/final/sdf/nom_fast_1p32V_m40C/tt_um_rumcajs__nom_fast_1p32V_m40C.sdf:2688: Could not find intermodpath!
SDF ERROR: runs/single_key_wipe_p80_h0/final/sdf/nom_fast_1p32V_m40C/tt_um_rumcajs__nom_fast_1p32V_m40C.sdf:2689: Could not find intermodpath!
SDF ERROR: runs/single_key_wipe_p80_h0/final/sdf/nom_fast_1p32V_m40C/tt_um_rumcajs__nom_fast_1p32V_m40C.sdf:2690: Could not find intermodpath!
SDF ERROR: runs/single_key_wipe_p80_h0/final/sdf/nom_fast_1p32V_m40C/tt_um_rumcajs__nom_fast_1p32V_m40C.sdf:2691: Could not find intermodpath!
SDF ERROR: runs/single_key_wipe_p80_h0/final/sdf/nom_fast_1p32V_m40C/tt_um_rumcajs__nom_fast_1p32V_m40C.sdf:2692: Could not find intermodpath!
SDF ERROR: runs/single_key_wipe_p80_h0/final/sdf/nom_fast_1p32V_m40C/tt_um_rumcajs__nom_fast_1p32V_m40C.sdf:2693: Could not find intermodpath!
SDF ERROR: runs/single_key_wipe_p80_h0/final/sdf/nom_fast_1p32V_m40C/tt_um_rumcajs__nom_fast_1p32V_m40C.sdf:2694: Could not find intermodpath!
SDF ERROR: runs/single_key_wipe_p80_h0/final/sdf/nom_fast_1p32V_m40C/tt_um_rumcajs__nom_fast_1p32V_m40C.sdf:2695: Could not find intermodpath!
SDF ERROR: runs/single_key_wipe_p80_h0/final/sdf/nom_fast_1p32V_m40C/tt_um_rumcajs__nom_fast_1p32V_m40C.sdf:2696: Could not find intermodpath!
SDF ERROR: runs/single_key_wipe_p80_h0/final/sdf/nom_fast_1p32V_m40C/tt_um_rumcajs__nom_fast_1p32V_m40C.sdf:2697: Could not find intermodpath!
SDF ERROR: runs/single_key_wipe_p80_h0/final/sdf/nom_fast_1p32V_m40C/tt_um_rumcajs__nom_fast_1p32V_m40C.sdf:2698: Could not find intermodpath!
SDF ERROR: runs/single_key_wipe_p80_h0/final/sdf/nom_fast_1p32V_m40C/tt_um_rumcajs__nom_fast_1p32V_m40C.sdf:2699: Could not find intermodpath!
SDF ERROR: runs/single_key_wipe_p80_h0/final/sdf/nom_fast_1p32V_m40C/tt_um_rumcajs__nom_fast_1p32V_m40C.sdf:2700: Could not find intermodpath!
SDF ERROR: runs/single_key_wipe_p80_h0/final/sdf/nom_fast_1p32V_m40C/tt_um_rumcajs__nom_fast_1p32V_m40C.sdf:2701: Could not find intermodpath!
SDF ERROR: runs/single_key_wipe_p80_h0/final/sdf/nom_fast_1p32V_m40C/tt_um_rumcajs__nom_fast_1p32V_m40C.sdf:2702: Could not find intermodpath!
SDF ERROR: runs/single_key_wipe_p80_h0/final/sdf/nom_fast_1p32V_m40C/tt_um_rumcajs__nom_fast_1p32V_m40C.sdf:2703: Could not find intermodpath!
SDF ERROR: runs/single_key_wipe_p80_h0/final/sdf/nom_fast_1p32V_m40C/tt_um_rumcajs__nom_fast_1p32V_m40C.sdf:2704: Could not find intermodpath!
SDF ERROR: runs/single_key_wipe_p80_h0/final/sdf/nom_fast_1p32V_m40C/tt_um_rumcajs__nom_fast_1p32V_m40C.sdf:2705: Could not find intermodpath!
SDF ERROR: runs/single_key_wipe_p80_h0/final/sdf/nom_fast_1p32V_m40C/tt_um_rumcajs__nom_fast_1p32V_m40C.sdf:2706: Could not find intermodpath!
SDF ERROR: runs/single_key_wipe_p80_h0/final/sdf/nom_fast_1p32V_m40C/tt_um_rumcajs__nom_fast_1p32V_m40C.sdf:2707: Could not find intermodpath!
SDF ERROR: runs/single_key_wipe_p80_h0/final/sdf/nom_fast_1p32V_m40C/tt_um_rumcajs__nom_fast_1p32V_m40C.sdf:2708: Could not find intermodpath!
SDF ERROR: runs/single_key_wipe_p80_h0/final/sdf/nom_fast_1p32V_m40C/tt_um_rumcajs__nom_fast_1p32V_m40C.sdf:2709: Could not find intermodpath!
SDF ERROR: runs/single_key_wipe_p80_h0/final/sdf/nom_fast_1p32V_m40C/tt_um_rumcajs__nom_fast_1p32V_m40C.sdf:2710: Could not find intermodpath!
SDF ERROR: runs/single_key_wipe_p80_h0/final/sdf/nom_fast_1p32V_m40C/tt_um_rumcajs__nom_fast_1p32V_m40C.sdf:2711: Could not find intermodpath!
SDF ERROR: runs/single_key_wipe_p80_h0/final/sdf/nom_fast_1p32V_m40C/tt_um_rumcajs__nom_fast_1p32V_m40C.sdf:2712: Could not find intermodpath!
SDF ERROR: runs/single_key_wipe_p80_h0/final/sdf/nom_fast_1p32V_m40C/tt_um_rumcajs__nom_fast_1p32V_m40C.sdf:2713: Could not find intermodpath!
SDF ERROR: runs/single_key_wipe_p80_h0/final/sdf/nom_fast_1p32V_m40C/tt_um_rumcajs__nom_fast_1p32V_m40C.sdf:2714: Could not find intermodpath!
SDF ERROR: runs/single_key_wipe_p80_h0/final/sdf/nom_fast_1p32V_m40C/tt_um_rumcajs__nom_fast_1p32V_m40C.sdf:2715: Could not find intermodpath!Error: Could not find net. Did you run iverilog with '-ginterconnect'?
Error: Could not find net. Did you run iverilog with '-ginterconnect'?
Error: Could not find net. Did you run iverilog with '-ginterconnect'?
Error: Could not find net. Did you run iverilog with '-ginterconnect'?
Error: Could not find net. Did you run iverilog with '-ginterconnect'?
Error: Could not find net. Did you run iverilog with '-ginterconnect'?
Error: Could not find net. Did you run iverilog with '-ginterconnect'?
Error: Could not find net. Did you run iverilog with '-ginterconnect'?
Error: Could not find net. Did you run iverilog with '-ginterconnect'?
Error: Could not find net. Did you run iverilog with '-ginterconnect'?
Error: Could not find net. Did you run iverilog with '-ginterconnect'?
Error: Could not find net. Did you run iverilog with '-ginterconnect'?
Error: Could not find net. Did you run iverilog with '-ginterconnect'?
Error: Could not find net. Did you run iverilog with '-ginterconnect'?
Error: Could not find net. Did you run iverilog with '-ginterconnect'?
Error: Could not find net. Did you run iverilog with '-ginterconnect'?
Error: Could not find net. Did you run iverilog with '-ginterconnect'?
Error: Could not find net. Did you run iverilog with '-ginterconnect'?
Error: Could not find net. Did you run iverilog with '-ginterconnect'?
Error: Could not find net. Did you run iverilog with '-ginterconnect'?
Error: Could not find net. Did you run iverilog with '-ginterconnect'?
Error: Could not find net. Did you run iverilog with '-ginterconnect'?
Error: Could not find net. Did you run iverilog with '-ginterconnect'?
Error: Could not find net. Did you run iverilog with '-ginterconnect'?
Error: Could not find net. Did you run iverilog with '-ginterconnect'?
Error: Could not find net. Did you run iverilog with '-ginterconnect'?
Error: Could not find net. Did you run iverilog with '-ginterconnect'?
Error: Could not find net. Did you run iverilog with '-ginterconnect'?
Error: Could not find net. Did you run iverilog with '-ginterconnect'?

SDF ERROR: runs/single_key_wipe_p80_h0/final/sdf/nom_fast_1p32V_m40C/tt_um_rumcajs__nom_fast_1p32V_m40C.sdf:2716: Could not find intermodpath!
SDF ERROR: runs/single_key_wipe_p80_h0/final/sdf/nom_fast_1p32V_m40C/tt_um_rumcajs__nom_fast_1p32V_m40C.sdf:2717: Could not find intermodpath!
SDF ERROR: runs/single_key_wipe_p80_h0/final/sdf/nom_fast_1p32V_m40C/tt_um_rumcajs__nom_fast_1p32V_m40C.sdf:2718: Could not find intermodpath!
SDF ERROR: runs/single_key_wipe_p80_h0/final/sdf/nom_fast_1p32V_m40C/tt_um_rumcajs__nom_fast_1p32V_m40C.sdf:2719: Could not find intermodpath!
SDF ERROR: runs/single_key_wipe_p80_h0/final/sdf/nom_fast_1p32V_m40C/tt_um_rumcajs__nom_fast_1p32V_m40C.sdf:2720: Could not find intermodpath!
SDF ERROR: runs/single_key_wipe_p80_h0/final/sdf/nom_fast_1p32V_m40C/tt_um_rumcajs__nom_fast_1p32V_m40C.sdf:2721: Could not find intermodpath!
SDF ERROR: runs/single_key_wipe_p80_h0/final/sdf/nom_fast_1p32V_m40C/tt_um_rumcajs__nom_fast_1p32V_m40C.sdf:2722: Could not find intermodpath!
SDF ERROR: runs/single_key_wipe_p80_h0/final/sdf/nom_fast_1p32V_m40C/tt_um_rumcajs__nom_fast_1p32V_m40C.sdf:2723: Could not find intermodpath!
SDF ERROR: runs/single_key_wipe_p80_h0/final/sdf/nom_fast_1p32V_m40C/tt_um_rumcajs__nom_fast_1p32V_m40C.sdf:2724: Could not find intermodpath!
SDF ERROR: runs/single_key_wipe_p80_h0/final/sdf/nom_fast_1p32V_m40C/tt_um_rumcajs__nom_fast_1p32V_m40C.sdf:2725: Could not find intermodpath!
SDF ERROR: runs/single_key_wipe_p80_h0/final/sdf/nom_fast_1p32V_m40C/tt_um_rumcajs__nom_fast_1p32V_m40C.sdf:2726: Could not find intermodpath!
SDF ERROR: runs/single_key_wipe_p80_h0/final/sdf/nom_fast_1p32V_m40C/tt_um_rumcajs__nom_fast_1p32V_m40C.sdf:2727: Could not find intermodpath!
SDF ERROR: runs/single_key_wipe_p80_h0/final/sdf/nom_fast_1p32V_m40C/tt_um_rumcajs__nom_fast_1p32V_m40C.sdf:2728: Could not find intermodpath!
SDF ERROR: runs/single_key_wipe_p80_h0/final/sdf/nom_fast_1p32V_m40C/tt_um_rumcajs__nom_fast_1p32V_m40C.sdf:2729: Could not find intermodpath!
SDF ERROR: runs/single_key_wipe_p80_h0/final/sdf/nom_fast_1p32V_m40C/tt_um_rumcajs__nom_fast_1p32V_m40C.sdf:2730: Could not find intermodpath!
SDF ERROR: runs/single_key_wipe_p80_h0/final/sdf/nom_fast_1p32V_m40C/tt_um_rumcajs__nom_fast_1p32V_m40C.sdf:2731: Could not find intermodpath!
SDF ERROR: runs/single_key_wipe_p80_h0/final/sdf/nom_fast_1p32V_m40C/tt_um_rumcajs__nom_fast_1p32V_m40C.sdf:2732: Could not find intermodpath!
SDF ERROR: runs/single_key_wipe_p80_h0/final/sdf/nom_fast_1p32V_m40C/tt_um_rumcajs__nom_fast_1p32V_m40C.sdf:2733: Could not find intermodpath!
SDF ERROR: runs/single_key_wipe_p80_h0/final/sdf/nom_fast_1p32V_m40C/tt_um_rumcajs__nom_fast_1p32V_m40C.sdf:2734: Could not find intermodpath!
SDF ERROR: runs/single_key_wipe_p80_h0/final/sdf/nom_fast_1p32V_m40C/tt_um_rumcajs__nom_fast_1p32V_m40C.sdf:2735: Could not find intermodpath!
SDF ERROR: runs/single_key_wipe_p80_h0/final/sdf/nom_fast_1p32V_m40C/tt_um_rumcajs__nom_fast_1p32V_m40C.sdf:2736: Could not find intermodpath!
SDF ERROR: runs/single_key_wipe_p80_h0/final/sdf/nom_fast_1p32V_m40C/tt_um_rumcajs__nom_fast_1p32V_m40C.sdf:2737: Could not find intermodpath!
SDF ERROR: runs/single_key_wipe_p80_h0/final/sdf/nom_fast_1p32V_m40C/tt_um_rumcajs__nom_fast_1p32V_m40C.sdf:2738: Could not find intermodpath!
SDF ERROR: runs/single_key_wipe_p80_h0/final/sdf/nom_fast_1p32V_m40C/tt_um_rumcajs__nom_fast_1p32V_m40C.sdf:2739: Could not find intermodpath!
SDF ERROR: runs/single_key_wipe_p80_h0/final/sdf/nom_fast_1p32V_m40C/tt_um_rumcajs__nom_fast_1p32V_m40C.sdf:2740: Could not find intermodpath!
SDF ERROR: runs/single_key_wipe_p80_h0/final/sdf/nom_fast_1p32V_m40C/tt_um_rumcajs__nom_fast_1p32V_m40C.sdf:2741: Could not find intermodpath!
SDF ERROR: runs/single_key_wipe_p80_h0/final/sdf/nom_fast_1p32V_m40C/tt_um_rumcajs__nom_fast_1p32V_m40C.sdf:2742: Could not find intermodpath!
SDF ERROR: runs/single_key_wipe_p80_h0/final/sdf/nom_fast_1p32V_m40C/tt_um_rumcajs__nom_fast_1p32V_m40C.sdf:2743: Could not find intermodpath!
SDF ERROR: runs/single_key_wipe_p80_h0/final/sdf/nom_fast_1p32V_m40C/tt_um_rumcajs__nom_fasError: Could not find net. Did you run iverilog with '-ginterconnect'?
Error: Could not find net. Did you run iverilog with '-ginterconnect'?
Error: Could not find net. Did you run iverilog with '-ginterconnect'?
Error: Could not find net. Did you run iverilog with '-ginterconnect'?
Error: Could not find net. Did you run iverilog with '-ginterconnect'?
Error: Could not find net. Did you run iverilog with '-ginterconnect'?
Error: Could not find net. Did you run iverilog with '-ginterconnect'?
Error: Could not find net. Did you run iverilog with '-ginterconnect'?
Error: Could not find net. Did you run iverilog with '-ginterconnect'?
Error: Could not find net. Did you run iverilog with '-ginterconnect'?
Error: Could not find net. Did you run iverilog with '-ginterconnect'?
Error: Could not find net. Did you run iverilog with '-ginterconnect'?
Error: Could not find net. Did you run iverilog with '-ginterconnect'?
Error: Could not find net. Did you run iverilog with '-ginterconnect'?
Error: Could not find net. Did you run iverilog with '-ginterconnect'?
Error: Could not find net. Did you run iverilog with '-ginterconnect'?
Error: Could not find net. Did you run iverilog with '-ginterconnect'?
Error: Could not find net. Did you run iverilog with '-ginterconnect'?
Error: Could not find net. Did you run iverilog with '-ginterconnect'?
Error: Could not find net. Did you run iverilog with '-ginterconnect'?
Error: Could not find net. Did you run iverilog with '-ginterconnect'?
Error: Could not find net. Did you run iverilog with '-ginterconnect'?
Error: Could not find net. Did you run iverilog with '-ginterconnect'?
Error: Could not find net. Did you run iverilog with '-ginterconnect'?
Error: Could not find net. Did you run iverilog with '-ginterconnect'?
Error: Could not find net. Did you run iverilog with '-ginterconnect'?
Error: Could not find net. Did you run iverilog with '-ginterconnect'?
Error: Could not find net. Did you run iverilog with '-ginterconnect'?
Error: Could not find net. Did you run iverilog with '-ginterconnect'?
t_1p32V_m40C.sdf:2744: Could not find intermodpath!
SDF ERROR: runs/single_key_wipe_p80_h0/final/sdf/nom_fast_1p32V_m40C/tt_um_rumcajs__nom_fast_1p32V_m40C.sdf:2745: Could not find intermodpath!
SDF ERROR: runs/single_key_wipe_p80_h0/final/sdf/nom_fast_1p32V_m40C/tt_um_rumcajs__nom_fast_1p32V_m40C.sdf:2746: Could not find intermodpath!
SDF ERROR: runs/single_key_wipe_p80_h0/final/sdf/nom_fast_1p32V_m40C/tt_um_rumcajs__nom_fast_1p32V_m40C.sdf:2747: Could not find intermodpath!
SDF ERROR: runs/single_key_wipe_p80_h0/final/sdf/nom_fast_1p32V_m40C/tt_um_rumcajs__nom_fast_1p32V_m40C.sdf:2748: Could not find intermodpath!
SDF ERROR: runs/single_key_wipe_p80_h0/final/sdf/nom_fast_1p32V_m40C/tt_um_rumcajs__nom_fast_1p32V_m40C.sdf:2749: Could not find intermodpath!
SDF ERROR: runs/single_key_wipe_p80_h0/final/sdf/nom_fast_1p32V_m40C/tt_um_rumcajs__nom_fast_1p32V_m40C.sdf:2750: Could not find intermodpath!
SDF ERROR: runs/single_key_wipe_p80_h0/final/sdf/nom_fast_1p32V_m40C/tt_um_rumcajs__nom_fast_1p32V_m40C.sdf:2751: Could not find intermodpath!
SDF ERROR: runs/single_key_wipe_p80_h0/final/sdf/nom_fast_1p32V_m40C/tt_um_rumcajs__nom_fast_1p32V_m40C.sdf:2752: Could not find intermodpath!
SDF ERROR: runs/single_key_wipe_p80_h0/final/sdf/nom_fast_1p32V_m40C/tt_um_rumcajs__nom_fast_1p32V_m40C.sdf:2753: Could not find intermodpath!
SDF ERROR: runs/single_key_wipe_p80_h0/final/sdf/nom_fast_1p32V_m40C/tt_um_rumcajs__nom_fast_1p32V_m40C.sdf:2754: Could not find intermodpath!
SDF ERROR: runs/single_key_wipe_p80_h0/final/sdf/nom_fast_1p32V_m40C/tt_um_rumcajs__nom_fast_1p32V_m40C.sdf:2755: Could not find intermodpath!
SDF ERROR: runs/single_key_wipe_p80_h0/final/sdf/nom_fast_1p32V_m40C/tt_um_rumcajs__nom_fast_1p32V_m40C.sdf:2756: Could not find intermodpath!
SDF ERROR: runs/single_key_wipe_p80_h0/final/sdf/nom_fast_1p32V_m40C/tt_um_rumcajs__nom_fast_1p32V_m40C.sdf:2757: Could not find intermodpath!
SDF ERROR: runs/single_key_wipe_p80_h0/final/sdf/nom_fast_1p32V_m40C/tt_um_rumcajs__nom_fast_1p32V_m40C.sdf:2758: Could not find intermodpath!
SDF ERROR: runs/single_key_wipe_p80_h0/final/sdf/nom_fast_1p32V_m40C/tt_um_rumcajs__nom_fast_1p32V_m40C.sdf:2759: Could not find intermodpath!
SDF ERROR: runs/single_key_wipe_p80_h0/final/sdf/nom_fast_1p32V_m40C/tt_um_rumcajs__nom_fast_1p32V_m40C.sdf:2760: Could not find intermodpath!
SDF ERROR: runs/single_key_wipe_p80_h0/final/sdf/nom_fast_1p32V_m40C/tt_um_rumcajs__nom_fast_1p32V_m40C.sdf:2761: Could not find intermodpath!
SDF ERROR: runs/single_key_wipe_p80_h0/final/sdf/nom_fast_1p32V_m40C/tt_um_rumcajs__nom_fast_1p32V_m40C.sdf:2762: Could not find intermodpath!
SDF ERROR: runs/single_key_wipe_p80_h0/final/sdf/nom_fast_1p32V_m40C/tt_um_rumcajs__nom_fast_1p32V_m40C.sdf:2763: Could not find intermodpath!
SDF ERROR: runs/single_key_wipe_p80_h0/final/sdf/nom_fast_1p32V_m40C/tt_um_rumcajs__nom_fast_1p32V_m40C.sdf:2764: Could not find intermodpath!
SDF ERROR: runs/single_key_wipe_p80_h0/final/sdf/nom_fast_1p32V_m40C/tt_um_rumcajs__nom_fast_1p32V_m40C.sdf:2765: Could not find intermodpath!
SDF ERROR: runs/single_key_wipe_p80_h0/final/sdf/nom_fast_1p32V_m40C/tt_um_rumcajs__nom_fast_1p32V_m40C.sdf:2766: Could not find intermodpath!
SDF ERROR: runs/single_key_wipe_p80_h0/final/sdf/nom_fast_1p32V_m40C/tt_um_rumcajs__nom_fast_1p32V_m40C.sdf:2767: Could not find intermodpath!
SDF ERROR: runs/single_key_wipe_p80_h0/final/sdf/nom_fast_1p32V_m40C/tt_um_rumcajs__nom_fast_1p32V_m40C.sdf:2768: Could not find intermodpath!
SDF ERROR: runs/single_key_wipe_p80_h0/final/sdf/nom_fast_1p32V_m40C/tt_um_rumcajs__nom_fast_1p32V_m40C.sdf:2769: Could not find intermodpath!
SDF ERROR: runs/single_key_wipe_p80_h0/final/sdf/nom_fast_1p32V_m40C/tt_um_rumcajs__nom_fast_1p32V_m40C.sdf:2770: Could not find intermodpath!
SDF ERROR: runs/single_key_wipe_p80_h0/final/sdf/nom_fast_1p32V_m40C/tt_um_rumcajs__nom_fast_1p32V_m40C.sdf:2771: Could not find intermodpath!
SDF ERROR: runs/single_key_wipe_p80_h0/final/sdf/nom_fast_1p32V_m40C/tt_um_rumcajs__nom_fast_1p32V_m40C.sdf:2772: Could not find intermodpath!
SDF ERROR: runs/single_key_wipe_p80_h0/fError: Could not find net. Did you run iverilog with '-ginterconnect'?
Error: Could not find net. Did you run iverilog with '-ginterconnect'?
Error: Could not find net. Did you run iverilog with '-ginterconnect'?
Error: Could not find net. Did you run iverilog with '-ginterconnect'?
Error: Could not find net. Did you run iverilog with '-ginterconnect'?
Error: Could not find net. Did you run iverilog with '-ginterconnect'?
Error: Could not find net. Did you run iverilog with '-ginterconnect'?
Error: Could not find net. Did you run iverilog with '-ginterconnect'?
Error: Could not find net. Did you run iverilog with '-ginterconnect'?
Error: Could not find net. Did you run iverilog with '-ginterconnect'?
Error: Could not find net. Did you run iverilog with '-ginterconnect'?
Error: Could not find net. Did you run iverilog with '-ginterconnect'?
Error: Could not find net. Did you run iverilog with '-ginterconnect'?
Error: Could not find net. Did you run iverilog with '-ginterconnect'?
Error: Could not find net. Did you run iverilog with '-ginterconnect'?
Error: Could not find net. Did you run iverilog with '-ginterconnect'?
Error: Could not find net. Did you run iverilog with '-ginterconnect'?
Error: Could not find net. Did you run iverilog with '-ginterconnect'?
Error: Could not find net. Did you run iverilog with '-ginterconnect'?
Error: Could not find net. Did you run iverilog with '-ginterconnect'?
Error: Could not find net. Did you run iverilog with '-ginterconnect'?
Error: Could not find net. Did you run iverilog with '-ginterconnect'?
Error: Could not find net. Did you run iverilog with '-ginterconnect'?
Error: Could not find net. Did you run iverilog with '-ginterconnect'?
Error: Could not find net. Did you run iverilog with '-ginterconnect'?
Error: Could not find net. Did you run iverilog with '-ginterconnect'?
Error: Could not find net. Did you run iverilog with '-ginterconnect'?
Error: Could not find net. Did you run iverilog with '-ginterconnect'?
inal/sdf/nom_fast_1p32V_m40C/tt_um_rumcajs__nom_fast_1p32V_m40C.sdf:2773: Could not find intermodpath!
SDF ERROR: runs/single_key_wipe_p80_h0/final/sdf/nom_fast_1p32V_m40C/tt_um_rumcajs__nom_fast_1p32V_m40C.sdf:2774: Could not find intermodpath!
SDF ERROR: runs/single_key_wipe_p80_h0/final/sdf/nom_fast_1p32V_m40C/tt_um_rumcajs__nom_fast_1p32V_m40C.sdf:2775: Could not find intermodpath!
SDF ERROR: runs/single_key_wipe_p80_h0/final/sdf/nom_fast_1p32V_m40C/tt_um_rumcajs__nom_fast_1p32V_m40C.sdf:2776: Could not find intermodpath!
SDF ERROR: runs/single_key_wipe_p80_h0/final/sdf/nom_fast_1p32V_m40C/tt_um_rumcajs__nom_fast_1p32V_m40C.sdf:2777: Could not find intermodpath!
SDF ERROR: runs/single_key_wipe_p80_h0/final/sdf/nom_fast_1p32V_m40C/tt_um_rumcajs__nom_fast_1p32V_m40C.sdf:2778: Could not find intermodpath!
SDF ERROR: runs/single_key_wipe_p80_h0/final/sdf/nom_fast_1p32V_m40C/tt_um_rumcajs__nom_fast_1p32V_m40C.sdf:2779: Could not find intermodpath!
SDF ERROR: runs/single_key_wipe_p80_h0/final/sdf/nom_fast_1p32V_m40C/tt_um_rumcajs__nom_fast_1p32V_m40C.sdf:2780: Could not find intermodpath!
SDF ERROR: runs/single_key_wipe_p80_h0/final/sdf/nom_fast_1p32V_m40C/tt_um_rumcajs__nom_fast_1p32V_m40C.sdf:2781: Could not find intermodpath!
SDF ERROR: runs/single_key_wipe_p80_h0/final/sdf/nom_fast_1p32V_m40C/tt_um_rumcajs__nom_fast_1p32V_m40C.sdf:2782: Could not find intermodpath!
SDF ERROR: runs/single_key_wipe_p80_h0/final/sdf/nom_fast_1p32V_m40C/tt_um_rumcajs__nom_fast_1p32V_m40C.sdf:2783: Could not find intermodpath!
SDF ERROR: runs/single_key_wipe_p80_h0/final/sdf/nom_fast_1p32V_m40C/tt_um_rumcajs__nom_fast_1p32V_m40C.sdf:2784: Could not find intermodpath!
SDF ERROR: runs/single_key_wipe_p80_h0/final/sdf/nom_fast_1p32V_m40C/tt_um_rumcajs__nom_fast_1p32V_m40C.sdf:2785: Could not find intermodpath!
SDF ERROR: runs/single_key_wipe_p80_h0/final/sdf/nom_fast_1p32V_m40C/tt_um_rumcajs__nom_fast_1p32V_m40C.sdf:2786: Could not find intermodpath!
SDF ERROR: runs/single_key_wipe_p80_h0/final/sdf/nom_fast_1p32V_m40C/tt_um_rumcajs__nom_fast_1p32V_m40C.sdf:2787: Could not find intermodpath!
SDF ERROR: runs/single_key_wipe_p80_h0/final/sdf/nom_fast_1p32V_m40C/tt_um_rumcajs__nom_fast_1p32V_m40C.sdf:2788: Could not find intermodpath!
SDF ERROR: runs/single_key_wipe_p80_h0/final/sdf/nom_fast_1p32V_m40C/tt_um_rumcajs__nom_fast_1p32V_m40C.sdf:2789: Could not find intermodpath!
SDF ERROR: runs/single_key_wipe_p80_h0/final/sdf/nom_fast_1p32V_m40C/tt_um_rumcajs__nom_fast_1p32V_m40C.sdf:2790: Could not find intermodpath!
SDF ERROR: runs/single_key_wipe_p80_h0/final/sdf/nom_fast_1p32V_m40C/tt_um_rumcajs__nom_fast_1p32V_m40C.sdf:2791: Could not find intermodpath!
SDF ERROR: runs/single_key_wipe_p80_h0/final/sdf/nom_fast_1p32V_m40C/tt_um_rumcajs__nom_fast_1p32V_m40C.sdf:2792: Could not find intermodpath!
SDF ERROR: runs/single_key_wipe_p80_h0/final/sdf/nom_fast_1p32V_m40C/tt_um_rumcajs__nom_fast_1p32V_m40C.sdf:2793: Could not find intermodpath!
SDF ERROR: runs/single_key_wipe_p80_h0/final/sdf/nom_fast_1p32V_m40C/tt_um_rumcajs__nom_fast_1p32V_m40C.sdf:2794: Could not find intermodpath!
SDF ERROR: runs/single_key_wipe_p80_h0/final/sdf/nom_fast_1p32V_m40C/tt_um_rumcajs__nom_fast_1p32V_m40C.sdf:2795: Could not find intermodpath!
SDF ERROR: runs/single_key_wipe_p80_h0/final/sdf/nom_fast_1p32V_m40C/tt_um_rumcajs__nom_fast_1p32V_m40C.sdf:2796: Could not find intermodpath!
SDF ERROR: runs/single_key_wipe_p80_h0/final/sdf/nom_fast_1p32V_m40C/tt_um_rumcajs__nom_fast_1p32V_m40C.sdf:2797: Could not find intermodpath!
SDF ERROR: runs/single_key_wipe_p80_h0/final/sdf/nom_fast_1p32V_m40C/tt_um_rumcajs__nom_fast_1p32V_m40C.sdf:2798: Could not find intermodpath!
SDF ERROR: runs/single_key_wipe_p80_h0/final/sdf/nom_fast_1p32V_m40C/tt_um_rumcajs__nom_fast_1p32V_m40C.sdf:2799: Could not find intermodpath!
SDF ERROR: runs/single_key_wipe_p80_h0/final/sdf/nom_fast_1p32V_m40C/tt_um_rumcajs__nom_fast_1p32V_m40C.sdf:2800: Could not find intermodpath!
SDF ERROR: runs/single_key_wipe_p80_h0/final/sdf/nom_fast_1p32V_m40C/tt_um_rumcajs__nom_fast_1p32V_m40C.sdf:2801: Could not find intError: Could not find net. Did you run iverilog with '-ginterconnect'?
Error: Could not find net. Did you run iverilog with '-ginterconnect'?
Error: Could not find net. Did you run iverilog with '-ginterconnect'?
Error: Could not find net. Did you run iverilog with '-ginterconnect'?
Error: Could not find net. Did you run iverilog with '-ginterconnect'?
Error: Could not find net. Did you run iverilog with '-ginterconnect'?
Error: Could not find net. Did you run iverilog with '-ginterconnect'?
Error: Could not find net. Did you run iverilog with '-ginterconnect'?
Error: Could not find net. Did you run iverilog with '-ginterconnect'?
Error: Could not find net. Did you run iverilog with '-ginterconnect'?
Error: Could not find net. Did you run iverilog with '-ginterconnect'?
Error: Could not find net. Did you run iverilog with '-ginterconnect'?
Error: Could not find net. Did you run iverilog with '-ginterconnect'?
Error: Could not find net. Did you run iverilog with '-ginterconnect'?
Error: Could not find net. Did you run iverilog with '-ginterconnect'?
Error: Could not find net. Did you run iverilog with '-ginterconnect'?
Error: Could not find net. Did you run iverilog with '-ginterconnect'?
Error: Could not find net. Did you run iverilog with '-ginterconnect'?
Error: Could not find net. Did you run iverilog with '-ginterconnect'?
Error: Could not find net. Did you run iverilog with '-ginterconnect'?
Error: Could not find net. Did you run iverilog with '-ginterconnect'?
Error: Could not find net. Did you run iverilog with '-ginterconnect'?
Error: Could not find net. Did you run iverilog with '-ginterconnect'?
Error: Could not find net. Did you run iverilog with '-ginterconnect'?
Error: Could not find net. Did you run iverilog with '-ginterconnect'?
Error: Could not find net. Did you run iverilog with '-ginterconnect'?
Error: Could not find net. Did you run iverilog with '-ginterconnect'?
Error: Could not find net. Did you run iverilog with '-ginterconnect'?
Error: Could not find net. Did you run iverilog with '-ginterconnect'?
ermodpath!
SDF ERROR: runs/single_key_wipe_p80_h0/final/sdf/nom_fast_1p32V_m40C/tt_um_rumcajs__nom_fast_1p32V_m40C.sdf:2802: Could not find intermodpath!
SDF ERROR: runs/single_key_wipe_p80_h0/final/sdf/nom_fast_1p32V_m40C/tt_um_rumcajs__nom_fast_1p32V_m40C.sdf:2803: Could not find intermodpath!
SDF ERROR: runs/single_key_wipe_p80_h0/final/sdf/nom_fast_1p32V_m40C/tt_um_rumcajs__nom_fast_1p32V_m40C.sdf:2804: Could not find intermodpath!
SDF ERROR: runs/single_key_wipe_p80_h0/final/sdf/nom_fast_1p32V_m40C/tt_um_rumcajs__nom_fast_1p32V_m40C.sdf:2805: Could not find intermodpath!
SDF ERROR: runs/single_key_wipe_p80_h0/final/sdf/nom_fast_1p32V_m40C/tt_um_rumcajs__nom_fast_1p32V_m40C.sdf:2806: Could not find intermodpath!
SDF ERROR: runs/single_key_wipe_p80_h0/final/sdf/nom_fast_1p32V_m40C/tt_um_rumcajs__nom_fast_1p32V_m40C.sdf:2807: Could not find intermodpath!
SDF ERROR: runs/single_key_wipe_p80_h0/final/sdf/nom_fast_1p32V_m40C/tt_um_rumcajs__nom_fast_1p32V_m40C.sdf:2808: Could not find intermodpath!
SDF ERROR: runs/single_key_wipe_p80_h0/final/sdf/nom_fast_1p32V_m40C/tt_um_rumcajs__nom_fast_1p32V_m40C.sdf:2809: Could not find intermodpath!
SDF ERROR: runs/single_key_wipe_p80_h0/final/sdf/nom_fast_1p32V_m40C/tt_um_rumcajs__nom_fast_1p32V_m40C.sdf:2810: Could not find intermodpath!
SDF ERROR: runs/single_key_wipe_p80_h0/final/sdf/nom_fast_1p32V_m40C/tt_um_rumcajs__nom_fast_1p32V_m40C.sdf:2811: Could not find intermodpath!
SDF ERROR: runs/single_key_wipe_p80_h0/final/sdf/nom_fast_1p32V_m40C/tt_um_rumcajs__nom_fast_1p32V_m40C.sdf:2812: Could not find intermodpath!
SDF ERROR: runs/single_key_wipe_p80_h0/final/sdf/nom_fast_1p32V_m40C/tt_um_rumcajs__nom_fast_1p32V_m40C.sdf:2813: Could not find intermodpath!
SDF ERROR: runs/single_key_wipe_p80_h0/final/sdf/nom_fast_1p32V_m40C/tt_um_rumcajs__nom_fast_1p32V_m40C.sdf:2814: Could not find intermodpath!
SDF ERROR: runs/single_key_wipe_p80_h0/final/sdf/nom_fast_1p32V_m40C/tt_um_rumcajs__nom_fast_1p32V_m40C.sdf:2815: Could not find intermodpath!
SDF ERROR: runs/single_key_wipe_p80_h0/final/sdf/nom_fast_1p32V_m40C/tt_um_rumcajs__nom_fast_1p32V_m40C.sdf:2816: Could not find intermodpath!
SDF ERROR: runs/single_key_wipe_p80_h0/final/sdf/nom_fast_1p32V_m40C/tt_um_rumcajs__nom_fast_1p32V_m40C.sdf:2817: Could not find intermodpath!
SDF ERROR: runs/single_key_wipe_p80_h0/final/sdf/nom_fast_1p32V_m40C/tt_um_rumcajs__nom_fast_1p32V_m40C.sdf:2818: Could not find intermodpath!
SDF ERROR: runs/single_key_wipe_p80_h0/final/sdf/nom_fast_1p32V_m40C/tt_um_rumcajs__nom_fast_1p32V_m40C.sdf:2819: Could not find intermodpath!
SDF ERROR: runs/single_key_wipe_p80_h0/final/sdf/nom_fast_1p32V_m40C/tt_um_rumcajs__nom_fast_1p32V_m40C.sdf:2820: Could not find intermodpath!
SDF ERROR: runs/single_key_wipe_p80_h0/final/sdf/nom_fast_1p32V_m40C/tt_um_rumcajs__nom_fast_1p32V_m40C.sdf:2821: Could not find intermodpath!
SDF ERROR: runs/single_key_wipe_p80_h0/final/sdf/nom_fast_1p32V_m40C/tt_um_rumcajs__nom_fast_1p32V_m40C.sdf:2822: Could not find intermodpath!
SDF ERROR: runs/single_key_wipe_p80_h0/final/sdf/nom_fast_1p32V_m40C/tt_um_rumcajs__nom_fast_1p32V_m40C.sdf:2823: Could not find intermodpath!
SDF ERROR: runs/single_key_wipe_p80_h0/final/sdf/nom_fast_1p32V_m40C/tt_um_rumcajs__nom_fast_1p32V_m40C.sdf:2824: Could not find intermodpath!
SDF ERROR: runs/single_key_wipe_p80_h0/final/sdf/nom_fast_1p32V_m40C/tt_um_rumcajs__nom_fast_1p32V_m40C.sdf:2825: Could not find intermodpath!
SDF ERROR: runs/single_key_wipe_p80_h0/final/sdf/nom_fast_1p32V_m40C/tt_um_rumcajs__nom_fast_1p32V_m40C.sdf:2826: Could not find intermodpath!
SDF ERROR: runs/single_key_wipe_p80_h0/final/sdf/nom_fast_1p32V_m40C/tt_um_rumcajs__nom_fast_1p32V_m40C.sdf:2827: Could not find intermodpath!
SDF ERROR: runs/single_key_wipe_p80_h0/final/sdf/nom_fast_1p32V_m40C/tt_um_rumcajs__nom_fast_1p32V_m40C.sdf:2828: Could not find intermodpath!
SDF ERROR: runs/single_key_wipe_p80_h0/final/sdf/nom_fast_1p32V_m40C/tt_um_rumcajs__nom_fast_1p32V_m40C.sdf:2829: Could not find intermodpath!
SDF ERROR: runs/single_key_wipe_p80_h0/final/sdf/nom_fast_1p32V_m40C/tt_um_rumcajError: Could not find net. Did you run iverilog with '-ginterconnect'?
Error: Could not find net. Did you run iverilog with '-ginterconnect'?
Error: Could not find net. Did you run iverilog with '-ginterconnect'?
Error: Could not find net. Did you run iverilog with '-ginterconnect'?
Error: Could not find net. Did you run iverilog with '-ginterconnect'?
Error: Could not find net. Did you run iverilog with '-ginterconnect'?
Error: Could not find net. Did you run iverilog with '-ginterconnect'?
Error: Could not find net. Did you run iverilog with '-ginterconnect'?
Error: Could not find net. Did you run iverilog with '-ginterconnect'?
Error: Could not find net. Did you run iverilog with '-ginterconnect'?
Error: Could not find net. Did you run iverilog with '-ginterconnect'?
Error: Could not find net. Did you run iverilog with '-ginterconnect'?
Error: Could not find net. Did you run iverilog with '-ginterconnect'?
Error: Could not find net. Did you run iverilog with '-ginterconnect'?
Error: Could not find net. Did you run iverilog with '-ginterconnect'?
Error: Could not find net. Did you run iverilog with '-ginterconnect'?
Error: Could not find net. Did you run iverilog with '-ginterconnect'?
Error: Could not find net. Did you run iverilog with '-ginterconnect'?
Error: Could not find net. Did you run iverilog with '-ginterconnect'?
Error: Could not find net. Did you run iverilog with '-ginterconnect'?
Error: Could not find net. Did you run iverilog with '-ginterconnect'?
Error: Could not find net. Did you run iverilog with '-ginterconnect'?
Error: Could not find net. Did you run iverilog with '-ginterconnect'?
Error: Could not find net. Did you run iverilog with '-ginterconnect'?
Error: Could not find net. Did you run iverilog with '-ginterconnect'?
Error: Could not find net. Did you run iverilog with '-ginterconnect'?
Error: Could not find net. Did you run iverilog with '-ginterconnect'?
Error: Could not find net. Did you run iverilog with '-ginterconnect'?
Error: Could not find net. Did you run iverilog with '-ginterconnect'?
s__nom_fast_1p32V_m40C.sdf:2830: Could not find intermodpath!
SDF ERROR: runs/single_key_wipe_p80_h0/final/sdf/nom_fast_1p32V_m40C/tt_um_rumcajs__nom_fast_1p32V_m40C.sdf:2831: Could not find intermodpath!
SDF ERROR: runs/single_key_wipe_p80_h0/final/sdf/nom_fast_1p32V_m40C/tt_um_rumcajs__nom_fast_1p32V_m40C.sdf:2832: Could not find intermodpath!
SDF ERROR: runs/single_key_wipe_p80_h0/final/sdf/nom_fast_1p32V_m40C/tt_um_rumcajs__nom_fast_1p32V_m40C.sdf:2833: Could not find intermodpath!
SDF ERROR: runs/single_key_wipe_p80_h0/final/sdf/nom_fast_1p32V_m40C/tt_um_rumcajs__nom_fast_1p32V_m40C.sdf:2834: Could not find intermodpath!
SDF ERROR: runs/single_key_wipe_p80_h0/final/sdf/nom_fast_1p32V_m40C/tt_um_rumcajs__nom_fast_1p32V_m40C.sdf:2835: Could not find intermodpath!
SDF ERROR: runs/single_key_wipe_p80_h0/final/sdf/nom_fast_1p32V_m40C/tt_um_rumcajs__nom_fast_1p32V_m40C.sdf:2836: Could not find intermodpath!
SDF ERROR: runs/single_key_wipe_p80_h0/final/sdf/nom_fast_1p32V_m40C/tt_um_rumcajs__nom_fast_1p32V_m40C.sdf:2837: Could not find intermodpath!
SDF ERROR: runs/single_key_wipe_p80_h0/final/sdf/nom_fast_1p32V_m40C/tt_um_rumcajs__nom_fast_1p32V_m40C.sdf:2838: Could not find intermodpath!
SDF ERROR: runs/single_key_wipe_p80_h0/final/sdf/nom_fast_1p32V_m40C/tt_um_rumcajs__nom_fast_1p32V_m40C.sdf:2839: Could not find intermodpath!
SDF ERROR: runs/single_key_wipe_p80_h0/final/sdf/nom_fast_1p32V_m40C/tt_um_rumcajs__nom_fast_1p32V_m40C.sdf:2840: Could not find intermodpath!
SDF ERROR: runs/single_key_wipe_p80_h0/final/sdf/nom_fast_1p32V_m40C/tt_um_rumcajs__nom_fast_1p32V_m40C.sdf:2841: Could not find intermodpath!
SDF ERROR: runs/single_key_wipe_p80_h0/final/sdf/nom_fast_1p32V_m40C/tt_um_rumcajs__nom_fast_1p32V_m40C.sdf:2842: Could not find intermodpath!
SDF ERROR: runs/single_key_wipe_p80_h0/final/sdf/nom_fast_1p32V_m40C/tt_um_rumcajs__nom_fast_1p32V_m40C.sdf:2843: Could not find intermodpath!
SDF ERROR: runs/single_key_wipe_p80_h0/final/sdf/nom_fast_1p32V_m40C/tt_um_rumcajs__nom_fast_1p32V_m40C.sdf:2844: Could not find intermodpath!
SDF ERROR: runs/single_key_wipe_p80_h0/final/sdf/nom_fast_1p32V_m40C/tt_um_rumcajs__nom_fast_1p32V_m40C.sdf:2845: Could not find intermodpath!
SDF ERROR: runs/single_key_wipe_p80_h0/final/sdf/nom_fast_1p32V_m40C/tt_um_rumcajs__nom_fast_1p32V_m40C.sdf:2846: Could not find intermodpath!
SDF ERROR: runs/single_key_wipe_p80_h0/final/sdf/nom_fast_1p32V_m40C/tt_um_rumcajs__nom_fast_1p32V_m40C.sdf:2847: Could not find intermodpath!
SDF ERROR: runs/single_key_wipe_p80_h0/final/sdf/nom_fast_1p32V_m40C/tt_um_rumcajs__nom_fast_1p32V_m40C.sdf:2848: Could not find intermodpath!
SDF ERROR: runs/single_key_wipe_p80_h0/final/sdf/nom_fast_1p32V_m40C/tt_um_rumcajs__nom_fast_1p32V_m40C.sdf:2849: Could not find intermodpath!
SDF ERROR: runs/single_key_wipe_p80_h0/final/sdf/nom_fast_1p32V_m40C/tt_um_rumcajs__nom_fast_1p32V_m40C.sdf:2850: Could not find intermodpath!
SDF ERROR: runs/single_key_wipe_p80_h0/final/sdf/nom_fast_1p32V_m40C/tt_um_rumcajs__nom_fast_1p32V_m40C.sdf:2851: Could not find intermodpath!
SDF ERROR: runs/single_key_wipe_p80_h0/final/sdf/nom_fast_1p32V_m40C/tt_um_rumcajs__nom_fast_1p32V_m40C.sdf:2852: Could not find intermodpath!
SDF ERROR: runs/single_key_wipe_p80_h0/final/sdf/nom_fast_1p32V_m40C/tt_um_rumcajs__nom_fast_1p32V_m40C.sdf:2853: Could not find intermodpath!
SDF ERROR: runs/single_key_wipe_p80_h0/final/sdf/nom_fast_1p32V_m40C/tt_um_rumcajs__nom_fast_1p32V_m40C.sdf:2854: Could not find intermodpath!
SDF ERROR: runs/single_key_wipe_p80_h0/final/sdf/nom_fast_1p32V_m40C/tt_um_rumcajs__nom_fast_1p32V_m40C.sdf:2855: Could not find intermodpath!
SDF ERROR: runs/single_key_wipe_p80_h0/final/sdf/nom_fast_1p32V_m40C/tt_um_rumcajs__nom_fast_1p32V_m40C.sdf:2856: Could not find intermodpath!
SDF ERROR: runs/single_key_wipe_p80_h0/final/sdf/nom_fast_1p32V_m40C/tt_um_rumcajs__nom_fast_1p32V_m40C.sdf:2857: Could not find intermodpath!
SDF ERROR: runs/single_key_wipe_p80_h0/final/sdf/nom_fast_1p32V_m40C/tt_um_rumcajs__nom_fast_1p32V_m40C.sdf:2858: Could not find intermodpath!
SDF ERROR: runs/single_key_wipError: Could not find net. Did you run iverilog with '-ginterconnect'?
Error: Could not find net. Did you run iverilog with '-ginterconnect'?
Error: Could not find net. Did you run iverilog with '-ginterconnect'?
Error: Could not find net. Did you run iverilog with '-ginterconnect'?
Error: Could not find net. Did you run iverilog with '-ginterconnect'?
Error: Could not find net. Did you run iverilog with '-ginterconnect'?
Error: Could not find net. Did you run iverilog with '-ginterconnect'?
Error: Could not find net. Did you run iverilog with '-ginterconnect'?
Error: Could not find net. Did you run iverilog with '-ginterconnect'?
Error: Could not find net. Did you run iverilog with '-ginterconnect'?
Error: Could not find net. Did you run iverilog with '-ginterconnect'?
Error: Could not find net. Did you run iverilog with '-ginterconnect'?
Error: Could not find net. Did you run iverilog with '-ginterconnect'?
Error: Could not find net. Did you run iverilog with '-ginterconnect'?
Error: Could not find net. Did you run iverilog with '-ginterconnect'?
Error: Could not find net. Did you run iverilog with '-ginterconnect'?
Error: Could not find net. Did you run iverilog with '-ginterconnect'?
Error: Could not find net. Did you run iverilog with '-ginterconnect'?
Error: Could not find net. Did you run iverilog with '-ginterconnect'?
Error: Could not find net. Did you run iverilog with '-ginterconnect'?
Error: Could not find net. Did you run iverilog with '-ginterconnect'?
Error: Could not find net. Did you run iverilog with '-ginterconnect'?
Error: Could not find net. Did you run iverilog with '-ginterconnect'?
Error: Could not find net. Did you run iverilog with '-ginterconnect'?
Error: Could not find net. Did you run iverilog with '-ginterconnect'?
Error: Could not find net. Did you run iverilog with '-ginterconnect'?
Error: Could not find net. Did you run iverilog with '-ginterconnect'?
Error: Could not find net. Did you run iverilog with '-ginterconnect'?
e_p80_h0/final/sdf/nom_fast_1p32V_m40C/tt_um_rumcajs__nom_fast_1p32V_m40C.sdf:2859: Could not find intermodpath!
SDF ERROR: runs/single_key_wipe_p80_h0/final/sdf/nom_fast_1p32V_m40C/tt_um_rumcajs__nom_fast_1p32V_m40C.sdf:2860: Could not find intermodpath!
SDF ERROR: runs/single_key_wipe_p80_h0/final/sdf/nom_fast_1p32V_m40C/tt_um_rumcajs__nom_fast_1p32V_m40C.sdf:2861: Could not find intermodpath!
SDF ERROR: runs/single_key_wipe_p80_h0/final/sdf/nom_fast_1p32V_m40C/tt_um_rumcajs__nom_fast_1p32V_m40C.sdf:2862: Could not find intermodpath!
SDF ERROR: runs/single_key_wipe_p80_h0/final/sdf/nom_fast_1p32V_m40C/tt_um_rumcajs__nom_fast_1p32V_m40C.sdf:2863: Could not find intermodpath!
SDF ERROR: runs/single_key_wipe_p80_h0/final/sdf/nom_fast_1p32V_m40C/tt_um_rumcajs__nom_fast_1p32V_m40C.sdf:2864: Could not find intermodpath!
SDF ERROR: runs/single_key_wipe_p80_h0/final/sdf/nom_fast_1p32V_m40C/tt_um_rumcajs__nom_fast_1p32V_m40C.sdf:2865: Could not find intermodpath!
SDF ERROR: runs/single_key_wipe_p80_h0/final/sdf/nom_fast_1p32V_m40C/tt_um_rumcajs__nom_fast_1p32V_m40C.sdf:2866: Could not find intermodpath!
SDF ERROR: runs/single_key_wipe_p80_h0/final/sdf/nom_fast_1p32V_m40C/tt_um_rumcajs__nom_fast_1p32V_m40C.sdf:2867: Could not find intermodpath!
SDF ERROR: runs/single_key_wipe_p80_h0/final/sdf/nom_fast_1p32V_m40C/tt_um_rumcajs__nom_fast_1p32V_m40C.sdf:2868: Could not find intermodpath!
SDF ERROR: runs/single_key_wipe_p80_h0/final/sdf/nom_fast_1p32V_m40C/tt_um_rumcajs__nom_fast_1p32V_m40C.sdf:2869: Could not find intermodpath!
SDF ERROR: runs/single_key_wipe_p80_h0/final/sdf/nom_fast_1p32V_m40C/tt_um_rumcajs__nom_fast_1p32V_m40C.sdf:2870: Could not find intermodpath!
SDF ERROR: runs/single_key_wipe_p80_h0/final/sdf/nom_fast_1p32V_m40C/tt_um_rumcajs__nom_fast_1p32V_m40C.sdf:2871: Could not find intermodpath!
SDF ERROR: runs/single_key_wipe_p80_h0/final/sdf/nom_fast_1p32V_m40C/tt_um_rumcajs__nom_fast_1p32V_m40C.sdf:2872: Could not find intermodpath!
SDF ERROR: runs/single_key_wipe_p80_h0/final/sdf/nom_fast_1p32V_m40C/tt_um_rumcajs__nom_fast_1p32V_m40C.sdf:2873: Could not find intermodpath!
SDF ERROR: runs/single_key_wipe_p80_h0/final/sdf/nom_fast_1p32V_m40C/tt_um_rumcajs__nom_fast_1p32V_m40C.sdf:2874: Could not find intermodpath!
SDF ERROR: runs/single_key_wipe_p80_h0/final/sdf/nom_fast_1p32V_m40C/tt_um_rumcajs__nom_fast_1p32V_m40C.sdf:2875: Could not find intermodpath!
SDF ERROR: runs/single_key_wipe_p80_h0/final/sdf/nom_fast_1p32V_m40C/tt_um_rumcajs__nom_fast_1p32V_m40C.sdf:2876: Could not find intermodpath!
SDF ERROR: runs/single_key_wipe_p80_h0/final/sdf/nom_fast_1p32V_m40C/tt_um_rumcajs__nom_fast_1p32V_m40C.sdf:2877: Could not find intermodpath!
SDF ERROR: runs/single_key_wipe_p80_h0/final/sdf/nom_fast_1p32V_m40C/tt_um_rumcajs__nom_fast_1p32V_m40C.sdf:2878: Could not find intermodpath!
SDF ERROR: runs/single_key_wipe_p80_h0/final/sdf/nom_fast_1p32V_m40C/tt_um_rumcajs__nom_fast_1p32V_m40C.sdf:2879: Could not find intermodpath!
SDF ERROR: runs/single_key_wipe_p80_h0/final/sdf/nom_fast_1p32V_m40C/tt_um_rumcajs__nom_fast_1p32V_m40C.sdf:2880: Could not find intermodpath!
SDF ERROR: runs/single_key_wipe_p80_h0/final/sdf/nom_fast_1p32V_m40C/tt_um_rumcajs__nom_fast_1p32V_m40C.sdf:2881: Could not find intermodpath!
SDF ERROR: runs/single_key_wipe_p80_h0/final/sdf/nom_fast_1p32V_m40C/tt_um_rumcajs__nom_fast_1p32V_m40C.sdf:2882: Could not find intermodpath!
SDF ERROR: runs/single_key_wipe_p80_h0/final/sdf/nom_fast_1p32V_m40C/tt_um_rumcajs__nom_fast_1p32V_m40C.sdf:2883: Could not find intermodpath!
SDF ERROR: runs/single_key_wipe_p80_h0/final/sdf/nom_fast_1p32V_m40C/tt_um_rumcajs__nom_fast_1p32V_m40C.sdf:2884: Could not find intermodpath!
SDF ERROR: runs/single_key_wipe_p80_h0/final/sdf/nom_fast_1p32V_m40C/tt_um_rumcajs__nom_fast_1p32V_m40C.sdf:2885: Could not find intermodpath!
SDF ERROR: runs/single_key_wipe_p80_h0/final/sdf/nom_fast_1p32V_m40C/tt_um_rumcajs__nom_fast_1p32V_m40C.sdf:2886: Could not find intermodpath!
SDF ERROR: runs/single_key_wipe_p80_h0/final/sdf/nom_fast_1p32V_m40C/tt_um_rumcajs__nom_fast_1p32V_m40C.sdf:2887: Could noError: Could not find net. Did you run iverilog with '-ginterconnect'?
Error: Could not find net. Did you run iverilog with '-ginterconnect'?
Error: Could not find net. Did you run iverilog with '-ginterconnect'?
Error: Could not find net. Did you run iverilog with '-ginterconnect'?
Error: Could not find net. Did you run iverilog with '-ginterconnect'?
Error: Could not find net. Did you run iverilog with '-ginterconnect'?
Error: Could not find net. Did you run iverilog with '-ginterconnect'?
Error: Could not find net. Did you run iverilog with '-ginterconnect'?
Error: Could not find net. Did you run iverilog with '-ginterconnect'?
Error: Could not find net. Did you run iverilog with '-ginterconnect'?
Error: Could not find net. Did you run iverilog with '-ginterconnect'?
Error: Could not find net. Did you run iverilog with '-ginterconnect'?
Error: Could not find net. Did you run iverilog with '-ginterconnect'?
Error: Could not find net. Did you run iverilog with '-ginterconnect'?
Error: Could not find net. Did you run iverilog with '-ginterconnect'?
Error: Could not find net. Did you run iverilog with '-ginterconnect'?
Error: Could not find net. Did you run iverilog with '-ginterconnect'?
Error: Could not find net. Did you run iverilog with '-ginterconnect'?
Error: Could not find net. Did you run iverilog with '-ginterconnect'?
Error: Could not find net. Did you run iverilog with '-ginterconnect'?
Error: Could not find net. Did you run iverilog with '-ginterconnect'?
Error: Could not find net. Did you run iverilog with '-ginterconnect'?
Error: Could not find net. Did you run iverilog with '-ginterconnect'?
Error: Could not find net. Did you run iverilog with '-ginterconnect'?
Error: Could not find net. Did you run iverilog with '-ginterconnect'?
Error: Could not find net. Did you run iverilog with '-ginterconnect'?
Error: Could not find net. Did you run iverilog with '-ginterconnect'?
Error: Could not find net. Did you run iverilog with '-ginterconnect'?
Error: Could not find net. Did you run iverilog with '-ginterconnect'?
t find intermodpath!
SDF ERROR: runs/single_key_wipe_p80_h0/final/sdf/nom_fast_1p32V_m40C/tt_um_rumcajs__nom_fast_1p32V_m40C.sdf:2888: Could not find intermodpath!
SDF ERROR: runs/single_key_wipe_p80_h0/final/sdf/nom_fast_1p32V_m40C/tt_um_rumcajs__nom_fast_1p32V_m40C.sdf:2889: Could not find intermodpath!
SDF ERROR: runs/single_key_wipe_p80_h0/final/sdf/nom_fast_1p32V_m40C/tt_um_rumcajs__nom_fast_1p32V_m40C.sdf:2890: Could not find intermodpath!
SDF ERROR: runs/single_key_wipe_p80_h0/final/sdf/nom_fast_1p32V_m40C/tt_um_rumcajs__nom_fast_1p32V_m40C.sdf:2891: Could not find intermodpath!
SDF ERROR: runs/single_key_wipe_p80_h0/final/sdf/nom_fast_1p32V_m40C/tt_um_rumcajs__nom_fast_1p32V_m40C.sdf:2892: Could not find intermodpath!
SDF ERROR: runs/single_key_wipe_p80_h0/final/sdf/nom_fast_1p32V_m40C/tt_um_rumcajs__nom_fast_1p32V_m40C.sdf:2893: Could not find intermodpath!
SDF ERROR: runs/single_key_wipe_p80_h0/final/sdf/nom_fast_1p32V_m40C/tt_um_rumcajs__nom_fast_1p32V_m40C.sdf:2894: Could not find intermodpath!
SDF ERROR: runs/single_key_wipe_p80_h0/final/sdf/nom_fast_1p32V_m40C/tt_um_rumcajs__nom_fast_1p32V_m40C.sdf:2895: Could not find intermodpath!
SDF ERROR: runs/single_key_wipe_p80_h0/final/sdf/nom_fast_1p32V_m40C/tt_um_rumcajs__nom_fast_1p32V_m40C.sdf:2896: Could not find intermodpath!
SDF ERROR: runs/single_key_wipe_p80_h0/final/sdf/nom_fast_1p32V_m40C/tt_um_rumcajs__nom_fast_1p32V_m40C.sdf:2897: Could not find intermodpath!
SDF ERROR: runs/single_key_wipe_p80_h0/final/sdf/nom_fast_1p32V_m40C/tt_um_rumcajs__nom_fast_1p32V_m40C.sdf:2898: Could not find intermodpath!
SDF ERROR: runs/single_key_wipe_p80_h0/final/sdf/nom_fast_1p32V_m40C/tt_um_rumcajs__nom_fast_1p32V_m40C.sdf:2899: Could not find intermodpath!
SDF ERROR: runs/single_key_wipe_p80_h0/final/sdf/nom_fast_1p32V_m40C/tt_um_rumcajs__nom_fast_1p32V_m40C.sdf:2900: Could not find intermodpath!
SDF ERROR: runs/single_key_wipe_p80_h0/final/sdf/nom_fast_1p32V_m40C/tt_um_rumcajs__nom_fast_1p32V_m40C.sdf:2901: Could not find intermodpath!
SDF ERROR: runs/single_key_wipe_p80_h0/final/sdf/nom_fast_1p32V_m40C/tt_um_rumcajs__nom_fast_1p32V_m40C.sdf:2902: Could not find intermodpath!
SDF ERROR: runs/single_key_wipe_p80_h0/final/sdf/nom_fast_1p32V_m40C/tt_um_rumcajs__nom_fast_1p32V_m40C.sdf:2903: Could not find intermodpath!
SDF ERROR: runs/single_key_wipe_p80_h0/final/sdf/nom_fast_1p32V_m40C/tt_um_rumcajs__nom_fast_1p32V_m40C.sdf:2904: Could not find intermodpath!
SDF ERROR: runs/single_key_wipe_p80_h0/final/sdf/nom_fast_1p32V_m40C/tt_um_rumcajs__nom_fast_1p32V_m40C.sdf:2905: Could not find intermodpath!
SDF ERROR: runs/single_key_wipe_p80_h0/final/sdf/nom_fast_1p32V_m40C/tt_um_rumcajs__nom_fast_1p32V_m40C.sdf:2906: Could not find intermodpath!
SDF ERROR: runs/single_key_wipe_p80_h0/final/sdf/nom_fast_1p32V_m40C/tt_um_rumcajs__nom_fast_1p32V_m40C.sdf:2907: Could not find intermodpath!
SDF ERROR: runs/single_key_wipe_p80_h0/final/sdf/nom_fast_1p32V_m40C/tt_um_rumcajs__nom_fast_1p32V_m40C.sdf:2908: Could not find intermodpath!
SDF ERROR: runs/single_key_wipe_p80_h0/final/sdf/nom_fast_1p32V_m40C/tt_um_rumcajs__nom_fast_1p32V_m40C.sdf:2909: Could not find intermodpath!
SDF ERROR: runs/single_key_wipe_p80_h0/final/sdf/nom_fast_1p32V_m40C/tt_um_rumcajs__nom_fast_1p32V_m40C.sdf:2910: Could not find intermodpath!
SDF ERROR: runs/single_key_wipe_p80_h0/final/sdf/nom_fast_1p32V_m40C/tt_um_rumcajs__nom_fast_1p32V_m40C.sdf:2911: Could not find intermodpath!
SDF ERROR: runs/single_key_wipe_p80_h0/final/sdf/nom_fast_1p32V_m40C/tt_um_rumcajs__nom_fast_1p32V_m40C.sdf:2912: Could not find intermodpath!
SDF ERROR: runs/single_key_wipe_p80_h0/final/sdf/nom_fast_1p32V_m40C/tt_um_rumcajs__nom_fast_1p32V_m40C.sdf:2913: Could not find intermodpath!
SDF ERROR: runs/single_key_wipe_p80_h0/final/sdf/nom_fast_1p32V_m40C/tt_um_rumcajs__nom_fast_1p32V_m40C.sdf:2914: Could not find intermodpath!
SDF ERROR: runs/single_key_wipe_p80_h0/final/sdf/nom_fast_1p32V_m40C/tt_um_rumcajs__nom_fast_1p32V_m40C.sdf:2915: Could not find intermodpath!
SDF ERROR: runs/single_key_wipe_p80_h0/final/sdf/nom_fast_1p32V_m40C/ttError: Could not find net. Did you run iverilog with '-ginterconnect'?
Error: Could not find net. Did you run iverilog with '-ginterconnect'?
Error: Could not find net. Did you run iverilog with '-ginterconnect'?
Error: Could not find net. Did you run iverilog with '-ginterconnect'?
Error: Could not find net. Did you run iverilog with '-ginterconnect'?
Error: Could not find net. Did you run iverilog with '-ginterconnect'?
Error: Could not find net. Did you run iverilog with '-ginterconnect'?
Error: Could not find net. Did you run iverilog with '-ginterconnect'?
Error: Could not find net. Did you run iverilog with '-ginterconnect'?
Error: Could not find net. Did you run iverilog with '-ginterconnect'?
Error: Could not find net. Did you run iverilog with '-ginterconnect'?
Error: Could not find net. Did you run iverilog with '-ginterconnect'?
Error: Could not find net. Did you run iverilog with '-ginterconnect'?
Error: Could not find net. Did you run iverilog with '-ginterconnect'?
Error: Could not find net. Did you run iverilog with '-ginterconnect'?
Error: Could not find net. Did you run iverilog with '-ginterconnect'?
Error: Could not find net. Did you run iverilog with '-ginterconnect'?
Error: Could not find net. Did you run iverilog with '-ginterconnect'?
Error: Could not find net. Did you run iverilog with '-ginterconnect'?
Error: Could not find net. Did you run iverilog with '-ginterconnect'?
Error: Could not find net. Did you run iverilog with '-ginterconnect'?
Error: Could not find net. Did you run iverilog with '-ginterconnect'?
Error: Could not find net. Did you run iverilog with '-ginterconnect'?
Error: Could not find net. Did you run iverilog with '-ginterconnect'?
Error: Could not find net. Did you run iverilog with '-ginterconnect'?
Error: Could not find net. Did you run iverilog with '-ginterconnect'?
Error: Could not find net. Did you run iverilog with '-ginterconnect'?
Error: Could not find net. Did you run iverilog with '-ginterconnect'?
Error: Could not find net. Did you run iverilog with '-ginterconnect'?
_um_rumcajs__nom_fast_1p32V_m40C.sdf:2916: Could not find intermodpath!
SDF ERROR: runs/single_key_wipe_p80_h0/final/sdf/nom_fast_1p32V_m40C/tt_um_rumcajs__nom_fast_1p32V_m40C.sdf:2917: Could not find intermodpath!
SDF ERROR: runs/single_key_wipe_p80_h0/final/sdf/nom_fast_1p32V_m40C/tt_um_rumcajs__nom_fast_1p32V_m40C.sdf:2918: Could not find intermodpath!
SDF ERROR: runs/single_key_wipe_p80_h0/final/sdf/nom_fast_1p32V_m40C/tt_um_rumcajs__nom_fast_1p32V_m40C.sdf:2919: Could not find intermodpath!
SDF ERROR: runs/single_key_wipe_p80_h0/final/sdf/nom_fast_1p32V_m40C/tt_um_rumcajs__nom_fast_1p32V_m40C.sdf:2920: Could not find intermodpath!
SDF ERROR: runs/single_key_wipe_p80_h0/final/sdf/nom_fast_1p32V_m40C/tt_um_rumcajs__nom_fast_1p32V_m40C.sdf:2921: Could not find intermodpath!
SDF ERROR: runs/single_key_wipe_p80_h0/final/sdf/nom_fast_1p32V_m40C/tt_um_rumcajs__nom_fast_1p32V_m40C.sdf:2922: Could not find intermodpath!
SDF ERROR: runs/single_key_wipe_p80_h0/final/sdf/nom_fast_1p32V_m40C/tt_um_rumcajs__nom_fast_1p32V_m40C.sdf:2923: Could not find intermodpath!
SDF ERROR: runs/single_key_wipe_p80_h0/final/sdf/nom_fast_1p32V_m40C/tt_um_rumcajs__nom_fast_1p32V_m40C.sdf:2924: Could not find intermodpath!
SDF ERROR: runs/single_key_wipe_p80_h0/final/sdf/nom_fast_1p32V_m40C/tt_um_rumcajs__nom_fast_1p32V_m40C.sdf:2925: Could not find intermodpath!
SDF ERROR: runs/single_key_wipe_p80_h0/final/sdf/nom_fast_1p32V_m40C/tt_um_rumcajs__nom_fast_1p32V_m40C.sdf:2926: Could not find intermodpath!
SDF ERROR: runs/single_key_wipe_p80_h0/final/sdf/nom_fast_1p32V_m40C/tt_um_rumcajs__nom_fast_1p32V_m40C.sdf:2927: Could not find intermodpath!
SDF ERROR: runs/single_key_wipe_p80_h0/final/sdf/nom_fast_1p32V_m40C/tt_um_rumcajs__nom_fast_1p32V_m40C.sdf:2928: Could not find intermodpath!
SDF ERROR: runs/single_key_wipe_p80_h0/final/sdf/nom_fast_1p32V_m40C/tt_um_rumcajs__nom_fast_1p32V_m40C.sdf:2929: Could not find intermodpath!
SDF ERROR: runs/single_key_wipe_p80_h0/final/sdf/nom_fast_1p32V_m40C/tt_um_rumcajs__nom_fast_1p32V_m40C.sdf:2930: Could not find intermodpath!
SDF ERROR: runs/single_key_wipe_p80_h0/final/sdf/nom_fast_1p32V_m40C/tt_um_rumcajs__nom_fast_1p32V_m40C.sdf:2931: Could not find intermodpath!
SDF ERROR: runs/single_key_wipe_p80_h0/final/sdf/nom_fast_1p32V_m40C/tt_um_rumcajs__nom_fast_1p32V_m40C.sdf:2932: Could not find intermodpath!
SDF ERROR: runs/single_key_wipe_p80_h0/final/sdf/nom_fast_1p32V_m40C/tt_um_rumcajs__nom_fast_1p32V_m40C.sdf:2933: Could not find intermodpath!
SDF ERROR: runs/single_key_wipe_p80_h0/final/sdf/nom_fast_1p32V_m40C/tt_um_rumcajs__nom_fast_1p32V_m40C.sdf:2934: Could not find intermodpath!
SDF ERROR: runs/single_key_wipe_p80_h0/final/sdf/nom_fast_1p32V_m40C/tt_um_rumcajs__nom_fast_1p32V_m40C.sdf:2935: Could not find intermodpath!
SDF ERROR: runs/single_key_wipe_p80_h0/final/sdf/nom_fast_1p32V_m40C/tt_um_rumcajs__nom_fast_1p32V_m40C.sdf:2936: Could not find intermodpath!
SDF ERROR: runs/single_key_wipe_p80_h0/final/sdf/nom_fast_1p32V_m40C/tt_um_rumcajs__nom_fast_1p32V_m40C.sdf:2937: Could not find intermodpath!
SDF ERROR: runs/single_key_wipe_p80_h0/final/sdf/nom_fast_1p32V_m40C/tt_um_rumcajs__nom_fast_1p32V_m40C.sdf:2938: Could not find intermodpath!
SDF ERROR: runs/single_key_wipe_p80_h0/final/sdf/nom_fast_1p32V_m40C/tt_um_rumcajs__nom_fast_1p32V_m40C.sdf:2939: Could not find intermodpath!
SDF ERROR: runs/single_key_wipe_p80_h0/final/sdf/nom_fast_1p32V_m40C/tt_um_rumcajs__nom_fast_1p32V_m40C.sdf:2940: Could not find intermodpath!
SDF ERROR: runs/single_key_wipe_p80_h0/final/sdf/nom_fast_1p32V_m40C/tt_um_rumcajs__nom_fast_1p32V_m40C.sdf:2941: Could not find intermodpath!
SDF ERROR: runs/single_key_wipe_p80_h0/final/sdf/nom_fast_1p32V_m40C/tt_um_rumcajs__nom_fast_1p32V_m40C.sdf:2942: Could not find intermodpath!
SDF ERROR: runs/single_key_wipe_p80_h0/final/sdf/nom_fast_1p32V_m40C/tt_um_rumcajs__nom_fast_1p32V_m40C.sdf:2943: Could not find intermodpath!
SDF ERROR: runs/single_key_wipe_p80_h0/final/sdf/nom_fast_1p32V_m40C/tt_um_rumcajs__nom_fast_1p32V_m40C.sdf:2944: Could not find intermodpath!
SDF ERROR: runs/singError: Could not find net. Did you run iverilog with '-ginterconnect'?
Error: Could not find net. Did you run iverilog with '-ginterconnect'?
Error: Could not find net. Did you run iverilog with '-ginterconnect'?
Error: Could not find net. Did you run iverilog with '-ginterconnect'?
Error: Could not find net. Did you run iverilog with '-ginterconnect'?
Error: Could not find net. Did you run iverilog with '-ginterconnect'?
Error: Could not find net. Did you run iverilog with '-ginterconnect'?
Error: Could not find net. Did you run iverilog with '-ginterconnect'?
Error: Could not find net. Did you run iverilog with '-ginterconnect'?
Error: Could not find net. Did you run iverilog with '-ginterconnect'?
Error: Could not find net. Did you run iverilog with '-ginterconnect'?
Error: Could not find net. Did you run iverilog with '-ginterconnect'?
Error: Could not find net. Did you run iverilog with '-ginterconnect'?
Error: Could not find net. Did you run iverilog with '-ginterconnect'?
Error: Could not find net. Did you run iverilog with '-ginterconnect'?
Error: Could not find net. Did you run iverilog with '-ginterconnect'?
Error: Could not find net. Did you run iverilog with '-ginterconnect'?
Error: Could not find net. Did you run iverilog with '-ginterconnect'?
Error: Could not find net. Did you run iverilog with '-ginterconnect'?
Error: Could not find net. Did you run iverilog with '-ginterconnect'?
Error: Could not find net. Did you run iverilog with '-ginterconnect'?
Error: Could not find net. Did you run iverilog with '-ginterconnect'?
Error: Could not find net. Did you run iverilog with '-ginterconnect'?
Error: Could not find net. Did you run iverilog with '-ginterconnect'?
Error: Could not find net. Did you run iverilog with '-ginterconnect'?
Error: Could not find net. Did you run iverilog with '-ginterconnect'?
Error: Could not find net. Did you run iverilog with '-ginterconnect'?
Error: Could not find net. Did you run iverilog with '-ginterconnect'?
le_key_wipe_p80_h0/final/sdf/nom_fast_1p32V_m40C/tt_um_rumcajs__nom_fast_1p32V_m40C.sdf:2945: Could not find intermodpath!
SDF ERROR: runs/single_key_wipe_p80_h0/final/sdf/nom_fast_1p32V_m40C/tt_um_rumcajs__nom_fast_1p32V_m40C.sdf:2946: Could not find intermodpath!
SDF ERROR: runs/single_key_wipe_p80_h0/final/sdf/nom_fast_1p32V_m40C/tt_um_rumcajs__nom_fast_1p32V_m40C.sdf:2947: Could not find intermodpath!
SDF ERROR: runs/single_key_wipe_p80_h0/final/sdf/nom_fast_1p32V_m40C/tt_um_rumcajs__nom_fast_1p32V_m40C.sdf:2948: Could not find intermodpath!
SDF ERROR: runs/single_key_wipe_p80_h0/final/sdf/nom_fast_1p32V_m40C/tt_um_rumcajs__nom_fast_1p32V_m40C.sdf:2949: Could not find intermodpath!
SDF ERROR: runs/single_key_wipe_p80_h0/final/sdf/nom_fast_1p32V_m40C/tt_um_rumcajs__nom_fast_1p32V_m40C.sdf:2950: Could not find intermodpath!
SDF ERROR: runs/single_key_wipe_p80_h0/final/sdf/nom_fast_1p32V_m40C/tt_um_rumcajs__nom_fast_1p32V_m40C.sdf:2951: Could not find intermodpath!
SDF ERROR: runs/single_key_wipe_p80_h0/final/sdf/nom_fast_1p32V_m40C/tt_um_rumcajs__nom_fast_1p32V_m40C.sdf:2952: Could not find intermodpath!
SDF ERROR: runs/single_key_wipe_p80_h0/final/sdf/nom_fast_1p32V_m40C/tt_um_rumcajs__nom_fast_1p32V_m40C.sdf:2953: Could not find intermodpath!
SDF ERROR: runs/single_key_wipe_p80_h0/final/sdf/nom_fast_1p32V_m40C/tt_um_rumcajs__nom_fast_1p32V_m40C.sdf:2954: Could not find intermodpath!
SDF ERROR: runs/single_key_wipe_p80_h0/final/sdf/nom_fast_1p32V_m40C/tt_um_rumcajs__nom_fast_1p32V_m40C.sdf:2955: Could not find intermodpath!
SDF ERROR: runs/single_key_wipe_p80_h0/final/sdf/nom_fast_1p32V_m40C/tt_um_rumcajs__nom_fast_1p32V_m40C.sdf:2956: Could not find intermodpath!
SDF ERROR: runs/single_key_wipe_p80_h0/final/sdf/nom_fast_1p32V_m40C/tt_um_rumcajs__nom_fast_1p32V_m40C.sdf:2957: Could not find intermodpath!
SDF ERROR: runs/single_key_wipe_p80_h0/final/sdf/nom_fast_1p32V_m40C/tt_um_rumcajs__nom_fast_1p32V_m40C.sdf:2958: Could not find intermodpath!
SDF ERROR: runs/single_key_wipe_p80_h0/final/sdf/nom_fast_1p32V_m40C/tt_um_rumcajs__nom_fast_1p32V_m40C.sdf:2959: Could not find intermodpath!
SDF ERROR: runs/single_key_wipe_p80_h0/final/sdf/nom_fast_1p32V_m40C/tt_um_rumcajs__nom_fast_1p32V_m40C.sdf:2960: Could not find intermodpath!
SDF ERROR: runs/single_key_wipe_p80_h0/final/sdf/nom_fast_1p32V_m40C/tt_um_rumcajs__nom_fast_1p32V_m40C.sdf:2961: Could not find intermodpath!
SDF ERROR: runs/single_key_wipe_p80_h0/final/sdf/nom_fast_1p32V_m40C/tt_um_rumcajs__nom_fast_1p32V_m40C.sdf:2962: Could not find intermodpath!
SDF ERROR: runs/single_key_wipe_p80_h0/final/sdf/nom_fast_1p32V_m40C/tt_um_rumcajs__nom_fast_1p32V_m40C.sdf:2963: Could not find intermodpath!
SDF ERROR: runs/single_key_wipe_p80_h0/final/sdf/nom_fast_1p32V_m40C/tt_um_rumcajs__nom_fast_1p32V_m40C.sdf:2964: Could not find intermodpath!
SDF ERROR: runs/single_key_wipe_p80_h0/final/sdf/nom_fast_1p32V_m40C/tt_um_rumcajs__nom_fast_1p32V_m40C.sdf:2965: Could not find intermodpath!
SDF ERROR: runs/single_key_wipe_p80_h0/final/sdf/nom_fast_1p32V_m40C/tt_um_rumcajs__nom_fast_1p32V_m40C.sdf:2966: Could not find intermodpath!
SDF ERROR: runs/single_key_wipe_p80_h0/final/sdf/nom_fast_1p32V_m40C/tt_um_rumcajs__nom_fast_1p32V_m40C.sdf:2967: Could not find intermodpath!
SDF ERROR: runs/single_key_wipe_p80_h0/final/sdf/nom_fast_1p32V_m40C/tt_um_rumcajs__nom_fast_1p32V_m40C.sdf:2968: Could not find intermodpath!
SDF ERROR: runs/single_key_wipe_p80_h0/final/sdf/nom_fast_1p32V_m40C/tt_um_rumcajs__nom_fast_1p32V_m40C.sdf:2969: Could not find intermodpath!
SDF ERROR: runs/single_key_wipe_p80_h0/final/sdf/nom_fast_1p32V_m40C/tt_um_rumcajs__nom_fast_1p32V_m40C.sdf:2970: Could not find intermodpath!
SDF ERROR: runs/single_key_wipe_p80_h0/final/sdf/nom_fast_1p32V_m40C/tt_um_rumcajs__nom_fast_1p32V_m40C.sdf:2971: Could not find intermodpath!
SDF ERROR: runs/single_key_wipe_p80_h0/final/sdf/nom_fast_1p32V_m40C/tt_um_rumcajs__nom_fast_1p32V_m40C.sdf:2972: Could not find intermodpath!
SDF ERROR: runs/single_key_wipe_p80_h0/final/sdf/nom_fast_1p32V_m40C/tt_um_rumcajs__nom_fast_1p32V_m40C.sdf:2973Error: Could not find net. Did you run iverilog with '-ginterconnect'?
Error: Could not find net. Did you run iverilog with '-ginterconnect'?
Error: Could not find net. Did you run iverilog with '-ginterconnect'?
Error: Could not find net. Did you run iverilog with '-ginterconnect'?
Error: Could not find net. Did you run iverilog with '-ginterconnect'?
Error: Could not find net. Did you run iverilog with '-ginterconnect'?
Error: Could not find net. Did you run iverilog with '-ginterconnect'?
Error: Could not find net. Did you run iverilog with '-ginterconnect'?
Error: Could not find net. Did you run iverilog with '-ginterconnect'?
Error: Could not find net. Did you run iverilog with '-ginterconnect'?
Error: Could not find net. Did you run iverilog with '-ginterconnect'?
Error: Could not find net. Did you run iverilog with '-ginterconnect'?
Error: Could not find net. Did you run iverilog with '-ginterconnect'?
Error: Could not find net. Did you run iverilog with '-ginterconnect'?
Error: Could not find net. Did you run iverilog with '-ginterconnect'?
Error: Could not find net. Did you run iverilog with '-ginterconnect'?
Error: Could not find net. Did you run iverilog with '-ginterconnect'?
Error: Could not find net. Did you run iverilog with '-ginterconnect'?
Error: Could not find net. Did you run iverilog with '-ginterconnect'?
Error: Could not find net. Did you run iverilog with '-ginterconnect'?
Error: Could not find net. Did you run iverilog with '-ginterconnect'?
Error: Could not find net. Did you run iverilog with '-ginterconnect'?
Error: Could not find net. Did you run iverilog with '-ginterconnect'?
Error: Could not find net. Did you run iverilog with '-ginterconnect'?
Error: Could not find net. Did you run iverilog with '-ginterconnect'?
Error: Could not find net. Did you run iverilog with '-ginterconnect'?
Error: Could not find net. Did you run iverilog with '-ginterconnect'?
Error: Could not find net. Did you run iverilog with '-ginterconnect'?
Error: Could not find net. Did you run iverilog with '-ginterconnect'?
: Could not find intermodpath!
SDF ERROR: runs/single_key_wipe_p80_h0/final/sdf/nom_fast_1p32V_m40C/tt_um_rumcajs__nom_fast_1p32V_m40C.sdf:2974: Could not find intermodpath!
SDF ERROR: runs/single_key_wipe_p80_h0/final/sdf/nom_fast_1p32V_m40C/tt_um_rumcajs__nom_fast_1p32V_m40C.sdf:2975: Could not find intermodpath!
SDF ERROR: runs/single_key_wipe_p80_h0/final/sdf/nom_fast_1p32V_m40C/tt_um_rumcajs__nom_fast_1p32V_m40C.sdf:2976: Could not find intermodpath!
SDF ERROR: runs/single_key_wipe_p80_h0/final/sdf/nom_fast_1p32V_m40C/tt_um_rumcajs__nom_fast_1p32V_m40C.sdf:2977: Could not find intermodpath!
SDF ERROR: runs/single_key_wipe_p80_h0/final/sdf/nom_fast_1p32V_m40C/tt_um_rumcajs__nom_fast_1p32V_m40C.sdf:2978: Could not find intermodpath!
SDF ERROR: runs/single_key_wipe_p80_h0/final/sdf/nom_fast_1p32V_m40C/tt_um_rumcajs__nom_fast_1p32V_m40C.sdf:2979: Could not find intermodpath!
SDF ERROR: runs/single_key_wipe_p80_h0/final/sdf/nom_fast_1p32V_m40C/tt_um_rumcajs__nom_fast_1p32V_m40C.sdf:2980: Could not find intermodpath!
SDF ERROR: runs/single_key_wipe_p80_h0/final/sdf/nom_fast_1p32V_m40C/tt_um_rumcajs__nom_fast_1p32V_m40C.sdf:2981: Could not find intermodpath!
SDF ERROR: runs/single_key_wipe_p80_h0/final/sdf/nom_fast_1p32V_m40C/tt_um_rumcajs__nom_fast_1p32V_m40C.sdf:2982: Could not find intermodpath!
SDF ERROR: runs/single_key_wipe_p80_h0/final/sdf/nom_fast_1p32V_m40C/tt_um_rumcajs__nom_fast_1p32V_m40C.sdf:2983: Could not find intermodpath!
SDF ERROR: runs/single_key_wipe_p80_h0/final/sdf/nom_fast_1p32V_m40C/tt_um_rumcajs__nom_fast_1p32V_m40C.sdf:2984: Could not find intermodpath!
SDF ERROR: runs/single_key_wipe_p80_h0/final/sdf/nom_fast_1p32V_m40C/tt_um_rumcajs__nom_fast_1p32V_m40C.sdf:2985: Could not find intermodpath!
SDF ERROR: runs/single_key_wipe_p80_h0/final/sdf/nom_fast_1p32V_m40C/tt_um_rumcajs__nom_fast_1p32V_m40C.sdf:2986: Could not find intermodpath!
SDF ERROR: runs/single_key_wipe_p80_h0/final/sdf/nom_fast_1p32V_m40C/tt_um_rumcajs__nom_fast_1p32V_m40C.sdf:2987: Could not find intermodpath!
SDF ERROR: runs/single_key_wipe_p80_h0/final/sdf/nom_fast_1p32V_m40C/tt_um_rumcajs__nom_fast_1p32V_m40C.sdf:2988: Could not find intermodpath!
SDF ERROR: runs/single_key_wipe_p80_h0/final/sdf/nom_fast_1p32V_m40C/tt_um_rumcajs__nom_fast_1p32V_m40C.sdf:2989: Could not find intermodpath!
SDF ERROR: runs/single_key_wipe_p80_h0/final/sdf/nom_fast_1p32V_m40C/tt_um_rumcajs__nom_fast_1p32V_m40C.sdf:2990: Could not find intermodpath!
SDF ERROR: runs/single_key_wipe_p80_h0/final/sdf/nom_fast_1p32V_m40C/tt_um_rumcajs__nom_fast_1p32V_m40C.sdf:2991: Could not find intermodpath!
SDF ERROR: runs/single_key_wipe_p80_h0/final/sdf/nom_fast_1p32V_m40C/tt_um_rumcajs__nom_fast_1p32V_m40C.sdf:2992: Could not find intermodpath!
SDF ERROR: runs/single_key_wipe_p80_h0/final/sdf/nom_fast_1p32V_m40C/tt_um_rumcajs__nom_fast_1p32V_m40C.sdf:2993: Could not find intermodpath!
SDF ERROR: runs/single_key_wipe_p80_h0/final/sdf/nom_fast_1p32V_m40C/tt_um_rumcajs__nom_fast_1p32V_m40C.sdf:2994: Could not find intermodpath!
SDF ERROR: runs/single_key_wipe_p80_h0/final/sdf/nom_fast_1p32V_m40C/tt_um_rumcajs__nom_fast_1p32V_m40C.sdf:2995: Could not find intermodpath!
SDF ERROR: runs/single_key_wipe_p80_h0/final/sdf/nom_fast_1p32V_m40C/tt_um_rumcajs__nom_fast_1p32V_m40C.sdf:2996: Could not find intermodpath!
SDF ERROR: runs/single_key_wipe_p80_h0/final/sdf/nom_fast_1p32V_m40C/tt_um_rumcajs__nom_fast_1p32V_m40C.sdf:2997: Could not find intermodpath!
SDF ERROR: runs/single_key_wipe_p80_h0/final/sdf/nom_fast_1p32V_m40C/tt_um_rumcajs__nom_fast_1p32V_m40C.sdf:2998: Could not find intermodpath!
SDF ERROR: runs/single_key_wipe_p80_h0/final/sdf/nom_fast_1p32V_m40C/tt_um_rumcajs__nom_fast_1p32V_m40C.sdf:2999: Could not find intermodpath!
SDF ERROR: runs/single_key_wipe_p80_h0/final/sdf/nom_fast_1p32V_m40C/tt_um_rumcajs__nom_fast_1p32V_m40C.sdf:3000: Could not find intermodpath!
SDF ERROR: runs/single_key_wipe_p80_h0/final/sdf/nom_fast_1p32V_m40C/tt_um_rumcajs__nom_fast_1p32V_m40C.sdf:3001: Could not find intermodpath!
SDF ERROR: runs/single_key_wipe_p80_h0/final/sdf/nom_fast_1p3Error: Could not find net. Did you run iverilog with '-ginterconnect'?
Error: Could not find net. Did you run iverilog with '-ginterconnect'?
Error: Could not find net. Did you run iverilog with '-ginterconnect'?
Error: Could not find net. Did you run iverilog with '-ginterconnect'?
Error: Could not find net. Did you run iverilog with '-ginterconnect'?
Error: Could not find net. Did you run iverilog with '-ginterconnect'?
Error: Could not find net. Did you run iverilog with '-ginterconnect'?
Error: Could not find net. Did you run iverilog with '-ginterconnect'?
Error: Could not find net. Did you run iverilog with '-ginterconnect'?
Error: Could not find net. Did you run iverilog with '-ginterconnect'?
Error: Could not find net. Did you run iverilog with '-ginterconnect'?
Error: Could not find net. Did you run iverilog with '-ginterconnect'?
Error: Could not find net. Did you run iverilog with '-ginterconnect'?
Error: Could not find net. Did you run iverilog with '-ginterconnect'?
Error: Could not find net. Did you run iverilog with '-ginterconnect'?
Error: Could not find net. Did you run iverilog with '-ginterconnect'?
Error: Could not find net. Did you run iverilog with '-ginterconnect'?
Error: Could not find net. Did you run iverilog with '-ginterconnect'?
Error: Could not find net. Did you run iverilog with '-ginterconnect'?
Error: Could not find net. Did you run iverilog with '-ginterconnect'?
Error: Could not find net. Did you run iverilog with '-ginterconnect'?
Error: Could not find net. Did you run iverilog with '-ginterconnect'?
Error: Could not find net. Did you run iverilog with '-ginterconnect'?
Error: Could not find net. Did you run iverilog with '-ginterconnect'?
Error: Could not find net. Did you run iverilog with '-ginterconnect'?
Error: Could not find net. Did you run iverilog with '-ginterconnect'?
Error: Could not find net. Did you run iverilog with '-ginterconnect'?
Error: Could not find net. Did you run iverilog with '-ginterconnect'?
Error: Could not find net. Did you run iverilog with '-ginterconnect'?
2V_m40C/tt_um_rumcajs__nom_fast_1p32V_m40C.sdf:3002: Could not find intermodpath!
SDF ERROR: runs/single_key_wipe_p80_h0/final/sdf/nom_fast_1p32V_m40C/tt_um_rumcajs__nom_fast_1p32V_m40C.sdf:3003: Could not find intermodpath!
SDF ERROR: runs/single_key_wipe_p80_h0/final/sdf/nom_fast_1p32V_m40C/tt_um_rumcajs__nom_fast_1p32V_m40C.sdf:3004: Could not find intermodpath!
SDF ERROR: runs/single_key_wipe_p80_h0/final/sdf/nom_fast_1p32V_m40C/tt_um_rumcajs__nom_fast_1p32V_m40C.sdf:3005: Could not find intermodpath!
SDF ERROR: runs/single_key_wipe_p80_h0/final/sdf/nom_fast_1p32V_m40C/tt_um_rumcajs__nom_fast_1p32V_m40C.sdf:3006: Could not find intermodpath!
SDF ERROR: runs/single_key_wipe_p80_h0/final/sdf/nom_fast_1p32V_m40C/tt_um_rumcajs__nom_fast_1p32V_m40C.sdf:3007: Could not find intermodpath!
SDF ERROR: runs/single_key_wipe_p80_h0/final/sdf/nom_fast_1p32V_m40C/tt_um_rumcajs__nom_fast_1p32V_m40C.sdf:3008: Could not find intermodpath!
SDF ERROR: runs/single_key_wipe_p80_h0/final/sdf/nom_fast_1p32V_m40C/tt_um_rumcajs__nom_fast_1p32V_m40C.sdf:3009: Could not find intermodpath!
SDF ERROR: runs/single_key_wipe_p80_h0/final/sdf/nom_fast_1p32V_m40C/tt_um_rumcajs__nom_fast_1p32V_m40C.sdf:3010: Could not find intermodpath!
SDF ERROR: runs/single_key_wipe_p80_h0/final/sdf/nom_fast_1p32V_m40C/tt_um_rumcajs__nom_fast_1p32V_m40C.sdf:3011: Could not find intermodpath!
SDF ERROR: runs/single_key_wipe_p80_h0/final/sdf/nom_fast_1p32V_m40C/tt_um_rumcajs__nom_fast_1p32V_m40C.sdf:3012: Could not find intermodpath!
SDF ERROR: runs/single_key_wipe_p80_h0/final/sdf/nom_fast_1p32V_m40C/tt_um_rumcajs__nom_fast_1p32V_m40C.sdf:3013: Could not find intermodpath!
SDF ERROR: runs/single_key_wipe_p80_h0/final/sdf/nom_fast_1p32V_m40C/tt_um_rumcajs__nom_fast_1p32V_m40C.sdf:3014: Could not find intermodpath!
SDF ERROR: runs/single_key_wipe_p80_h0/final/sdf/nom_fast_1p32V_m40C/tt_um_rumcajs__nom_fast_1p32V_m40C.sdf:3015: Could not find intermodpath!
SDF ERROR: runs/single_key_wipe_p80_h0/final/sdf/nom_fast_1p32V_m40C/tt_um_rumcajs__nom_fast_1p32V_m40C.sdf:3016: Could not find intermodpath!
SDF ERROR: runs/single_key_wipe_p80_h0/final/sdf/nom_fast_1p32V_m40C/tt_um_rumcajs__nom_fast_1p32V_m40C.sdf:3017: Could not find intermodpath!
SDF ERROR: runs/single_key_wipe_p80_h0/final/sdf/nom_fast_1p32V_m40C/tt_um_rumcajs__nom_fast_1p32V_m40C.sdf:3018: Could not find intermodpath!
SDF ERROR: runs/single_key_wipe_p80_h0/final/sdf/nom_fast_1p32V_m40C/tt_um_rumcajs__nom_fast_1p32V_m40C.sdf:3019: Could not find intermodpath!
SDF ERROR: runs/single_key_wipe_p80_h0/final/sdf/nom_fast_1p32V_m40C/tt_um_rumcajs__nom_fast_1p32V_m40C.sdf:3020: Could not find intermodpath!
SDF ERROR: runs/single_key_wipe_p80_h0/final/sdf/nom_fast_1p32V_m40C/tt_um_rumcajs__nom_fast_1p32V_m40C.sdf:3021: Could not find intermodpath!
SDF ERROR: runs/single_key_wipe_p80_h0/final/sdf/nom_fast_1p32V_m40C/tt_um_rumcajs__nom_fast_1p32V_m40C.sdf:3022: Could not find intermodpath!
SDF ERROR: runs/single_key_wipe_p80_h0/final/sdf/nom_fast_1p32V_m40C/tt_um_rumcajs__nom_fast_1p32V_m40C.sdf:3023: Could not find intermodpath!
SDF ERROR: runs/single_key_wipe_p80_h0/final/sdf/nom_fast_1p32V_m40C/tt_um_rumcajs__nom_fast_1p32V_m40C.sdf:3024: Could not find intermodpath!
SDF ERROR: runs/single_key_wipe_p80_h0/final/sdf/nom_fast_1p32V_m40C/tt_um_rumcajs__nom_fast_1p32V_m40C.sdf:3025: Could not find intermodpath!
SDF ERROR: runs/single_key_wipe_p80_h0/final/sdf/nom_fast_1p32V_m40C/tt_um_rumcajs__nom_fast_1p32V_m40C.sdf:3026: Could not find intermodpath!
SDF ERROR: runs/single_key_wipe_p80_h0/final/sdf/nom_fast_1p32V_m40C/tt_um_rumcajs__nom_fast_1p32V_m40C.sdf:3027: Could not find intermodpath!
SDF ERROR: runs/single_key_wipe_p80_h0/final/sdf/nom_fast_1p32V_m40C/tt_um_rumcajs__nom_fast_1p32V_m40C.sdf:3028: Could not find intermodpath!
SDF ERROR: runs/single_key_wipe_p80_h0/final/sdf/nom_fast_1p32V_m40C/tt_um_rumcajs__nom_fast_1p32V_m40C.sdf:3029: Could not find intermodpath!
SDF ERROR: runs/single_key_wipe_p80_h0/final/sdf/nom_fast_1p32V_m40C/tt_um_rumcajs__nom_fast_1p32V_m40C.sdf:3030: Could not find intermodpath!
SDF ERROR:Error: Could not find net. Did you run iverilog with '-ginterconnect'?
Error: Could not find net. Did you run iverilog with '-ginterconnect'?
Error: Could not find net. Did you run iverilog with '-ginterconnect'?
Error: Could not find net. Did you run iverilog with '-ginterconnect'?
Error: Could not find net. Did you run iverilog with '-ginterconnect'?
Error: Could not find net. Did you run iverilog with '-ginterconnect'?
Error: Could not find net. Did you run iverilog with '-ginterconnect'?
Error: Could not find net. Did you run iverilog with '-ginterconnect'?
Error: Could not find net. Did you run iverilog with '-ginterconnect'?
Error: Could not find net. Did you run iverilog with '-ginterconnect'?
Error: Could not find net. Did you run iverilog with '-ginterconnect'?
Error: Could not find net. Did you run iverilog with '-ginterconnect'?
Error: Could not find net. Did you run iverilog with '-ginterconnect'?
Error: Could not find net. Did you run iverilog with '-ginterconnect'?
Error: Could not find net. Did you run iverilog with '-ginterconnect'?
Error: Could not find net. Did you run iverilog with '-ginterconnect'?
Error: Could not find net. Did you run iverilog with '-ginterconnect'?
Error: Could not find net. Did you run iverilog with '-ginterconnect'?
Error: Could not find net. Did you run iverilog with '-ginterconnect'?
Error: Could not find net. Did you run iverilog with '-ginterconnect'?
Error: Could not find net. Did you run iverilog with '-ginterconnect'?
Error: Could not find net. Did you run iverilog with '-ginterconnect'?
Error: Could not find net. Did you run iverilog with '-ginterconnect'?
Error: Could not find net. Did you run iverilog with '-ginterconnect'?
Error: Could not find net. Did you run iverilog with '-ginterconnect'?
Error: Could not find net. Did you run iverilog with '-ginterconnect'?
Error: Could not find net. Did you run iverilog with '-ginterconnect'?
Error: Could not find net. Did you run iverilog with '-ginterconnect'?
 runs/single_key_wipe_p80_h0/final/sdf/nom_fast_1p32V_m40C/tt_um_rumcajs__nom_fast_1p32V_m40C.sdf:3031: Could not find intermodpath!
SDF ERROR: runs/single_key_wipe_p80_h0/final/sdf/nom_fast_1p32V_m40C/tt_um_rumcajs__nom_fast_1p32V_m40C.sdf:3032: Could not find intermodpath!
SDF ERROR: runs/single_key_wipe_p80_h0/final/sdf/nom_fast_1p32V_m40C/tt_um_rumcajs__nom_fast_1p32V_m40C.sdf:3033: Could not find intermodpath!
SDF ERROR: runs/single_key_wipe_p80_h0/final/sdf/nom_fast_1p32V_m40C/tt_um_rumcajs__nom_fast_1p32V_m40C.sdf:3034: Could not find intermodpath!
SDF ERROR: runs/single_key_wipe_p80_h0/final/sdf/nom_fast_1p32V_m40C/tt_um_rumcajs__nom_fast_1p32V_m40C.sdf:3035: Could not find intermodpath!
SDF ERROR: runs/single_key_wipe_p80_h0/final/sdf/nom_fast_1p32V_m40C/tt_um_rumcajs__nom_fast_1p32V_m40C.sdf:3036: Could not find intermodpath!
SDF ERROR: runs/single_key_wipe_p80_h0/final/sdf/nom_fast_1p32V_m40C/tt_um_rumcajs__nom_fast_1p32V_m40C.sdf:3037: Could not find intermodpath!
SDF ERROR: runs/single_key_wipe_p80_h0/final/sdf/nom_fast_1p32V_m40C/tt_um_rumcajs__nom_fast_1p32V_m40C.sdf:3038: Could not find intermodpath!
SDF ERROR: runs/single_key_wipe_p80_h0/final/sdf/nom_fast_1p32V_m40C/tt_um_rumcajs__nom_fast_1p32V_m40C.sdf:3039: Could not find intermodpath!
SDF ERROR: runs/single_key_wipe_p80_h0/final/sdf/nom_fast_1p32V_m40C/tt_um_rumcajs__nom_fast_1p32V_m40C.sdf:3040: Could not find intermodpath!
SDF ERROR: runs/single_key_wipe_p80_h0/final/sdf/nom_fast_1p32V_m40C/tt_um_rumcajs__nom_fast_1p32V_m40C.sdf:3041: Could not find intermodpath!
SDF ERROR: runs/single_key_wipe_p80_h0/final/sdf/nom_fast_1p32V_m40C/tt_um_rumcajs__nom_fast_1p32V_m40C.sdf:3042: Could not find intermodpath!
SDF ERROR: runs/single_key_wipe_p80_h0/final/sdf/nom_fast_1p32V_m40C/tt_um_rumcajs__nom_fast_1p32V_m40C.sdf:3043: Could not find intermodpath!
SDF ERROR: runs/single_key_wipe_p80_h0/final/sdf/nom_fast_1p32V_m40C/tt_um_rumcajs__nom_fast_1p32V_m40C.sdf:3044: Could not find intermodpath!
SDF ERROR: runs/single_key_wipe_p80_h0/final/sdf/nom_fast_1p32V_m40C/tt_um_rumcajs__nom_fast_1p32V_m40C.sdf:3045: Could not find intermodpath!
SDF ERROR: runs/single_key_wipe_p80_h0/final/sdf/nom_fast_1p32V_m40C/tt_um_rumcajs__nom_fast_1p32V_m40C.sdf:3046: Could not find intermodpath!
SDF ERROR: runs/single_key_wipe_p80_h0/final/sdf/nom_fast_1p32V_m40C/tt_um_rumcajs__nom_fast_1p32V_m40C.sdf:3047: Could not find intermodpath!
SDF ERROR: runs/single_key_wipe_p80_h0/final/sdf/nom_fast_1p32V_m40C/tt_um_rumcajs__nom_fast_1p32V_m40C.sdf:3048: Could not find intermodpath!
SDF ERROR: runs/single_key_wipe_p80_h0/final/sdf/nom_fast_1p32V_m40C/tt_um_rumcajs__nom_fast_1p32V_m40C.sdf:3049: Could not find intermodpath!
SDF ERROR: runs/single_key_wipe_p80_h0/final/sdf/nom_fast_1p32V_m40C/tt_um_rumcajs__nom_fast_1p32V_m40C.sdf:3050: Could not find intermodpath!
SDF ERROR: runs/single_key_wipe_p80_h0/final/sdf/nom_fast_1p32V_m40C/tt_um_rumcajs__nom_fast_1p32V_m40C.sdf:3051: Could not find intermodpath!
SDF ERROR: runs/single_key_wipe_p80_h0/final/sdf/nom_fast_1p32V_m40C/tt_um_rumcajs__nom_fast_1p32V_m40C.sdf:3052: Could not find intermodpath!
SDF ERROR: runs/single_key_wipe_p80_h0/final/sdf/nom_fast_1p32V_m40C/tt_um_rumcajs__nom_fast_1p32V_m40C.sdf:3053: Could not find intermodpath!
SDF ERROR: runs/single_key_wipe_p80_h0/final/sdf/nom_fast_1p32V_m40C/tt_um_rumcajs__nom_fast_1p32V_m40C.sdf:3054: Could not find intermodpath!
SDF ERROR: runs/single_key_wipe_p80_h0/final/sdf/nom_fast_1p32V_m40C/tt_um_rumcajs__nom_fast_1p32V_m40C.sdf:3055: Could not find intermodpath!
SDF ERROR: runs/single_key_wipe_p80_h0/final/sdf/nom_fast_1p32V_m40C/tt_um_rumcajs__nom_fast_1p32V_m40C.sdf:3056: Could not find intermodpath!
SDF ERROR: runs/single_key_wipe_p80_h0/final/sdf/nom_fast_1p32V_m40C/tt_um_rumcajs__nom_fast_1p32V_m40C.sdf:3057: Could not find intermodpath!
SDF ERROR: runs/single_key_wipe_p80_h0/final/sdf/nom_fast_1p32V_m40C/tt_um_rumcajs__nom_fast_1p32V_m40C.sdf:3058: Could not find intermodpath!
SDF ERROR: runs/single_key_wipe_p80_h0/final/sdf/nom_fast_1p32V_m40C/tt_um_rumcajs__nom_fast_1p32V_m40Error: Could not find net. Did you run iverilog with '-ginterconnect'?
Error: Could not find net. Did you run iverilog with '-ginterconnect'?
Error: Could not find net. Did you run iverilog with '-ginterconnect'?
Error: Could not find net. Did you run iverilog with '-ginterconnect'?
Error: Could not find net. Did you run iverilog with '-ginterconnect'?
Error: Could not find net. Did you run iverilog with '-ginterconnect'?
Error: Could not find net. Did you run iverilog with '-ginterconnect'?
Error: Could not find net. Did you run iverilog with '-ginterconnect'?
Error: Could not find net. Did you run iverilog with '-ginterconnect'?
Error: Could not find net. Did you run iverilog with '-ginterconnect'?
Error: Could not find net. Did you run iverilog with '-ginterconnect'?
Error: Could not find net. Did you run iverilog with '-ginterconnect'?
Error: Could not find net. Did you run iverilog with '-ginterconnect'?
Error: Could not find net. Did you run iverilog with '-ginterconnect'?
Error: Could not find net. Did you run iverilog with '-ginterconnect'?
Error: Could not find net. Did you run iverilog with '-ginterconnect'?
Error: Could not find net. Did you run iverilog with '-ginterconnect'?
Error: Could not find net. Did you run iverilog with '-ginterconnect'?
Error: Could not find net. Did you run iverilog with '-ginterconnect'?
Error: Could not find net. Did you run iverilog with '-ginterconnect'?
Error: Could not find net. Did you run iverilog with '-ginterconnect'?
Error: Could not find net. Did you run iverilog with '-ginterconnect'?
Error: Could not find net. Did you run iverilog with '-ginterconnect'?
Error: Could not find net. Did you run iverilog with '-ginterconnect'?
Error: Could not find net. Did you run iverilog with '-ginterconnect'?
Error: Could not find net. Did you run iverilog with '-ginterconnect'?
Error: Could not find net. Did you run iverilog with '-ginterconnect'?
Error: Could not find net. Did you run iverilog with '-ginterconnect'?
Error: Could not find net. Did you run iverilog with '-ginterconnect'?
C.sdf:3059: Could not find intermodpath!
SDF ERROR: runs/single_key_wipe_p80_h0/final/sdf/nom_fast_1p32V_m40C/tt_um_rumcajs__nom_fast_1p32V_m40C.sdf:3060: Could not find intermodpath!
SDF ERROR: runs/single_key_wipe_p80_h0/final/sdf/nom_fast_1p32V_m40C/tt_um_rumcajs__nom_fast_1p32V_m40C.sdf:3061: Could not find intermodpath!
SDF ERROR: runs/single_key_wipe_p80_h0/final/sdf/nom_fast_1p32V_m40C/tt_um_rumcajs__nom_fast_1p32V_m40C.sdf:3062: Could not find intermodpath!
SDF ERROR: runs/single_key_wipe_p80_h0/final/sdf/nom_fast_1p32V_m40C/tt_um_rumcajs__nom_fast_1p32V_m40C.sdf:3063: Could not find intermodpath!
SDF ERROR: runs/single_key_wipe_p80_h0/final/sdf/nom_fast_1p32V_m40C/tt_um_rumcajs__nom_fast_1p32V_m40C.sdf:3064: Could not find intermodpath!
SDF ERROR: runs/single_key_wipe_p80_h0/final/sdf/nom_fast_1p32V_m40C/tt_um_rumcajs__nom_fast_1p32V_m40C.sdf:3065: Could not find intermodpath!
SDF ERROR: runs/single_key_wipe_p80_h0/final/sdf/nom_fast_1p32V_m40C/tt_um_rumcajs__nom_fast_1p32V_m40C.sdf:3066: Could not find intermodpath!
SDF ERROR: runs/single_key_wipe_p80_h0/final/sdf/nom_fast_1p32V_m40C/tt_um_rumcajs__nom_fast_1p32V_m40C.sdf:3067: Could not find intermodpath!
SDF ERROR: runs/single_key_wipe_p80_h0/final/sdf/nom_fast_1p32V_m40C/tt_um_rumcajs__nom_fast_1p32V_m40C.sdf:3068: Could not find intermodpath!
SDF ERROR: runs/single_key_wipe_p80_h0/final/sdf/nom_fast_1p32V_m40C/tt_um_rumcajs__nom_fast_1p32V_m40C.sdf:3069: Could not find intermodpath!
SDF ERROR: runs/single_key_wipe_p80_h0/final/sdf/nom_fast_1p32V_m40C/tt_um_rumcajs__nom_fast_1p32V_m40C.sdf:3070: Could not find intermodpath!
SDF ERROR: runs/single_key_wipe_p80_h0/final/sdf/nom_fast_1p32V_m40C/tt_um_rumcajs__nom_fast_1p32V_m40C.sdf:3071: Could not find intermodpath!
SDF ERROR: runs/single_key_wipe_p80_h0/final/sdf/nom_fast_1p32V_m40C/tt_um_rumcajs__nom_fast_1p32V_m40C.sdf:3072: Could not find intermodpath!
SDF ERROR: runs/single_key_wipe_p80_h0/final/sdf/nom_fast_1p32V_m40C/tt_um_rumcajs__nom_fast_1p32V_m40C.sdf:3073: Could not find intermodpath!
SDF ERROR: runs/single_key_wipe_p80_h0/final/sdf/nom_fast_1p32V_m40C/tt_um_rumcajs__nom_fast_1p32V_m40C.sdf:3074: Could not find intermodpath!
SDF ERROR: runs/single_key_wipe_p80_h0/final/sdf/nom_fast_1p32V_m40C/tt_um_rumcajs__nom_fast_1p32V_m40C.sdf:3075: Could not find intermodpath!
SDF ERROR: runs/single_key_wipe_p80_h0/final/sdf/nom_fast_1p32V_m40C/tt_um_rumcajs__nom_fast_1p32V_m40C.sdf:3076: Could not find intermodpath!
SDF ERROR: runs/single_key_wipe_p80_h0/final/sdf/nom_fast_1p32V_m40C/tt_um_rumcajs__nom_fast_1p32V_m40C.sdf:3077: Could not find intermodpath!
SDF ERROR: runs/single_key_wipe_p80_h0/final/sdf/nom_fast_1p32V_m40C/tt_um_rumcajs__nom_fast_1p32V_m40C.sdf:3078: Could not find intermodpath!
SDF ERROR: runs/single_key_wipe_p80_h0/final/sdf/nom_fast_1p32V_m40C/tt_um_rumcajs__nom_fast_1p32V_m40C.sdf:3079: Could not find intermodpath!
SDF ERROR: runs/single_key_wipe_p80_h0/final/sdf/nom_fast_1p32V_m40C/tt_um_rumcajs__nom_fast_1p32V_m40C.sdf:3080: Could not find intermodpath!
SDF ERROR: runs/single_key_wipe_p80_h0/final/sdf/nom_fast_1p32V_m40C/tt_um_rumcajs__nom_fast_1p32V_m40C.sdf:3081: Could not find intermodpath!
SDF ERROR: runs/single_key_wipe_p80_h0/final/sdf/nom_fast_1p32V_m40C/tt_um_rumcajs__nom_fast_1p32V_m40C.sdf:3082: Could not find intermodpath!
SDF ERROR: runs/single_key_wipe_p80_h0/final/sdf/nom_fast_1p32V_m40C/tt_um_rumcajs__nom_fast_1p32V_m40C.sdf:3083: Could not find intermodpath!
SDF ERROR: runs/single_key_wipe_p80_h0/final/sdf/nom_fast_1p32V_m40C/tt_um_rumcajs__nom_fast_1p32V_m40C.sdf:3084: Could not find intermodpath!
SDF ERROR: runs/single_key_wipe_p80_h0/final/sdf/nom_fast_1p32V_m40C/tt_um_rumcajs__nom_fast_1p32V_m40C.sdf:3085: Could not find intermodpath!
SDF ERROR: runs/single_key_wipe_p80_h0/final/sdf/nom_fast_1p32V_m40C/tt_um_rumcajs__nom_fast_1p32V_m40C.sdf:3086: Could not find intermodpath!
SDF ERROR: runs/single_key_wipe_p80_h0/final/sdf/nom_fast_1p32V_m40C/tt_um_rumcajs__nom_fast_1p32V_m40C.sdf:3087: Could not find intermodpath!
SDF ERROR: runs/single_key_wipe_p80_h0/final/sdf/noError: Could not find net. Did you run iverilog with '-ginterconnect'?
Error: Could not find net. Did you run iverilog with '-ginterconnect'?
Error: Could not find net. Did you run iverilog with '-ginterconnect'?
Error: Could not find net. Did you run iverilog with '-ginterconnect'?
Error: Could not find net. Did you run iverilog with '-ginterconnect'?
Error: Could not find net. Did you run iverilog with '-ginterconnect'?
Error: Could not find net. Did you run iverilog with '-ginterconnect'?
Error: Could not find net. Did you run iverilog with '-ginterconnect'?
Error: Could not find net. Did you run iverilog with '-ginterconnect'?
Error: Could not find net. Did you run iverilog with '-ginterconnect'?
Error: Could not find net. Did you run iverilog with '-ginterconnect'?
Error: Could not find net. Did you run iverilog with '-ginterconnect'?
Error: Could not find net. Did you run iverilog with '-ginterconnect'?
Error: Could not find net. Did you run iverilog with '-ginterconnect'?
Error: Could not find net. Did you run iverilog with '-ginterconnect'?
Error: Could not find net. Did you run iverilog with '-ginterconnect'?
Error: Could not find net. Did you run iverilog with '-ginterconnect'?
Error: Could not find net. Did you run iverilog with '-ginterconnect'?
Error: Could not find net. Did you run iverilog with '-ginterconnect'?
Error: Could not find net. Did you run iverilog with '-ginterconnect'?
Error: Could not find net. Did you run iverilog with '-ginterconnect'?
Error: Could not find net. Did you run iverilog with '-ginterconnect'?
Error: Could not find net. Did you run iverilog with '-ginterconnect'?
Error: Could not find net. Did you run iverilog with '-ginterconnect'?
Error: Could not find net. Did you run iverilog with '-ginterconnect'?
Error: Could not find net. Did you run iverilog with '-ginterconnect'?
Error: Could not find net. Did you run iverilog with '-ginterconnect'?
Error: Could not find net. Did you run iverilog with '-ginterconnect'?
Error: Could not find net. Did you run iverilog with '-ginterconnect'?
m_fast_1p32V_m40C/tt_um_rumcajs__nom_fast_1p32V_m40C.sdf:3088: Could not find intermodpath!
SDF ERROR: runs/single_key_wipe_p80_h0/final/sdf/nom_fast_1p32V_m40C/tt_um_rumcajs__nom_fast_1p32V_m40C.sdf:3089: Could not find intermodpath!
SDF ERROR: runs/single_key_wipe_p80_h0/final/sdf/nom_fast_1p32V_m40C/tt_um_rumcajs__nom_fast_1p32V_m40C.sdf:3090: Could not find intermodpath!
SDF ERROR: runs/single_key_wipe_p80_h0/final/sdf/nom_fast_1p32V_m40C/tt_um_rumcajs__nom_fast_1p32V_m40C.sdf:3091: Could not find intermodpath!
SDF ERROR: runs/single_key_wipe_p80_h0/final/sdf/nom_fast_1p32V_m40C/tt_um_rumcajs__nom_fast_1p32V_m40C.sdf:3092: Could not find intermodpath!
SDF ERROR: runs/single_key_wipe_p80_h0/final/sdf/nom_fast_1p32V_m40C/tt_um_rumcajs__nom_fast_1p32V_m40C.sdf:3093: Could not find intermodpath!
SDF ERROR: runs/single_key_wipe_p80_h0/final/sdf/nom_fast_1p32V_m40C/tt_um_rumcajs__nom_fast_1p32V_m40C.sdf:3094: Could not find intermodpath!
SDF ERROR: runs/single_key_wipe_p80_h0/final/sdf/nom_fast_1p32V_m40C/tt_um_rumcajs__nom_fast_1p32V_m40C.sdf:3095: Could not find intermodpath!
SDF ERROR: runs/single_key_wipe_p80_h0/final/sdf/nom_fast_1p32V_m40C/tt_um_rumcajs__nom_fast_1p32V_m40C.sdf:3096: Could not find intermodpath!
SDF ERROR: runs/single_key_wipe_p80_h0/final/sdf/nom_fast_1p32V_m40C/tt_um_rumcajs__nom_fast_1p32V_m40C.sdf:3097: Could not find intermodpath!
SDF ERROR: runs/single_key_wipe_p80_h0/final/sdf/nom_fast_1p32V_m40C/tt_um_rumcajs__nom_fast_1p32V_m40C.sdf:3098: Could not find intermodpath!
SDF ERROR: runs/single_key_wipe_p80_h0/final/sdf/nom_fast_1p32V_m40C/tt_um_rumcajs__nom_fast_1p32V_m40C.sdf:3099: Could not find intermodpath!
SDF ERROR: runs/single_key_wipe_p80_h0/final/sdf/nom_fast_1p32V_m40C/tt_um_rumcajs__nom_fast_1p32V_m40C.sdf:3100: Could not find intermodpath!
SDF ERROR: runs/single_key_wipe_p80_h0/final/sdf/nom_fast_1p32V_m40C/tt_um_rumcajs__nom_fast_1p32V_m40C.sdf:3101: Could not find intermodpath!
SDF ERROR: runs/single_key_wipe_p80_h0/final/sdf/nom_fast_1p32V_m40C/tt_um_rumcajs__nom_fast_1p32V_m40C.sdf:3102: Could not find intermodpath!
SDF ERROR: runs/single_key_wipe_p80_h0/final/sdf/nom_fast_1p32V_m40C/tt_um_rumcajs__nom_fast_1p32V_m40C.sdf:3103: Could not find intermodpath!
SDF ERROR: runs/single_key_wipe_p80_h0/final/sdf/nom_fast_1p32V_m40C/tt_um_rumcajs__nom_fast_1p32V_m40C.sdf:3104: Could not find intermodpath!
SDF ERROR: runs/single_key_wipe_p80_h0/final/sdf/nom_fast_1p32V_m40C/tt_um_rumcajs__nom_fast_1p32V_m40C.sdf:3105: Could not find intermodpath!
SDF ERROR: runs/single_key_wipe_p80_h0/final/sdf/nom_fast_1p32V_m40C/tt_um_rumcajs__nom_fast_1p32V_m40C.sdf:3106: Could not find intermodpath!
SDF ERROR: runs/single_key_wipe_p80_h0/final/sdf/nom_fast_1p32V_m40C/tt_um_rumcajs__nom_fast_1p32V_m40C.sdf:3107: Could not find intermodpath!
SDF ERROR: runs/single_key_wipe_p80_h0/final/sdf/nom_fast_1p32V_m40C/tt_um_rumcajs__nom_fast_1p32V_m40C.sdf:3108: Could not find intermodpath!
SDF ERROR: runs/single_key_wipe_p80_h0/final/sdf/nom_fast_1p32V_m40C/tt_um_rumcajs__nom_fast_1p32V_m40C.sdf:3109: Could not find intermodpath!
SDF ERROR: runs/single_key_wipe_p80_h0/final/sdf/nom_fast_1p32V_m40C/tt_um_rumcajs__nom_fast_1p32V_m40C.sdf:3110: Could not find intermodpath!
SDF ERROR: runs/single_key_wipe_p80_h0/final/sdf/nom_fast_1p32V_m40C/tt_um_rumcajs__nom_fast_1p32V_m40C.sdf:3111: Could not find intermodpath!
SDF ERROR: runs/single_key_wipe_p80_h0/final/sdf/nom_fast_1p32V_m40C/tt_um_rumcajs__nom_fast_1p32V_m40C.sdf:3112: Could not find intermodpath!
SDF ERROR: runs/single_key_wipe_p80_h0/final/sdf/nom_fast_1p32V_m40C/tt_um_rumcajs__nom_fast_1p32V_m40C.sdf:3113: Could not find intermodpath!
SDF ERROR: runs/single_key_wipe_p80_h0/final/sdf/nom_fast_1p32V_m40C/tt_um_rumcajs__nom_fast_1p32V_m40C.sdf:3114: Could not find intermodpath!
SDF ERROR: runs/single_key_wipe_p80_h0/final/sdf/nom_fast_1p32V_m40C/tt_um_rumcajs__nom_fast_1p32V_m40C.sdf:3115: Could not find intermodpath!
SDF ERROR: runs/single_key_wipe_p80_h0/final/sdf/nom_fast_1p32V_m40C/tt_um_rumcajs__nom_fast_1p32V_m40C.sdf:3116: Could not find intermodpath!
Error: Could not find net. Did you run iverilog with '-ginterconnect'?
Error: Could not find net. Did you run iverilog with '-ginterconnect'?
Error: Could not find net. Did you run iverilog with '-ginterconnect'?
Error: Could not find net. Did you run iverilog with '-ginterconnect'?
Error: Could not find net. Did you run iverilog with '-ginterconnect'?
Error: Could not find net. Did you run iverilog with '-ginterconnect'?
Error: Could not find net. Did you run iverilog with '-ginterconnect'?
Error: Could not find net. Did you run iverilog with '-ginterconnect'?
Error: Could not find net. Did you run iverilog with '-ginterconnect'?
Error: Could not find net. Did you run iverilog with '-ginterconnect'?
Error: Could not find net. Did you run iverilog with '-ginterconnect'?
Error: Could not find net. Did you run iverilog with '-ginterconnect'?
Error: Could not find net. Did you run iverilog with '-ginterconnect'?
Error: Could not find net. Did you run iverilog with '-ginterconnect'?
Error: Could not find net. Did you run iverilog with '-ginterconnect'?
Error: Could not find net. Did you run iverilog with '-ginterconnect'?
Error: Could not find net. Did you run iverilog with '-ginterconnect'?
Error: Could not find net. Did you run iverilog with '-ginterconnect'?
Error: Could not find net. Did you run iverilog with '-ginterconnect'?
Error: Could not find net. Did you run iverilog with '-ginterconnect'?
Error: Could not find net. Did you run iverilog with '-ginterconnect'?
Error: Could not find net. Did you run iverilog with '-ginterconnect'?
Error: Could not find net. Did you run iverilog with '-ginterconnect'?
Error: Could not find net. Did you run iverilog with '-ginterconnect'?
Error: Could not find net. Did you run iverilog with '-ginterconnect'?
Error: Could not find net. Did you run iverilog with '-ginterconnect'?
Error: Could not find net. Did you run iverilog with '-ginterconnect'?
Error: Could not find net. Did you run iverilog with '-ginterconnect'?
SDF ERROR: runs/single_key_wipe_p80_h0/final/sdf/nom_fast_1p32V_m40C/tt_um_rumcajs__nom_fast_1p32V_m40C.sdf:3117: Could not find intermodpath!
SDF ERROR: runs/single_key_wipe_p80_h0/final/sdf/nom_fast_1p32V_m40C/tt_um_rumcajs__nom_fast_1p32V_m40C.sdf:3118: Could not find intermodpath!
SDF ERROR: runs/single_key_wipe_p80_h0/final/sdf/nom_fast_1p32V_m40C/tt_um_rumcajs__nom_fast_1p32V_m40C.sdf:3119: Could not find intermodpath!
SDF ERROR: runs/single_key_wipe_p80_h0/final/sdf/nom_fast_1p32V_m40C/tt_um_rumcajs__nom_fast_1p32V_m40C.sdf:3120: Could not find intermodpath!
SDF ERROR: runs/single_key_wipe_p80_h0/final/sdf/nom_fast_1p32V_m40C/tt_um_rumcajs__nom_fast_1p32V_m40C.sdf:3121: Could not find intermodpath!
SDF ERROR: runs/single_key_wipe_p80_h0/final/sdf/nom_fast_1p32V_m40C/tt_um_rumcajs__nom_fast_1p32V_m40C.sdf:3122: Could not find intermodpath!
SDF ERROR: runs/single_key_wipe_p80_h0/final/sdf/nom_fast_1p32V_m40C/tt_um_rumcajs__nom_fast_1p32V_m40C.sdf:3123: Could not find intermodpath!
SDF ERROR: runs/single_key_wipe_p80_h0/final/sdf/nom_fast_1p32V_m40C/tt_um_rumcajs__nom_fast_1p32V_m40C.sdf:3124: Could not find intermodpath!
SDF ERROR: runs/single_key_wipe_p80_h0/final/sdf/nom_fast_1p32V_m40C/tt_um_rumcajs__nom_fast_1p32V_m40C.sdf:3125: Could not find intermodpath!
SDF ERROR: runs/single_key_wipe_p80_h0/final/sdf/nom_fast_1p32V_m40C/tt_um_rumcajs__nom_fast_1p32V_m40C.sdf:3126: Could not find intermodpath!
SDF ERROR: runs/single_key_wipe_p80_h0/final/sdf/nom_fast_1p32V_m40C/tt_um_rumcajs__nom_fast_1p32V_m40C.sdf:3127: Could not find intermodpath!
SDF ERROR: runs/single_key_wipe_p80_h0/final/sdf/nom_fast_1p32V_m40C/tt_um_rumcajs__nom_fast_1p32V_m40C.sdf:3128: Could not find intermodpath!
SDF ERROR: runs/single_key_wipe_p80_h0/final/sdf/nom_fast_1p32V_m40C/tt_um_rumcajs__nom_fast_1p32V_m40C.sdf:3129: Could not find intermodpath!
SDF ERROR: runs/single_key_wipe_p80_h0/final/sdf/nom_fast_1p32V_m40C/tt_um_rumcajs__nom_fast_1p32V_m40C.sdf:3130: Could not find intermodpath!
SDF ERROR: runs/single_key_wipe_p80_h0/final/sdf/nom_fast_1p32V_m40C/tt_um_rumcajs__nom_fast_1p32V_m40C.sdf:3131: Could not find intermodpath!
SDF ERROR: runs/single_key_wipe_p80_h0/final/sdf/nom_fast_1p32V_m40C/tt_um_rumcajs__nom_fast_1p32V_m40C.sdf:3132: Could not find intermodpath!
SDF ERROR: runs/single_key_wipe_p80_h0/final/sdf/nom_fast_1p32V_m40C/tt_um_rumcajs__nom_fast_1p32V_m40C.sdf:3133: Could not find intermodpath!
SDF ERROR: runs/single_key_wipe_p80_h0/final/sdf/nom_fast_1p32V_m40C/tt_um_rumcajs__nom_fast_1p32V_m40C.sdf:3134: Could not find intermodpath!
SDF ERROR: runs/single_key_wipe_p80_h0/final/sdf/nom_fast_1p32V_m40C/tt_um_rumcajs__nom_fast_1p32V_m40C.sdf:3135: Could not find intermodpath!
SDF ERROR: runs/single_key_wipe_p80_h0/final/sdf/nom_fast_1p32V_m40C/tt_um_rumcajs__nom_fast_1p32V_m40C.sdf:3136: Could not find intermodpath!
SDF ERROR: runs/single_key_wipe_p80_h0/final/sdf/nom_fast_1p32V_m40C/tt_um_rumcajs__nom_fast_1p32V_m40C.sdf:3137: Could not find intermodpath!
SDF ERROR: runs/single_key_wipe_p80_h0/final/sdf/nom_fast_1p32V_m40C/tt_um_rumcajs__nom_fast_1p32V_m40C.sdf:3138: Could not find intermodpath!
SDF ERROR: runs/single_key_wipe_p80_h0/final/sdf/nom_fast_1p32V_m40C/tt_um_rumcajs__nom_fast_1p32V_m40C.sdf:3139: Could not find intermodpath!
SDF ERROR: runs/single_key_wipe_p80_h0/final/sdf/nom_fast_1p32V_m40C/tt_um_rumcajs__nom_fast_1p32V_m40C.sdf:3140: Could not find intermodpath!
SDF ERROR: runs/single_key_wipe_p80_h0/final/sdf/nom_fast_1p32V_m40C/tt_um_rumcajs__nom_fast_1p32V_m40C.sdf:3141: Could not find intermodpath!
SDF ERROR: runs/single_key_wipe_p80_h0/final/sdf/nom_fast_1p32V_m40C/tt_um_rumcajs__nom_fast_1p32V_m40C.sdf:3142: Could not find intermodpath!
SDF ERROR: runs/single_key_wipe_p80_h0/final/sdf/nom_fast_1p32V_m40C/tt_um_rumcajs__nom_fast_1p32V_m40C.sdf:3143: Could not find intermodpath!
SDF ERROR: runs/single_key_wipe_p80_h0/final/sdf/nom_fast_1p32V_m40C/tt_um_rumcajs__nom_fast_1p32V_m40C.sdf:3144: Could not find intermodpath!
SDF ERROR: runs/single_key_wipe_p80_h0/final/sdf/nom_fast_1p32V_m40C/tt_um_rumcajs__nom_fastError: Could not find net. Did you run iverilog with '-ginterconnect'?
Error: Could not find net. Did you run iverilog with '-ginterconnect'?
Error: Could not find net. Did you run iverilog with '-ginterconnect'?
Error: Could not find net. Did you run iverilog with '-ginterconnect'?
Error: Could not find net. Did you run iverilog with '-ginterconnect'?
Error: Could not find net. Did you run iverilog with '-ginterconnect'?
Error: Could not find net. Did you run iverilog with '-ginterconnect'?
Error: Could not find net. Did you run iverilog with '-ginterconnect'?
Error: Could not find net. Did you run iverilog with '-ginterconnect'?
Error: Could not find net. Did you run iverilog with '-ginterconnect'?
Error: Could not find net. Did you run iverilog with '-ginterconnect'?
Error: Could not find net. Did you run iverilog with '-ginterconnect'?
Error: Could not find net. Did you run iverilog with '-ginterconnect'?
Error: Could not find net. Did you run iverilog with '-ginterconnect'?
Error: Could not find net. Did you run iverilog with '-ginterconnect'?
Error: Could not find net. Did you run iverilog with '-ginterconnect'?
Error: Could not find net. Did you run iverilog with '-ginterconnect'?
Error: Could not find net. Did you run iverilog with '-ginterconnect'?
Error: Could not find net. Did you run iverilog with '-ginterconnect'?
Error: Could not find net. Did you run iverilog with '-ginterconnect'?
Error: Could not find net. Did you run iverilog with '-ginterconnect'?
Error: Could not find net. Did you run iverilog with '-ginterconnect'?
Error: Could not find net. Did you run iverilog with '-ginterconnect'?
Error: Could not find net. Did you run iverilog with '-ginterconnect'?
Error: Could not find net. Did you run iverilog with '-ginterconnect'?
Error: Could not find net. Did you run iverilog with '-ginterconnect'?
Error: Could not find net. Did you run iverilog with '-ginterconnect'?
Error: Could not find net. Did you run iverilog with '-ginterconnect'?
Error: Could not find net. Did you run iverilog with '-ginterconnect'?
_1p32V_m40C.sdf:3145: Could not find intermodpath!
SDF ERROR: runs/single_key_wipe_p80_h0/final/sdf/nom_fast_1p32V_m40C/tt_um_rumcajs__nom_fast_1p32V_m40C.sdf:3146: Could not find intermodpath!
SDF ERROR: runs/single_key_wipe_p80_h0/final/sdf/nom_fast_1p32V_m40C/tt_um_rumcajs__nom_fast_1p32V_m40C.sdf:3147: Could not find intermodpath!
SDF ERROR: runs/single_key_wipe_p80_h0/final/sdf/nom_fast_1p32V_m40C/tt_um_rumcajs__nom_fast_1p32V_m40C.sdf:3148: Could not find intermodpath!
SDF ERROR: runs/single_key_wipe_p80_h0/final/sdf/nom_fast_1p32V_m40C/tt_um_rumcajs__nom_fast_1p32V_m40C.sdf:3149: Could not find intermodpath!
SDF ERROR: runs/single_key_wipe_p80_h0/final/sdf/nom_fast_1p32V_m40C/tt_um_rumcajs__nom_fast_1p32V_m40C.sdf:3150: Could not find intermodpath!
SDF ERROR: runs/single_key_wipe_p80_h0/final/sdf/nom_fast_1p32V_m40C/tt_um_rumcajs__nom_fast_1p32V_m40C.sdf:3151: Could not find intermodpath!
SDF ERROR: runs/single_key_wipe_p80_h0/final/sdf/nom_fast_1p32V_m40C/tt_um_rumcajs__nom_fast_1p32V_m40C.sdf:3152: Could not find intermodpath!
SDF ERROR: runs/single_key_wipe_p80_h0/final/sdf/nom_fast_1p32V_m40C/tt_um_rumcajs__nom_fast_1p32V_m40C.sdf:3153: Could not find intermodpath!
SDF ERROR: runs/single_key_wipe_p80_h0/final/sdf/nom_fast_1p32V_m40C/tt_um_rumcajs__nom_fast_1p32V_m40C.sdf:3154: Could not find intermodpath!
SDF ERROR: runs/single_key_wipe_p80_h0/final/sdf/nom_fast_1p32V_m40C/tt_um_rumcajs__nom_fast_1p32V_m40C.sdf:3155: Could not find intermodpath!
SDF ERROR: runs/single_key_wipe_p80_h0/final/sdf/nom_fast_1p32V_m40C/tt_um_rumcajs__nom_fast_1p32V_m40C.sdf:3156: Could not find intermodpath!
SDF ERROR: runs/single_key_wipe_p80_h0/final/sdf/nom_fast_1p32V_m40C/tt_um_rumcajs__nom_fast_1p32V_m40C.sdf:3157: Could not find intermodpath!
SDF ERROR: runs/single_key_wipe_p80_h0/final/sdf/nom_fast_1p32V_m40C/tt_um_rumcajs__nom_fast_1p32V_m40C.sdf:3158: Could not find intermodpath!
SDF ERROR: runs/single_key_wipe_p80_h0/final/sdf/nom_fast_1p32V_m40C/tt_um_rumcajs__nom_fast_1p32V_m40C.sdf:3159: Could not find intermodpath!
SDF ERROR: runs/single_key_wipe_p80_h0/final/sdf/nom_fast_1p32V_m40C/tt_um_rumcajs__nom_fast_1p32V_m40C.sdf:3160: Could not find intermodpath!
SDF ERROR: runs/single_key_wipe_p80_h0/final/sdf/nom_fast_1p32V_m40C/tt_um_rumcajs__nom_fast_1p32V_m40C.sdf:3161: Could not find intermodpath!
SDF ERROR: runs/single_key_wipe_p80_h0/final/sdf/nom_fast_1p32V_m40C/tt_um_rumcajs__nom_fast_1p32V_m40C.sdf:3162: Could not find intermodpath!
SDF ERROR: runs/single_key_wipe_p80_h0/final/sdf/nom_fast_1p32V_m40C/tt_um_rumcajs__nom_fast_1p32V_m40C.sdf:3163: Could not find intermodpath!
SDF ERROR: runs/single_key_wipe_p80_h0/final/sdf/nom_fast_1p32V_m40C/tt_um_rumcajs__nom_fast_1p32V_m40C.sdf:3164: Could not find intermodpath!
SDF ERROR: runs/single_key_wipe_p80_h0/final/sdf/nom_fast_1p32V_m40C/tt_um_rumcajs__nom_fast_1p32V_m40C.sdf:3165: Could not find intermodpath!
SDF ERROR: runs/single_key_wipe_p80_h0/final/sdf/nom_fast_1p32V_m40C/tt_um_rumcajs__nom_fast_1p32V_m40C.sdf:3166: Could not find intermodpath!
SDF ERROR: runs/single_key_wipe_p80_h0/final/sdf/nom_fast_1p32V_m40C/tt_um_rumcajs__nom_fast_1p32V_m40C.sdf:3167: Could not find intermodpath!
SDF ERROR: runs/single_key_wipe_p80_h0/final/sdf/nom_fast_1p32V_m40C/tt_um_rumcajs__nom_fast_1p32V_m40C.sdf:3168: Could not find intermodpath!
SDF ERROR: runs/single_key_wipe_p80_h0/final/sdf/nom_fast_1p32V_m40C/tt_um_rumcajs__nom_fast_1p32V_m40C.sdf:3169: Could not find intermodpath!
SDF ERROR: runs/single_key_wipe_p80_h0/final/sdf/nom_fast_1p32V_m40C/tt_um_rumcajs__nom_fast_1p32V_m40C.sdf:3170: Could not find intermodpath!
SDF ERROR: runs/single_key_wipe_p80_h0/final/sdf/nom_fast_1p32V_m40C/tt_um_rumcajs__nom_fast_1p32V_m40C.sdf:3171: Could not find intermodpath!
SDF ERROR: runs/single_key_wipe_p80_h0/final/sdf/nom_fast_1p32V_m40C/tt_um_rumcajs__nom_fast_1p32V_m40C.sdf:3172: Could not find intermodpath!
SDF ERROR: runs/single_key_wipe_p80_h0/final/sdf/nom_fast_1p32V_m40C/tt_um_rumcajs__nom_fast_1p32V_m40C.sdf:3173: Could not find intermodpath!
SDF ERROR: runs/single_key_wipe_p80_h0/fiError: Could not find net. Did you run iverilog with '-ginterconnect'?
Error: Could not find net. Did you run iverilog with '-ginterconnect'?
Error: Could not find net. Did you run iverilog with '-ginterconnect'?
Error: Could not find net. Did you run iverilog with '-ginterconnect'?
Error: Could not find net. Did you run iverilog with '-ginterconnect'?
Error: Could not find net. Did you run iverilog with '-ginterconnect'?
Error: Could not find net. Did you run iverilog with '-ginterconnect'?
Error: Could not find net. Did you run iverilog with '-ginterconnect'?
Error: Could not find net. Did you run iverilog with '-ginterconnect'?
Error: Could not find net. Did you run iverilog with '-ginterconnect'?
Error: Could not find net. Did you run iverilog with '-ginterconnect'?
Error: Could not find net. Did you run iverilog with '-ginterconnect'?
Error: Could not find net. Did you run iverilog with '-ginterconnect'?
Error: Could not find net. Did you run iverilog with '-ginterconnect'?
Error: Could not find net. Did you run iverilog with '-ginterconnect'?
Error: Could not find net. Did you run iverilog with '-ginterconnect'?
Error: Could not find net. Did you run iverilog with '-ginterconnect'?
Error: Could not find net. Did you run iverilog with '-ginterconnect'?
Error: Could not find net. Did you run iverilog with '-ginterconnect'?
Error: Could not find net. Did you run iverilog with '-ginterconnect'?
Error: Could not find net. Did you run iverilog with '-ginterconnect'?
Error: Could not find net. Did you run iverilog with '-ginterconnect'?
Error: Could not find net. Did you run iverilog with '-ginterconnect'?
Error: Could not find net. Did you run iverilog with '-ginterconnect'?
Error: Could not find net. Did you run iverilog with '-ginterconnect'?
Error: Could not find net. Did you run iverilog with '-ginterconnect'?
Error: Could not find net. Did you run iverilog with '-ginterconnect'?
Error: Could not find net. Did you run iverilog with '-ginterconnect'?
nal/sdf/nom_fast_1p32V_m40C/tt_um_rumcajs__nom_fast_1p32V_m40C.sdf:3174: Could not find intermodpath!
SDF ERROR: runs/single_key_wipe_p80_h0/final/sdf/nom_fast_1p32V_m40C/tt_um_rumcajs__nom_fast_1p32V_m40C.sdf:3175: Could not find intermodpath!
SDF ERROR: runs/single_key_wipe_p80_h0/final/sdf/nom_fast_1p32V_m40C/tt_um_rumcajs__nom_fast_1p32V_m40C.sdf:3176: Could not find intermodpath!
SDF ERROR: runs/single_key_wipe_p80_h0/final/sdf/nom_fast_1p32V_m40C/tt_um_rumcajs__nom_fast_1p32V_m40C.sdf:3177: Could not find intermodpath!
SDF ERROR: runs/single_key_wipe_p80_h0/final/sdf/nom_fast_1p32V_m40C/tt_um_rumcajs__nom_fast_1p32V_m40C.sdf:3178: Could not find intermodpath!
SDF ERROR: runs/single_key_wipe_p80_h0/final/sdf/nom_fast_1p32V_m40C/tt_um_rumcajs__nom_fast_1p32V_m40C.sdf:3179: Could not find intermodpath!
SDF ERROR: runs/single_key_wipe_p80_h0/final/sdf/nom_fast_1p32V_m40C/tt_um_rumcajs__nom_fast_1p32V_m40C.sdf:3180: Could not find intermodpath!
SDF ERROR: runs/single_key_wipe_p80_h0/final/sdf/nom_fast_1p32V_m40C/tt_um_rumcajs__nom_fast_1p32V_m40C.sdf:3181: Could not find intermodpath!
SDF ERROR: runs/single_key_wipe_p80_h0/final/sdf/nom_fast_1p32V_m40C/tt_um_rumcajs__nom_fast_1p32V_m40C.sdf:3182: Could not find intermodpath!
SDF ERROR: runs/single_key_wipe_p80_h0/final/sdf/nom_fast_1p32V_m40C/tt_um_rumcajs__nom_fast_1p32V_m40C.sdf:3183: Could not find intermodpath!
SDF ERROR: runs/single_key_wipe_p80_h0/final/sdf/nom_fast_1p32V_m40C/tt_um_rumcajs__nom_fast_1p32V_m40C.sdf:3184: Could not find intermodpath!
SDF ERROR: runs/single_key_wipe_p80_h0/final/sdf/nom_fast_1p32V_m40C/tt_um_rumcajs__nom_fast_1p32V_m40C.sdf:3185: Could not find intermodpath!
SDF ERROR: runs/single_key_wipe_p80_h0/final/sdf/nom_fast_1p32V_m40C/tt_um_rumcajs__nom_fast_1p32V_m40C.sdf:3186: Could not find intermodpath!
SDF ERROR: runs/single_key_wipe_p80_h0/final/sdf/nom_fast_1p32V_m40C/tt_um_rumcajs__nom_fast_1p32V_m40C.sdf:3187: Could not find intermodpath!
SDF ERROR: runs/single_key_wipe_p80_h0/final/sdf/nom_fast_1p32V_m40C/tt_um_rumcajs__nom_fast_1p32V_m40C.sdf:3188: Could not find intermodpath!
SDF ERROR: runs/single_key_wipe_p80_h0/final/sdf/nom_fast_1p32V_m40C/tt_um_rumcajs__nom_fast_1p32V_m40C.sdf:3189: Could not find intermodpath!
SDF ERROR: runs/single_key_wipe_p80_h0/final/sdf/nom_fast_1p32V_m40C/tt_um_rumcajs__nom_fast_1p32V_m40C.sdf:3190: Could not find intermodpath!
SDF ERROR: runs/single_key_wipe_p80_h0/final/sdf/nom_fast_1p32V_m40C/tt_um_rumcajs__nom_fast_1p32V_m40C.sdf:3191: Could not find intermodpath!
SDF ERROR: runs/single_key_wipe_p80_h0/final/sdf/nom_fast_1p32V_m40C/tt_um_rumcajs__nom_fast_1p32V_m40C.sdf:3192: Could not find intermodpath!
SDF ERROR: runs/single_key_wipe_p80_h0/final/sdf/nom_fast_1p32V_m40C/tt_um_rumcajs__nom_fast_1p32V_m40C.sdf:3193: Could not find intermodpath!
SDF ERROR: runs/single_key_wipe_p80_h0/final/sdf/nom_fast_1p32V_m40C/tt_um_rumcajs__nom_fast_1p32V_m40C.sdf:3194: Could not find intermodpath!
SDF ERROR: runs/single_key_wipe_p80_h0/final/sdf/nom_fast_1p32V_m40C/tt_um_rumcajs__nom_fast_1p32V_m40C.sdf:3195: Could not find intermodpath!
SDF ERROR: runs/single_key_wipe_p80_h0/final/sdf/nom_fast_1p32V_m40C/tt_um_rumcajs__nom_fast_1p32V_m40C.sdf:3196: Could not find intermodpath!
SDF ERROR: runs/single_key_wipe_p80_h0/final/sdf/nom_fast_1p32V_m40C/tt_um_rumcajs__nom_fast_1p32V_m40C.sdf:3197: Could not find intermodpath!
SDF ERROR: runs/single_key_wipe_p80_h0/final/sdf/nom_fast_1p32V_m40C/tt_um_rumcajs__nom_fast_1p32V_m40C.sdf:3198: Could not find intermodpath!
SDF ERROR: runs/single_key_wipe_p80_h0/final/sdf/nom_fast_1p32V_m40C/tt_um_rumcajs__nom_fast_1p32V_m40C.sdf:3199: Could not find intermodpath!
SDF ERROR: runs/single_key_wipe_p80_h0/final/sdf/nom_fast_1p32V_m40C/tt_um_rumcajs__nom_fast_1p32V_m40C.sdf:3200: Could not find intermodpath!
SDF ERROR: runs/single_key_wipe_p80_h0/final/sdf/nom_fast_1p32V_m40C/tt_um_rumcajs__nom_fast_1p32V_m40C.sdf:3201: Could not find intermodpath!
SDF ERROR: runs/single_key_wipe_p80_h0/final/sdf/nom_fast_1p32V_m40C/tt_um_rumcajs__nom_fast_1p32V_m40C.sdf:3202: Could not find inteError: Could not find net. Did you run iverilog with '-ginterconnect'?
Error: Could not find net. Did you run iverilog with '-ginterconnect'?
Error: Could not find net. Did you run iverilog with '-ginterconnect'?
Error: Could not find net. Did you run iverilog with '-ginterconnect'?
Error: Could not find net. Did you run iverilog with '-ginterconnect'?
Error: Could not find net. Did you run iverilog with '-ginterconnect'?
Error: Could not find net. Did you run iverilog with '-ginterconnect'?
Error: Could not find net. Did you run iverilog with '-ginterconnect'?
Error: Could not find net. Did you run iverilog with '-ginterconnect'?
Error: Could not find net. Did you run iverilog with '-ginterconnect'?
Error: Could not find net. Did you run iverilog with '-ginterconnect'?
Error: Could not find net. Did you run iverilog with '-ginterconnect'?
Error: Could not find net. Did you run iverilog with '-ginterconnect'?
Error: Could not find net. Did you run iverilog with '-ginterconnect'?
Error: Could not find net. Did you run iverilog with '-ginterconnect'?
Error: Could not find net. Did you run iverilog with '-ginterconnect'?
Error: Could not find net. Did you run iverilog with '-ginterconnect'?
Error: Could not find net. Did you run iverilog with '-ginterconnect'?
Error: Could not find net. Did you run iverilog with '-ginterconnect'?
Error: Could not find net. Did you run iverilog with '-ginterconnect'?
Error: Could not find net. Did you run iverilog with '-ginterconnect'?
Error: Could not find net. Did you run iverilog with '-ginterconnect'?
Error: Could not find net. Did you run iverilog with '-ginterconnect'?
Error: Could not find net. Did you run iverilog with '-ginterconnect'?
Error: Could not find net. Did you run iverilog with '-ginterconnect'?
Error: Could not find net. Did you run iverilog with '-ginterconnect'?
Error: Could not find net. Did you run iverilog with '-ginterconnect'?
Error: Could not find net. Did you run iverilog with '-ginterconnect'?
Error: Could not find net. Did you run iverilog with '-ginterconnect'?
rmodpath!
SDF ERROR: runs/single_key_wipe_p80_h0/final/sdf/nom_fast_1p32V_m40C/tt_um_rumcajs__nom_fast_1p32V_m40C.sdf:3203: Could not find intermodpath!
SDF ERROR: runs/single_key_wipe_p80_h0/final/sdf/nom_fast_1p32V_m40C/tt_um_rumcajs__nom_fast_1p32V_m40C.sdf:3204: Could not find intermodpath!
SDF ERROR: runs/single_key_wipe_p80_h0/final/sdf/nom_fast_1p32V_m40C/tt_um_rumcajs__nom_fast_1p32V_m40C.sdf:3205: Could not find intermodpath!
SDF ERROR: runs/single_key_wipe_p80_h0/final/sdf/nom_fast_1p32V_m40C/tt_um_rumcajs__nom_fast_1p32V_m40C.sdf:3206: Could not find intermodpath!
SDF ERROR: runs/single_key_wipe_p80_h0/final/sdf/nom_fast_1p32V_m40C/tt_um_rumcajs__nom_fast_1p32V_m40C.sdf:3207: Could not find intermodpath!
SDF ERROR: runs/single_key_wipe_p80_h0/final/sdf/nom_fast_1p32V_m40C/tt_um_rumcajs__nom_fast_1p32V_m40C.sdf:3208: Could not find intermodpath!
SDF ERROR: runs/single_key_wipe_p80_h0/final/sdf/nom_fast_1p32V_m40C/tt_um_rumcajs__nom_fast_1p32V_m40C.sdf:3209: Could not find intermodpath!
SDF ERROR: runs/single_key_wipe_p80_h0/final/sdf/nom_fast_1p32V_m40C/tt_um_rumcajs__nom_fast_1p32V_m40C.sdf:3210: Could not find intermodpath!
SDF ERROR: runs/single_key_wipe_p80_h0/final/sdf/nom_fast_1p32V_m40C/tt_um_rumcajs__nom_fast_1p32V_m40C.sdf:3211: Could not find intermodpath!
SDF ERROR: runs/single_key_wipe_p80_h0/final/sdf/nom_fast_1p32V_m40C/tt_um_rumcajs__nom_fast_1p32V_m40C.sdf:3212: Could not find intermodpath!
SDF ERROR: runs/single_key_wipe_p80_h0/final/sdf/nom_fast_1p32V_m40C/tt_um_rumcajs__nom_fast_1p32V_m40C.sdf:3213: Could not find intermodpath!
SDF ERROR: runs/single_key_wipe_p80_h0/final/sdf/nom_fast_1p32V_m40C/tt_um_rumcajs__nom_fast_1p32V_m40C.sdf:3214: Could not find intermodpath!
SDF ERROR: runs/single_key_wipe_p80_h0/final/sdf/nom_fast_1p32V_m40C/tt_um_rumcajs__nom_fast_1p32V_m40C.sdf:3215: Could not find intermodpath!
SDF ERROR: runs/single_key_wipe_p80_h0/final/sdf/nom_fast_1p32V_m40C/tt_um_rumcajs__nom_fast_1p32V_m40C.sdf:3216: Could not find intermodpath!
SDF ERROR: runs/single_key_wipe_p80_h0/final/sdf/nom_fast_1p32V_m40C/tt_um_rumcajs__nom_fast_1p32V_m40C.sdf:3217: Could not find intermodpath!
SDF ERROR: runs/single_key_wipe_p80_h0/final/sdf/nom_fast_1p32V_m40C/tt_um_rumcajs__nom_fast_1p32V_m40C.sdf:3218: Could not find intermodpath!
SDF ERROR: runs/single_key_wipe_p80_h0/final/sdf/nom_fast_1p32V_m40C/tt_um_rumcajs__nom_fast_1p32V_m40C.sdf:3219: Could not find intermodpath!
SDF ERROR: runs/single_key_wipe_p80_h0/final/sdf/nom_fast_1p32V_m40C/tt_um_rumcajs__nom_fast_1p32V_m40C.sdf:3220: Could not find intermodpath!
SDF ERROR: runs/single_key_wipe_p80_h0/final/sdf/nom_fast_1p32V_m40C/tt_um_rumcajs__nom_fast_1p32V_m40C.sdf:3221: Could not find intermodpath!
SDF ERROR: runs/single_key_wipe_p80_h0/final/sdf/nom_fast_1p32V_m40C/tt_um_rumcajs__nom_fast_1p32V_m40C.sdf:3222: Could not find intermodpath!
SDF ERROR: runs/single_key_wipe_p80_h0/final/sdf/nom_fast_1p32V_m40C/tt_um_rumcajs__nom_fast_1p32V_m40C.sdf:3223: Could not find intermodpath!
SDF ERROR: runs/single_key_wipe_p80_h0/final/sdf/nom_fast_1p32V_m40C/tt_um_rumcajs__nom_fast_1p32V_m40C.sdf:3224: Could not find intermodpath!
SDF ERROR: runs/single_key_wipe_p80_h0/final/sdf/nom_fast_1p32V_m40C/tt_um_rumcajs__nom_fast_1p32V_m40C.sdf:3225: Could not find intermodpath!
SDF ERROR: runs/single_key_wipe_p80_h0/final/sdf/nom_fast_1p32V_m40C/tt_um_rumcajs__nom_fast_1p32V_m40C.sdf:3226: Could not find intermodpath!
SDF ERROR: runs/single_key_wipe_p80_h0/final/sdf/nom_fast_1p32V_m40C/tt_um_rumcajs__nom_fast_1p32V_m40C.sdf:3227: Could not find intermodpath!
SDF ERROR: runs/single_key_wipe_p80_h0/final/sdf/nom_fast_1p32V_m40C/tt_um_rumcajs__nom_fast_1p32V_m40C.sdf:3228: Could not find intermodpath!
SDF ERROR: runs/single_key_wipe_p80_h0/final/sdf/nom_fast_1p32V_m40C/tt_um_rumcajs__nom_fast_1p32V_m40C.sdf:3229: Could not find intermodpath!
SDF ERROR: runs/single_key_wipe_p80_h0/final/sdf/nom_fast_1p32V_m40C/tt_um_rumcajs__nom_fast_1p32V_m40C.sdf:3230: Could not find intermodpath!
SDF ERROR: runs/single_key_wipe_p80_h0/final/sdf/nom_fast_1p32V_m40C/tt_um_rumcajsError: Could not find net. Did you run iverilog with '-ginterconnect'?
Error: Could not find net. Did you run iverilog with '-ginterconnect'?
Error: Could not find net. Did you run iverilog with '-ginterconnect'?
Error: Could not find net. Did you run iverilog with '-ginterconnect'?
Error: Could not find net. Did you run iverilog with '-ginterconnect'?
Error: Could not find net. Did you run iverilog with '-ginterconnect'?
Error: Could not find net. Did you run iverilog with '-ginterconnect'?
Error: Could not find net. Did you run iverilog with '-ginterconnect'?
Error: Could not find net. Did you run iverilog with '-ginterconnect'?
Error: Could not find net. Did you run iverilog with '-ginterconnect'?
Error: Could not find net. Did you run iverilog with '-ginterconnect'?
Error: Could not find net. Did you run iverilog with '-ginterconnect'?
Error: Could not find net. Did you run iverilog with '-ginterconnect'?
Error: Could not find net. Did you run iverilog with '-ginterconnect'?
Error: Could not find net. Did you run iverilog with '-ginterconnect'?
Error: Could not find net. Did you run iverilog with '-ginterconnect'?
Error: Could not find net. Did you run iverilog with '-ginterconnect'?
Error: Could not find net. Did you run iverilog with '-ginterconnect'?
Error: Could not find net. Did you run iverilog with '-ginterconnect'?
Error: Could not find net. Did you run iverilog with '-ginterconnect'?
Error: Could not find net. Did you run iverilog with '-ginterconnect'?
Error: Could not find net. Did you run iverilog with '-ginterconnect'?
Error: Could not find net. Did you run iverilog with '-ginterconnect'?
Error: Could not find net. Did you run iverilog with '-ginterconnect'?
Error: Could not find net. Did you run iverilog with '-ginterconnect'?
Error: Could not find net. Did you run iverilog with '-ginterconnect'?
Error: Could not find net. Did you run iverilog with '-ginterconnect'?
Error: Could not find net. Did you run iverilog with '-ginterconnect'?
Error: Could not find net. Did you run iverilog with '-ginterconnect'?
__nom_fast_1p32V_m40C.sdf:3231: Could not find intermodpath!
SDF ERROR: runs/single_key_wipe_p80_h0/final/sdf/nom_fast_1p32V_m40C/tt_um_rumcajs__nom_fast_1p32V_m40C.sdf:3232: Could not find intermodpath!
SDF ERROR: runs/single_key_wipe_p80_h0/final/sdf/nom_fast_1p32V_m40C/tt_um_rumcajs__nom_fast_1p32V_m40C.sdf:3233: Could not find intermodpath!
SDF ERROR: runs/single_key_wipe_p80_h0/final/sdf/nom_fast_1p32V_m40C/tt_um_rumcajs__nom_fast_1p32V_m40C.sdf:3234: Could not find intermodpath!
SDF ERROR: runs/single_key_wipe_p80_h0/final/sdf/nom_fast_1p32V_m40C/tt_um_rumcajs__nom_fast_1p32V_m40C.sdf:3235: Could not find intermodpath!
SDF ERROR: runs/single_key_wipe_p80_h0/final/sdf/nom_fast_1p32V_m40C/tt_um_rumcajs__nom_fast_1p32V_m40C.sdf:3236: Could not find intermodpath!
SDF ERROR: runs/single_key_wipe_p80_h0/final/sdf/nom_fast_1p32V_m40C/tt_um_rumcajs__nom_fast_1p32V_m40C.sdf:3237: Could not find intermodpath!
SDF ERROR: runs/single_key_wipe_p80_h0/final/sdf/nom_fast_1p32V_m40C/tt_um_rumcajs__nom_fast_1p32V_m40C.sdf:3238: Could not find intermodpath!
SDF ERROR: runs/single_key_wipe_p80_h0/final/sdf/nom_fast_1p32V_m40C/tt_um_rumcajs__nom_fast_1p32V_m40C.sdf:3239: Could not find intermodpath!
SDF ERROR: runs/single_key_wipe_p80_h0/final/sdf/nom_fast_1p32V_m40C/tt_um_rumcajs__nom_fast_1p32V_m40C.sdf:3240: Could not find intermodpath!
SDF ERROR: runs/single_key_wipe_p80_h0/final/sdf/nom_fast_1p32V_m40C/tt_um_rumcajs__nom_fast_1p32V_m40C.sdf:3241: Could not find intermodpath!
SDF ERROR: runs/single_key_wipe_p80_h0/final/sdf/nom_fast_1p32V_m40C/tt_um_rumcajs__nom_fast_1p32V_m40C.sdf:3242: Could not find intermodpath!
SDF ERROR: runs/single_key_wipe_p80_h0/final/sdf/nom_fast_1p32V_m40C/tt_um_rumcajs__nom_fast_1p32V_m40C.sdf:3243: Could not find intermodpath!
SDF ERROR: runs/single_key_wipe_p80_h0/final/sdf/nom_fast_1p32V_m40C/tt_um_rumcajs__nom_fast_1p32V_m40C.sdf:3244: Could not find intermodpath!
SDF ERROR: runs/single_key_wipe_p80_h0/final/sdf/nom_fast_1p32V_m40C/tt_um_rumcajs__nom_fast_1p32V_m40C.sdf:3245: Could not find intermodpath!
SDF ERROR: runs/single_key_wipe_p80_h0/final/sdf/nom_fast_1p32V_m40C/tt_um_rumcajs__nom_fast_1p32V_m40C.sdf:3246: Could not find intermodpath!
SDF ERROR: runs/single_key_wipe_p80_h0/final/sdf/nom_fast_1p32V_m40C/tt_um_rumcajs__nom_fast_1p32V_m40C.sdf:3247: Could not find intermodpath!
SDF ERROR: runs/single_key_wipe_p80_h0/final/sdf/nom_fast_1p32V_m40C/tt_um_rumcajs__nom_fast_1p32V_m40C.sdf:3248: Could not find intermodpath!
SDF ERROR: runs/single_key_wipe_p80_h0/final/sdf/nom_fast_1p32V_m40C/tt_um_rumcajs__nom_fast_1p32V_m40C.sdf:3249: Could not find intermodpath!
SDF ERROR: runs/single_key_wipe_p80_h0/final/sdf/nom_fast_1p32V_m40C/tt_um_rumcajs__nom_fast_1p32V_m40C.sdf:3250: Could not find intermodpath!
SDF ERROR: runs/single_key_wipe_p80_h0/final/sdf/nom_fast_1p32V_m40C/tt_um_rumcajs__nom_fast_1p32V_m40C.sdf:3251: Could not find intermodpath!
SDF ERROR: runs/single_key_wipe_p80_h0/final/sdf/nom_fast_1p32V_m40C/tt_um_rumcajs__nom_fast_1p32V_m40C.sdf:3252: Could not find intermodpath!
SDF ERROR: runs/single_key_wipe_p80_h0/final/sdf/nom_fast_1p32V_m40C/tt_um_rumcajs__nom_fast_1p32V_m40C.sdf:3253: Could not find intermodpath!
SDF ERROR: runs/single_key_wipe_p80_h0/final/sdf/nom_fast_1p32V_m40C/tt_um_rumcajs__nom_fast_1p32V_m40C.sdf:3254: Could not find intermodpath!
SDF ERROR: runs/single_key_wipe_p80_h0/final/sdf/nom_fast_1p32V_m40C/tt_um_rumcajs__nom_fast_1p32V_m40C.sdf:3255: Could not find intermodpath!
SDF ERROR: runs/single_key_wipe_p80_h0/final/sdf/nom_fast_1p32V_m40C/tt_um_rumcajs__nom_fast_1p32V_m40C.sdf:3256: Could not find intermodpath!
SDF ERROR: runs/single_key_wipe_p80_h0/final/sdf/nom_fast_1p32V_m40C/tt_um_rumcajs__nom_fast_1p32V_m40C.sdf:3257: Could not find intermodpath!
SDF ERROR: runs/single_key_wipe_p80_h0/final/sdf/nom_fast_1p32V_m40C/tt_um_rumcajs__nom_fast_1p32V_m40C.sdf:3258: Could not find intermodpath!
SDF ERROR: runs/single_key_wipe_p80_h0/final/sdf/nom_fast_1p32V_m40C/tt_um_rumcajs__nom_fast_1p32V_m40C.sdf:3259: Could not find intermodpath!
SDF ERROR: runs/single_key_wipeError: Could not find net. Did you run iverilog with '-ginterconnect'?
Error: Could not find net. Did you run iverilog with '-ginterconnect'?
Error: Could not find net. Did you run iverilog with '-ginterconnect'?
Error: Could not find net. Did you run iverilog with '-ginterconnect'?
Error: Could not find net. Did you run iverilog with '-ginterconnect'?
Error: Could not find net. Did you run iverilog with '-ginterconnect'?
Error: Could not find net. Did you run iverilog with '-ginterconnect'?
Error: Could not find net. Did you run iverilog with '-ginterconnect'?
Error: Could not find net. Did you run iverilog with '-ginterconnect'?
Error: Could not find net. Did you run iverilog with '-ginterconnect'?
Error: Could not find net. Did you run iverilog with '-ginterconnect'?
Error: Could not find net. Did you run iverilog with '-ginterconnect'?
Error: Could not find net. Did you run iverilog with '-ginterconnect'?
Error: Could not find net. Did you run iverilog with '-ginterconnect'?
Error: Could not find net. Did you run iverilog with '-ginterconnect'?
Error: Could not find net. Did you run iverilog with '-ginterconnect'?
Error: Could not find net. Did you run iverilog with '-ginterconnect'?
Error: Could not find net. Did you run iverilog with '-ginterconnect'?
Error: Could not find net. Did you run iverilog with '-ginterconnect'?
Error: Could not find net. Did you run iverilog with '-ginterconnect'?
Error: Could not find net. Did you run iverilog with '-ginterconnect'?
Error: Could not find net. Did you run iverilog with '-ginterconnect'?
Error: Could not find net. Did you run iverilog with '-ginterconnect'?
Error: Could not find net. Did you run iverilog with '-ginterconnect'?
Error: Could not find net. Did you run iverilog with '-ginterconnect'?
Error: Could not find net. Did you run iverilog with '-ginterconnect'?
Error: Could not find net. Did you run iverilog with '-ginterconnect'?
Error: Could not find net. Did you run iverilog with '-ginterconnect'?
_p80_h0/final/sdf/nom_fast_1p32V_m40C/tt_um_rumcajs__nom_fast_1p32V_m40C.sdf:3260: Could not find intermodpath!
SDF ERROR: runs/single_key_wipe_p80_h0/final/sdf/nom_fast_1p32V_m40C/tt_um_rumcajs__nom_fast_1p32V_m40C.sdf:3261: Could not find intermodpath!
SDF ERROR: runs/single_key_wipe_p80_h0/final/sdf/nom_fast_1p32V_m40C/tt_um_rumcajs__nom_fast_1p32V_m40C.sdf:3262: Could not find intermodpath!
SDF ERROR: runs/single_key_wipe_p80_h0/final/sdf/nom_fast_1p32V_m40C/tt_um_rumcajs__nom_fast_1p32V_m40C.sdf:3263: Could not find intermodpath!
SDF ERROR: runs/single_key_wipe_p80_h0/final/sdf/nom_fast_1p32V_m40C/tt_um_rumcajs__nom_fast_1p32V_m40C.sdf:3264: Could not find intermodpath!
SDF ERROR: runs/single_key_wipe_p80_h0/final/sdf/nom_fast_1p32V_m40C/tt_um_rumcajs__nom_fast_1p32V_m40C.sdf:3265: Could not find intermodpath!
SDF ERROR: runs/single_key_wipe_p80_h0/final/sdf/nom_fast_1p32V_m40C/tt_um_rumcajs__nom_fast_1p32V_m40C.sdf:3266: Could not find intermodpath!
SDF ERROR: runs/single_key_wipe_p80_h0/final/sdf/nom_fast_1p32V_m40C/tt_um_rumcajs__nom_fast_1p32V_m40C.sdf:3267: Could not find intermodpath!
SDF ERROR: runs/single_key_wipe_p80_h0/final/sdf/nom_fast_1p32V_m40C/tt_um_rumcajs__nom_fast_1p32V_m40C.sdf:3268: Could not find intermodpath!
SDF ERROR: runs/single_key_wipe_p80_h0/final/sdf/nom_fast_1p32V_m40C/tt_um_rumcajs__nom_fast_1p32V_m40C.sdf:3269: Could not find intermodpath!
SDF ERROR: runs/single_key_wipe_p80_h0/final/sdf/nom_fast_1p32V_m40C/tt_um_rumcajs__nom_fast_1p32V_m40C.sdf:3270: Could not find intermodpath!
SDF ERROR: runs/single_key_wipe_p80_h0/final/sdf/nom_fast_1p32V_m40C/tt_um_rumcajs__nom_fast_1p32V_m40C.sdf:3271: Could not find intermodpath!
SDF ERROR: runs/single_key_wipe_p80_h0/final/sdf/nom_fast_1p32V_m40C/tt_um_rumcajs__nom_fast_1p32V_m40C.sdf:3272: Could not find intermodpath!
SDF ERROR: runs/single_key_wipe_p80_h0/final/sdf/nom_fast_1p32V_m40C/tt_um_rumcajs__nom_fast_1p32V_m40C.sdf:3273: Could not find intermodpath!
SDF ERROR: runs/single_key_wipe_p80_h0/final/sdf/nom_fast_1p32V_m40C/tt_um_rumcajs__nom_fast_1p32V_m40C.sdf:3274: Could not find intermodpath!
SDF ERROR: runs/single_key_wipe_p80_h0/final/sdf/nom_fast_1p32V_m40C/tt_um_rumcajs__nom_fast_1p32V_m40C.sdf:3275: Could not find intermodpath!
SDF ERROR: runs/single_key_wipe_p80_h0/final/sdf/nom_fast_1p32V_m40C/tt_um_rumcajs__nom_fast_1p32V_m40C.sdf:3276: Could not find intermodpath!
SDF ERROR: runs/single_key_wipe_p80_h0/final/sdf/nom_fast_1p32V_m40C/tt_um_rumcajs__nom_fast_1p32V_m40C.sdf:3277: Could not find intermodpath!
SDF ERROR: runs/single_key_wipe_p80_h0/final/sdf/nom_fast_1p32V_m40C/tt_um_rumcajs__nom_fast_1p32V_m40C.sdf:3278: Could not find intermodpath!
SDF ERROR: runs/single_key_wipe_p80_h0/final/sdf/nom_fast_1p32V_m40C/tt_um_rumcajs__nom_fast_1p32V_m40C.sdf:3279: Could not find intermodpath!
SDF ERROR: runs/single_key_wipe_p80_h0/final/sdf/nom_fast_1p32V_m40C/tt_um_rumcajs__nom_fast_1p32V_m40C.sdf:3280: Could not find intermodpath!
SDF ERROR: runs/single_key_wipe_p80_h0/final/sdf/nom_fast_1p32V_m40C/tt_um_rumcajs__nom_fast_1p32V_m40C.sdf:3281: Could not find intermodpath!
SDF ERROR: runs/single_key_wipe_p80_h0/final/sdf/nom_fast_1p32V_m40C/tt_um_rumcajs__nom_fast_1p32V_m40C.sdf:3282: Could not find intermodpath!
SDF ERROR: runs/single_key_wipe_p80_h0/final/sdf/nom_fast_1p32V_m40C/tt_um_rumcajs__nom_fast_1p32V_m40C.sdf:3283: Could not find intermodpath!
SDF ERROR: runs/single_key_wipe_p80_h0/final/sdf/nom_fast_1p32V_m40C/tt_um_rumcajs__nom_fast_1p32V_m40C.sdf:3284: Could not find intermodpath!
SDF ERROR: runs/single_key_wipe_p80_h0/final/sdf/nom_fast_1p32V_m40C/tt_um_rumcajs__nom_fast_1p32V_m40C.sdf:3285: Could not find intermodpath!
SDF ERROR: runs/single_key_wipe_p80_h0/final/sdf/nom_fast_1p32V_m40C/tt_um_rumcajs__nom_fast_1p32V_m40C.sdf:3286: Could not find intermodpath!
SDF ERROR: runs/single_key_wipe_p80_h0/final/sdf/nom_fast_1p32V_m40C/tt_um_rumcajs__nom_fast_1p32V_m40C.sdf:3287: Could not find intermodpath!
SDF ERROR: runs/single_key_wipe_p80_h0/final/sdf/nom_fast_1p32V_m40C/tt_um_rumcajs__nom_fast_1p32V_m40C.sdf:3288: Could notError: Could not find net. Did you run iverilog with '-ginterconnect'?
Error: Could not find net. Did you run iverilog with '-ginterconnect'?
Error: Could not find net. Did you run iverilog with '-ginterconnect'?
Error: Could not find net. Did you run iverilog with '-ginterconnect'?
Error: Could not find net. Did you run iverilog with '-ginterconnect'?
Error: Could not find net. Did you run iverilog with '-ginterconnect'?
Error: Could not find net. Did you run iverilog with '-ginterconnect'?
Error: Could not find net. Did you run iverilog with '-ginterconnect'?
Error: Could not find net. Did you run iverilog with '-ginterconnect'?
Error: Could not find net. Did you run iverilog with '-ginterconnect'?
Error: Could not find net. Did you run iverilog with '-ginterconnect'?
Error: Could not find net. Did you run iverilog with '-ginterconnect'?
Error: Could not find net. Did you run iverilog with '-ginterconnect'?
Error: Could not find net. Did you run iverilog with '-ginterconnect'?
Error: Could not find net. Did you run iverilog with '-ginterconnect'?
Error: Could not find net. Did you run iverilog with '-ginterconnect'?
Error: Could not find net. Did you run iverilog with '-ginterconnect'?
Error: Could not find net. Did you run iverilog with '-ginterconnect'?
Error: Could not find net. Did you run iverilog with '-ginterconnect'?
Error: Could not find net. Did you run iverilog with '-ginterconnect'?
Error: Could not find net. Did you run iverilog with '-ginterconnect'?
Error: Could not find net. Did you run iverilog with '-ginterconnect'?
Error: Could not find net. Did you run iverilog with '-ginterconnect'?
Error: Could not find net. Did you run iverilog with '-ginterconnect'?
Error: Could not find net. Did you run iverilog with '-ginterconnect'?
Error: Could not find net. Did you run iverilog with '-ginterconnect'?
Error: Could not find net. Did you run iverilog with '-ginterconnect'?
Error: Could not find net. Did you run iverilog with '-ginterconnect'?
Error: Could not find net. Did you run iverilog with '-ginterconnect'?
 find intermodpath!
SDF ERROR: runs/single_key_wipe_p80_h0/final/sdf/nom_fast_1p32V_m40C/tt_um_rumcajs__nom_fast_1p32V_m40C.sdf:3289: Could not find intermodpath!
SDF ERROR: runs/single_key_wipe_p80_h0/final/sdf/nom_fast_1p32V_m40C/tt_um_rumcajs__nom_fast_1p32V_m40C.sdf:3290: Could not find intermodpath!
SDF ERROR: runs/single_key_wipe_p80_h0/final/sdf/nom_fast_1p32V_m40C/tt_um_rumcajs__nom_fast_1p32V_m40C.sdf:3291: Could not find intermodpath!
SDF ERROR: runs/single_key_wipe_p80_h0/final/sdf/nom_fast_1p32V_m40C/tt_um_rumcajs__nom_fast_1p32V_m40C.sdf:3292: Could not find intermodpath!
SDF ERROR: runs/single_key_wipe_p80_h0/final/sdf/nom_fast_1p32V_m40C/tt_um_rumcajs__nom_fast_1p32V_m40C.sdf:3293: Could not find intermodpath!
SDF ERROR: runs/single_key_wipe_p80_h0/final/sdf/nom_fast_1p32V_m40C/tt_um_rumcajs__nom_fast_1p32V_m40C.sdf:3294: Could not find intermodpath!
SDF ERROR: runs/single_key_wipe_p80_h0/final/sdf/nom_fast_1p32V_m40C/tt_um_rumcajs__nom_fast_1p32V_m40C.sdf:3295: Could not find intermodpath!
SDF ERROR: runs/single_key_wipe_p80_h0/final/sdf/nom_fast_1p32V_m40C/tt_um_rumcajs__nom_fast_1p32V_m40C.sdf:3296: Could not find intermodpath!
SDF ERROR: runs/single_key_wipe_p80_h0/final/sdf/nom_fast_1p32V_m40C/tt_um_rumcajs__nom_fast_1p32V_m40C.sdf:3297: Could not find intermodpath!
SDF ERROR: runs/single_key_wipe_p80_h0/final/sdf/nom_fast_1p32V_m40C/tt_um_rumcajs__nom_fast_1p32V_m40C.sdf:3298: Could not find intermodpath!
SDF ERROR: runs/single_key_wipe_p80_h0/final/sdf/nom_fast_1p32V_m40C/tt_um_rumcajs__nom_fast_1p32V_m40C.sdf:3299: Could not find intermodpath!
SDF ERROR: runs/single_key_wipe_p80_h0/final/sdf/nom_fast_1p32V_m40C/tt_um_rumcajs__nom_fast_1p32V_m40C.sdf:3300: Could not find intermodpath!
SDF ERROR: runs/single_key_wipe_p80_h0/final/sdf/nom_fast_1p32V_m40C/tt_um_rumcajs__nom_fast_1p32V_m40C.sdf:3301: Could not find intermodpath!
SDF ERROR: runs/single_key_wipe_p80_h0/final/sdf/nom_fast_1p32V_m40C/tt_um_rumcajs__nom_fast_1p32V_m40C.sdf:3302: Could not find intermodpath!
SDF ERROR: runs/single_key_wipe_p80_h0/final/sdf/nom_fast_1p32V_m40C/tt_um_rumcajs__nom_fast_1p32V_m40C.sdf:3303: Could not find intermodpath!
SDF ERROR: runs/single_key_wipe_p80_h0/final/sdf/nom_fast_1p32V_m40C/tt_um_rumcajs__nom_fast_1p32V_m40C.sdf:3304: Could not find intermodpath!
SDF ERROR: runs/single_key_wipe_p80_h0/final/sdf/nom_fast_1p32V_m40C/tt_um_rumcajs__nom_fast_1p32V_m40C.sdf:3305: Could not find intermodpath!
SDF ERROR: runs/single_key_wipe_p80_h0/final/sdf/nom_fast_1p32V_m40C/tt_um_rumcajs__nom_fast_1p32V_m40C.sdf:3306: Could not find intermodpath!
SDF ERROR: runs/single_key_wipe_p80_h0/final/sdf/nom_fast_1p32V_m40C/tt_um_rumcajs__nom_fast_1p32V_m40C.sdf:3307: Could not find intermodpath!
SDF ERROR: runs/single_key_wipe_p80_h0/final/sdf/nom_fast_1p32V_m40C/tt_um_rumcajs__nom_fast_1p32V_m40C.sdf:3308: Could not find intermodpath!
SDF ERROR: runs/single_key_wipe_p80_h0/final/sdf/nom_fast_1p32V_m40C/tt_um_rumcajs__nom_fast_1p32V_m40C.sdf:3309: Could not find intermodpath!
SDF ERROR: runs/single_key_wipe_p80_h0/final/sdf/nom_fast_1p32V_m40C/tt_um_rumcajs__nom_fast_1p32V_m40C.sdf:3310: Could not find intermodpath!
SDF ERROR: runs/single_key_wipe_p80_h0/final/sdf/nom_fast_1p32V_m40C/tt_um_rumcajs__nom_fast_1p32V_m40C.sdf:3311: Could not find intermodpath!
SDF ERROR: runs/single_key_wipe_p80_h0/final/sdf/nom_fast_1p32V_m40C/tt_um_rumcajs__nom_fast_1p32V_m40C.sdf:3312: Could not find intermodpath!
SDF ERROR: runs/single_key_wipe_p80_h0/final/sdf/nom_fast_1p32V_m40C/tt_um_rumcajs__nom_fast_1p32V_m40C.sdf:3313: Could not find intermodpath!
SDF ERROR: runs/single_key_wipe_p80_h0/final/sdf/nom_fast_1p32V_m40C/tt_um_rumcajs__nom_fast_1p32V_m40C.sdf:3314: Could not find intermodpath!
SDF ERROR: runs/single_key_wipe_p80_h0/final/sdf/nom_fast_1p32V_m40C/tt_um_rumcajs__nom_fast_1p32V_m40C.sdf:3315: Could not find intermodpath!
SDF ERROR: runs/single_key_wipe_p80_h0/final/sdf/nom_fast_1p32V_m40C/tt_um_rumcajs__nom_fast_1p32V_m40C.sdf:3316: Could not find intermodpath!
SDF ERROR: runs/single_key_wipe_p80_h0/final/sdf/nom_fast_1p32V_m40C/tt_Error: Could not find net. Did you run iverilog with '-ginterconnect'?
Error: Could not find net. Did you run iverilog with '-ginterconnect'?
Error: Could not find net. Did you run iverilog with '-ginterconnect'?
Error: Could not find net. Did you run iverilog with '-ginterconnect'?
Error: Could not find net. Did you run iverilog with '-ginterconnect'?
Error: Could not find net. Did you run iverilog with '-ginterconnect'?
Error: Could not find net. Did you run iverilog with '-ginterconnect'?
Error: Could not find net. Did you run iverilog with '-ginterconnect'?
Error: Could not find net. Did you run iverilog with '-ginterconnect'?
Error: Could not find net. Did you run iverilog with '-ginterconnect'?
Error: Could not find net. Did you run iverilog with '-ginterconnect'?
Error: Could not find net. Did you run iverilog with '-ginterconnect'?
Error: Could not find net. Did you run iverilog with '-ginterconnect'?
Error: Could not find net. Did you run iverilog with '-ginterconnect'?
Error: Could not find net. Did you run iverilog with '-ginterconnect'?
Error: Could not find net. Did you run iverilog with '-ginterconnect'?
Error: Could not find net. Did you run iverilog with '-ginterconnect'?
Error: Could not find net. Did you run iverilog with '-ginterconnect'?
Error: Could not find net. Did you run iverilog with '-ginterconnect'?
Error: Could not find net. Did you run iverilog with '-ginterconnect'?
Error: Could not find net. Did you run iverilog with '-ginterconnect'?
Error: Could not find net. Did you run iverilog with '-ginterconnect'?
Error: Could not find net. Did you run iverilog with '-ginterconnect'?
Error: Could not find net. Did you run iverilog with '-ginterconnect'?
Error: Could not find net. Did you run iverilog with '-ginterconnect'?
Error: Could not find net. Did you run iverilog with '-ginterconnect'?
Error: Could not find net. Did you run iverilog with '-ginterconnect'?
Error: Could not find net. Did you run iverilog with '-ginterconnect'?
Error: Could not find net. Did you run iverilog with '-ginterconnect'?
um_rumcajs__nom_fast_1p32V_m40C.sdf:3317: Could not find intermodpath!
SDF ERROR: runs/single_key_wipe_p80_h0/final/sdf/nom_fast_1p32V_m40C/tt_um_rumcajs__nom_fast_1p32V_m40C.sdf:3318: Could not find intermodpath!
SDF ERROR: runs/single_key_wipe_p80_h0/final/sdf/nom_fast_1p32V_m40C/tt_um_rumcajs__nom_fast_1p32V_m40C.sdf:3319: Could not find intermodpath!
SDF ERROR: runs/single_key_wipe_p80_h0/final/sdf/nom_fast_1p32V_m40C/tt_um_rumcajs__nom_fast_1p32V_m40C.sdf:3320: Could not find intermodpath!
SDF ERROR: runs/single_key_wipe_p80_h0/final/sdf/nom_fast_1p32V_m40C/tt_um_rumcajs__nom_fast_1p32V_m40C.sdf:3321: Could not find intermodpath!
SDF ERROR: runs/single_key_wipe_p80_h0/final/sdf/nom_fast_1p32V_m40C/tt_um_rumcajs__nom_fast_1p32V_m40C.sdf:3322: Could not find intermodpath!
SDF ERROR: runs/single_key_wipe_p80_h0/final/sdf/nom_fast_1p32V_m40C/tt_um_rumcajs__nom_fast_1p32V_m40C.sdf:3323: Could not find intermodpath!
SDF ERROR: runs/single_key_wipe_p80_h0/final/sdf/nom_fast_1p32V_m40C/tt_um_rumcajs__nom_fast_1p32V_m40C.sdf:3324: Could not find intermodpath!
SDF ERROR: runs/single_key_wipe_p80_h0/final/sdf/nom_fast_1p32V_m40C/tt_um_rumcajs__nom_fast_1p32V_m40C.sdf:3325: Could not find intermodpath!
SDF ERROR: runs/single_key_wipe_p80_h0/final/sdf/nom_fast_1p32V_m40C/tt_um_rumcajs__nom_fast_1p32V_m40C.sdf:3326: Could not find intermodpath!
SDF ERROR: runs/single_key_wipe_p80_h0/final/sdf/nom_fast_1p32V_m40C/tt_um_rumcajs__nom_fast_1p32V_m40C.sdf:3327: Could not find intermodpath!
SDF ERROR: runs/single_key_wipe_p80_h0/final/sdf/nom_fast_1p32V_m40C/tt_um_rumcajs__nom_fast_1p32V_m40C.sdf:3328: Could not find intermodpath!
SDF ERROR: runs/single_key_wipe_p80_h0/final/sdf/nom_fast_1p32V_m40C/tt_um_rumcajs__nom_fast_1p32V_m40C.sdf:3329: Could not find intermodpath!
SDF ERROR: runs/single_key_wipe_p80_h0/final/sdf/nom_fast_1p32V_m40C/tt_um_rumcajs__nom_fast_1p32V_m40C.sdf:3330: Could not find intermodpath!
SDF ERROR: runs/single_key_wipe_p80_h0/final/sdf/nom_fast_1p32V_m40C/tt_um_rumcajs__nom_fast_1p32V_m40C.sdf:3331: Could not find intermodpath!
SDF ERROR: runs/single_key_wipe_p80_h0/final/sdf/nom_fast_1p32V_m40C/tt_um_rumcajs__nom_fast_1p32V_m40C.sdf:3332: Could not find intermodpath!
SDF ERROR: runs/single_key_wipe_p80_h0/final/sdf/nom_fast_1p32V_m40C/tt_um_rumcajs__nom_fast_1p32V_m40C.sdf:3333: Could not find intermodpath!
SDF ERROR: runs/single_key_wipe_p80_h0/final/sdf/nom_fast_1p32V_m40C/tt_um_rumcajs__nom_fast_1p32V_m40C.sdf:3334: Could not find intermodpath!
SDF ERROR: runs/single_key_wipe_p80_h0/final/sdf/nom_fast_1p32V_m40C/tt_um_rumcajs__nom_fast_1p32V_m40C.sdf:3335: Could not find intermodpath!
SDF ERROR: runs/single_key_wipe_p80_h0/final/sdf/nom_fast_1p32V_m40C/tt_um_rumcajs__nom_fast_1p32V_m40C.sdf:3336: Could not find intermodpath!
SDF ERROR: runs/single_key_wipe_p80_h0/final/sdf/nom_fast_1p32V_m40C/tt_um_rumcajs__nom_fast_1p32V_m40C.sdf:3337: Could not find intermodpath!
SDF ERROR: runs/single_key_wipe_p80_h0/final/sdf/nom_fast_1p32V_m40C/tt_um_rumcajs__nom_fast_1p32V_m40C.sdf:3338: Could not find intermodpath!
SDF ERROR: runs/single_key_wipe_p80_h0/final/sdf/nom_fast_1p32V_m40C/tt_um_rumcajs__nom_fast_1p32V_m40C.sdf:3339: Could not find intermodpath!
SDF ERROR: runs/single_key_wipe_p80_h0/final/sdf/nom_fast_1p32V_m40C/tt_um_rumcajs__nom_fast_1p32V_m40C.sdf:3340: Could not find intermodpath!
SDF ERROR: runs/single_key_wipe_p80_h0/final/sdf/nom_fast_1p32V_m40C/tt_um_rumcajs__nom_fast_1p32V_m40C.sdf:3341: Could not find intermodpath!
SDF ERROR: runs/single_key_wipe_p80_h0/final/sdf/nom_fast_1p32V_m40C/tt_um_rumcajs__nom_fast_1p32V_m40C.sdf:3342: Could not find intermodpath!
SDF ERROR: runs/single_key_wipe_p80_h0/final/sdf/nom_fast_1p32V_m40C/tt_um_rumcajs__nom_fast_1p32V_m40C.sdf:3343: Could not find intermodpath!
SDF ERROR: runs/single_key_wipe_p80_h0/final/sdf/nom_fast_1p32V_m40C/tt_um_rumcajs__nom_fast_1p32V_m40C.sdf:3344: Could not find intermodpath!
SDF ERROR: runs/single_key_wipe_p80_h0/final/sdf/nom_fast_1p32V_m40C/tt_um_rumcajs__nom_fast_1p32V_m40C.sdf:3345: Could not find intermodpath!
SDF ERROR: runs/singlError: Could not find net. Did you run iverilog with '-ginterconnect'?
Error: Could not find net. Did you run iverilog with '-ginterconnect'?
Error: Could not find net. Did you run iverilog with '-ginterconnect'?
Error: Could not find net. Did you run iverilog with '-ginterconnect'?
Error: Could not find net. Did you run iverilog with '-ginterconnect'?
Error: Could not find net. Did you run iverilog with '-ginterconnect'?
Error: Could not find net. Did you run iverilog with '-ginterconnect'?
Error: Could not find net. Did you run iverilog with '-ginterconnect'?
Error: Could not find net. Did you run iverilog with '-ginterconnect'?
Error: Could not find net. Did you run iverilog with '-ginterconnect'?
Error: Could not find net. Did you run iverilog with '-ginterconnect'?
Error: Could not find net. Did you run iverilog with '-ginterconnect'?
Error: Could not find net. Did you run iverilog with '-ginterconnect'?
Error: Could not find net. Did you run iverilog with '-ginterconnect'?
Error: Could not find net. Did you run iverilog with '-ginterconnect'?
Error: Could not find net. Did you run iverilog with '-ginterconnect'?
Error: Could not find net. Did you run iverilog with '-ginterconnect'?
Error: Could not find net. Did you run iverilog with '-ginterconnect'?
Error: Could not find net. Did you run iverilog with '-ginterconnect'?
Error: Could not find net. Did you run iverilog with '-ginterconnect'?
Error: Could not find net. Did you run iverilog with '-ginterconnect'?
Error: Could not find net. Did you run iverilog with '-ginterconnect'?
Error: Could not find net. Did you run iverilog with '-ginterconnect'?
Error: Could not find net. Did you run iverilog with '-ginterconnect'?
Error: Could not find net. Did you run iverilog with '-ginterconnect'?
Error: Could not find net. Did you run iverilog with '-ginterconnect'?
Error: Could not find net. Did you run iverilog with '-ginterconnect'?
Error: Could not find net. Did you run iverilog with '-ginterconnect'?
e_key_wipe_p80_h0/final/sdf/nom_fast_1p32V_m40C/tt_um_rumcajs__nom_fast_1p32V_m40C.sdf:3346: Could not find intermodpath!
SDF ERROR: runs/single_key_wipe_p80_h0/final/sdf/nom_fast_1p32V_m40C/tt_um_rumcajs__nom_fast_1p32V_m40C.sdf:3347: Could not find intermodpath!
SDF ERROR: runs/single_key_wipe_p80_h0/final/sdf/nom_fast_1p32V_m40C/tt_um_rumcajs__nom_fast_1p32V_m40C.sdf:3348: Could not find intermodpath!
SDF ERROR: runs/single_key_wipe_p80_h0/final/sdf/nom_fast_1p32V_m40C/tt_um_rumcajs__nom_fast_1p32V_m40C.sdf:3349: Could not find intermodpath!
SDF ERROR: runs/single_key_wipe_p80_h0/final/sdf/nom_fast_1p32V_m40C/tt_um_rumcajs__nom_fast_1p32V_m40C.sdf:3350: Could not find intermodpath!
SDF ERROR: runs/single_key_wipe_p80_h0/final/sdf/nom_fast_1p32V_m40C/tt_um_rumcajs__nom_fast_1p32V_m40C.sdf:3351: Could not find intermodpath!
SDF ERROR: runs/single_key_wipe_p80_h0/final/sdf/nom_fast_1p32V_m40C/tt_um_rumcajs__nom_fast_1p32V_m40C.sdf:3352: Could not find intermodpath!
SDF ERROR: runs/single_key_wipe_p80_h0/final/sdf/nom_fast_1p32V_m40C/tt_um_rumcajs__nom_fast_1p32V_m40C.sdf:3353: Could not find intermodpath!
SDF ERROR: runs/single_key_wipe_p80_h0/final/sdf/nom_fast_1p32V_m40C/tt_um_rumcajs__nom_fast_1p32V_m40C.sdf:3354: Could not find intermodpath!
SDF ERROR: runs/single_key_wipe_p80_h0/final/sdf/nom_fast_1p32V_m40C/tt_um_rumcajs__nom_fast_1p32V_m40C.sdf:3355: Could not find intermodpath!
SDF ERROR: runs/single_key_wipe_p80_h0/final/sdf/nom_fast_1p32V_m40C/tt_um_rumcajs__nom_fast_1p32V_m40C.sdf:3356: Could not find intermodpath!
SDF ERROR: runs/single_key_wipe_p80_h0/final/sdf/nom_fast_1p32V_m40C/tt_um_rumcajs__nom_fast_1p32V_m40C.sdf:3357: Could not find intermodpath!
SDF ERROR: runs/single_key_wipe_p80_h0/final/sdf/nom_fast_1p32V_m40C/tt_um_rumcajs__nom_fast_1p32V_m40C.sdf:3358: Could not find intermodpath!
SDF ERROR: runs/single_key_wipe_p80_h0/final/sdf/nom_fast_1p32V_m40C/tt_um_rumcajs__nom_fast_1p32V_m40C.sdf:3359: Could not find intermodpath!
SDF ERROR: runs/single_key_wipe_p80_h0/final/sdf/nom_fast_1p32V_m40C/tt_um_rumcajs__nom_fast_1p32V_m40C.sdf:3360: Could not find intermodpath!
SDF ERROR: runs/single_key_wipe_p80_h0/final/sdf/nom_fast_1p32V_m40C/tt_um_rumcajs__nom_fast_1p32V_m40C.sdf:3361: Could not find intermodpath!
SDF ERROR: runs/single_key_wipe_p80_h0/final/sdf/nom_fast_1p32V_m40C/tt_um_rumcajs__nom_fast_1p32V_m40C.sdf:3362: Could not find intermodpath!
SDF ERROR: runs/single_key_wipe_p80_h0/final/sdf/nom_fast_1p32V_m40C/tt_um_rumcajs__nom_fast_1p32V_m40C.sdf:3363: Could not find intermodpath!
SDF ERROR: runs/single_key_wipe_p80_h0/final/sdf/nom_fast_1p32V_m40C/tt_um_rumcajs__nom_fast_1p32V_m40C.sdf:3364: Could not find intermodpath!
SDF ERROR: runs/single_key_wipe_p80_h0/final/sdf/nom_fast_1p32V_m40C/tt_um_rumcajs__nom_fast_1p32V_m40C.sdf:3365: Could not find intermodpath!
SDF ERROR: runs/single_key_wipe_p80_h0/final/sdf/nom_fast_1p32V_m40C/tt_um_rumcajs__nom_fast_1p32V_m40C.sdf:3366: Could not find intermodpath!
SDF ERROR: runs/single_key_wipe_p80_h0/final/sdf/nom_fast_1p32V_m40C/tt_um_rumcajs__nom_fast_1p32V_m40C.sdf:3367: Could not find intermodpath!
SDF ERROR: runs/single_key_wipe_p80_h0/final/sdf/nom_fast_1p32V_m40C/tt_um_rumcajs__nom_fast_1p32V_m40C.sdf:3368: Could not find intermodpath!
SDF ERROR: runs/single_key_wipe_p80_h0/final/sdf/nom_fast_1p32V_m40C/tt_um_rumcajs__nom_fast_1p32V_m40C.sdf:3369: Could not find intermodpath!
SDF ERROR: runs/single_key_wipe_p80_h0/final/sdf/nom_fast_1p32V_m40C/tt_um_rumcajs__nom_fast_1p32V_m40C.sdf:3370: Could not find intermodpath!
SDF ERROR: runs/single_key_wipe_p80_h0/final/sdf/nom_fast_1p32V_m40C/tt_um_rumcajs__nom_fast_1p32V_m40C.sdf:3371: Could not find intermodpath!
SDF ERROR: runs/single_key_wipe_p80_h0/final/sdf/nom_fast_1p32V_m40C/tt_um_rumcajs__nom_fast_1p32V_m40C.sdf:3372: Could not find intermodpath!
SDF ERROR: runs/single_key_wipe_p80_h0/final/sdf/nom_fast_1p32V_m40C/tt_um_rumcajs__nom_fast_1p32V_m40C.sdf:3373: Could not find intermodpath!
SDF ERROR: runs/single_key_wipe_p80_h0/final/sdf/nom_fast_1p32V_m40C/tt_um_rumcajs__nom_fast_1p32V_m40C.sdf:3374:Error: Could not find net. Did you run iverilog with '-ginterconnect'?
Error: Could not find net. Did you run iverilog with '-ginterconnect'?
Error: Could not find net. Did you run iverilog with '-ginterconnect'?
Error: Could not find net. Did you run iverilog with '-ginterconnect'?
Error: Could not find net. Did you run iverilog with '-ginterconnect'?
Error: Could not find net. Did you run iverilog with '-ginterconnect'?
Error: Could not find net. Did you run iverilog with '-ginterconnect'?
Error: Could not find net. Did you run iverilog with '-ginterconnect'?
Error: Could not find net. Did you run iverilog with '-ginterconnect'?
Error: Could not find net. Did you run iverilog with '-ginterconnect'?
Error: Could not find net. Did you run iverilog with '-ginterconnect'?
Error: Could not find net. Did you run iverilog with '-ginterconnect'?
Error: Could not find net. Did you run iverilog with '-ginterconnect'?
Error: Could not find net. Did you run iverilog with '-ginterconnect'?
Error: Could not find net. Did you run iverilog with '-ginterconnect'?
Error: Could not find net. Did you run iverilog with '-ginterconnect'?
Error: Could not find net. Did you run iverilog with '-ginterconnect'?
Error: Could not find net. Did you run iverilog with '-ginterconnect'?
Error: Could not find net. Did you run iverilog with '-ginterconnect'?
Error: Could not find net. Did you run iverilog with '-ginterconnect'?
Error: Could not find net. Did you run iverilog with '-ginterconnect'?
Error: Could not find net. Did you run iverilog with '-ginterconnect'?
Error: Could not find net. Did you run iverilog with '-ginterconnect'?
Error: Could not find net. Did you run iverilog with '-ginterconnect'?
Error: Could not find net. Did you run iverilog with '-ginterconnect'?
Error: Could not find net. Did you run iverilog with '-ginterconnect'?
Error: Could not find net. Did you run iverilog with '-ginterconnect'?
Error: Could not find net. Did you run iverilog with '-ginterconnect'?
Error: Could not find net. Did you run iverilog with '-ginterconnect'?
 Could not find intermodpath!
SDF ERROR: runs/single_key_wipe_p80_h0/final/sdf/nom_fast_1p32V_m40C/tt_um_rumcajs__nom_fast_1p32V_m40C.sdf:3375: Could not find intermodpath!
SDF ERROR: runs/single_key_wipe_p80_h0/final/sdf/nom_fast_1p32V_m40C/tt_um_rumcajs__nom_fast_1p32V_m40C.sdf:3376: Could not find intermodpath!
SDF ERROR: runs/single_key_wipe_p80_h0/final/sdf/nom_fast_1p32V_m40C/tt_um_rumcajs__nom_fast_1p32V_m40C.sdf:3377: Could not find intermodpath!
SDF ERROR: runs/single_key_wipe_p80_h0/final/sdf/nom_fast_1p32V_m40C/tt_um_rumcajs__nom_fast_1p32V_m40C.sdf:3378: Could not find intermodpath!
SDF ERROR: runs/single_key_wipe_p80_h0/final/sdf/nom_fast_1p32V_m40C/tt_um_rumcajs__nom_fast_1p32V_m40C.sdf:3379: Could not find intermodpath!
SDF ERROR: runs/single_key_wipe_p80_h0/final/sdf/nom_fast_1p32V_m40C/tt_um_rumcajs__nom_fast_1p32V_m40C.sdf:3380: Could not find intermodpath!
SDF ERROR: runs/single_key_wipe_p80_h0/final/sdf/nom_fast_1p32V_m40C/tt_um_rumcajs__nom_fast_1p32V_m40C.sdf:3381: Could not find intermodpath!
SDF ERROR: runs/single_key_wipe_p80_h0/final/sdf/nom_fast_1p32V_m40C/tt_um_rumcajs__nom_fast_1p32V_m40C.sdf:3382: Could not find intermodpath!
SDF ERROR: runs/single_key_wipe_p80_h0/final/sdf/nom_fast_1p32V_m40C/tt_um_rumcajs__nom_fast_1p32V_m40C.sdf:3383: Could not find intermodpath!
SDF ERROR: runs/single_key_wipe_p80_h0/final/sdf/nom_fast_1p32V_m40C/tt_um_rumcajs__nom_fast_1p32V_m40C.sdf:3384: Could not find intermodpath!
SDF ERROR: runs/single_key_wipe_p80_h0/final/sdf/nom_fast_1p32V_m40C/tt_um_rumcajs__nom_fast_1p32V_m40C.sdf:3385: Could not find intermodpath!
SDF ERROR: runs/single_key_wipe_p80_h0/final/sdf/nom_fast_1p32V_m40C/tt_um_rumcajs__nom_fast_1p32V_m40C.sdf:3386: Could not find intermodpath!
SDF ERROR: runs/single_key_wipe_p80_h0/final/sdf/nom_fast_1p32V_m40C/tt_um_rumcajs__nom_fast_1p32V_m40C.sdf:3387: Could not find intermodpath!
SDF ERROR: runs/single_key_wipe_p80_h0/final/sdf/nom_fast_1p32V_m40C/tt_um_rumcajs__nom_fast_1p32V_m40C.sdf:3388: Could not find intermodpath!
SDF ERROR: runs/single_key_wipe_p80_h0/final/sdf/nom_fast_1p32V_m40C/tt_um_rumcajs__nom_fast_1p32V_m40C.sdf:3389: Could not find intermodpath!
SDF ERROR: runs/single_key_wipe_p80_h0/final/sdf/nom_fast_1p32V_m40C/tt_um_rumcajs__nom_fast_1p32V_m40C.sdf:3390: Could not find intermodpath!
SDF ERROR: runs/single_key_wipe_p80_h0/final/sdf/nom_fast_1p32V_m40C/tt_um_rumcajs__nom_fast_1p32V_m40C.sdf:3391: Could not find intermodpath!
SDF ERROR: runs/single_key_wipe_p80_h0/final/sdf/nom_fast_1p32V_m40C/tt_um_rumcajs__nom_fast_1p32V_m40C.sdf:3392: Could not find intermodpath!
SDF ERROR: runs/single_key_wipe_p80_h0/final/sdf/nom_fast_1p32V_m40C/tt_um_rumcajs__nom_fast_1p32V_m40C.sdf:3393: Could not find intermodpath!
SDF ERROR: runs/single_key_wipe_p80_h0/final/sdf/nom_fast_1p32V_m40C/tt_um_rumcajs__nom_fast_1p32V_m40C.sdf:3394: Could not find intermodpath!
SDF ERROR: runs/single_key_wipe_p80_h0/final/sdf/nom_fast_1p32V_m40C/tt_um_rumcajs__nom_fast_1p32V_m40C.sdf:3395: Could not find intermodpath!
SDF ERROR: runs/single_key_wipe_p80_h0/final/sdf/nom_fast_1p32V_m40C/tt_um_rumcajs__nom_fast_1p32V_m40C.sdf:3396: Could not find intermodpath!
SDF ERROR: runs/single_key_wipe_p80_h0/final/sdf/nom_fast_1p32V_m40C/tt_um_rumcajs__nom_fast_1p32V_m40C.sdf:3397: Could not find intermodpath!
SDF ERROR: runs/single_key_wipe_p80_h0/final/sdf/nom_fast_1p32V_m40C/tt_um_rumcajs__nom_fast_1p32V_m40C.sdf:3398: Could not find intermodpath!
SDF ERROR: runs/single_key_wipe_p80_h0/final/sdf/nom_fast_1p32V_m40C/tt_um_rumcajs__nom_fast_1p32V_m40C.sdf:3399: Could not find intermodpath!
SDF ERROR: runs/single_key_wipe_p80_h0/final/sdf/nom_fast_1p32V_m40C/tt_um_rumcajs__nom_fast_1p32V_m40C.sdf:3400: Could not find intermodpath!
SDF ERROR: runs/single_key_wipe_p80_h0/final/sdf/nom_fast_1p32V_m40C/tt_um_rumcajs__nom_fast_1p32V_m40C.sdf:3401: Could not find intermodpath!
SDF ERROR: runs/single_key_wipe_p80_h0/final/sdf/nom_fast_1p32V_m40C/tt_um_rumcajs__nom_fast_1p32V_m40C.sdf:3402: Could not find intermodpath!
SDF ERROR: runs/single_key_wipe_p80_h0/final/sdf/nom_fast_1p32Error: Could not find net. Did you run iverilog with '-ginterconnect'?
Error: Could not find net. Did you run iverilog with '-ginterconnect'?
Error: Could not find net. Did you run iverilog with '-ginterconnect'?
Error: Could not find net. Did you run iverilog with '-ginterconnect'?
Error: Could not find net. Did you run iverilog with '-ginterconnect'?
Error: Could not find net. Did you run iverilog with '-ginterconnect'?
Error: Could not find net. Did you run iverilog with '-ginterconnect'?
Error: Could not find net. Did you run iverilog with '-ginterconnect'?
Error: Could not find net. Did you run iverilog with '-ginterconnect'?
Error: Could not find net. Did you run iverilog with '-ginterconnect'?
Error: Could not find net. Did you run iverilog with '-ginterconnect'?
Error: Could not find net. Did you run iverilog with '-ginterconnect'?
Error: Could not find net. Did you run iverilog with '-ginterconnect'?
Error: Could not find net. Did you run iverilog with '-ginterconnect'?
Error: Could not find net. Did you run iverilog with '-ginterconnect'?
Error: Could not find net. Did you run iverilog with '-ginterconnect'?
Error: Could not find net. Did you run iverilog with '-ginterconnect'?
Error: Could not find net. Did you run iverilog with '-ginterconnect'?
Error: Could not find net. Did you run iverilog with '-ginterconnect'?
Error: Could not find net. Did you run iverilog with '-ginterconnect'?
Error: Could not find net. Did you run iverilog with '-ginterconnect'?
Error: Could not find net. Did you run iverilog with '-ginterconnect'?
Error: Could not find net. Did you run iverilog with '-ginterconnect'?
Error: Could not find net. Did you run iverilog with '-ginterconnect'?
Error: Could not find net. Did you run iverilog with '-ginterconnect'?
Error: Could not find net. Did you run iverilog with '-ginterconnect'?
Error: Could not find net. Did you run iverilog with '-ginterconnect'?
Error: Could not find net. Did you run iverilog with '-ginterconnect'?
Error: Could not find net. Did you run iverilog with '-ginterconnect'?
V_m40C/tt_um_rumcajs__nom_fast_1p32V_m40C.sdf:3403: Could not find intermodpath!
SDF ERROR: runs/single_key_wipe_p80_h0/final/sdf/nom_fast_1p32V_m40C/tt_um_rumcajs__nom_fast_1p32V_m40C.sdf:3404: Could not find intermodpath!
SDF ERROR: runs/single_key_wipe_p80_h0/final/sdf/nom_fast_1p32V_m40C/tt_um_rumcajs__nom_fast_1p32V_m40C.sdf:3405: Could not find intermodpath!
SDF ERROR: runs/single_key_wipe_p80_h0/final/sdf/nom_fast_1p32V_m40C/tt_um_rumcajs__nom_fast_1p32V_m40C.sdf:3406: Could not find intermodpath!
SDF ERROR: runs/single_key_wipe_p80_h0/final/sdf/nom_fast_1p32V_m40C/tt_um_rumcajs__nom_fast_1p32V_m40C.sdf:3407: Could not find intermodpath!
SDF ERROR: runs/single_key_wipe_p80_h0/final/sdf/nom_fast_1p32V_m40C/tt_um_rumcajs__nom_fast_1p32V_m40C.sdf:3408: Could not find intermodpath!
SDF ERROR: runs/single_key_wipe_p80_h0/final/sdf/nom_fast_1p32V_m40C/tt_um_rumcajs__nom_fast_1p32V_m40C.sdf:3409: Could not find intermodpath!
SDF ERROR: runs/single_key_wipe_p80_h0/final/sdf/nom_fast_1p32V_m40C/tt_um_rumcajs__nom_fast_1p32V_m40C.sdf:3410: Could not find intermodpath!
SDF ERROR: runs/single_key_wipe_p80_h0/final/sdf/nom_fast_1p32V_m40C/tt_um_rumcajs__nom_fast_1p32V_m40C.sdf:3411: Could not find intermodpath!
SDF ERROR: runs/single_key_wipe_p80_h0/final/sdf/nom_fast_1p32V_m40C/tt_um_rumcajs__nom_fast_1p32V_m40C.sdf:3412: Could not find intermodpath!
SDF ERROR: runs/single_key_wipe_p80_h0/final/sdf/nom_fast_1p32V_m40C/tt_um_rumcajs__nom_fast_1p32V_m40C.sdf:3413: Could not find intermodpath!
SDF ERROR: runs/single_key_wipe_p80_h0/final/sdf/nom_fast_1p32V_m40C/tt_um_rumcajs__nom_fast_1p32V_m40C.sdf:3414: Could not find intermodpath!
SDF ERROR: runs/single_key_wipe_p80_h0/final/sdf/nom_fast_1p32V_m40C/tt_um_rumcajs__nom_fast_1p32V_m40C.sdf:3415: Could not find intermodpath!
SDF ERROR: runs/single_key_wipe_p80_h0/final/sdf/nom_fast_1p32V_m40C/tt_um_rumcajs__nom_fast_1p32V_m40C.sdf:3416: Could not find intermodpath!
SDF ERROR: runs/single_key_wipe_p80_h0/final/sdf/nom_fast_1p32V_m40C/tt_um_rumcajs__nom_fast_1p32V_m40C.sdf:3417: Could not find intermodpath!
SDF ERROR: runs/single_key_wipe_p80_h0/final/sdf/nom_fast_1p32V_m40C/tt_um_rumcajs__nom_fast_1p32V_m40C.sdf:3418: Could not find intermodpath!
SDF ERROR: runs/single_key_wipe_p80_h0/final/sdf/nom_fast_1p32V_m40C/tt_um_rumcajs__nom_fast_1p32V_m40C.sdf:3419: Could not find intermodpath!
SDF ERROR: runs/single_key_wipe_p80_h0/final/sdf/nom_fast_1p32V_m40C/tt_um_rumcajs__nom_fast_1p32V_m40C.sdf:3420: Could not find intermodpath!
SDF ERROR: runs/single_key_wipe_p80_h0/final/sdf/nom_fast_1p32V_m40C/tt_um_rumcajs__nom_fast_1p32V_m40C.sdf:3421: Could not find intermodpath!
SDF ERROR: runs/single_key_wipe_p80_h0/final/sdf/nom_fast_1p32V_m40C/tt_um_rumcajs__nom_fast_1p32V_m40C.sdf:3422: Could not find intermodpath!
SDF ERROR: runs/single_key_wipe_p80_h0/final/sdf/nom_fast_1p32V_m40C/tt_um_rumcajs__nom_fast_1p32V_m40C.sdf:3423: Could not find intermodpath!
SDF ERROR: runs/single_key_wipe_p80_h0/final/sdf/nom_fast_1p32V_m40C/tt_um_rumcajs__nom_fast_1p32V_m40C.sdf:3424: Could not find intermodpath!
SDF ERROR: runs/single_key_wipe_p80_h0/final/sdf/nom_fast_1p32V_m40C/tt_um_rumcajs__nom_fast_1p32V_m40C.sdf:3425: Could not find intermodpath!
SDF ERROR: runs/single_key_wipe_p80_h0/final/sdf/nom_fast_1p32V_m40C/tt_um_rumcajs__nom_fast_1p32V_m40C.sdf:3426: Could not find intermodpath!
SDF ERROR: runs/single_key_wipe_p80_h0/final/sdf/nom_fast_1p32V_m40C/tt_um_rumcajs__nom_fast_1p32V_m40C.sdf:3427: Could not find intermodpath!
SDF ERROR: runs/single_key_wipe_p80_h0/final/sdf/nom_fast_1p32V_m40C/tt_um_rumcajs__nom_fast_1p32V_m40C.sdf:3428: Could not find intermodpath!
SDF ERROR: runs/single_key_wipe_p80_h0/final/sdf/nom_fast_1p32V_m40C/tt_um_rumcajs__nom_fast_1p32V_m40C.sdf:3429: Could not find intermodpath!
SDF ERROR: runs/single_key_wipe_p80_h0/final/sdf/nom_fast_1p32V_m40C/tt_um_rumcajs__nom_fast_1p32V_m40C.sdf:3430: Could not find intermodpath!
SDF ERROR: runs/single_key_wipe_p80_h0/final/sdf/nom_fast_1p32V_m40C/tt_um_rumcajs__nom_fast_1p32V_m40C.sdf:3431: Could not find intermodpath!
SDF ERROR: Error: Could not find net. Did you run iverilog with '-ginterconnect'?
Error: Could not find net. Did you run iverilog with '-ginterconnect'?
Error: Could not find net. Did you run iverilog with '-ginterconnect'?
Error: Could not find net. Did you run iverilog with '-ginterconnect'?
Error: Could not find net. Did you run iverilog with '-ginterconnect'?
Error: Could not find net. Did you run iverilog with '-ginterconnect'?
Error: Could not find net. Did you run iverilog with '-ginterconnect'?
Error: Could not find net. Did you run iverilog with '-ginterconnect'?
Error: Could not find net. Did you run iverilog with '-ginterconnect'?
Error: Could not find net. Did you run iverilog with '-ginterconnect'?
Error: Could not find net. Did you run iverilog with '-ginterconnect'?
Error: Could not find net. Did you run iverilog with '-ginterconnect'?
Error: Could not find net. Did you run iverilog with '-ginterconnect'?
Error: Could not find net. Did you run iverilog with '-ginterconnect'?
Error: Could not find net. Did you run iverilog with '-ginterconnect'?
Error: Could not find net. Did you run iverilog with '-ginterconnect'?
Error: Could not find net. Did you run iverilog with '-ginterconnect'?
Error: Could not find net. Did you run iverilog with '-ginterconnect'?
Error: Could not find net. Did you run iverilog with '-ginterconnect'?
Error: Could not find net. Did you run iverilog with '-ginterconnect'?
Error: Could not find net. Did you run iverilog with '-ginterconnect'?
Error: Could not find net. Did you run iverilog with '-ginterconnect'?
Error: Could not find net. Did you run iverilog with '-ginterconnect'?
Error: Could not find net. Did you run iverilog with '-ginterconnect'?
Error: Could not find net. Did you run iverilog with '-ginterconnect'?
Error: Could not find net. Did you run iverilog with '-ginterconnect'?
Error: Could not find net. Did you run iverilog with '-ginterconnect'?
Error: Could not find net. Did you run iverilog with '-ginterconnect'?
runs/single_key_wipe_p80_h0/final/sdf/nom_fast_1p32V_m40C/tt_um_rumcajs__nom_fast_1p32V_m40C.sdf:3432: Could not find intermodpath!
SDF ERROR: runs/single_key_wipe_p80_h0/final/sdf/nom_fast_1p32V_m40C/tt_um_rumcajs__nom_fast_1p32V_m40C.sdf:3433: Could not find intermodpath!
SDF ERROR: runs/single_key_wipe_p80_h0/final/sdf/nom_fast_1p32V_m40C/tt_um_rumcajs__nom_fast_1p32V_m40C.sdf:3434: Could not find intermodpath!
SDF ERROR: runs/single_key_wipe_p80_h0/final/sdf/nom_fast_1p32V_m40C/tt_um_rumcajs__nom_fast_1p32V_m40C.sdf:3435: Could not find intermodpath!
SDF ERROR: runs/single_key_wipe_p80_h0/final/sdf/nom_fast_1p32V_m40C/tt_um_rumcajs__nom_fast_1p32V_m40C.sdf:3436: Could not find intermodpath!
SDF ERROR: runs/single_key_wipe_p80_h0/final/sdf/nom_fast_1p32V_m40C/tt_um_rumcajs__nom_fast_1p32V_m40C.sdf:3437: Could not find intermodpath!
SDF ERROR: runs/single_key_wipe_p80_h0/final/sdf/nom_fast_1p32V_m40C/tt_um_rumcajs__nom_fast_1p32V_m40C.sdf:3438: Could not find intermodpath!
SDF ERROR: runs/single_key_wipe_p80_h0/final/sdf/nom_fast_1p32V_m40C/tt_um_rumcajs__nom_fast_1p32V_m40C.sdf:3439: Could not find intermodpath!
SDF ERROR: runs/single_key_wipe_p80_h0/final/sdf/nom_fast_1p32V_m40C/tt_um_rumcajs__nom_fast_1p32V_m40C.sdf:3440: Could not find intermodpath!
SDF ERROR: runs/single_key_wipe_p80_h0/final/sdf/nom_fast_1p32V_m40C/tt_um_rumcajs__nom_fast_1p32V_m40C.sdf:3441: Could not find intermodpath!
SDF ERROR: runs/single_key_wipe_p80_h0/final/sdf/nom_fast_1p32V_m40C/tt_um_rumcajs__nom_fast_1p32V_m40C.sdf:3442: Could not find intermodpath!
SDF ERROR: runs/single_key_wipe_p80_h0/final/sdf/nom_fast_1p32V_m40C/tt_um_rumcajs__nom_fast_1p32V_m40C.sdf:3443: Could not find intermodpath!
SDF ERROR: runs/single_key_wipe_p80_h0/final/sdf/nom_fast_1p32V_m40C/tt_um_rumcajs__nom_fast_1p32V_m40C.sdf:3444: Could not find intermodpath!
SDF ERROR: runs/single_key_wipe_p80_h0/final/sdf/nom_fast_1p32V_m40C/tt_um_rumcajs__nom_fast_1p32V_m40C.sdf:3445: Could not find intermodpath!
SDF ERROR: runs/single_key_wipe_p80_h0/final/sdf/nom_fast_1p32V_m40C/tt_um_rumcajs__nom_fast_1p32V_m40C.sdf:3446: Could not find intermodpath!
SDF ERROR: runs/single_key_wipe_p80_h0/final/sdf/nom_fast_1p32V_m40C/tt_um_rumcajs__nom_fast_1p32V_m40C.sdf:3447: Could not find intermodpath!
SDF ERROR: runs/single_key_wipe_p80_h0/final/sdf/nom_fast_1p32V_m40C/tt_um_rumcajs__nom_fast_1p32V_m40C.sdf:3448: Could not find intermodpath!
SDF ERROR: runs/single_key_wipe_p80_h0/final/sdf/nom_fast_1p32V_m40C/tt_um_rumcajs__nom_fast_1p32V_m40C.sdf:3449: Could not find intermodpath!
SDF ERROR: runs/single_key_wipe_p80_h0/final/sdf/nom_fast_1p32V_m40C/tt_um_rumcajs__nom_fast_1p32V_m40C.sdf:3450: Could not find intermodpath!
SDF ERROR: runs/single_key_wipe_p80_h0/final/sdf/nom_fast_1p32V_m40C/tt_um_rumcajs__nom_fast_1p32V_m40C.sdf:3451: Could not find intermodpath!
SDF ERROR: runs/single_key_wipe_p80_h0/final/sdf/nom_fast_1p32V_m40C/tt_um_rumcajs__nom_fast_1p32V_m40C.sdf:3452: Could not find intermodpath!
SDF ERROR: runs/single_key_wipe_p80_h0/final/sdf/nom_fast_1p32V_m40C/tt_um_rumcajs__nom_fast_1p32V_m40C.sdf:3453: Could not find intermodpath!
SDF ERROR: runs/single_key_wipe_p80_h0/final/sdf/nom_fast_1p32V_m40C/tt_um_rumcajs__nom_fast_1p32V_m40C.sdf:3454: Could not find intermodpath!
SDF ERROR: runs/single_key_wipe_p80_h0/final/sdf/nom_fast_1p32V_m40C/tt_um_rumcajs__nom_fast_1p32V_m40C.sdf:3455: Could not find intermodpath!
SDF ERROR: runs/single_key_wipe_p80_h0/final/sdf/nom_fast_1p32V_m40C/tt_um_rumcajs__nom_fast_1p32V_m40C.sdf:3456: Could not find intermodpath!
SDF ERROR: runs/single_key_wipe_p80_h0/final/sdf/nom_fast_1p32V_m40C/tt_um_rumcajs__nom_fast_1p32V_m40C.sdf:3457: Could not find intermodpath!
SDF ERROR: runs/single_key_wipe_p80_h0/final/sdf/nom_fast_1p32V_m40C/tt_um_rumcajs__nom_fast_1p32V_m40C.sdf:3458: Could not find intermodpath!
SDF ERROR: runs/single_key_wipe_p80_h0/final/sdf/nom_fast_1p32V_m40C/tt_um_rumcajs__nom_fast_1p32V_m40C.sdf:3459: Could not find intermodpath!
SDF ERROR: runs/single_key_wipe_p80_h0/final/sdf/nom_fast_1p32V_m40C/tt_um_rumcajs__nom_fast_1p32V_m40CError: Could not find net. Did you run iverilog with '-ginterconnect'?
Error: Could not find net. Did you run iverilog with '-ginterconnect'?
Error: Could not find net. Did you run iverilog with '-ginterconnect'?
Error: Could not find net. Did you run iverilog with '-ginterconnect'?
Error: Could not find net. Did you run iverilog with '-ginterconnect'?
Error: Could not find net. Did you run iverilog with '-ginterconnect'?
Error: Could not find net. Did you run iverilog with '-ginterconnect'?
Error: Could not find net. Did you run iverilog with '-ginterconnect'?
Error: Could not find net. Did you run iverilog with '-ginterconnect'?
Error: Could not find net. Did you run iverilog with '-ginterconnect'?
Error: Could not find net. Did you run iverilog with '-ginterconnect'?
Error: Could not find net. Did you run iverilog with '-ginterconnect'?
Error: Could not find net. Did you run iverilog with '-ginterconnect'?
Error: Could not find net. Did you run iverilog with '-ginterconnect'?
Error: Could not find net. Did you run iverilog with '-ginterconnect'?
Error: Could not find net. Did you run iverilog with '-ginterconnect'?
Error: Could not find net. Did you run iverilog with '-ginterconnect'?
Error: Could not find net. Did you run iverilog with '-ginterconnect'?
Error: Could not find net. Did you run iverilog with '-ginterconnect'?
Error: Could not find net. Did you run iverilog with '-ginterconnect'?
Error: Could not find net. Did you run iverilog with '-ginterconnect'?
Error: Could not find net. Did you run iverilog with '-ginterconnect'?
Error: Could not find net. Did you run iverilog with '-ginterconnect'?
Error: Could not find net. Did you run iverilog with '-ginterconnect'?
Error: Could not find net. Did you run iverilog with '-ginterconnect'?
Error: Could not find net. Did you run iverilog with '-ginterconnect'?
Error: Could not find net. Did you run iverilog with '-ginterconnect'?
Error: Could not find net. Did you run iverilog with '-ginterconnect'?
Error: Could not find net. Did you run iverilog with '-ginterconnect'?
.sdf:3460: Could not find intermodpath!
SDF ERROR: runs/single_key_wipe_p80_h0/final/sdf/nom_fast_1p32V_m40C/tt_um_rumcajs__nom_fast_1p32V_m40C.sdf:3461: Could not find intermodpath!
SDF ERROR: runs/single_key_wipe_p80_h0/final/sdf/nom_fast_1p32V_m40C/tt_um_rumcajs__nom_fast_1p32V_m40C.sdf:3462: Could not find intermodpath!
SDF ERROR: runs/single_key_wipe_p80_h0/final/sdf/nom_fast_1p32V_m40C/tt_um_rumcajs__nom_fast_1p32V_m40C.sdf:3463: Could not find intermodpath!
SDF ERROR: runs/single_key_wipe_p80_h0/final/sdf/nom_fast_1p32V_m40C/tt_um_rumcajs__nom_fast_1p32V_m40C.sdf:3464: Could not find intermodpath!
SDF ERROR: runs/single_key_wipe_p80_h0/final/sdf/nom_fast_1p32V_m40C/tt_um_rumcajs__nom_fast_1p32V_m40C.sdf:3465: Could not find intermodpath!
SDF ERROR: runs/single_key_wipe_p80_h0/final/sdf/nom_fast_1p32V_m40C/tt_um_rumcajs__nom_fast_1p32V_m40C.sdf:3466: Could not find intermodpath!
SDF ERROR: runs/single_key_wipe_p80_h0/final/sdf/nom_fast_1p32V_m40C/tt_um_rumcajs__nom_fast_1p32V_m40C.sdf:3467: Could not find intermodpath!
SDF ERROR: runs/single_key_wipe_p80_h0/final/sdf/nom_fast_1p32V_m40C/tt_um_rumcajs__nom_fast_1p32V_m40C.sdf:3468: Could not find intermodpath!
SDF ERROR: runs/single_key_wipe_p80_h0/final/sdf/nom_fast_1p32V_m40C/tt_um_rumcajs__nom_fast_1p32V_m40C.sdf:3469: Could not find intermodpath!
SDF ERROR: runs/single_key_wipe_p80_h0/final/sdf/nom_fast_1p32V_m40C/tt_um_rumcajs__nom_fast_1p32V_m40C.sdf:3470: Could not find intermodpath!
SDF ERROR: runs/single_key_wipe_p80_h0/final/sdf/nom_fast_1p32V_m40C/tt_um_rumcajs__nom_fast_1p32V_m40C.sdf:3471: Could not find intermodpath!
SDF ERROR: runs/single_key_wipe_p80_h0/final/sdf/nom_fast_1p32V_m40C/tt_um_rumcajs__nom_fast_1p32V_m40C.sdf:3472: Could not find intermodpath!
SDF ERROR: runs/single_key_wipe_p80_h0/final/sdf/nom_fast_1p32V_m40C/tt_um_rumcajs__nom_fast_1p32V_m40C.sdf:3473: Could not find intermodpath!
SDF ERROR: runs/single_key_wipe_p80_h0/final/sdf/nom_fast_1p32V_m40C/tt_um_rumcajs__nom_fast_1p32V_m40C.sdf:3474: Could not find intermodpath!
SDF ERROR: runs/single_key_wipe_p80_h0/final/sdf/nom_fast_1p32V_m40C/tt_um_rumcajs__nom_fast_1p32V_m40C.sdf:3475: Could not find intermodpath!
SDF ERROR: runs/single_key_wipe_p80_h0/final/sdf/nom_fast_1p32V_m40C/tt_um_rumcajs__nom_fast_1p32V_m40C.sdf:3476: Could not find intermodpath!
SDF ERROR: runs/single_key_wipe_p80_h0/final/sdf/nom_fast_1p32V_m40C/tt_um_rumcajs__nom_fast_1p32V_m40C.sdf:3477: Could not find intermodpath!
SDF ERROR: runs/single_key_wipe_p80_h0/final/sdf/nom_fast_1p32V_m40C/tt_um_rumcajs__nom_fast_1p32V_m40C.sdf:3478: Could not find intermodpath!
SDF ERROR: runs/single_key_wipe_p80_h0/final/sdf/nom_fast_1p32V_m40C/tt_um_rumcajs__nom_fast_1p32V_m40C.sdf:3479: Could not find intermodpath!
SDF ERROR: runs/single_key_wipe_p80_h0/final/sdf/nom_fast_1p32V_m40C/tt_um_rumcajs__nom_fast_1p32V_m40C.sdf:3480: Could not find intermodpath!
SDF ERROR: runs/single_key_wipe_p80_h0/final/sdf/nom_fast_1p32V_m40C/tt_um_rumcajs__nom_fast_1p32V_m40C.sdf:3481: Could not find intermodpath!
SDF ERROR: runs/single_key_wipe_p80_h0/final/sdf/nom_fast_1p32V_m40C/tt_um_rumcajs__nom_fast_1p32V_m40C.sdf:3482: Could not find intermodpath!
SDF ERROR: runs/single_key_wipe_p80_h0/final/sdf/nom_fast_1p32V_m40C/tt_um_rumcajs__nom_fast_1p32V_m40C.sdf:3483: Could not find intermodpath!
SDF ERROR: runs/single_key_wipe_p80_h0/final/sdf/nom_fast_1p32V_m40C/tt_um_rumcajs__nom_fast_1p32V_m40C.sdf:3484: Could not find intermodpath!
SDF ERROR: runs/single_key_wipe_p80_h0/final/sdf/nom_fast_1p32V_m40C/tt_um_rumcajs__nom_fast_1p32V_m40C.sdf:3485: Could not find intermodpath!
SDF ERROR: runs/single_key_wipe_p80_h0/final/sdf/nom_fast_1p32V_m40C/tt_um_rumcajs__nom_fast_1p32V_m40C.sdf:3486: Could not find intermodpath!
SDF ERROR: runs/single_key_wipe_p80_h0/final/sdf/nom_fast_1p32V_m40C/tt_um_rumcajs__nom_fast_1p32V_m40C.sdf:3487: Could not find intermodpath!
SDF ERROR: runs/single_key_wipe_p80_h0/final/sdf/nom_fast_1p32V_m40C/tt_um_rumcajs__nom_fast_1p32V_m40C.sdf:3488: Could not find intermodpath!
SDF ERROR: runs/single_key_wipe_p80_h0/final/sdf/nomError: Could not find net. Did you run iverilog with '-ginterconnect'?
Error: Could not find net. Did you run iverilog with '-ginterconnect'?
Error: Could not find net. Did you run iverilog with '-ginterconnect'?
Error: Could not find net. Did you run iverilog with '-ginterconnect'?
Error: Could not find net. Did you run iverilog with '-ginterconnect'?
Error: Could not find net. Did you run iverilog with '-ginterconnect'?
Error: Could not find net. Did you run iverilog with '-ginterconnect'?
Error: Could not find net. Did you run iverilog with '-ginterconnect'?
Error: Could not find net. Did you run iverilog with '-ginterconnect'?
Error: Could not find net. Did you run iverilog with '-ginterconnect'?
Error: Could not find net. Did you run iverilog with '-ginterconnect'?
Error: Could not find net. Did you run iverilog with '-ginterconnect'?
Error: Could not find net. Did you run iverilog with '-ginterconnect'?
Error: Could not find net. Did you run iverilog with '-ginterconnect'?
Error: Could not find net. Did you run iverilog with '-ginterconnect'?
Error: Could not find net. Did you run iverilog with '-ginterconnect'?
Error: Could not find net. Did you run iverilog with '-ginterconnect'?
Error: Could not find net. Did you run iverilog with '-ginterconnect'?
Error: Could not find net. Did you run iverilog with '-ginterconnect'?
Error: Could not find net. Did you run iverilog with '-ginterconnect'?
Error: Could not find net. Did you run iverilog with '-ginterconnect'?
Error: Could not find net. Did you run iverilog with '-ginterconnect'?
Error: Could not find net. Did you run iverilog with '-ginterconnect'?
Error: Could not find net. Did you run iverilog with '-ginterconnect'?
Error: Could not find net. Did you run iverilog with '-ginterconnect'?
Error: Could not find net. Did you run iverilog with '-ginterconnect'?
Error: Could not find net. Did you run iverilog with '-ginterconnect'?
Error: Could not find net. Did you run iverilog with '-ginterconnect'?
Error: Could not find net. Did you run iverilog with '-ginterconnect'?
_fast_1p32V_m40C/tt_um_rumcajs__nom_fast_1p32V_m40C.sdf:3489: Could not find intermodpath!
SDF ERROR: runs/single_key_wipe_p80_h0/final/sdf/nom_fast_1p32V_m40C/tt_um_rumcajs__nom_fast_1p32V_m40C.sdf:3490: Could not find intermodpath!
SDF ERROR: runs/single_key_wipe_p80_h0/final/sdf/nom_fast_1p32V_m40C/tt_um_rumcajs__nom_fast_1p32V_m40C.sdf:3491: Could not find intermodpath!
SDF ERROR: runs/single_key_wipe_p80_h0/final/sdf/nom_fast_1p32V_m40C/tt_um_rumcajs__nom_fast_1p32V_m40C.sdf:3492: Could not find intermodpath!
SDF ERROR: runs/single_key_wipe_p80_h0/final/sdf/nom_fast_1p32V_m40C/tt_um_rumcajs__nom_fast_1p32V_m40C.sdf:3493: Could not find intermodpath!
SDF ERROR: runs/single_key_wipe_p80_h0/final/sdf/nom_fast_1p32V_m40C/tt_um_rumcajs__nom_fast_1p32V_m40C.sdf:3494: Could not find intermodpath!
SDF ERROR: runs/single_key_wipe_p80_h0/final/sdf/nom_fast_1p32V_m40C/tt_um_rumcajs__nom_fast_1p32V_m40C.sdf:3495: Could not find intermodpath!
SDF ERROR: runs/single_key_wipe_p80_h0/final/sdf/nom_fast_1p32V_m40C/tt_um_rumcajs__nom_fast_1p32V_m40C.sdf:3496: Could not find intermodpath!
SDF ERROR: runs/single_key_wipe_p80_h0/final/sdf/nom_fast_1p32V_m40C/tt_um_rumcajs__nom_fast_1p32V_m40C.sdf:3497: Could not find intermodpath!
SDF ERROR: runs/single_key_wipe_p80_h0/final/sdf/nom_fast_1p32V_m40C/tt_um_rumcajs__nom_fast_1p32V_m40C.sdf:3498: Could not find intermodpath!
SDF ERROR: runs/single_key_wipe_p80_h0/final/sdf/nom_fast_1p32V_m40C/tt_um_rumcajs__nom_fast_1p32V_m40C.sdf:3499: Could not find intermodpath!
SDF ERROR: runs/single_key_wipe_p80_h0/final/sdf/nom_fast_1p32V_m40C/tt_um_rumcajs__nom_fast_1p32V_m40C.sdf:3500: Could not find intermodpath!
SDF ERROR: runs/single_key_wipe_p80_h0/final/sdf/nom_fast_1p32V_m40C/tt_um_rumcajs__nom_fast_1p32V_m40C.sdf:3501: Could not find intermodpath!
SDF ERROR: runs/single_key_wipe_p80_h0/final/sdf/nom_fast_1p32V_m40C/tt_um_rumcajs__nom_fast_1p32V_m40C.sdf:3502: Could not find intermodpath!
SDF ERROR: runs/single_key_wipe_p80_h0/final/sdf/nom_fast_1p32V_m40C/tt_um_rumcajs__nom_fast_1p32V_m40C.sdf:3503: Could not find intermodpath!
SDF ERROR: runs/single_key_wipe_p80_h0/final/sdf/nom_fast_1p32V_m40C/tt_um_rumcajs__nom_fast_1p32V_m40C.sdf:3504: Could not find intermodpath!
SDF ERROR: runs/single_key_wipe_p80_h0/final/sdf/nom_fast_1p32V_m40C/tt_um_rumcajs__nom_fast_1p32V_m40C.sdf:3505: Could not find intermodpath!
SDF ERROR: runs/single_key_wipe_p80_h0/final/sdf/nom_fast_1p32V_m40C/tt_um_rumcajs__nom_fast_1p32V_m40C.sdf:3506: Could not find intermodpath!
SDF ERROR: runs/single_key_wipe_p80_h0/final/sdf/nom_fast_1p32V_m40C/tt_um_rumcajs__nom_fast_1p32V_m40C.sdf:3507: Could not find intermodpath!
SDF ERROR: runs/single_key_wipe_p80_h0/final/sdf/nom_fast_1p32V_m40C/tt_um_rumcajs__nom_fast_1p32V_m40C.sdf:3508: Could not find intermodpath!
SDF ERROR: runs/single_key_wipe_p80_h0/final/sdf/nom_fast_1p32V_m40C/tt_um_rumcajs__nom_fast_1p32V_m40C.sdf:3509: Could not find intermodpath!
SDF ERROR: runs/single_key_wipe_p80_h0/final/sdf/nom_fast_1p32V_m40C/tt_um_rumcajs__nom_fast_1p32V_m40C.sdf:3510: Could not find intermodpath!
SDF ERROR: runs/single_key_wipe_p80_h0/final/sdf/nom_fast_1p32V_m40C/tt_um_rumcajs__nom_fast_1p32V_m40C.sdf:3511: Could not find intermodpath!
SDF ERROR: runs/single_key_wipe_p80_h0/final/sdf/nom_fast_1p32V_m40C/tt_um_rumcajs__nom_fast_1p32V_m40C.sdf:3512: Could not find intermodpath!
SDF ERROR: runs/single_key_wipe_p80_h0/final/sdf/nom_fast_1p32V_m40C/tt_um_rumcajs__nom_fast_1p32V_m40C.sdf:3513: Could not find intermodpath!
SDF ERROR: runs/single_key_wipe_p80_h0/final/sdf/nom_fast_1p32V_m40C/tt_um_rumcajs__nom_fast_1p32V_m40C.sdf:3514: Could not find intermodpath!
SDF ERROR: runs/single_key_wipe_p80_h0/final/sdf/nom_fast_1p32V_m40C/tt_um_rumcajs__nom_fast_1p32V_m40C.sdf:3515: Could not find intermodpath!
SDF ERROR: runs/single_key_wipe_p80_h0/final/sdf/nom_fast_1p32V_m40C/tt_um_rumcajs__nom_fast_1p32V_m40C.sdf:3516: Could not find intermodpath!
SDF ERROR: runs/single_key_wipe_p80_h0/final/sdf/nom_fast_1p32V_m40C/tt_um_rumcajs__nom_fast_1p32V_m40C.sdf:3517: Could not find intermodpath!
SError: Could not find net. Did you run iverilog with '-ginterconnect'?
Error: Could not find net. Did you run iverilog with '-ginterconnect'?
Error: Could not find net. Did you run iverilog with '-ginterconnect'?
Error: Could not find net. Did you run iverilog with '-ginterconnect'?
Error: Could not find net. Did you run iverilog with '-ginterconnect'?
Error: Could not find net. Did you run iverilog with '-ginterconnect'?
Error: Could not find net. Did you run iverilog with '-ginterconnect'?
Error: Could not find net. Did you run iverilog with '-ginterconnect'?
Error: Could not find net. Did you run iverilog with '-ginterconnect'?
Error: Could not find net. Did you run iverilog with '-ginterconnect'?
Error: Could not find net. Did you run iverilog with '-ginterconnect'?
Error: Could not find net. Did you run iverilog with '-ginterconnect'?
Error: Could not find net. Did you run iverilog with '-ginterconnect'?
Error: Could not find net. Did you run iverilog with '-ginterconnect'?
Error: Could not find net. Did you run iverilog with '-ginterconnect'?
Error: Could not find net. Did you run iverilog with '-ginterconnect'?
Error: Could not find net. Did you run iverilog with '-ginterconnect'?
Error: Could not find net. Did you run iverilog with '-ginterconnect'?
Error: Could not find net. Did you run iverilog with '-ginterconnect'?
Error: Could not find net. Did you run iverilog with '-ginterconnect'?
Error: Could not find net. Did you run iverilog with '-ginterconnect'?
Error: Could not find net. Did you run iverilog with '-ginterconnect'?
Error: Could not find net. Did you run iverilog with '-ginterconnect'?
Error: Could not find net. Did you run iverilog with '-ginterconnect'?
Error: Could not find net. Did you run iverilog with '-ginterconnect'?
Error: Could not find net. Did you run iverilog with '-ginterconnect'?
Error: Could not find net. Did you run iverilog with '-ginterconnect'?
Error: Could not find net. Did you run iverilog with '-ginterconnect'?
DF ERROR: runs/single_key_wipe_p80_h0/final/sdf/nom_fast_1p32V_m40C/tt_um_rumcajs__nom_fast_1p32V_m40C.sdf:3518: Could not find intermodpath!
SDF ERROR: runs/single_key_wipe_p80_h0/final/sdf/nom_fast_1p32V_m40C/tt_um_rumcajs__nom_fast_1p32V_m40C.sdf:3519: Could not find intermodpath!
SDF ERROR: runs/single_key_wipe_p80_h0/final/sdf/nom_fast_1p32V_m40C/tt_um_rumcajs__nom_fast_1p32V_m40C.sdf:3520: Could not find intermodpath!
SDF ERROR: runs/single_key_wipe_p80_h0/final/sdf/nom_fast_1p32V_m40C/tt_um_rumcajs__nom_fast_1p32V_m40C.sdf:3521: Could not find intermodpath!
SDF ERROR: runs/single_key_wipe_p80_h0/final/sdf/nom_fast_1p32V_m40C/tt_um_rumcajs__nom_fast_1p32V_m40C.sdf:3522: Could not find intermodpath!
SDF ERROR: runs/single_key_wipe_p80_h0/final/sdf/nom_fast_1p32V_m40C/tt_um_rumcajs__nom_fast_1p32V_m40C.sdf:3523: Could not find intermodpath!
SDF ERROR: runs/single_key_wipe_p80_h0/final/sdf/nom_fast_1p32V_m40C/tt_um_rumcajs__nom_fast_1p32V_m40C.sdf:3524: Could not find intermodpath!
SDF ERROR: runs/single_key_wipe_p80_h0/final/sdf/nom_fast_1p32V_m40C/tt_um_rumcajs__nom_fast_1p32V_m40C.sdf:3525: Could not find intermodpath!
SDF ERROR: runs/single_key_wipe_p80_h0/final/sdf/nom_fast_1p32V_m40C/tt_um_rumcajs__nom_fast_1p32V_m40C.sdf:3526: Could not find intermodpath!
SDF ERROR: runs/single_key_wipe_p80_h0/final/sdf/nom_fast_1p32V_m40C/tt_um_rumcajs__nom_fast_1p32V_m40C.sdf:3527: Could not find intermodpath!
SDF ERROR: runs/single_key_wipe_p80_h0/final/sdf/nom_fast_1p32V_m40C/tt_um_rumcajs__nom_fast_1p32V_m40C.sdf:3528: Could not find intermodpath!
SDF ERROR: runs/single_key_wipe_p80_h0/final/sdf/nom_fast_1p32V_m40C/tt_um_rumcajs__nom_fast_1p32V_m40C.sdf:3529: Could not find intermodpath!
SDF ERROR: runs/single_key_wipe_p80_h0/final/sdf/nom_fast_1p32V_m40C/tt_um_rumcajs__nom_fast_1p32V_m40C.sdf:3530: Could not find intermodpath!
SDF ERROR: runs/single_key_wipe_p80_h0/final/sdf/nom_fast_1p32V_m40C/tt_um_rumcajs__nom_fast_1p32V_m40C.sdf:3531: Could not find intermodpath!
SDF ERROR: runs/single_key_wipe_p80_h0/final/sdf/nom_fast_1p32V_m40C/tt_um_rumcajs__nom_fast_1p32V_m40C.sdf:3532: Could not find intermodpath!
SDF ERROR: runs/single_key_wipe_p80_h0/final/sdf/nom_fast_1p32V_m40C/tt_um_rumcajs__nom_fast_1p32V_m40C.sdf:3533: Could not find intermodpath!
SDF ERROR: runs/single_key_wipe_p80_h0/final/sdf/nom_fast_1p32V_m40C/tt_um_rumcajs__nom_fast_1p32V_m40C.sdf:3534: Could not find intermodpath!
SDF ERROR: runs/single_key_wipe_p80_h0/final/sdf/nom_fast_1p32V_m40C/tt_um_rumcajs__nom_fast_1p32V_m40C.sdf:3535: Could not find intermodpath!
SDF ERROR: runs/single_key_wipe_p80_h0/final/sdf/nom_fast_1p32V_m40C/tt_um_rumcajs__nom_fast_1p32V_m40C.sdf:3536: Could not find intermodpath!
SDF ERROR: runs/single_key_wipe_p80_h0/final/sdf/nom_fast_1p32V_m40C/tt_um_rumcajs__nom_fast_1p32V_m40C.sdf:3537: Could not find intermodpath!
SDF ERROR: runs/single_key_wipe_p80_h0/final/sdf/nom_fast_1p32V_m40C/tt_um_rumcajs__nom_fast_1p32V_m40C.sdf:3538: Could not find intermodpath!
SDF ERROR: runs/single_key_wipe_p80_h0/final/sdf/nom_fast_1p32V_m40C/tt_um_rumcajs__nom_fast_1p32V_m40C.sdf:3539: Could not find intermodpath!
SDF ERROR: runs/single_key_wipe_p80_h0/final/sdf/nom_fast_1p32V_m40C/tt_um_rumcajs__nom_fast_1p32V_m40C.sdf:3540: Could not find intermodpath!
SDF ERROR: runs/single_key_wipe_p80_h0/final/sdf/nom_fast_1p32V_m40C/tt_um_rumcajs__nom_fast_1p32V_m40C.sdf:3541: Could not find intermodpath!
SDF ERROR: runs/single_key_wipe_p80_h0/final/sdf/nom_fast_1p32V_m40C/tt_um_rumcajs__nom_fast_1p32V_m40C.sdf:3542: Could not find intermodpath!
SDF ERROR: runs/single_key_wipe_p80_h0/final/sdf/nom_fast_1p32V_m40C/tt_um_rumcajs__nom_fast_1p32V_m40C.sdf:3543: Could not find intermodpath!
SDF ERROR: runs/single_key_wipe_p80_h0/final/sdf/nom_fast_1p32V_m40C/tt_um_rumcajs__nom_fast_1p32V_m40C.sdf:3544: Could not find intermodpath!
SDF ERROR: runs/single_key_wipe_p80_h0/final/sdf/nom_fast_1p32V_m40C/tt_um_rumcajs__nom_fast_1p32V_m40C.sdf:3545: Could not find intermodpath!
SDF ERROR: runs/single_key_wipe_p80_h0/final/sdf/nom_fast_1p32V_m40C/tt_um_rumcajs__nom_fast_Error: Could not find net. Did you run iverilog with '-ginterconnect'?
Error: Could not find net. Did you run iverilog with '-ginterconnect'?
Error: Could not find net. Did you run iverilog with '-ginterconnect'?
Error: Could not find net. Did you run iverilog with '-ginterconnect'?
Error: Could not find net. Did you run iverilog with '-ginterconnect'?
Error: Could not find net. Did you run iverilog with '-ginterconnect'?
Error: Could not find net. Did you run iverilog with '-ginterconnect'?
Error: Could not find net. Did you run iverilog with '-ginterconnect'?
Error: Could not find net. Did you run iverilog with '-ginterconnect'?
Error: Could not find net. Did you run iverilog with '-ginterconnect'?
Error: Could not find net. Did you run iverilog with '-ginterconnect'?
Error: Could not find net. Did you run iverilog with '-ginterconnect'?
Error: Could not find net. Did you run iverilog with '-ginterconnect'?
Error: Could not find net. Did you run iverilog with '-ginterconnect'?
Error: Could not find net. Did you run iverilog with '-ginterconnect'?
Error: Could not find net. Did you run iverilog with '-ginterconnect'?
Error: Could not find net. Did you run iverilog with '-ginterconnect'?
Error: Could not find net. Did you run iverilog with '-ginterconnect'?
Error: Could not find net. Did you run iverilog with '-ginterconnect'?
Error: Could not find net. Did you run iverilog with '-ginterconnect'?
Error: Could not find net. Did you run iverilog with '-ginterconnect'?
Error: Could not find net. Did you run iverilog with '-ginterconnect'?
Error: Could not find net. Did you run iverilog with '-ginterconnect'?
Error: Could not find net. Did you run iverilog with '-ginterconnect'?
Error: Could not find net. Did you run iverilog with '-ginterconnect'?
Error: Could not find net. Did you run iverilog with '-ginterconnect'?
Error: Could not find net. Did you run iverilog with '-ginterconnect'?
Error: Could not find net. Did you run iverilog with '-ginterconnect'?
Error: Could not find net. Did you run iverilog with '-ginterconnect'?
1p32V_m40C.sdf:3546: Could not find intermodpath!
SDF ERROR: runs/single_key_wipe_p80_h0/final/sdf/nom_fast_1p32V_m40C/tt_um_rumcajs__nom_fast_1p32V_m40C.sdf:3547: Could not find intermodpath!
SDF ERROR: runs/single_key_wipe_p80_h0/final/sdf/nom_fast_1p32V_m40C/tt_um_rumcajs__nom_fast_1p32V_m40C.sdf:3548: Could not find intermodpath!
SDF ERROR: runs/single_key_wipe_p80_h0/final/sdf/nom_fast_1p32V_m40C/tt_um_rumcajs__nom_fast_1p32V_m40C.sdf:3549: Could not find intermodpath!
SDF ERROR: runs/single_key_wipe_p80_h0/final/sdf/nom_fast_1p32V_m40C/tt_um_rumcajs__nom_fast_1p32V_m40C.sdf:3550: Could not find intermodpath!
SDF ERROR: runs/single_key_wipe_p80_h0/final/sdf/nom_fast_1p32V_m40C/tt_um_rumcajs__nom_fast_1p32V_m40C.sdf:3551: Could not find intermodpath!
SDF ERROR: runs/single_key_wipe_p80_h0/final/sdf/nom_fast_1p32V_m40C/tt_um_rumcajs__nom_fast_1p32V_m40C.sdf:3552: Could not find intermodpath!
SDF ERROR: runs/single_key_wipe_p80_h0/final/sdf/nom_fast_1p32V_m40C/tt_um_rumcajs__nom_fast_1p32V_m40C.sdf:3553: Could not find intermodpath!
SDF ERROR: runs/single_key_wipe_p80_h0/final/sdf/nom_fast_1p32V_m40C/tt_um_rumcajs__nom_fast_1p32V_m40C.sdf:3554: Could not find intermodpath!
SDF ERROR: runs/single_key_wipe_p80_h0/final/sdf/nom_fast_1p32V_m40C/tt_um_rumcajs__nom_fast_1p32V_m40C.sdf:3555: Could not find intermodpath!
SDF ERROR: runs/single_key_wipe_p80_h0/final/sdf/nom_fast_1p32V_m40C/tt_um_rumcajs__nom_fast_1p32V_m40C.sdf:3556: Could not find intermodpath!
SDF ERROR: runs/single_key_wipe_p80_h0/final/sdf/nom_fast_1p32V_m40C/tt_um_rumcajs__nom_fast_1p32V_m40C.sdf:3557: Could not find intermodpath!
SDF ERROR: runs/single_key_wipe_p80_h0/final/sdf/nom_fast_1p32V_m40C/tt_um_rumcajs__nom_fast_1p32V_m40C.sdf:3558: Could not find intermodpath!
SDF ERROR: runs/single_key_wipe_p80_h0/final/sdf/nom_fast_1p32V_m40C/tt_um_rumcajs__nom_fast_1p32V_m40C.sdf:3559: Could not find intermodpath!
SDF ERROR: runs/single_key_wipe_p80_h0/final/sdf/nom_fast_1p32V_m40C/tt_um_rumcajs__nom_fast_1p32V_m40C.sdf:3560: Could not find intermodpath!
SDF ERROR: runs/single_key_wipe_p80_h0/final/sdf/nom_fast_1p32V_m40C/tt_um_rumcajs__nom_fast_1p32V_m40C.sdf:3561: Could not find intermodpath!
SDF ERROR: runs/single_key_wipe_p80_h0/final/sdf/nom_fast_1p32V_m40C/tt_um_rumcajs__nom_fast_1p32V_m40C.sdf:3562: Could not find intermodpath!
SDF ERROR: runs/single_key_wipe_p80_h0/final/sdf/nom_fast_1p32V_m40C/tt_um_rumcajs__nom_fast_1p32V_m40C.sdf:3563: Could not find intermodpath!
SDF ERROR: runs/single_key_wipe_p80_h0/final/sdf/nom_fast_1p32V_m40C/tt_um_rumcajs__nom_fast_1p32V_m40C.sdf:3564: Could not find intermodpath!
SDF ERROR: runs/single_key_wipe_p80_h0/final/sdf/nom_fast_1p32V_m40C/tt_um_rumcajs__nom_fast_1p32V_m40C.sdf:3565: Could not find intermodpath!
SDF ERROR: runs/single_key_wipe_p80_h0/final/sdf/nom_fast_1p32V_m40C/tt_um_rumcajs__nom_fast_1p32V_m40C.sdf:3566: Could not find intermodpath!
SDF ERROR: runs/single_key_wipe_p80_h0/final/sdf/nom_fast_1p32V_m40C/tt_um_rumcajs__nom_fast_1p32V_m40C.sdf:3567: Could not find intermodpath!
SDF ERROR: runs/single_key_wipe_p80_h0/final/sdf/nom_fast_1p32V_m40C/tt_um_rumcajs__nom_fast_1p32V_m40C.sdf:3568: Could not find intermodpath!
SDF ERROR: runs/single_key_wipe_p80_h0/final/sdf/nom_fast_1p32V_m40C/tt_um_rumcajs__nom_fast_1p32V_m40C.sdf:3569: Could not find intermodpath!
SDF ERROR: runs/single_key_wipe_p80_h0/final/sdf/nom_fast_1p32V_m40C/tt_um_rumcajs__nom_fast_1p32V_m40C.sdf:3570: Could not find intermodpath!
SDF ERROR: runs/single_key_wipe_p80_h0/final/sdf/nom_fast_1p32V_m40C/tt_um_rumcajs__nom_fast_1p32V_m40C.sdf:3571: Could not find intermodpath!
SDF ERROR: runs/single_key_wipe_p80_h0/final/sdf/nom_fast_1p32V_m40C/tt_um_rumcajs__nom_fast_1p32V_m40C.sdf:3572: Could not find intermodpath!
SDF ERROR: runs/single_key_wipe_p80_h0/final/sdf/nom_fast_1p32V_m40C/tt_um_rumcajs__nom_fast_1p32V_m40C.sdf:3573: Could not find intermodpath!
SDF ERROR: runs/single_key_wipe_p80_h0/final/sdf/nom_fast_1p32V_m40C/tt_um_rumcajs__nom_fast_1p32V_m40C.sdf:3574: Could not find intermodpath!
SDF ERROR: runs/single_key_wipe_p80_h0/finError: Could not find net. Did you run iverilog with '-ginterconnect'?
Error: Could not find net. Did you run iverilog with '-ginterconnect'?
Error: Could not find net. Did you run iverilog with '-ginterconnect'?
Error: Could not find net. Did you run iverilog with '-ginterconnect'?
Error: Could not find net. Did you run iverilog with '-ginterconnect'?
Error: Could not find net. Did you run iverilog with '-ginterconnect'?
Error: Could not find net. Did you run iverilog with '-ginterconnect'?
Error: Could not find net. Did you run iverilog with '-ginterconnect'?
Error: Could not find net. Did you run iverilog with '-ginterconnect'?
Error: Could not find net. Did you run iverilog with '-ginterconnect'?
Error: Could not find net. Did you run iverilog with '-ginterconnect'?
Error: Could not find net. Did you run iverilog with '-ginterconnect'?
Error: Could not find net. Did you run iverilog with '-ginterconnect'?
Error: Could not find net. Did you run iverilog with '-ginterconnect'?
Error: Could not find net. Did you run iverilog with '-ginterconnect'?
Error: Could not find net. Did you run iverilog with '-ginterconnect'?
Error: Could not find net. Did you run iverilog with '-ginterconnect'?
Error: Could not find net. Did you run iverilog with '-ginterconnect'?
Error: Could not find net. Did you run iverilog with '-ginterconnect'?
Error: Could not find net. Did you run iverilog with '-ginterconnect'?
Error: Could not find net. Did you run iverilog with '-ginterconnect'?
Error: Could not find net. Did you run iverilog with '-ginterconnect'?
Error: Could not find net. Did you run iverilog with '-ginterconnect'?
Error: Could not find net. Did you run iverilog with '-ginterconnect'?
Error: Could not find net. Did you run iverilog with '-ginterconnect'?
Error: Could not find net. Did you run iverilog with '-ginterconnect'?
Error: Could not find net. Did you run iverilog with '-ginterconnect'?
Error: Could not find net. Did you run iverilog with '-ginterconnect'?
al/sdf/nom_fast_1p32V_m40C/tt_um_rumcajs__nom_fast_1p32V_m40C.sdf:3575: Could not find intermodpath!
SDF ERROR: runs/single_key_wipe_p80_h0/final/sdf/nom_fast_1p32V_m40C/tt_um_rumcajs__nom_fast_1p32V_m40C.sdf:3576: Could not find intermodpath!
SDF ERROR: runs/single_key_wipe_p80_h0/final/sdf/nom_fast_1p32V_m40C/tt_um_rumcajs__nom_fast_1p32V_m40C.sdf:3577: Could not find intermodpath!
SDF ERROR: runs/single_key_wipe_p80_h0/final/sdf/nom_fast_1p32V_m40C/tt_um_rumcajs__nom_fast_1p32V_m40C.sdf:3578: Could not find intermodpath!
SDF ERROR: runs/single_key_wipe_p80_h0/final/sdf/nom_fast_1p32V_m40C/tt_um_rumcajs__nom_fast_1p32V_m40C.sdf:3579: Could not find intermodpath!
SDF ERROR: runs/single_key_wipe_p80_h0/final/sdf/nom_fast_1p32V_m40C/tt_um_rumcajs__nom_fast_1p32V_m40C.sdf:3580: Could not find intermodpath!
SDF ERROR: runs/single_key_wipe_p80_h0/final/sdf/nom_fast_1p32V_m40C/tt_um_rumcajs__nom_fast_1p32V_m40C.sdf:3581: Could not find intermodpath!
SDF ERROR: runs/single_key_wipe_p80_h0/final/sdf/nom_fast_1p32V_m40C/tt_um_rumcajs__nom_fast_1p32V_m40C.sdf:3582: Could not find intermodpath!
SDF ERROR: runs/single_key_wipe_p80_h0/final/sdf/nom_fast_1p32V_m40C/tt_um_rumcajs__nom_fast_1p32V_m40C.sdf:3583: Could not find intermodpath!
SDF ERROR: runs/single_key_wipe_p80_h0/final/sdf/nom_fast_1p32V_m40C/tt_um_rumcajs__nom_fast_1p32V_m40C.sdf:3584: Could not find intermodpath!
SDF ERROR: runs/single_key_wipe_p80_h0/final/sdf/nom_fast_1p32V_m40C/tt_um_rumcajs__nom_fast_1p32V_m40C.sdf:3585: Could not find intermodpath!
SDF ERROR: runs/single_key_wipe_p80_h0/final/sdf/nom_fast_1p32V_m40C/tt_um_rumcajs__nom_fast_1p32V_m40C.sdf:3586: Could not find intermodpath!
SDF ERROR: runs/single_key_wipe_p80_h0/final/sdf/nom_fast_1p32V_m40C/tt_um_rumcajs__nom_fast_1p32V_m40C.sdf:3587: Could not find intermodpath!
SDF ERROR: runs/single_key_wipe_p80_h0/final/sdf/nom_fast_1p32V_m40C/tt_um_rumcajs__nom_fast_1p32V_m40C.sdf:3588: Could not find intermodpath!
SDF ERROR: runs/single_key_wipe_p80_h0/final/sdf/nom_fast_1p32V_m40C/tt_um_rumcajs__nom_fast_1p32V_m40C.sdf:3589: Could not find intermodpath!
SDF ERROR: runs/single_key_wipe_p80_h0/final/sdf/nom_fast_1p32V_m40C/tt_um_rumcajs__nom_fast_1p32V_m40C.sdf:3590: Could not find intermodpath!
SDF ERROR: runs/single_key_wipe_p80_h0/final/sdf/nom_fast_1p32V_m40C/tt_um_rumcajs__nom_fast_1p32V_m40C.sdf:3591: Could not find intermodpath!
SDF ERROR: runs/single_key_wipe_p80_h0/final/sdf/nom_fast_1p32V_m40C/tt_um_rumcajs__nom_fast_1p32V_m40C.sdf:3592: Could not find intermodpath!
SDF ERROR: runs/single_key_wipe_p80_h0/final/sdf/nom_fast_1p32V_m40C/tt_um_rumcajs__nom_fast_1p32V_m40C.sdf:3593: Could not find intermodpath!
SDF ERROR: runs/single_key_wipe_p80_h0/final/sdf/nom_fast_1p32V_m40C/tt_um_rumcajs__nom_fast_1p32V_m40C.sdf:3594: Could not find intermodpath!
SDF ERROR: runs/single_key_wipe_p80_h0/final/sdf/nom_fast_1p32V_m40C/tt_um_rumcajs__nom_fast_1p32V_m40C.sdf:3595: Could not find intermodpath!
SDF ERROR: runs/single_key_wipe_p80_h0/final/sdf/nom_fast_1p32V_m40C/tt_um_rumcajs__nom_fast_1p32V_m40C.sdf:3596: Could not find intermodpath!
SDF ERROR: runs/single_key_wipe_p80_h0/final/sdf/nom_fast_1p32V_m40C/tt_um_rumcajs__nom_fast_1p32V_m40C.sdf:3597: Could not find intermodpath!
SDF ERROR: runs/single_key_wipe_p80_h0/final/sdf/nom_fast_1p32V_m40C/tt_um_rumcajs__nom_fast_1p32V_m40C.sdf:3598: Could not find intermodpath!
SDF ERROR: runs/single_key_wipe_p80_h0/final/sdf/nom_fast_1p32V_m40C/tt_um_rumcajs__nom_fast_1p32V_m40C.sdf:3599: Could not find intermodpath!
SDF ERROR: runs/single_key_wipe_p80_h0/final/sdf/nom_fast_1p32V_m40C/tt_um_rumcajs__nom_fast_1p32V_m40C.sdf:3600: Could not find intermodpath!
SDF ERROR: runs/single_key_wipe_p80_h0/final/sdf/nom_fast_1p32V_m40C/tt_um_rumcajs__nom_fast_1p32V_m40C.sdf:3601: Could not find intermodpath!
SDF ERROR: runs/single_key_wipe_p80_h0/final/sdf/nom_fast_1p32V_m40C/tt_um_rumcajs__nom_fast_1p32V_m40C.sdf:3602: Could not find intermodpath!
SDF ERROR: runs/single_key_wipe_p80_h0/final/sdf/nom_fast_1p32V_m40C/tt_um_rumcajs__nom_fast_1p32V_m40C.sdf:3603: Could not find interError: Could not find net. Did you run iverilog with '-ginterconnect'?
Error: Could not find net. Did you run iverilog with '-ginterconnect'?
Error: Could not find net. Did you run iverilog with '-ginterconnect'?
Error: Could not find net. Did you run iverilog with '-ginterconnect'?
Error: Could not find net. Did you run iverilog with '-ginterconnect'?
Error: Could not find net. Did you run iverilog with '-ginterconnect'?
Error: Could not find net. Did you run iverilog with '-ginterconnect'?
Error: Could not find net. Did you run iverilog with '-ginterconnect'?
Error: Could not find net. Did you run iverilog with '-ginterconnect'?
Error: Could not find net. Did you run iverilog with '-ginterconnect'?
Error: Could not find net. Did you run iverilog with '-ginterconnect'?
Error: Could not find net. Did you run iverilog with '-ginterconnect'?
Error: Could not find net. Did you run iverilog with '-ginterconnect'?
Error: Could not find net. Did you run iverilog with '-ginterconnect'?
Error: Could not find net. Did you run iverilog with '-ginterconnect'?
Error: Could not find net. Did you run iverilog with '-ginterconnect'?
Error: Could not find net. Did you run iverilog with '-ginterconnect'?
Error: Could not find net. Did you run iverilog with '-ginterconnect'?
Error: Could not find net. Did you run iverilog with '-ginterconnect'?
Error: Could not find net. Did you run iverilog with '-ginterconnect'?
Error: Could not find net. Did you run iverilog with '-ginterconnect'?
Error: Could not find net. Did you run iverilog with '-ginterconnect'?
Error: Could not find net. Did you run iverilog with '-ginterconnect'?
Error: Could not find net. Did you run iverilog with '-ginterconnect'?
Error: Could not find net. Did you run iverilog with '-ginterconnect'?
Error: Could not find net. Did you run iverilog with '-ginterconnect'?
Error: Could not find net. Did you run iverilog with '-ginterconnect'?
Error: Could not find net. Did you run iverilog with '-ginterconnect'?
Error: Could not find net. Did you run iverilog with '-ginterconnect'?
modpath!
SDF ERROR: runs/single_key_wipe_p80_h0/final/sdf/nom_fast_1p32V_m40C/tt_um_rumcajs__nom_fast_1p32V_m40C.sdf:3604: Could not find intermodpath!
SDF ERROR: runs/single_key_wipe_p80_h0/final/sdf/nom_fast_1p32V_m40C/tt_um_rumcajs__nom_fast_1p32V_m40C.sdf:3605: Could not find intermodpath!
SDF ERROR: runs/single_key_wipe_p80_h0/final/sdf/nom_fast_1p32V_m40C/tt_um_rumcajs__nom_fast_1p32V_m40C.sdf:3606: Could not find intermodpath!
SDF ERROR: runs/single_key_wipe_p80_h0/final/sdf/nom_fast_1p32V_m40C/tt_um_rumcajs__nom_fast_1p32V_m40C.sdf:3607: Could not find intermodpath!
SDF ERROR: runs/single_key_wipe_p80_h0/final/sdf/nom_fast_1p32V_m40C/tt_um_rumcajs__nom_fast_1p32V_m40C.sdf:3608: Could not find intermodpath!
SDF ERROR: runs/single_key_wipe_p80_h0/final/sdf/nom_fast_1p32V_m40C/tt_um_rumcajs__nom_fast_1p32V_m40C.sdf:3609: Could not find intermodpath!
SDF ERROR: runs/single_key_wipe_p80_h0/final/sdf/nom_fast_1p32V_m40C/tt_um_rumcajs__nom_fast_1p32V_m40C.sdf:3610: Could not find intermodpath!
SDF ERROR: runs/single_key_wipe_p80_h0/final/sdf/nom_fast_1p32V_m40C/tt_um_rumcajs__nom_fast_1p32V_m40C.sdf:3611: Could not find intermodpath!
SDF ERROR: runs/single_key_wipe_p80_h0/final/sdf/nom_fast_1p32V_m40C/tt_um_rumcajs__nom_fast_1p32V_m40C.sdf:3612: Could not find intermodpath!
SDF ERROR: runs/single_key_wipe_p80_h0/final/sdf/nom_fast_1p32V_m40C/tt_um_rumcajs__nom_fast_1p32V_m40C.sdf:3613: Could not find intermodpath!
SDF ERROR: runs/single_key_wipe_p80_h0/final/sdf/nom_fast_1p32V_m40C/tt_um_rumcajs__nom_fast_1p32V_m40C.sdf:3614: Could not find intermodpath!
SDF ERROR: runs/single_key_wipe_p80_h0/final/sdf/nom_fast_1p32V_m40C/tt_um_rumcajs__nom_fast_1p32V_m40C.sdf:3615: Could not find intermodpath!
SDF ERROR: runs/single_key_wipe_p80_h0/final/sdf/nom_fast_1p32V_m40C/tt_um_rumcajs__nom_fast_1p32V_m40C.sdf:3616: Could not find intermodpath!
SDF ERROR: runs/single_key_wipe_p80_h0/final/sdf/nom_fast_1p32V_m40C/tt_um_rumcajs__nom_fast_1p32V_m40C.sdf:3617: Could not find intermodpath!
SDF ERROR: runs/single_key_wipe_p80_h0/final/sdf/nom_fast_1p32V_m40C/tt_um_rumcajs__nom_fast_1p32V_m40C.sdf:3618: Could not find intermodpath!
SDF ERROR: runs/single_key_wipe_p80_h0/final/sdf/nom_fast_1p32V_m40C/tt_um_rumcajs__nom_fast_1p32V_m40C.sdf:3619: Could not find intermodpath!
SDF ERROR: runs/single_key_wipe_p80_h0/final/sdf/nom_fast_1p32V_m40C/tt_um_rumcajs__nom_fast_1p32V_m40C.sdf:3620: Could not find intermodpath!
SDF ERROR: runs/single_key_wipe_p80_h0/final/sdf/nom_fast_1p32V_m40C/tt_um_rumcajs__nom_fast_1p32V_m40C.sdf:3621: Could not find intermodpath!
SDF ERROR: runs/single_key_wipe_p80_h0/final/sdf/nom_fast_1p32V_m40C/tt_um_rumcajs__nom_fast_1p32V_m40C.sdf:3622: Could not find intermodpath!
SDF ERROR: runs/single_key_wipe_p80_h0/final/sdf/nom_fast_1p32V_m40C/tt_um_rumcajs__nom_fast_1p32V_m40C.sdf:3623: Could not find intermodpath!
SDF ERROR: runs/single_key_wipe_p80_h0/final/sdf/nom_fast_1p32V_m40C/tt_um_rumcajs__nom_fast_1p32V_m40C.sdf:3624: Could not find intermodpath!
SDF ERROR: runs/single_key_wipe_p80_h0/final/sdf/nom_fast_1p32V_m40C/tt_um_rumcajs__nom_fast_1p32V_m40C.sdf:3625: Could not find intermodpath!
SDF ERROR: runs/single_key_wipe_p80_h0/final/sdf/nom_fast_1p32V_m40C/tt_um_rumcajs__nom_fast_1p32V_m40C.sdf:3626: Could not find intermodpath!
SDF ERROR: runs/single_key_wipe_p80_h0/final/sdf/nom_fast_1p32V_m40C/tt_um_rumcajs__nom_fast_1p32V_m40C.sdf:3627: Could not find intermodpath!
SDF ERROR: runs/single_key_wipe_p80_h0/final/sdf/nom_fast_1p32V_m40C/tt_um_rumcajs__nom_fast_1p32V_m40C.sdf:3628: Could not find intermodpath!
SDF ERROR: runs/single_key_wipe_p80_h0/final/sdf/nom_fast_1p32V_m40C/tt_um_rumcajs__nom_fast_1p32V_m40C.sdf:3629: Could not find intermodpath!
SDF ERROR: runs/single_key_wipe_p80_h0/final/sdf/nom_fast_1p32V_m40C/tt_um_rumcajs__nom_fast_1p32V_m40C.sdf:3630: Could not find intermodpath!
SDF ERROR: runs/single_key_wipe_p80_h0/final/sdf/nom_fast_1p32V_m40C/tt_um_rumcajs__nom_fast_1p32V_m40C.sdf:3631: Could not find intermodpath!
SDF ERROR: runs/single_key_wipe_p80_h0/final/sdf/nom_fast_1p32V_m40C/tt_um_rumcajs_Error: Could not find net. Did you run iverilog with '-ginterconnect'?
Error: Could not find net. Did you run iverilog with '-ginterconnect'?
Error: Could not find net. Did you run iverilog with '-ginterconnect'?
Error: Could not find net. Did you run iverilog with '-ginterconnect'?
Error: Could not find net. Did you run iverilog with '-ginterconnect'?
Error: Could not find net. Did you run iverilog with '-ginterconnect'?
Error: Could not find net. Did you run iverilog with '-ginterconnect'?
Error: Could not find net. Did you run iverilog with '-ginterconnect'?
Error: Could not find net. Did you run iverilog with '-ginterconnect'?
Error: Could not find net. Did you run iverilog with '-ginterconnect'?
Error: Could not find net. Did you run iverilog with '-ginterconnect'?
Error: Could not find net. Did you run iverilog with '-ginterconnect'?
Error: Could not find net. Did you run iverilog with '-ginterconnect'?
Error: Could not find net. Did you run iverilog with '-ginterconnect'?
Error: Could not find net. Did you run iverilog with '-ginterconnect'?
Error: Could not find net. Did you run iverilog with '-ginterconnect'?
Error: Could not find net. Did you run iverilog with '-ginterconnect'?
Error: Could not find net. Did you run iverilog with '-ginterconnect'?
Error: Could not find net. Did you run iverilog with '-ginterconnect'?
Error: Could not find net. Did you run iverilog with '-ginterconnect'?
Error: Could not find net. Did you run iverilog with '-ginterconnect'?
Error: Could not find net. Did you run iverilog with '-ginterconnect'?
Error: Could not find net. Did you run iverilog with '-ginterconnect'?
Error: Could not find net. Did you run iverilog with '-ginterconnect'?
Error: Could not find net. Did you run iverilog with '-ginterconnect'?
Error: Could not find net. Did you run iverilog with '-ginterconnect'?
Error: Could not find net. Did you run iverilog with '-ginterconnect'?
Error: Could not find net. Did you run iverilog with '-ginterconnect'?
Error: Could not find net. Did you run iverilog with '-ginterconnect'?
_nom_fast_1p32V_m40C.sdf:3632: Could not find intermodpath!
SDF ERROR: runs/single_key_wipe_p80_h0/final/sdf/nom_fast_1p32V_m40C/tt_um_rumcajs__nom_fast_1p32V_m40C.sdf:3633: Could not find intermodpath!
SDF ERROR: runs/single_key_wipe_p80_h0/final/sdf/nom_fast_1p32V_m40C/tt_um_rumcajs__nom_fast_1p32V_m40C.sdf:3634: Could not find intermodpath!
SDF ERROR: runs/single_key_wipe_p80_h0/final/sdf/nom_fast_1p32V_m40C/tt_um_rumcajs__nom_fast_1p32V_m40C.sdf:3635: Could not find intermodpath!
SDF ERROR: runs/single_key_wipe_p80_h0/final/sdf/nom_fast_1p32V_m40C/tt_um_rumcajs__nom_fast_1p32V_m40C.sdf:3636: Could not find intermodpath!
SDF ERROR: runs/single_key_wipe_p80_h0/final/sdf/nom_fast_1p32V_m40C/tt_um_rumcajs__nom_fast_1p32V_m40C.sdf:3637: Could not find intermodpath!
SDF ERROR: runs/single_key_wipe_p80_h0/final/sdf/nom_fast_1p32V_m40C/tt_um_rumcajs__nom_fast_1p32V_m40C.sdf:3638: Could not find intermodpath!
SDF ERROR: runs/single_key_wipe_p80_h0/final/sdf/nom_fast_1p32V_m40C/tt_um_rumcajs__nom_fast_1p32V_m40C.sdf:3639: Could not find intermodpath!
SDF ERROR: runs/single_key_wipe_p80_h0/final/sdf/nom_fast_1p32V_m40C/tt_um_rumcajs__nom_fast_1p32V_m40C.sdf:3640: Could not find intermodpath!
SDF ERROR: runs/single_key_wipe_p80_h0/final/sdf/nom_fast_1p32V_m40C/tt_um_rumcajs__nom_fast_1p32V_m40C.sdf:3641: Could not find intermodpath!
SDF ERROR: runs/single_key_wipe_p80_h0/final/sdf/nom_fast_1p32V_m40C/tt_um_rumcajs__nom_fast_1p32V_m40C.sdf:3642: Could not find intermodpath!
SDF ERROR: runs/single_key_wipe_p80_h0/final/sdf/nom_fast_1p32V_m40C/tt_um_rumcajs__nom_fast_1p32V_m40C.sdf:3643: Could not find intermodpath!
SDF ERROR: runs/single_key_wipe_p80_h0/final/sdf/nom_fast_1p32V_m40C/tt_um_rumcajs__nom_fast_1p32V_m40C.sdf:3644: Could not find intermodpath!
SDF ERROR: runs/single_key_wipe_p80_h0/final/sdf/nom_fast_1p32V_m40C/tt_um_rumcajs__nom_fast_1p32V_m40C.sdf:3645: Could not find intermodpath!
SDF ERROR: runs/single_key_wipe_p80_h0/final/sdf/nom_fast_1p32V_m40C/tt_um_rumcajs__nom_fast_1p32V_m40C.sdf:3646: Could not find intermodpath!
SDF ERROR: runs/single_key_wipe_p80_h0/final/sdf/nom_fast_1p32V_m40C/tt_um_rumcajs__nom_fast_1p32V_m40C.sdf:3647: Could not find intermodpath!
SDF ERROR: runs/single_key_wipe_p80_h0/final/sdf/nom_fast_1p32V_m40C/tt_um_rumcajs__nom_fast_1p32V_m40C.sdf:3648: Could not find intermodpath!
SDF ERROR: runs/single_key_wipe_p80_h0/final/sdf/nom_fast_1p32V_m40C/tt_um_rumcajs__nom_fast_1p32V_m40C.sdf:3649: Could not find intermodpath!
SDF ERROR: runs/single_key_wipe_p80_h0/final/sdf/nom_fast_1p32V_m40C/tt_um_rumcajs__nom_fast_1p32V_m40C.sdf:3650: Could not find intermodpath!
SDF ERROR: runs/single_key_wipe_p80_h0/final/sdf/nom_fast_1p32V_m40C/tt_um_rumcajs__nom_fast_1p32V_m40C.sdf:3651: Could not find intermodpath!
SDF ERROR: runs/single_key_wipe_p80_h0/final/sdf/nom_fast_1p32V_m40C/tt_um_rumcajs__nom_fast_1p32V_m40C.sdf:3652: Could not find intermodpath!
SDF ERROR: runs/single_key_wipe_p80_h0/final/sdf/nom_fast_1p32V_m40C/tt_um_rumcajs__nom_fast_1p32V_m40C.sdf:3653: Could not find intermodpath!
SDF ERROR: runs/single_key_wipe_p80_h0/final/sdf/nom_fast_1p32V_m40C/tt_um_rumcajs__nom_fast_1p32V_m40C.sdf:3654: Could not find intermodpath!
SDF ERROR: runs/single_key_wipe_p80_h0/final/sdf/nom_fast_1p32V_m40C/tt_um_rumcajs__nom_fast_1p32V_m40C.sdf:3655: Could not find intermodpath!
SDF ERROR: runs/single_key_wipe_p80_h0/final/sdf/nom_fast_1p32V_m40C/tt_um_rumcajs__nom_fast_1p32V_m40C.sdf:3656: Could not find intermodpath!
SDF ERROR: runs/single_key_wipe_p80_h0/final/sdf/nom_fast_1p32V_m40C/tt_um_rumcajs__nom_fast_1p32V_m40C.sdf:3657: Could not find intermodpath!
SDF ERROR: runs/single_key_wipe_p80_h0/final/sdf/nom_fast_1p32V_m40C/tt_um_rumcajs__nom_fast_1p32V_m40C.sdf:3658: Could not find intermodpath!
SDF ERROR: runs/single_key_wipe_p80_h0/final/sdf/nom_fast_1p32V_m40C/tt_um_rumcajs__nom_fast_1p32V_m40C.sdf:3659: Could not find intermodpath!
SDF ERROR: runs/single_key_wipe_p80_h0/final/sdf/nom_fast_1p32V_m40C/tt_um_rumcajs__nom_fast_1p32V_m40C.sdf:3660: Could not find intermodpath!
SDF ERROR: runs/single_key_wipe_Error: Could not find net. Did you run iverilog with '-ginterconnect'?
Error: Could not find net. Did you run iverilog with '-ginterconnect'?
Error: Could not find net. Did you run iverilog with '-ginterconnect'?
Error: Could not find net. Did you run iverilog with '-ginterconnect'?
Error: Could not find net. Did you run iverilog with '-ginterconnect'?
Error: Could not find net. Did you run iverilog with '-ginterconnect'?
Error: Could not find net. Did you run iverilog with '-ginterconnect'?
Error: Could not find net. Did you run iverilog with '-ginterconnect'?
Error: Could not find net. Did you run iverilog with '-ginterconnect'?
Error: Could not find net. Did you run iverilog with '-ginterconnect'?
Error: Could not find net. Did you run iverilog with '-ginterconnect'?
Error: Could not find net. Did you run iverilog with '-ginterconnect'?
p80_h0/final/sdf/nom_fast_1p32V_m40C/tt_um_rumcajs__nom_fast_1p32V_m40C.sdf:3661: Could not find intermodpath!
SDF ERROR: runs/single_key_wipe_p80_h0/final/sdf/nom_fast_1p32V_m40C/tt_um_rumcajs__nom_fast_1p32V_m40C.sdf:3662: Could not find intermodpath!
SDF ERROR: runs/single_key_wipe_p80_h0/final/sdf/nom_fast_1p32V_m40C/tt_um_rumcajs__nom_fast_1p32V_m40C.sdf:3663: Could not find intermodpath!
SDF ERROR: runs/single_key_wipe_p80_h0/final/sdf/nom_fast_1p32V_m40C/tt_um_rumcajs__nom_fast_1p32V_m40C.sdf:3664: Could not find intermodpath!
SDF ERROR: runs/single_key_wipe_p80_h0/final/sdf/nom_fast_1p32V_m40C/tt_um_rumcajs__nom_fast_1p32V_m40C.sdf:3665: Could not find intermodpath!
SDF ERROR: runs/single_key_wipe_p80_h0/final/sdf/nom_fast_1p32V_m40C/tt_um_rumcajs__nom_fast_1p32V_m40C.sdf:3666: Could not find intermodpath!
SDF ERROR: runs/single_key_wipe_p80_h0/final/sdf/nom_fast_1p32V_m40C/tt_um_rumcajs__nom_fast_1p32V_m40C.sdf:3667: Could not find intermodpath!
SDF ERROR: runs/single_key_wipe_p80_h0/final/sdf/nom_fast_1p32V_m40C/tt_um_rumcajs__nom_fast_1p32V_m40C.sdf:3668: Could not find intermodpath!
SDF ERROR: runs/single_key_wipe_p80_h0/final/sdf/nom_fast_1p32V_m40C/tt_um_rumcajs__nom_fast_1p32V_m40C.sdf:3669: Could not find intermodpath!
SDF ERROR: runs/single_key_wipe_p80_h0/final/sdf/nom_fast_1p32V_m40C/tt_um_rumcajs__nom_fast_1p32V_m40C.sdf:3670: Could not find intermodpath!
SDF ERROR: runs/single_key_wipe_p80_h0/final/sdf/nom_fast_1p32V_m40C/tt_um_rumcajs__nom_fast_1p32V_m40C.sdf:3671: Could not find intermodpath!
SDF ERROR: runs/single_key_wipe_p80_h0/final/sdf/nom_fast_1p32V_m40C/tt_um_rumcajs__nom_fast_1p32V_m40C.sdf:3672: Could not find intermodpath!
SDF ERROR: runs/single_key_wipe_p80_h0/final/sdf/nom_fast_1p32V_m40C/tt_um_rumcajs__nom_fast_1p32V_m40C.sdf:3673: Could not find intermodpath!
SDF ERROR: runs/single_key_wipe_p80_h0/final/sdf/nom_fast_1p32V_m40C/tt_um_rumcajs__nom_fast_1p32V_m40C.sdf: Too many errors: syntax error
SDF ERROR: runs/single_key_wipe_p80_h0/final/sdf/nom_fast_1p32V_m40C/tt_um_rumcajs__nom_fast_1p32V_m40C.sdf:5940: Invalid/malformed COND
SDF ERROR: runs/single_key_wipe_p80_h0/final/sdf/nom_fast_1p32V_m40C/tt_um_rumcajs__nom_fast_1p32V_m40C.sdf:5932: Invalid/malformed delay type
SDF ERROR: runs/single_key_wipe_p80_h0/final/sdf/nom_fast_1p32V_m40C/tt_um_rumcajs__nom_fast_1p32V_m40C.sdf: Too many errors: syntax error
SDF ERROR: runs/single_key_wipe_p80_h0/final/sdf/nom_fast_1p32V_m40C/tt_um_rumcajs__nom_fast_1p32V_m40C.sdf:1: Invalid DELAYFILE format
SDF annotated: runs/single_key_wipe_p80_h0/final/sdf/nom_fast_1p32V_m40C/tt_um_rumcajs__nom_fast_1p32V_m40C.sdf
