
 /----------------------------------------------------------------------------\
 |  yosys -- Yosys Open SYnthesis Suite                                       |
 |  Copyright (C) 2012 - 2025  Claire Xenia Wolf <claire@yosyshq.com>         |
 |  Distributed under an ISC-like license, type "license" to see terms        |
 \----------------------------------------------------------------------------/
 Yosys 0.52 (git sha1 fee39a3284c90249e1d9684cf6944ffbbcbb8f90)

-- Running command `read_verilog src/*.v; synth -top tt_um_rumcajs; stat; check' --

1. Executing Verilog-2005 frontend: src/auth_ctrl.v
Parsing Verilog input from `src/auth_ctrl.v' to AST representation.
Generating RTLIL representation for module `\auth_ctrl'.
Successfully finished Verilog frontend.

2. Executing Verilog-2005 frontend: src/buzzer.v
Parsing Verilog input from `src/buzzer.v' to AST representation.
Generating RTLIL representation for module `\buzzer'.
Successfully finished Verilog frontend.

3. Executing Verilog-2005 frontend: src/kb.v
Parsing Verilog input from `src/kb.v' to AST representation.
Generating RTLIL representation for module `\kb'.
Successfully finished Verilog frontend.

4. Executing Verilog-2005 frontend: src/project.v
Parsing Verilog input from `src/project.v' to AST representation.
Generating RTLIL representation for module `\tt_um_rumcajs'.
Successfully finished Verilog frontend.

5. Executing Verilog-2005 frontend: src/regs.v
Parsing Verilog input from `src/regs.v' to AST representation.
Generating RTLIL representation for module `\regs'.
Successfully finished Verilog frontend.

6. Executing Verilog-2005 frontend: src/reset_release.v
Parsing Verilog input from `src/reset_release.v' to AST representation.
Generating RTLIL representation for module `\reset_release'.
Successfully finished Verilog frontend.

7. Executing Verilog-2005 frontend: src/rumcajs.v
Parsing Verilog input from `src/rumcajs.v' to AST representation.
Generating RTLIL representation for module `\rumcajs'.
Successfully finished Verilog frontend.

8. Executing Verilog-2005 frontend: src/serial_link.v
Parsing Verilog input from `src/serial_link.v' to AST representation.
Generating RTLIL representation for module `\serial_link'.
Successfully finished Verilog frontend.

9. Executing Verilog-2005 frontend: src/sync2.v
Parsing Verilog input from `src/sync2.v' to AST representation.
Generating RTLIL representation for module `\sync2'.
Successfully finished Verilog frontend.

10. Executing Verilog-2005 frontend: src/szymon.v
Parsing Verilog input from `src/szymon.v' to AST representation.
Generating RTLIL representation for module `\szymon'.
Successfully finished Verilog frontend.

11. Executing Verilog-2005 frontend: src/szymon_fixed.v
Parsing Verilog input from `src/szymon_fixed.v' to AST representation.
Generating RTLIL representation for module `\szymon_fixed'.
Successfully finished Verilog frontend.

12. Executing Verilog-2005 frontend: src/timebase.v
Parsing Verilog input from `src/timebase.v' to AST representation.
Generating RTLIL representation for module `\timebase'.
Successfully finished Verilog frontend.

13. Executing SYNTH pass.

13.1. Executing HIERARCHY pass (managing design hierarchy).

13.1.1. Analyzing design hierarchy..
Top module:  \tt_um_rumcajs
Used module:     \rumcajs
Used module:         \szymon_fixed
Used module:         \buzzer
Used module:         \auth_ctrl
Used module:         \serial_link
Used module:             \sync2
Used module:         \regs
Used module:         \kb
Used module:         \timebase
Used module:         \reset_release
Parameter \WIDTH = 4

13.1.2. Executing AST frontend in derive mode using pre-parsed AST for module `\sync2'.
Parameter \WIDTH = 4
Generating RTLIL representation for module `$paramod\sync2\WIDTH=s32'00000000000000000000000000000100'.
Parameter \KEY = 128'10111010001010100001100100011000000100110001001000010001000100000000101100001010000010010000100000000011000000100000000100000000

13.1.3. Executing AST frontend in derive mode using pre-parsed AST for module `\szymon_fixed'.
Parameter \KEY = 128'10111010001010100001100100011000000100110001001000010001000100000000101100001010000010010000100000000011000000100000000100000000
Generating RTLIL representation for module `$paramod$0207631bd49897fc40da4a49890f896231b73492\szymon_fixed'.
Parameter \BEEP_TICKS_MS = 50
Parameter \TONE_HALF_TICKS = 1

13.1.4. Executing AST frontend in derive mode using pre-parsed AST for module `\buzzer'.
Parameter \BEEP_TICKS_MS = 50
Parameter \TONE_HALF_TICKS = 1
Generating RTLIL representation for module `$paramod$b049745b6f1e89ce45cffbd1455f86ba117e4804\buzzer'.
Parameter \AUTH_TIMEOUT_MS = 5000

13.1.5. Executing AST frontend in derive mode using pre-parsed AST for module `\auth_ctrl'.
Parameter \AUTH_TIMEOUT_MS = 5000
Generating RTLIL representation for module `$paramod\auth_ctrl\AUTH_TIMEOUT_MS=s32'00000000000000000001001110001000'.
Parameter \PIN_LEN = 4
Parameter \PIN_VALUE = 4660
Parameter \MAX_FAILS = 3

13.1.6. Executing AST frontend in derive mode using pre-parsed AST for module `\regs'.
Parameter \PIN_LEN = 4
Parameter \PIN_VALUE = 4660
Parameter \MAX_FAILS = 3
Generating RTLIL representation for module `$paramod$b92c0599001ba7fee29ca99bde4121d40086de58\regs'.
Parameter \PRESS_FRAMES = 20
Parameter \RELEASE_FRAMES = 20

13.1.7. Executing AST frontend in derive mode using pre-parsed AST for module `\kb'.
Parameter \PRESS_FRAMES = 20
Parameter \RELEASE_FRAMES = 20
Generating RTLIL representation for module `$paramod$143b15b9608e06eea62a21ca91d45c97880ffd0d\kb'.
Parameter \CLK_HZ = 1000000
Parameter \SCAN_HZ = 4000

13.1.8. Executing AST frontend in derive mode using pre-parsed AST for module `\timebase'.
Parameter \CLK_HZ = 1000000
Parameter \SCAN_HZ = 4000
Generating RTLIL representation for module `$paramod$189e5c5ece264226de8c0df8c90596b8bf71b942\timebase'.
Parameter \WIDTH = 3

13.1.9. Executing AST frontend in derive mode using pre-parsed AST for module `\sync2'.
Parameter \WIDTH = 3
Generating RTLIL representation for module `$paramod\sync2\WIDTH=s32'00000000000000000000000000000011'.

13.1.10. Analyzing design hierarchy..
Top module:  \tt_um_rumcajs
Used module:     \rumcajs
Used module:         $paramod$0207631bd49897fc40da4a49890f896231b73492\szymon_fixed
Used module:         $paramod$b049745b6f1e89ce45cffbd1455f86ba117e4804\buzzer
Used module:         $paramod\auth_ctrl\AUTH_TIMEOUT_MS=s32'00000000000000000001001110001000
Used module:         \serial_link
Used module:             $paramod\sync2\WIDTH=s32'00000000000000000000000000000011
Used module:         $paramod$b92c0599001ba7fee29ca99bde4121d40086de58\regs
Used module:         $paramod$143b15b9608e06eea62a21ca91d45c97880ffd0d\kb
Used module:             \sync2
Used module:         $paramod$189e5c5ece264226de8c0df8c90596b8bf71b942\timebase
Used module:         \reset_release
Parameter \WIDTH = 4
Found cached RTLIL representation for module `$paramod\sync2\WIDTH=s32'00000000000000000000000000000100'.

13.1.11. Analyzing design hierarchy..
Top module:  \tt_um_rumcajs
Used module:     \rumcajs
Used module:         $paramod$0207631bd49897fc40da4a49890f896231b73492\szymon_fixed
Used module:         $paramod$b049745b6f1e89ce45cffbd1455f86ba117e4804\buzzer
Used module:         $paramod\auth_ctrl\AUTH_TIMEOUT_MS=s32'00000000000000000001001110001000
Used module:         \serial_link
Used module:             $paramod\sync2\WIDTH=s32'00000000000000000000000000000011
Used module:         $paramod$b92c0599001ba7fee29ca99bde4121d40086de58\regs
Used module:         $paramod$143b15b9608e06eea62a21ca91d45c97880ffd0d\kb
Used module:             $paramod\sync2\WIDTH=s32'00000000000000000000000000000100
Used module:         $paramod$189e5c5ece264226de8c0df8c90596b8bf71b942\timebase
Used module:         \reset_release

13.1.12. Analyzing design hierarchy..
Top module:  \tt_um_rumcajs
Used module:     \rumcajs
Used module:         $paramod$0207631bd49897fc40da4a49890f896231b73492\szymon_fixed
Used module:         $paramod$b049745b6f1e89ce45cffbd1455f86ba117e4804\buzzer
Used module:         $paramod\auth_ctrl\AUTH_TIMEOUT_MS=s32'00000000000000000001001110001000
Used module:         \serial_link
Used module:             $paramod\sync2\WIDTH=s32'00000000000000000000000000000011
Used module:         $paramod$b92c0599001ba7fee29ca99bde4121d40086de58\regs
Used module:         $paramod$143b15b9608e06eea62a21ca91d45c97880ffd0d\kb
Used module:             $paramod\sync2\WIDTH=s32'00000000000000000000000000000100
Used module:         $paramod$189e5c5ece264226de8c0df8c90596b8bf71b942\timebase
Used module:         \reset_release
Removing unused module `\timebase'.
Removing unused module `\szymon_fixed'.
Removing unused module `\szymon'.
Removing unused module `\sync2'.
Removing unused module `\regs'.
Removing unused module `\kb'.
Removing unused module `\buzzer'.
Removing unused module `\auth_ctrl'.
Removed 8 unused modules.

13.2. Executing PROC pass (convert processes to netlists).

13.2.1. Executing PROC_CLEAN pass (remove empty switches from decision trees).
Found and cleaned up 2 empty switches in `$paramod$143b15b9608e06eea62a21ca91d45c97880ffd0d\kb.$proc$src/kb.v:96$556'.
Cleaned up 2 empty switches.

13.2.2. Executing PROC_RMDEAD pass (remove dead branches from decision trees).
Marked 1 switch rules as full_case in process $proc$src/sync2.v:20$619 in module $paramod\sync2\WIDTH=s32'00000000000000000000000000000011.
Marked 3 switch rules as full_case in process $proc$src/timebase.v:48$613 in module $paramod$189e5c5ece264226de8c0df8c90596b8bf71b942\timebase.
Marked 4 switch rules as full_case in process $proc$src/kb.v:0$603 in module $paramod$143b15b9608e06eea62a21ca91d45c97880ffd0d\kb.
Marked 17 switch rules as full_case in process $proc$src/kb.v:96$556 in module $paramod$143b15b9608e06eea62a21ca91d45c97880ffd0d\kb.
Marked 4 switch rules as full_case in process $proc$src/regs.v:116$537 in module $paramod$b92c0599001ba7fee29ca99bde4121d40086de58\regs.
Marked 1 switch rules as full_case in process $proc$src/regs.v:106$531 in module $paramod$b92c0599001ba7fee29ca99bde4121d40086de58\regs.
Marked 1 switch rules as full_case in process $proc$src/regs.v:78$516 in module $paramod$b92c0599001ba7fee29ca99bde4121d40086de58\regs.
Marked 13 switch rules as full_case in process $proc$src/serial_link.v:80$205 in module serial_link.
Marked 1 switch rules as full_case in process $proc$src/reset_release.v:12$164 in module reset_release.
Marked 5 switch rules as full_case in process $proc$src/auth_ctrl.v:89$495 in module $paramod\auth_ctrl\AUTH_TIMEOUT_MS=s32'00000000000000000001001110001000.
Marked 4 switch rules as full_case in process $proc$src/buzzer.v:48$453 in module $paramod$b049745b6f1e89ce45cffbd1455f86ba117e4804\buzzer.
Marked 1 switch rules as full_case in process $proc$src/szymon_fixed.v:229$448 in module $paramod$0207631bd49897fc40da4a49890f896231b73492\szymon_fixed.
Marked 8 switch rules as full_case in process $proc$src/szymon_fixed.v:136$419 in module $paramod$0207631bd49897fc40da4a49890f896231b73492\szymon_fixed.
Marked 1 switch rules as full_case in process $proc$src/szymon_fixed.v:108$388 in module $paramod$0207631bd49897fc40da4a49890f896231b73492\szymon_fixed.
Marked 1 switch rules as full_case in process $proc$src/szymon_fixed.v:90$377 in module $paramod$0207631bd49897fc40da4a49890f896231b73492\szymon_fixed.
Marked 1 switch rules as full_case in process $proc$src/sync2.v:20$365 in module $paramod\sync2\WIDTH=s32'00000000000000000000000000000100.
Removed a total of 0 dead cases.

13.2.3. Executing PROC_PRUNE pass (remove redundant assignments in processes).
Removed 16 redundant assignments.
Promoted 11 assignments to connections.

13.2.4. Executing PROC_INIT pass (extract init attributes).

13.2.5. Executing PROC_ARST pass (detect async resets in processes).
Found async reset \rst_n in `$paramod\sync2\WIDTH=s32'00000000000000000000000000000011.$proc$src/sync2.v:20$619'.
Found async reset \rst_n in `$paramod$189e5c5ece264226de8c0df8c90596b8bf71b942\timebase.$proc$src/timebase.v:48$613'.
Found async reset \rst_n in `$paramod$143b15b9608e06eea62a21ca91d45c97880ffd0d\kb.$proc$src/kb.v:96$556'.
Found async reset \session_rst_n in `$paramod$b92c0599001ba7fee29ca99bde4121d40086de58\regs.$proc$src/regs.v:116$537'.
Found async reset \cold_rst_n in `$paramod$b92c0599001ba7fee29ca99bde4121d40086de58\regs.$proc$src/regs.v:106$531'.
Found async reset \rst_n in `\serial_link.$proc$src/serial_link.v:80$205'.
Found async reset \async_n in `\reset_release.$proc$src/reset_release.v:12$164'.
Found async reset \rst_n in `$paramod\auth_ctrl\AUTH_TIMEOUT_MS=s32'00000000000000000001001110001000.$proc$src/auth_ctrl.v:89$495'.
Found async reset \rst_n in `$paramod$b049745b6f1e89ce45cffbd1455f86ba117e4804\buzzer.$proc$src/buzzer.v:48$453'.
Found async reset \rst_n in `$paramod$0207631bd49897fc40da4a49890f896231b73492\szymon_fixed.$proc$src/szymon_fixed.v:136$419'.
Found async reset \rst_n in `$paramod\sync2\WIDTH=s32'00000000000000000000000000000100.$proc$src/sync2.v:20$365'.

13.2.6. Executing PROC_ROM pass (convert switches to ROMs).
Converted 1 switch.
<suppressed ~97 debug messages>

13.2.7. Executing PROC_MUX pass (convert decision trees to multiplexers).
Creating decoders for process `$paramod\sync2\WIDTH=s32'00000000000000000000000000000011.$proc$src/sync2.v:20$619'.
     1/2: $0\sync_out[2:0]
     2/2: $0\stage1[2:0]
Creating decoders for process `$paramod$189e5c5ece264226de8c0df8c90596b8bf71b942\timebase.$proc$src/timebase.v:48$613'.
     1/4: $0\scan_count[7:0]
     2/4: $0\ms_tick[0:0]
     3/4: $0\scan_tick[0:0]
     4/4: $0\ms_count[1:0]
Creating decoders for process `$paramod$143b15b9608e06eea62a21ca91d45c97880ffd0d\kb.$proc$src/kb.v:0$603'.
     1/4: $4\first_column$func$src/kb.v:78$547.$result[1:0]$610
     2/4: $3\first_column$func$src/kb.v:78$547.$result[1:0]$609
     3/4: $2\first_column$func$src/kb.v:78$547.$result[1:0]$608
     4/4: $1\first_column$func$src/kb.v:78$547.$result[1:0]$607
Creating decoders for process `$paramod$143b15b9608e06eea62a21ca91d45c97880ffd0d\kb.$proc$src/kb.v:0$593'.
Creating decoders for process `$paramod$143b15b9608e06eea62a21ca91d45c97880ffd0d\kb.$proc$src/kb.v:96$556'.
     1/12: $0\debounce_count[4:0]
     2/12: $0\releasing[0:0]
     3/12: $0\gesture_poisoned[0:0]
     4/12: $0\gesture_qualified[0:0]
     5/12: $0\gesture_active[0:0]
     6/12: $0\armed[0:0]
     7/12: $0\frame_first_id[3:0]
     8/12: $0\frame_hits[1:0]
     9/12: $0\blank_cycle[0:0]
    10/12: $0\row_index[1:0]
    11/12: $0\key_id[3:0]
    12/12: $0\key_valid[0:0]
Creating decoders for process `$paramod$b92c0599001ba7fee29ca99bde4121d40086de58\regs.$proc$src/regs.v:116$537'.
     1/4: $0\session_busy[0:0]
     2/4: $0\digit_count[1:0]
     3/4: $0\pin_shift[31:0]
     4/4: $0\txn_valid[0:0]
Creating decoders for process `$paramod$b92c0599001ba7fee29ca99bde4121d40086de58\regs.$proc$src/regs.v:106$531'.
     1/1: $0\fail_count[1:0]
Creating decoders for process `$paramod$b92c0599001ba7fee29ca99bde4121d40086de58\regs.$proc$src/regs.v:78$516'.
     1/1: { $1\digit[3:0] $1\star_key[0:0] $1\digit_valid[0:0] }
Creating decoders for process `\serial_link.$proc$src/serial_link.v:80$205'.
     1/16: $0\frame_start[0:0]
     2/16: $0\protocol_error[0:0]
     3/16: $0\tx_done[0:0]
     4/16: $0\rx_done[0:0]
     5/16: $0\sclk_d[0:0]
     6/16: $0\cs_n_d[0:0]
     7/16: $0\tx_last_sampled[0:0]
     8/16: $0\tx_sampled_wait_fall[0:0]
     9/16: $0\tx_hold_last[0:0]
    10/16: $0\tx_hold_bit[0:0]
    11/16: $0\tx_hold_valid[0:0]
    12/16: $0\rx_bit_hold[0:0]
    13/16: $0\rx_pending[0:0]
    14/16: $0\bit_count[6:0]
    15/16: $0\seen_cs_high[0:0]
    16/16: $0\state[2:0]
Creating decoders for process `\reset_release.$proc$src/reset_release.v:12$164'.
     1/1: $0\release_pipe[1:0]
Creating decoders for process `$paramod\auth_ctrl\AUTH_TIMEOUT_MS=s32'00000000000000000001001110001000.$proc$src/auth_ctrl.v:89$495'.
     1/3: $0\timeout_count[12:0]
     2/3: $0\timeout_active[0:0]
     3/3: $0\state[3:0]
Creating decoders for process `$paramod$b049745b6f1e89ce45cffbd1455f86ba117e4804\buzzer.$proc$src/buzzer.v:48$453'.
     1/4: $0\tone_phase[0:0]
     2/4: $0\tone_count[0:0]
     3/4: $0\beep_count[5:0]
     4/4: $0\busy[0:0]
Creating decoders for process `$paramod$0207631bd49897fc40da4a49890f896231b73492\szymon_fixed.$proc$src/szymon_fixed.v:229$448'.
     1/2: $0\b[31:0]
     2/2: $0\a[31:0]
Creating decoders for process `$paramod$0207631bd49897fc40da4a49890f896231b73492\szymon_fixed.$proc$src/szymon_fixed.v:136$419'.
     1/3: $0\round_count[5:0]
     2/3: $0\bit_count[5:0]
     3/3: $0\state[2:0]
Creating decoders for process `$paramod$0207631bd49897fc40da4a49890f896231b73492\szymon_fixed.$proc$src/szymon_fixed.v:108$388'.
     1/3: $0\key_accumulator[0:0]
     2/3: $0\key_phase[1:0]
     3/3: $0\key_depth[2:0]
Creating decoders for process `$paramod$0207631bd49897fc40da4a49890f896231b73492\szymon_fixed.$proc$src/szymon_fixed.v:90$377'.
     1/1: $1\bit_offset[4:0]
Creating decoders for process `$paramod\sync2\WIDTH=s32'00000000000000000000000000000100.$proc$src/sync2.v:20$365'.
     1/2: $0\sync_out[3:0]
     2/2: $0\stage1[3:0]

13.2.8. Executing PROC_DLATCH pass (convert process syncs to latches).
No latch inferred for signal `$paramod$143b15b9608e06eea62a21ca91d45c97880ffd0d\kb.\first_column$func$src/kb.v:78$545.$result' from process `$paramod$143b15b9608e06eea62a21ca91d45c97880ffd0d\kb.$proc$src/kb.v:0$603'.
No latch inferred for signal `$paramod$143b15b9608e06eea62a21ca91d45c97880ffd0d\kb.\first_column$func$src/kb.v:78$547.$result' from process `$paramod$143b15b9608e06eea62a21ca91d45c97880ffd0d\kb.$proc$src/kb.v:0$603'.
No latch inferred for signal `$paramod$143b15b9608e06eea62a21ca91d45c97880ffd0d\kb.\first_column$func$src/kb.v:78$547.hits' from process `$paramod$143b15b9608e06eea62a21ca91d45c97880ffd0d\kb.$proc$src/kb.v:0$603'.
No latch inferred for signal `$paramod$143b15b9608e06eea62a21ca91d45c97880ffd0d\kb.\hit_count$func$src/kb.v:75$544.$result' from process `$paramod$143b15b9608e06eea62a21ca91d45c97880ffd0d\kb.$proc$src/kb.v:0$593'.
No latch inferred for signal `$paramod$143b15b9608e06eea62a21ca91d45c97880ffd0d\kb.\hit_count$func$src/kb.v:75$546.$result' from process `$paramod$143b15b9608e06eea62a21ca91d45c97880ffd0d\kb.$proc$src/kb.v:0$593'.
No latch inferred for signal `$paramod$143b15b9608e06eea62a21ca91d45c97880ffd0d\kb.\hit_count$func$src/kb.v:75$546.hits' from process `$paramod$143b15b9608e06eea62a21ca91d45c97880ffd0d\kb.$proc$src/kb.v:0$593'.
No latch inferred for signal `$paramod$143b15b9608e06eea62a21ca91d45c97880ffd0d\kb.\hit_count$func$src/kb.v:75$546.count' from process `$paramod$143b15b9608e06eea62a21ca91d45c97880ffd0d\kb.$proc$src/kb.v:0$593'.
No latch inferred for signal `$paramod$b92c0599001ba7fee29ca99bde4121d40086de58\regs.\digit_valid' from process `$paramod$b92c0599001ba7fee29ca99bde4121d40086de58\regs.$proc$src/regs.v:78$516'.
No latch inferred for signal `$paramod$b92c0599001ba7fee29ca99bde4121d40086de58\regs.\star_key' from process `$paramod$b92c0599001ba7fee29ca99bde4121d40086de58\regs.$proc$src/regs.v:78$516'.
No latch inferred for signal `$paramod$b92c0599001ba7fee29ca99bde4121d40086de58\regs.\digit' from process `$paramod$b92c0599001ba7fee29ca99bde4121d40086de58\regs.$proc$src/regs.v:78$516'.
No latch inferred for signal `$paramod$0207631bd49897fc40da4a49890f896231b73492\szymon_fixed.\bit_offset' from process `$paramod$0207631bd49897fc40da4a49890f896231b73492\szymon_fixed.$proc$src/szymon_fixed.v:90$377'.

13.2.9. Executing PROC_DFF pass (convert process syncs to FFs).
Creating register for signal `$paramod\sync2\WIDTH=s32'00000000000000000000000000000011.\sync_out' using process `$paramod\sync2\WIDTH=s32'00000000000000000000000000000011.$proc$src/sync2.v:20$619'.
  created $adff cell `$procdff$1642' with positive edge clock and positive level reset.
Creating register for signal `$paramod\sync2\WIDTH=s32'00000000000000000000000000000011.\stage1' using process `$paramod\sync2\WIDTH=s32'00000000000000000000000000000011.$proc$src/sync2.v:20$619'.
  created $adff cell `$procdff$1647' with positive edge clock and positive level reset.
Creating register for signal `$paramod$189e5c5ece264226de8c0df8c90596b8bf71b942\timebase.\ms_tick' using process `$paramod$189e5c5ece264226de8c0df8c90596b8bf71b942\timebase.$proc$src/timebase.v:48$613'.
  created $adff cell `$procdff$1652' with positive edge clock and positive level reset.
Creating register for signal `$paramod$189e5c5ece264226de8c0df8c90596b8bf71b942\timebase.\scan_tick' using process `$paramod$189e5c5ece264226de8c0df8c90596b8bf71b942\timebase.$proc$src/timebase.v:48$613'.
  created $adff cell `$procdff$1657' with positive edge clock and positive level reset.
Creating register for signal `$paramod$189e5c5ece264226de8c0df8c90596b8bf71b942\timebase.\scan_count' using process `$paramod$189e5c5ece264226de8c0df8c90596b8bf71b942\timebase.$proc$src/timebase.v:48$613'.
  created $adff cell `$procdff$1662' with positive edge clock and positive level reset.
Creating register for signal `$paramod$189e5c5ece264226de8c0df8c90596b8bf71b942\timebase.\ms_count' using process `$paramod$189e5c5ece264226de8c0df8c90596b8bf71b942\timebase.$proc$src/timebase.v:48$613'.
  created $adff cell `$procdff$1667' with positive edge clock and positive level reset.
Creating register for signal `$paramod$143b15b9608e06eea62a21ca91d45c97880ffd0d\kb.\key_valid' using process `$paramod$143b15b9608e06eea62a21ca91d45c97880ffd0d\kb.$proc$src/kb.v:96$556'.
  created $adff cell `$procdff$1672' with positive edge clock and positive level reset.
Creating register for signal `$paramod$143b15b9608e06eea62a21ca91d45c97880ffd0d\kb.\key_id' using process `$paramod$143b15b9608e06eea62a21ca91d45c97880ffd0d\kb.$proc$src/kb.v:96$556'.
  created $adff cell `$procdff$1677' with positive edge clock and positive level reset.
Creating register for signal `$paramod$143b15b9608e06eea62a21ca91d45c97880ffd0d\kb.\row_index' using process `$paramod$143b15b9608e06eea62a21ca91d45c97880ffd0d\kb.$proc$src/kb.v:96$556'.
  created $adff cell `$procdff$1682' with positive edge clock and positive level reset.
Creating register for signal `$paramod$143b15b9608e06eea62a21ca91d45c97880ffd0d\kb.\blank_cycle' using process `$paramod$143b15b9608e06eea62a21ca91d45c97880ffd0d\kb.$proc$src/kb.v:96$556'.
  created $adff cell `$procdff$1687' with positive edge clock and positive level reset.
Creating register for signal `$paramod$143b15b9608e06eea62a21ca91d45c97880ffd0d\kb.\frame_hits' using process `$paramod$143b15b9608e06eea62a21ca91d45c97880ffd0d\kb.$proc$src/kb.v:96$556'.
  created $adff cell `$procdff$1692' with positive edge clock and positive level reset.
Creating register for signal `$paramod$143b15b9608e06eea62a21ca91d45c97880ffd0d\kb.\frame_first_id' using process `$paramod$143b15b9608e06eea62a21ca91d45c97880ffd0d\kb.$proc$src/kb.v:96$556'.
  created $adff cell `$procdff$1697' with positive edge clock and positive level reset.
Creating register for signal `$paramod$143b15b9608e06eea62a21ca91d45c97880ffd0d\kb.\armed' using process `$paramod$143b15b9608e06eea62a21ca91d45c97880ffd0d\kb.$proc$src/kb.v:96$556'.
  created $adff cell `$procdff$1702' with positive edge clock and positive level reset.
Creating register for signal `$paramod$143b15b9608e06eea62a21ca91d45c97880ffd0d\kb.\gesture_active' using process `$paramod$143b15b9608e06eea62a21ca91d45c97880ffd0d\kb.$proc$src/kb.v:96$556'.
  created $adff cell `$procdff$1707' with positive edge clock and positive level reset.
Creating register for signal `$paramod$143b15b9608e06eea62a21ca91d45c97880ffd0d\kb.\gesture_qualified' using process `$paramod$143b15b9608e06eea62a21ca91d45c97880ffd0d\kb.$proc$src/kb.v:96$556'.
  created $adff cell `$procdff$1712' with positive edge clock and positive level reset.
Creating register for signal `$paramod$143b15b9608e06eea62a21ca91d45c97880ffd0d\kb.\gesture_poisoned' using process `$paramod$143b15b9608e06eea62a21ca91d45c97880ffd0d\kb.$proc$src/kb.v:96$556'.
  created $adff cell `$procdff$1717' with positive edge clock and positive level reset.
Creating register for signal `$paramod$143b15b9608e06eea62a21ca91d45c97880ffd0d\kb.\releasing' using process `$paramod$143b15b9608e06eea62a21ca91d45c97880ffd0d\kb.$proc$src/kb.v:96$556'.
  created $adff cell `$procdff$1722' with positive edge clock and positive level reset.
Creating register for signal `$paramod$143b15b9608e06eea62a21ca91d45c97880ffd0d\kb.\debounce_count' using process `$paramod$143b15b9608e06eea62a21ca91d45c97880ffd0d\kb.$proc$src/kb.v:96$556'.
  created $adff cell `$procdff$1727' with positive edge clock and positive level reset.
Creating register for signal `$paramod$b92c0599001ba7fee29ca99bde4121d40086de58\regs.\txn_valid' using process `$paramod$b92c0599001ba7fee29ca99bde4121d40086de58\regs.$proc$src/regs.v:116$537'.
  created $adff cell `$procdff$1732' with positive edge clock and positive level reset.
Creating register for signal `$paramod$b92c0599001ba7fee29ca99bde4121d40086de58\regs.\pin_shift' using process `$paramod$b92c0599001ba7fee29ca99bde4121d40086de58\regs.$proc$src/regs.v:116$537'.
  created $adff cell `$procdff$1737' with positive edge clock and positive level reset.
Creating register for signal `$paramod$b92c0599001ba7fee29ca99bde4121d40086de58\regs.\digit_count' using process `$paramod$b92c0599001ba7fee29ca99bde4121d40086de58\regs.$proc$src/regs.v:116$537'.
  created $adff cell `$procdff$1742' with positive edge clock and positive level reset.
Creating register for signal `$paramod$b92c0599001ba7fee29ca99bde4121d40086de58\regs.\session_busy' using process `$paramod$b92c0599001ba7fee29ca99bde4121d40086de58\regs.$proc$src/regs.v:116$537'.
  created $adff cell `$procdff$1747' with positive edge clock and positive level reset.
Creating register for signal `$paramod$b92c0599001ba7fee29ca99bde4121d40086de58\regs.\fail_count' using process `$paramod$b92c0599001ba7fee29ca99bde4121d40086de58\regs.$proc$src/regs.v:106$531'.
  created $adff cell `$procdff$1752' with positive edge clock and positive level reset.
Creating register for signal `\serial_link.\rx_done' using process `\serial_link.$proc$src/serial_link.v:80$205'.
  created $adff cell `$procdff$1757' with positive edge clock and positive level reset.
Creating register for signal `\serial_link.\tx_done' using process `\serial_link.$proc$src/serial_link.v:80$205'.
  created $adff cell `$procdff$1762' with positive edge clock and positive level reset.
Creating register for signal `\serial_link.\protocol_error' using process `\serial_link.$proc$src/serial_link.v:80$205'.
  created $adff cell `$procdff$1767' with positive edge clock and positive level reset.
Creating register for signal `\serial_link.\frame_start' using process `\serial_link.$proc$src/serial_link.v:80$205'.
  created $adff cell `$procdff$1772' with positive edge clock and positive level reset.
Creating register for signal `\serial_link.\state' using process `\serial_link.$proc$src/serial_link.v:80$205'.
  created $adff cell `$procdff$1777' with positive edge clock and positive level reset.
Creating register for signal `\serial_link.\cs_n_d' using process `\serial_link.$proc$src/serial_link.v:80$205'.
  created $adff cell `$procdff$1782' with positive edge clock and positive level reset.
Creating register for signal `\serial_link.\sclk_d' using process `\serial_link.$proc$src/serial_link.v:80$205'.
  created $adff cell `$procdff$1787' with positive edge clock and positive level reset.
Creating register for signal `\serial_link.\seen_cs_high' using process `\serial_link.$proc$src/serial_link.v:80$205'.
  created $adff cell `$procdff$1792' with positive edge clock and positive level reset.
Creating register for signal `\serial_link.\bit_count' using process `\serial_link.$proc$src/serial_link.v:80$205'.
  created $adff cell `$procdff$1797' with positive edge clock and positive level reset.
Creating register for signal `\serial_link.\rx_pending' using process `\serial_link.$proc$src/serial_link.v:80$205'.
  created $adff cell `$procdff$1802' with positive edge clock and positive level reset.
Creating register for signal `\serial_link.\rx_bit_hold' using process `\serial_link.$proc$src/serial_link.v:80$205'.
  created $adff cell `$procdff$1807' with positive edge clock and positive level reset.
Creating register for signal `\serial_link.\tx_hold_valid' using process `\serial_link.$proc$src/serial_link.v:80$205'.
  created $adff cell `$procdff$1812' with positive edge clock and positive level reset.
Creating register for signal `\serial_link.\tx_hold_bit' using process `\serial_link.$proc$src/serial_link.v:80$205'.
  created $adff cell `$procdff$1817' with positive edge clock and positive level reset.
Creating register for signal `\serial_link.\tx_hold_last' using process `\serial_link.$proc$src/serial_link.v:80$205'.
  created $adff cell `$procdff$1822' with positive edge clock and positive level reset.
Creating register for signal `\serial_link.\tx_sampled_wait_fall' using process `\serial_link.$proc$src/serial_link.v:80$205'.
  created $adff cell `$procdff$1827' with positive edge clock and positive level reset.
Creating register for signal `\serial_link.\tx_last_sampled' using process `\serial_link.$proc$src/serial_link.v:80$205'.
  created $adff cell `$procdff$1832' with positive edge clock and positive level reset.
Creating register for signal `\reset_release.\release_pipe' using process `\reset_release.$proc$src/reset_release.v:12$164'.
  created $adff cell `$procdff$1837' with positive edge clock and positive level reset.
Creating register for signal `$paramod\auth_ctrl\AUTH_TIMEOUT_MS=s32'00000000000000000001001110001000.\state' using process `$paramod\auth_ctrl\AUTH_TIMEOUT_MS=s32'00000000000000000001001110001000.$proc$src/auth_ctrl.v:89$495'.
  created $adff cell `$procdff$1842' with positive edge clock and positive level reset.
Creating register for signal `$paramod\auth_ctrl\AUTH_TIMEOUT_MS=s32'00000000000000000001001110001000.\timeout_active' using process `$paramod\auth_ctrl\AUTH_TIMEOUT_MS=s32'00000000000000000001001110001000.$proc$src/auth_ctrl.v:89$495'.
  created $adff cell `$procdff$1847' with positive edge clock and positive level reset.
Creating register for signal `$paramod\auth_ctrl\AUTH_TIMEOUT_MS=s32'00000000000000000001001110001000.\timeout_count' using process `$paramod\auth_ctrl\AUTH_TIMEOUT_MS=s32'00000000000000000001001110001000.$proc$src/auth_ctrl.v:89$495'.
  created $adff cell `$procdff$1852' with positive edge clock and positive level reset.
Creating register for signal `$paramod$b049745b6f1e89ce45cffbd1455f86ba117e4804\buzzer.\busy' using process `$paramod$b049745b6f1e89ce45cffbd1455f86ba117e4804\buzzer.$proc$src/buzzer.v:48$453'.
  created $adff cell `$procdff$1857' with positive edge clock and positive level reset.
Creating register for signal `$paramod$b049745b6f1e89ce45cffbd1455f86ba117e4804\buzzer.\beep_count' using process `$paramod$b049745b6f1e89ce45cffbd1455f86ba117e4804\buzzer.$proc$src/buzzer.v:48$453'.
  created $adff cell `$procdff$1862' with positive edge clock and positive level reset.
Creating register for signal `$paramod$b049745b6f1e89ce45cffbd1455f86ba117e4804\buzzer.\tone_count' using process `$paramod$b049745b6f1e89ce45cffbd1455f86ba117e4804\buzzer.$proc$src/buzzer.v:48$453'.
  created $adff cell `$procdff$1867' with positive edge clock and positive level reset.
Creating register for signal `$paramod$b049745b6f1e89ce45cffbd1455f86ba117e4804\buzzer.\tone_phase' using process `$paramod$b049745b6f1e89ce45cffbd1455f86ba117e4804\buzzer.$proc$src/buzzer.v:48$453'.
  created $adff cell `$procdff$1872' with positive edge clock and positive level reset.
Creating register for signal `$paramod$0207631bd49897fc40da4a49890f896231b73492\szymon_fixed.\a' using process `$paramod$0207631bd49897fc40da4a49890f896231b73492\szymon_fixed.$proc$src/szymon_fixed.v:229$448'.
  created $dff cell `$procdff$1873' with positive edge clock.
Creating register for signal `$paramod$0207631bd49897fc40da4a49890f896231b73492\szymon_fixed.\b' using process `$paramod$0207631bd49897fc40da4a49890f896231b73492\szymon_fixed.$proc$src/szymon_fixed.v:229$448'.
  created $dff cell `$procdff$1874' with positive edge clock.
Creating register for signal `$paramod$0207631bd49897fc40da4a49890f896231b73492\szymon_fixed.\state' using process `$paramod$0207631bd49897fc40da4a49890f896231b73492\szymon_fixed.$proc$src/szymon_fixed.v:136$419'.
  created $adff cell `$procdff$1879' with positive edge clock and positive level reset.
Creating register for signal `$paramod$0207631bd49897fc40da4a49890f896231b73492\szymon_fixed.\bit_count' using process `$paramod$0207631bd49897fc40da4a49890f896231b73492\szymon_fixed.$proc$src/szymon_fixed.v:136$419'.
  created $adff cell `$procdff$1884' with positive edge clock and positive level reset.
Creating register for signal `$paramod$0207631bd49897fc40da4a49890f896231b73492\szymon_fixed.\round_count' using process `$paramod$0207631bd49897fc40da4a49890f896231b73492\szymon_fixed.$proc$src/szymon_fixed.v:136$419'.
  created $adff cell `$procdff$1889' with positive edge clock and positive level reset.
Creating register for signal `$paramod$0207631bd49897fc40da4a49890f896231b73492\szymon_fixed.\key_phase' using process `$paramod$0207631bd49897fc40da4a49890f896231b73492\szymon_fixed.$proc$src/szymon_fixed.v:108$388'.
  created $dff cell `$procdff$1890' with positive edge clock.
Creating register for signal `$paramod$0207631bd49897fc40da4a49890f896231b73492\szymon_fixed.\key_depth' using process `$paramod$0207631bd49897fc40da4a49890f896231b73492\szymon_fixed.$proc$src/szymon_fixed.v:108$388'.
  created $dff cell `$procdff$1891' with positive edge clock.
Creating register for signal `$paramod$0207631bd49897fc40da4a49890f896231b73492\szymon_fixed.\key_accumulator' using process `$paramod$0207631bd49897fc40da4a49890f896231b73492\szymon_fixed.$proc$src/szymon_fixed.v:108$388'.
  created $dff cell `$procdff$1892' with positive edge clock.
Creating register for signal `$paramod\sync2\WIDTH=s32'00000000000000000000000000000100.\sync_out' using process `$paramod\sync2\WIDTH=s32'00000000000000000000000000000100.$proc$src/sync2.v:20$365'.
  created $adff cell `$procdff$1897' with positive edge clock and positive level reset.
Creating register for signal `$paramod\sync2\WIDTH=s32'00000000000000000000000000000100.\stage1' using process `$paramod\sync2\WIDTH=s32'00000000000000000000000000000100.$proc$src/sync2.v:20$365'.
  created $adff cell `$procdff$1902' with positive edge clock and positive level reset.

13.2.10. Executing PROC_MEMWR pass (convert process memory writes to cells).

13.2.11. Executing PROC_CLEAN pass (remove empty switches from decision trees).
Removing empty process `$paramod\sync2\WIDTH=s32'00000000000000000000000000000011.$proc$src/sync2.v:20$619'.
Found and cleaned up 2 empty switches in `$paramod$189e5c5ece264226de8c0df8c90596b8bf71b942\timebase.$proc$src/timebase.v:48$613'.
Removing empty process `$paramod$189e5c5ece264226de8c0df8c90596b8bf71b942\timebase.$proc$src/timebase.v:48$613'.
Found and cleaned up 4 empty switches in `$paramod$143b15b9608e06eea62a21ca91d45c97880ffd0d\kb.$proc$src/kb.v:0$603'.
Removing empty process `$paramod$143b15b9608e06eea62a21ca91d45c97880ffd0d\kb.$proc$src/kb.v:0$603'.
Removing empty process `$paramod$143b15b9608e06eea62a21ca91d45c97880ffd0d\kb.$proc$src/kb.v:0$593'.
Found and cleaned up 22 empty switches in `$paramod$143b15b9608e06eea62a21ca91d45c97880ffd0d\kb.$proc$src/kb.v:96$556'.
Removing empty process `$paramod$143b15b9608e06eea62a21ca91d45c97880ffd0d\kb.$proc$src/kb.v:96$556'.
Found and cleaned up 6 empty switches in `$paramod$b92c0599001ba7fee29ca99bde4121d40086de58\regs.$proc$src/regs.v:116$537'.
Removing empty process `$paramod$b92c0599001ba7fee29ca99bde4121d40086de58\regs.$proc$src/regs.v:116$537'.
Found and cleaned up 2 empty switches in `$paramod$b92c0599001ba7fee29ca99bde4121d40086de58\regs.$proc$src/regs.v:106$531'.
Removing empty process `$paramod$b92c0599001ba7fee29ca99bde4121d40086de58\regs.$proc$src/regs.v:106$531'.
Found and cleaned up 1 empty switch in `$paramod$b92c0599001ba7fee29ca99bde4121d40086de58\regs.$proc$src/regs.v:78$516'.
Removing empty process `$paramod$b92c0599001ba7fee29ca99bde4121d40086de58\regs.$proc$src/regs.v:78$516'.
Found and cleaned up 24 empty switches in `\serial_link.$proc$src/serial_link.v:80$205'.
Removing empty process `serial_link.$proc$src/serial_link.v:80$205'.
Removing empty process `reset_release.$proc$src/reset_release.v:12$164'.
Found and cleaned up 14 empty switches in `$paramod\auth_ctrl\AUTH_TIMEOUT_MS=s32'00000000000000000001001110001000.$proc$src/auth_ctrl.v:89$495'.
Removing empty process `$paramod\auth_ctrl\AUTH_TIMEOUT_MS=s32'00000000000000000001001110001000.$proc$src/auth_ctrl.v:89$495'.
Found and cleaned up 6 empty switches in `$paramod$b049745b6f1e89ce45cffbd1455f86ba117e4804\buzzer.$proc$src/buzzer.v:48$453'.
Removing empty process `$paramod$b049745b6f1e89ce45cffbd1455f86ba117e4804\buzzer.$proc$src/buzzer.v:48$453'.
Found and cleaned up 2 empty switches in `$paramod$0207631bd49897fc40da4a49890f896231b73492\szymon_fixed.$proc$src/szymon_fixed.v:229$448'.
Removing empty process `$paramod$0207631bd49897fc40da4a49890f896231b73492\szymon_fixed.$proc$src/szymon_fixed.v:229$448'.
Found and cleaned up 12 empty switches in `$paramod$0207631bd49897fc40da4a49890f896231b73492\szymon_fixed.$proc$src/szymon_fixed.v:136$419'.
Removing empty process `$paramod$0207631bd49897fc40da4a49890f896231b73492\szymon_fixed.$proc$src/szymon_fixed.v:136$419'.
Found and cleaned up 2 empty switches in `$paramod$0207631bd49897fc40da4a49890f896231b73492\szymon_fixed.$proc$src/szymon_fixed.v:108$388'.
Removing empty process `$paramod$0207631bd49897fc40da4a49890f896231b73492\szymon_fixed.$proc$src/szymon_fixed.v:108$388'.
Found and cleaned up 1 empty switch in `$paramod$0207631bd49897fc40da4a49890f896231b73492\szymon_fixed.$proc$src/szymon_fixed.v:90$377'.
Removing empty process `$paramod$0207631bd49897fc40da4a49890f896231b73492\szymon_fixed.$proc$src/szymon_fixed.v:90$377'.
Removing empty process `$paramod\sync2\WIDTH=s32'00000000000000000000000000000100.$proc$src/sync2.v:20$365'.
Cleaned up 98 empty switches.

13.2.12. Executing OPT_EXPR pass (perform const folding).
Optimizing module $paramod\sync2\WIDTH=s32'00000000000000000000000000000011.
<suppressed ~4 debug messages>
Optimizing module $paramod$189e5c5ece264226de8c0df8c90596b8bf71b942\timebase.
<suppressed ~8 debug messages>
Optimizing module $paramod$143b15b9608e06eea62a21ca91d45c97880ffd0d\kb.
<suppressed ~64 debug messages>
Optimizing module $paramod$b92c0599001ba7fee29ca99bde4121d40086de58\regs.
<suppressed ~12 debug messages>
Optimizing module serial_link.
<suppressed ~40 debug messages>
Optimizing module rumcajs.
<suppressed ~2 debug messages>
Optimizing module reset_release.
<suppressed ~2 debug messages>
Optimizing module $paramod\auth_ctrl\AUTH_TIMEOUT_MS=s32'00000000000000000001001110001000.
<suppressed ~10 debug messages>
Optimizing module tt_um_rumcajs.
<suppressed ~1 debug messages>
Optimizing module $paramod$b049745b6f1e89ce45cffbd1455f86ba117e4804\buzzer.
<suppressed ~15 debug messages>
Optimizing module $paramod$0207631bd49897fc40da4a49890f896231b73492\szymon_fixed.
<suppressed ~16 debug messages>
Optimizing module $paramod\sync2\WIDTH=s32'00000000000000000000000000000100.
<suppressed ~4 debug messages>

13.3. Executing OPT_EXPR pass (perform const folding).
Optimizing module $paramod\sync2\WIDTH=s32'00000000000000000000000000000011.
Optimizing module $paramod$189e5c5ece264226de8c0df8c90596b8bf71b942\timebase.
Optimizing module $paramod$143b15b9608e06eea62a21ca91d45c97880ffd0d\kb.
Optimizing module $paramod$b92c0599001ba7fee29ca99bde4121d40086de58\regs.
Optimizing module serial_link.
Optimizing module rumcajs.
Optimizing module reset_release.
Optimizing module $paramod\auth_ctrl\AUTH_TIMEOUT_MS=s32'00000000000000000001001110001000.
Optimizing module tt_um_rumcajs.
Optimizing module $paramod$b049745b6f1e89ce45cffbd1455f86ba117e4804\buzzer.
Optimizing module $paramod$0207631bd49897fc40da4a49890f896231b73492\szymon_fixed.
Optimizing module $paramod\sync2\WIDTH=s32'00000000000000000000000000000100.

13.4. Executing OPT_CLEAN pass (remove unused cells and wires).
Finding unused cells or wires in module $paramod\sync2\WIDTH=s32'00000000000000000000000000000011..
Finding unused cells or wires in module $paramod$189e5c5ece264226de8c0df8c90596b8bf71b942\timebase..
Finding unused cells or wires in module $paramod$143b15b9608e06eea62a21ca91d45c97880ffd0d\kb..
Finding unused cells or wires in module $paramod$b92c0599001ba7fee29ca99bde4121d40086de58\regs..
Finding unused cells or wires in module \serial_link..
Finding unused cells or wires in module \rumcajs..
Finding unused cells or wires in module \reset_release..
Finding unused cells or wires in module $paramod\auth_ctrl\AUTH_TIMEOUT_MS=s32'00000000000000000001001110001000..
Finding unused cells or wires in module \tt_um_rumcajs..
Finding unused cells or wires in module $paramod$b049745b6f1e89ce45cffbd1455f86ba117e4804\buzzer..
Finding unused cells or wires in module $paramod$0207631bd49897fc40da4a49890f896231b73492\szymon_fixed..
Finding unused cells or wires in module $paramod\sync2\WIDTH=s32'00000000000000000000000000000100..
Removed 71 unused cells and 608 unused wires.
<suppressed ~84 debug messages>

13.5. Executing CHECK pass (checking for obvious problems).
Checking module $paramod$0207631bd49897fc40da4a49890f896231b73492\szymon_fixed...
Checking module $paramod$143b15b9608e06eea62a21ca91d45c97880ffd0d\kb...
Checking module $paramod$189e5c5ece264226de8c0df8c90596b8bf71b942\timebase...
Checking module $paramod$b049745b6f1e89ce45cffbd1455f86ba117e4804\buzzer...
Checking module $paramod$b92c0599001ba7fee29ca99bde4121d40086de58\regs...
Checking module $paramod\auth_ctrl\AUTH_TIMEOUT_MS=s32'00000000000000000001001110001000...
Checking module $paramod\sync2\WIDTH=s32'00000000000000000000000000000011...
Checking module $paramod\sync2\WIDTH=s32'00000000000000000000000000000100...
Checking module reset_release...
Checking module rumcajs...
Checking module serial_link...
Checking module tt_um_rumcajs...
Found and reported 0 problems.

13.6. Executing OPT pass (performing simple optimizations).

13.6.1. Executing OPT_EXPR pass (perform const folding).
Optimizing module $paramod$0207631bd49897fc40da4a49890f896231b73492\szymon_fixed.
Optimizing module $paramod$143b15b9608e06eea62a21ca91d45c97880ffd0d\kb.
Optimizing module $paramod$189e5c5ece264226de8c0df8c90596b8bf71b942\timebase.
Optimizing module $paramod$b049745b6f1e89ce45cffbd1455f86ba117e4804\buzzer.
Optimizing module $paramod$b92c0599001ba7fee29ca99bde4121d40086de58\regs.
Optimizing module $paramod\auth_ctrl\AUTH_TIMEOUT_MS=s32'00000000000000000001001110001000.
Optimizing module $paramod\sync2\WIDTH=s32'00000000000000000000000000000011.
Optimizing module $paramod\sync2\WIDTH=s32'00000000000000000000000000000100.
Optimizing module reset_release.
Optimizing module rumcajs.
Optimizing module serial_link.
Optimizing module tt_um_rumcajs.

13.6.2. Executing OPT_MERGE pass (detect identical cells).
Finding identical cells in module `$paramod$0207631bd49897fc40da4a49890f896231b73492\szymon_fixed'.
<suppressed ~90 debug messages>
Finding identical cells in module `$paramod$143b15b9608e06eea62a21ca91d45c97880ffd0d\kb'.
<suppressed ~30 debug messages>
Finding identical cells in module `$paramod$189e5c5ece264226de8c0df8c90596b8bf71b942\timebase'.
Finding identical cells in module `$paramod$b049745b6f1e89ce45cffbd1455f86ba117e4804\buzzer'.
<suppressed ~3 debug messages>
Finding identical cells in module `$paramod$b92c0599001ba7fee29ca99bde4121d40086de58\regs'.
<suppressed ~9 debug messages>
Finding identical cells in module `$paramod\auth_ctrl\AUTH_TIMEOUT_MS=s32'00000000000000000001001110001000'.
<suppressed ~51 debug messages>
Finding identical cells in module `$paramod\sync2\WIDTH=s32'00000000000000000000000000000011'.
Finding identical cells in module `$paramod\sync2\WIDTH=s32'00000000000000000000000000000100'.
Finding identical cells in module `\reset_release'.
Finding identical cells in module `\rumcajs'.
<suppressed ~3 debug messages>
Finding identical cells in module `\serial_link'.
<suppressed ~111 debug messages>
Finding identical cells in module `\tt_um_rumcajs'.
Removed a total of 99 cells.

13.6.3. Executing OPT_MUXTREE pass (detect dead branches in mux trees).
Running muxtree optimizer on module $paramod$0207631bd49897fc40da4a49890f896231b73492\szymon_fixed..
  Creating internal representation of mux trees.
  Evaluating internal representation of mux trees.
  Analyzing evaluation results.
Running muxtree optimizer on module $paramod$143b15b9608e06eea62a21ca91d45c97880ffd0d\kb..
  Creating internal representation of mux trees.
  Evaluating internal representation of mux trees.
      Replacing known input bits on port A of cell $procmux$966: \blank_cycle -> 1'0
  Analyzing evaluation results.
    dead port 1/2 on $mux $procmux$647.
    dead port 1/2 on $mux $procmux$650.
    dead port 1/2 on $mux $procmux$653.
    dead port 1/2 on $mux $procmux$659.
    dead port 1/2 on $mux $procmux$662.
    dead port 1/2 on $mux $procmux$668.
Running muxtree optimizer on module $paramod$189e5c5ece264226de8c0df8c90596b8bf71b942\timebase..
  Creating internal representation of mux trees.
  Evaluating internal representation of mux trees.
  Analyzing evaluation results.
Running muxtree optimizer on module $paramod$b049745b6f1e89ce45cffbd1455f86ba117e4804\buzzer..
  Creating internal representation of mux trees.
  Evaluating internal representation of mux trees.
      Replacing known input bits on port A of cell $procmux$1514: \busy -> 1'1
      Replacing known input bits on port A of cell $procmux$1512: \busy -> 1'1
      Replacing known input bits on port A of cell $procmux$1517: \busy -> 1'0
  Analyzing evaluation results.
Running muxtree optimizer on module $paramod$b92c0599001ba7fee29ca99bde4121d40086de58\regs..
  Creating internal representation of mux trees.
  Evaluating internal representation of mux trees.
  Analyzing evaluation results.
Running muxtree optimizer on module $paramod\auth_ctrl\AUTH_TIMEOUT_MS=s32'00000000000000000001001110001000..
  Creating internal representation of mux trees.
  Evaluating internal representation of mux trees.
  Analyzing evaluation results.
Running muxtree optimizer on module $paramod\sync2\WIDTH=s32'00000000000000000000000000000011..
  Creating internal representation of mux trees.
  No muxes found in this module.
Running muxtree optimizer on module $paramod\sync2\WIDTH=s32'00000000000000000000000000000100..
  Creating internal representation of mux trees.
  No muxes found in this module.
Running muxtree optimizer on module \reset_release..
  Creating internal representation of mux trees.
  No muxes found in this module.
Running muxtree optimizer on module \rumcajs..
  Creating internal representation of mux trees.
  Evaluating internal representation of mux trees.
  Analyzing evaluation results.
Running muxtree optimizer on module \serial_link..
  Creating internal representation of mux trees.
  Evaluating internal representation of mux trees.
  Analyzing evaluation results.
Running muxtree optimizer on module \tt_um_rumcajs..
  Creating internal representation of mux trees.
  No muxes found in this module.
Removed 6 multiplexer ports.
<suppressed ~78 debug messages>

13.6.4. Executing OPT_REDUCE pass (consolidate $*mux and $reduce_* inputs).
  Optimizing cells in module $paramod$0207631bd49897fc40da4a49890f896231b73492\szymon_fixed.
    New ctrl vector for $pmux cell $procmux$1532: { \seal_ready $eq$src/szymon_fixed.v:220$435_Y \m_valid $auto$opt_reduce.cc:137:opt_pmux$1904 }
  Optimizing cells in module $paramod$0207631bd49897fc40da4a49890f896231b73492\szymon_fixed.
  Optimizing cells in module $paramod$143b15b9608e06eea62a21ca91d45c97880ffd0d\kb.
  Optimizing cells in module $paramod$189e5c5ece264226de8c0df8c90596b8bf71b942\timebase.
  Optimizing cells in module $paramod$b049745b6f1e89ce45cffbd1455f86ba117e4804\buzzer.
  Optimizing cells in module $paramod$b92c0599001ba7fee29ca99bde4121d40086de58\regs.
  Optimizing cells in module $paramod\auth_ctrl\AUTH_TIMEOUT_MS=s32'00000000000000000001001110001000.
  Optimizing cells in module $paramod\sync2\WIDTH=s32'00000000000000000000000000000011.
  Optimizing cells in module $paramod\sync2\WIDTH=s32'00000000000000000000000000000100.
  Optimizing cells in module \reset_release.
  Optimizing cells in module \rumcajs.
  Optimizing cells in module \serial_link.
    New ctrl vector for $pmux cell $procmux$1120: { $auto$opt_reduce.cc:137:opt_pmux$1906 \rx_active $eq$src/serial_link.v:75$191_Y $eq$src/serial_link.v:72$188_Y $eq$src/serial_link.v:72$189_Y }
  Optimizing cells in module \serial_link.
  Optimizing cells in module \tt_um_rumcajs.
Performed a total of 2 changes.

13.6.5. Executing OPT_MERGE pass (detect identical cells).
Finding identical cells in module `$paramod$0207631bd49897fc40da4a49890f896231b73492\szymon_fixed'.
<suppressed ~9 debug messages>
Finding identical cells in module `$paramod$143b15b9608e06eea62a21ca91d45c97880ffd0d\kb'.
<suppressed ~6 debug messages>
Finding identical cells in module `$paramod$189e5c5ece264226de8c0df8c90596b8bf71b942\timebase'.
Finding identical cells in module `$paramod$b049745b6f1e89ce45cffbd1455f86ba117e4804\buzzer'.
Finding identical cells in module `$paramod$b92c0599001ba7fee29ca99bde4121d40086de58\regs'.
Finding identical cells in module `$paramod\auth_ctrl\AUTH_TIMEOUT_MS=s32'00000000000000000001001110001000'.
Finding identical cells in module `$paramod\sync2\WIDTH=s32'00000000000000000000000000000011'.
Finding identical cells in module `$paramod\sync2\WIDTH=s32'00000000000000000000000000000100'.
Finding identical cells in module `\reset_release'.
Finding identical cells in module `\rumcajs'.
Finding identical cells in module `\serial_link'.
<suppressed ~3 debug messages>
Finding identical cells in module `\tt_um_rumcajs'.
Removed a total of 6 cells.

13.6.6. Executing OPT_DFF pass (perform DFF optimizations).

13.6.7. Executing OPT_CLEAN pass (remove unused cells and wires).
Finding unused cells or wires in module $paramod$0207631bd49897fc40da4a49890f896231b73492\szymon_fixed..
Finding unused cells or wires in module $paramod$143b15b9608e06eea62a21ca91d45c97880ffd0d\kb..
Finding unused cells or wires in module $paramod$189e5c5ece264226de8c0df8c90596b8bf71b942\timebase..
Finding unused cells or wires in module $paramod$b049745b6f1e89ce45cffbd1455f86ba117e4804\buzzer..
Finding unused cells or wires in module $paramod$b92c0599001ba7fee29ca99bde4121d40086de58\regs..
Finding unused cells or wires in module $paramod\auth_ctrl\AUTH_TIMEOUT_MS=s32'00000000000000000001001110001000..
Finding unused cells or wires in module $paramod\sync2\WIDTH=s32'00000000000000000000000000000011..
Finding unused cells or wires in module $paramod\sync2\WIDTH=s32'00000000000000000000000000000100..
Finding unused cells or wires in module \reset_release..
Finding unused cells or wires in module \rumcajs..
Finding unused cells or wires in module \serial_link..
Finding unused cells or wires in module \tt_um_rumcajs..
Removed 0 unused cells and 109 unused wires.
<suppressed ~7 debug messages>

13.6.8. Executing OPT_EXPR pass (perform const folding).
Optimizing module $paramod$0207631bd49897fc40da4a49890f896231b73492\szymon_fixed.
Optimizing module $paramod$143b15b9608e06eea62a21ca91d45c97880ffd0d\kb.
Optimizing module $paramod$189e5c5ece264226de8c0df8c90596b8bf71b942\timebase.
Optimizing module $paramod$b049745b6f1e89ce45cffbd1455f86ba117e4804\buzzer.
Optimizing module $paramod$b92c0599001ba7fee29ca99bde4121d40086de58\regs.
Optimizing module $paramod\auth_ctrl\AUTH_TIMEOUT_MS=s32'00000000000000000001001110001000.
Optimizing module $paramod\sync2\WIDTH=s32'00000000000000000000000000000011.
Optimizing module $paramod\sync2\WIDTH=s32'00000000000000000000000000000100.
Optimizing module reset_release.
Optimizing module rumcajs.
Optimizing module serial_link.
Optimizing module tt_um_rumcajs.

13.6.9. Rerunning OPT passes. (Maybe there is more to do..)

13.6.10. Executing OPT_MUXTREE pass (detect dead branches in mux trees).
Running muxtree optimizer on module $paramod$0207631bd49897fc40da4a49890f896231b73492\szymon_fixed..
  Creating internal representation of mux trees.
  Evaluating internal representation of mux trees.
  Analyzing evaluation results.
Running muxtree optimizer on module $paramod$143b15b9608e06eea62a21ca91d45c97880ffd0d\kb..
  Creating internal representation of mux trees.
  Evaluating internal representation of mux trees.
  Analyzing evaluation results.
Running muxtree optimizer on module $paramod$189e5c5ece264226de8c0df8c90596b8bf71b942\timebase..
  Creating internal representation of mux trees.
  Evaluating internal representation of mux trees.
  Analyzing evaluation results.
Running muxtree optimizer on module $paramod$b049745b6f1e89ce45cffbd1455f86ba117e4804\buzzer..
  Creating internal representation of mux trees.
  Evaluating internal representation of mux trees.
  Analyzing evaluation results.
Running muxtree optimizer on module $paramod$b92c0599001ba7fee29ca99bde4121d40086de58\regs..
  Creating internal representation of mux trees.
  Evaluating internal representation of mux trees.
  Analyzing evaluation results.
Running muxtree optimizer on module $paramod\auth_ctrl\AUTH_TIMEOUT_MS=s32'00000000000000000001001110001000..
  Creating internal representation of mux trees.
  Evaluating internal representation of mux trees.
  Analyzing evaluation results.
Running muxtree optimizer on module $paramod\sync2\WIDTH=s32'00000000000000000000000000000011..
  Creating internal representation of mux trees.
  No muxes found in this module.
Running muxtree optimizer on module $paramod\sync2\WIDTH=s32'00000000000000000000000000000100..
  Creating internal representation of mux trees.
  No muxes found in this module.
Running muxtree optimizer on module \reset_release..
  Creating internal representation of mux trees.
  No muxes found in this module.
Running muxtree optimizer on module \rumcajs..
  Creating internal representation of mux trees.
  Evaluating internal representation of mux trees.
  Analyzing evaluation results.
Running muxtree optimizer on module \serial_link..
  Creating internal representation of mux trees.
  Evaluating internal representation of mux trees.
  Analyzing evaluation results.
Running muxtree optimizer on module \tt_um_rumcajs..
  Creating internal representation of mux trees.
  No muxes found in this module.
Removed 0 multiplexer ports.
<suppressed ~81 debug messages>

13.6.11. Executing OPT_REDUCE pass (consolidate $*mux and $reduce_* inputs).
  Optimizing cells in module $paramod$0207631bd49897fc40da4a49890f896231b73492\szymon_fixed.
  Optimizing cells in module $paramod$143b15b9608e06eea62a21ca91d45c97880ffd0d\kb.
  Optimizing cells in module $paramod$189e5c5ece264226de8c0df8c90596b8bf71b942\timebase.
  Optimizing cells in module $paramod$b049745b6f1e89ce45cffbd1455f86ba117e4804\buzzer.
  Optimizing cells in module $paramod$b92c0599001ba7fee29ca99bde4121d40086de58\regs.
  Optimizing cells in module $paramod\auth_ctrl\AUTH_TIMEOUT_MS=s32'00000000000000000001001110001000.
  Optimizing cells in module $paramod\sync2\WIDTH=s32'00000000000000000000000000000011.
  Optimizing cells in module $paramod\sync2\WIDTH=s32'00000000000000000000000000000100.
  Optimizing cells in module \reset_release.
  Optimizing cells in module \rumcajs.
  Optimizing cells in module \serial_link.
    New ctrl vector for $pmux cell $procmux$1346: { $procmux$1154_CMP $auto$opt_reduce.cc:137:opt_pmux$1908 }
  Optimizing cells in module \serial_link.
  Optimizing cells in module \tt_um_rumcajs.
Performed a total of 1 changes.

13.6.12. Executing OPT_MERGE pass (detect identical cells).
Finding identical cells in module `$paramod$0207631bd49897fc40da4a49890f896231b73492\szymon_fixed'.
Finding identical cells in module `$paramod$143b15b9608e06eea62a21ca91d45c97880ffd0d\kb'.
Finding identical cells in module `$paramod$189e5c5ece264226de8c0df8c90596b8bf71b942\timebase'.
Finding identical cells in module `$paramod$b049745b6f1e89ce45cffbd1455f86ba117e4804\buzzer'.
Finding identical cells in module `$paramod$b92c0599001ba7fee29ca99bde4121d40086de58\regs'.
Finding identical cells in module `$paramod\auth_ctrl\AUTH_TIMEOUT_MS=s32'00000000000000000001001110001000'.
Finding identical cells in module `$paramod\sync2\WIDTH=s32'00000000000000000000000000000011'.
Finding identical cells in module `$paramod\sync2\WIDTH=s32'00000000000000000000000000000100'.
Finding identical cells in module `\reset_release'.
Finding identical cells in module `\rumcajs'.
Finding identical cells in module `\serial_link'.
Finding identical cells in module `\tt_um_rumcajs'.
Removed a total of 0 cells.

13.6.13. Executing OPT_DFF pass (perform DFF optimizations).

13.6.14. Executing OPT_CLEAN pass (remove unused cells and wires).
Finding unused cells or wires in module $paramod$0207631bd49897fc40da4a49890f896231b73492\szymon_fixed..
Finding unused cells or wires in module $paramod$143b15b9608e06eea62a21ca91d45c97880ffd0d\kb..
Finding unused cells or wires in module $paramod$189e5c5ece264226de8c0df8c90596b8bf71b942\timebase..
Finding unused cells or wires in module $paramod$b049745b6f1e89ce45cffbd1455f86ba117e4804\buzzer..
Finding unused cells or wires in module $paramod$b92c0599001ba7fee29ca99bde4121d40086de58\regs..
Finding unused cells or wires in module $paramod\auth_ctrl\AUTH_TIMEOUT_MS=s32'00000000000000000001001110001000..
Finding unused cells or wires in module $paramod\sync2\WIDTH=s32'00000000000000000000000000000011..
Finding unused cells or wires in module $paramod\sync2\WIDTH=s32'00000000000000000000000000000100..
Finding unused cells or wires in module \reset_release..
Finding unused cells or wires in module \rumcajs..
Finding unused cells or wires in module \serial_link..
Finding unused cells or wires in module \tt_um_rumcajs..

13.6.15. Executing OPT_EXPR pass (perform const folding).
Optimizing module $paramod$0207631bd49897fc40da4a49890f896231b73492\szymon_fixed.
Optimizing module $paramod$143b15b9608e06eea62a21ca91d45c97880ffd0d\kb.
Optimizing module $paramod$189e5c5ece264226de8c0df8c90596b8bf71b942\timebase.
Optimizing module $paramod$b049745b6f1e89ce45cffbd1455f86ba117e4804\buzzer.
Optimizing module $paramod$b92c0599001ba7fee29ca99bde4121d40086de58\regs.
Optimizing module $paramod\auth_ctrl\AUTH_TIMEOUT_MS=s32'00000000000000000001001110001000.
Optimizing module $paramod\sync2\WIDTH=s32'00000000000000000000000000000011.
Optimizing module $paramod\sync2\WIDTH=s32'00000000000000000000000000000100.
Optimizing module reset_release.
Optimizing module rumcajs.
Optimizing module serial_link.
Optimizing module tt_um_rumcajs.

13.6.16. Rerunning OPT passes. (Maybe there is more to do..)

13.6.17. Executing OPT_MUXTREE pass (detect dead branches in mux trees).
Running muxtree optimizer on module $paramod$0207631bd49897fc40da4a49890f896231b73492\szymon_fixed..
  Creating internal representation of mux trees.
  Evaluating internal representation of mux trees.
  Analyzing evaluation results.
Running muxtree optimizer on module $paramod$143b15b9608e06eea62a21ca91d45c97880ffd0d\kb..
  Creating internal representation of mux trees.
  Evaluating internal representation of mux trees.
  Analyzing evaluation results.
Running muxtree optimizer on module $paramod$189e5c5ece264226de8c0df8c90596b8bf71b942\timebase..
  Creating internal representation of mux trees.
  Evaluating internal representation of mux trees.
  Analyzing evaluation results.
Running muxtree optimizer on module $paramod$b049745b6f1e89ce45cffbd1455f86ba117e4804\buzzer..
  Creating internal representation of mux trees.
  Evaluating internal representation of mux trees.
  Analyzing evaluation results.
Running muxtree optimizer on module $paramod$b92c0599001ba7fee29ca99bde4121d40086de58\regs..
  Creating internal representation of mux trees.
  Evaluating internal representation of mux trees.
  Analyzing evaluation results.
Running muxtree optimizer on module $paramod\auth_ctrl\AUTH_TIMEOUT_MS=s32'00000000000000000001001110001000..
  Creating internal representation of mux trees.
  Evaluating internal representation of mux trees.
  Analyzing evaluation results.
Running muxtree optimizer on module $paramod\sync2\WIDTH=s32'00000000000000000000000000000011..
  Creating internal representation of mux trees.
  No muxes found in this module.
Running muxtree optimizer on module $paramod\sync2\WIDTH=s32'00000000000000000000000000000100..
  Creating internal representation of mux trees.
  No muxes found in this module.
Running muxtree optimizer on module \reset_release..
  Creating internal representation of mux trees.
  No muxes found in this module.
Running muxtree optimizer on module \rumcajs..
  Creating internal representation of mux trees.
  Evaluating internal representation of mux trees.
  Analyzing evaluation results.
Running muxtree optimizer on module \serial_link..
  Creating internal representation of mux trees.
  Evaluating internal representation of mux trees.
  Analyzing evaluation results.
Running muxtree optimizer on module \tt_um_rumcajs..
  Creating internal representation of mux trees.
  No muxes found in this module.
Removed 0 multiplexer ports.
<suppressed ~81 debug messages>

13.6.18. Executing OPT_REDUCE pass (consolidate $*mux and $reduce_* inputs).
  Optimizing cells in module $paramod$0207631bd49897fc40da4a49890f896231b73492\szymon_fixed.
  Optimizing cells in module $paramod$143b15b9608e06eea62a21ca91d45c97880ffd0d\kb.
  Optimizing cells in module $paramod$189e5c5ece264226de8c0df8c90596b8bf71b942\timebase.
  Optimizing cells in module $paramod$b049745b6f1e89ce45cffbd1455f86ba117e4804\buzzer.
  Optimizing cells in module $paramod$b92c0599001ba7fee29ca99bde4121d40086de58\regs.
  Optimizing cells in module $paramod\auth_ctrl\AUTH_TIMEOUT_MS=s32'00000000000000000001001110001000.
  Optimizing cells in module $paramod\sync2\WIDTH=s32'00000000000000000000000000000011.
  Optimizing cells in module $paramod\sync2\WIDTH=s32'00000000000000000000000000000100.
  Optimizing cells in module \reset_release.
  Optimizing cells in module \rumcajs.
  Optimizing cells in module \serial_link.
  Optimizing cells in module \tt_um_rumcajs.
Performed a total of 0 changes.

13.6.19. Executing OPT_MERGE pass (detect identical cells).
Finding identical cells in module `$paramod$0207631bd49897fc40da4a49890f896231b73492\szymon_fixed'.
Finding identical cells in module `$paramod$143b15b9608e06eea62a21ca91d45c97880ffd0d\kb'.
Finding identical cells in module `$paramod$189e5c5ece264226de8c0df8c90596b8bf71b942\timebase'.
Finding identical cells in module `$paramod$b049745b6f1e89ce45cffbd1455f86ba117e4804\buzzer'.
Finding identical cells in module `$paramod$b92c0599001ba7fee29ca99bde4121d40086de58\regs'.
Finding identical cells in module `$paramod\auth_ctrl\AUTH_TIMEOUT_MS=s32'00000000000000000001001110001000'.
Finding identical cells in module `$paramod\sync2\WIDTH=s32'00000000000000000000000000000011'.
Finding identical cells in module `$paramod\sync2\WIDTH=s32'00000000000000000000000000000100'.
Finding identical cells in module `\reset_release'.
Finding identical cells in module `\rumcajs'.
Finding identical cells in module `\serial_link'.
Finding identical cells in module `\tt_um_rumcajs'.
Removed a total of 0 cells.

13.6.20. Executing OPT_DFF pass (perform DFF optimizations).

13.6.21. Executing OPT_CLEAN pass (remove unused cells and wires).
Finding unused cells or wires in module $paramod$0207631bd49897fc40da4a49890f896231b73492\szymon_fixed..
Finding unused cells or wires in module $paramod$143b15b9608e06eea62a21ca91d45c97880ffd0d\kb..
Finding unused cells or wires in module $paramod$189e5c5ece264226de8c0df8c90596b8bf71b942\timebase..
Finding unused cells or wires in module $paramod$b049745b6f1e89ce45cffbd1455f86ba117e4804\buzzer..
Finding unused cells or wires in module $paramod$b92c0599001ba7fee29ca99bde4121d40086de58\regs..
Finding unused cells or wires in module $paramod\auth_ctrl\AUTH_TIMEOUT_MS=s32'00000000000000000001001110001000..
Finding unused cells or wires in module $paramod\sync2\WIDTH=s32'00000000000000000000000000000011..
Finding unused cells or wires in module $paramod\sync2\WIDTH=s32'00000000000000000000000000000100..
Finding unused cells or wires in module \reset_release..
Finding unused cells or wires in module \rumcajs..
Finding unused cells or wires in module \serial_link..
Finding unused cells or wires in module \tt_um_rumcajs..

13.6.22. Executing OPT_EXPR pass (perform const folding).
Optimizing module $paramod$0207631bd49897fc40da4a49890f896231b73492\szymon_fixed.
Optimizing module $paramod$143b15b9608e06eea62a21ca91d45c97880ffd0d\kb.
Optimizing module $paramod$189e5c5ece264226de8c0df8c90596b8bf71b942\timebase.
Optimizing module $paramod$b049745b6f1e89ce45cffbd1455f86ba117e4804\buzzer.
Optimizing module $paramod$b92c0599001ba7fee29ca99bde4121d40086de58\regs.
Optimizing module $paramod\auth_ctrl\AUTH_TIMEOUT_MS=s32'00000000000000000001001110001000.
Optimizing module $paramod\sync2\WIDTH=s32'00000000000000000000000000000011.
Optimizing module $paramod\sync2\WIDTH=s32'00000000000000000000000000000100.
Optimizing module reset_release.
Optimizing module rumcajs.
Optimizing module serial_link.
Optimizing module tt_um_rumcajs.

13.6.23. Finished OPT passes. (There is nothing left to do.)

13.7. Executing FSM pass (extract and optimize FSM).

13.7.1. Executing FSM_DETECT pass (finding FSMs in design).
Found FSM state register $paramod$0207631bd49897fc40da4a49890f896231b73492\szymon_fixed.state.
Not marking $paramod\auth_ctrl\AUTH_TIMEOUT_MS=s32'00000000000000000001001110001000.state as FSM state register:
    Users of register don't seem to benefit from recoding.
Found FSM state register serial_link.state.

13.7.2. Executing FSM_EXTRACT pass (extracting FSM from design).
Extracting FSM `\state' from module `$paramod$0207631bd49897fc40da4a49890f896231b73492\szymon_fixed'.
  found $adff cell for state register: $procdff$1879
  root of input selection tree: $0\state[2:0]
  found reset state: 3'101 (from async reset)
  found ctrl input: \abort
  found ctrl input: $eq$src/szymon_fixed.v:230$449_Y
  found ctrl input: \m_valid
  found ctrl input: $eq$src/szymon_fixed.v:220$435_Y
  found ctrl input: \seal_ready
  found ctrl input: \s_ready
  found ctrl input: \cmd_ready
  found ctrl input: $eq$src/szymon_fixed.v:133$417_Y
  found state code: 3'000
  found ctrl input: \output_step
  found ctrl input: \reconstruct
  found ctrl input: $eq$src/szymon_fixed.v:175$426_Y
  found ctrl input: $eq$src/szymon_fixed.v:177$427_Y
  found state code: 3'100
  found ctrl input: $logic_and$src/szymon_fixed.v:167$425_Y
  found state code: 3'011
  found ctrl input: \load_step
  found state code: 3'010
  found ctrl input: $logic_and$src/szymon_fixed.v:150$421_Y
  found state code: 3'001
  found ctrl output: $ne$src/szymon_fixed.v:109$391_Y
  found ctrl output: \cmd_ready
  found ctrl output: \s_ready
  found ctrl output: \seal_ready
  found ctrl output: \m_valid
  found ctrl output: $eq$src/szymon_fixed.v:220$435_Y
  found ctrl output: $eq$src/szymon_fixed.v:230$449_Y
  ctrl inputs: { $eq$src/szymon_fixed.v:177$427_Y $eq$src/szymon_fixed.v:175$426_Y $logic_and$src/szymon_fixed.v:167$425_Y $logic_and$src/szymon_fixed.v:150$421_Y $eq$src/szymon_fixed.v:133$417_Y \output_step \load_step \reconstruct \abort }
  ctrl outputs: { $eq$src/szymon_fixed.v:230$449_Y $eq$src/szymon_fixed.v:220$435_Y $ne$src/szymon_fixed.v:109$391_Y $0\state[2:0] \m_valid \s_ready \seal_ready \cmd_ready }
  transition:      3'000 9'---0----0 ->      3'000 10'0010000001
  transition:      3'000 9'---1----0 ->      3'001 10'0010010001
  transition:      3'000 9'--------1 ->      3'101 10'0011010001
  transition:      3'100 9'-----0--0 ->      3'100 10'0011001000
  transition:      3'100 9'----01--0 ->      3'100 10'0011001000
  transition:      3'100 9'----11--0 ->      3'000 10'0010001000
  transition:      3'100 9'--------1 ->      3'101 10'0011011000
  transition:      3'010 9'--0-----0 ->      3'010 10'0010100010
  transition:      3'010 9'--1-----0 ->      3'011 10'0010110010
  transition:      3'010 9'--------1 ->      3'101 10'0011010010
  transition:      3'001 9'------0-0 ->      3'001 10'0010010100
  transition:      3'001 9'----0-1-0 ->      3'001 10'0010010100
  transition:      3'001 9'----1-1-0 ->      3'010 10'0010100100
  transition:      3'001 9'--------1 ->      3'101 10'0011010100
  transition:      3'101 9'----0---0 ->      3'101 10'1011010000
  transition:      3'101 9'----1---0 ->      3'000 10'1010000000
  transition:      3'101 9'--------1 ->      3'101 10'1011010000
  transition:      3'011 9'-0-----00 ->      3'011 10'0100110000
  transition:      3'011 9'01-----00 ->      3'011 10'0100110000
  transition:      3'011 9'11-----00 ->      3'100 10'0101000000
  transition:      3'011 9'-------10 ->      3'011 10'0100110000
  transition:      3'011 9'--------1 ->      3'101 10'0101010000
Extracting FSM `\state' from module `\serial_link'.
  found $adff cell for state register: $procdff$1777
  root of input selection tree: $0\state[2:0]
  found reset state: 3'000 (from async reset)
  found ctrl input: \cancel
  found ctrl input: $eq$src/serial_link.v:72$189_Y
  found ctrl input: $eq$src/serial_link.v:72$188_Y
  found ctrl input: $eq$src/serial_link.v:75$191_Y
  found ctrl input: \rx_active
  found ctrl input: $procmux$1153_CMP
  found ctrl input: $procmux$1154_CMP
  found ctrl input: \cs_rise
  found ctrl input: \sclk_rise
  found ctrl input: $logic_and$src/serial_link.v:219$225_Y
  found ctrl input: \tx_last_sampled
  found state code: 3'101
  found ctrl input: $logic_or$src/serial_link.v:207$222_Y
  found ctrl input: $logic_and$src/serial_link.v:151$207_Y
  found ctrl input: $logic_or$src/serial_link.v:190$217_Y
  found state code: 3'100
  found ctrl input: $ge$src/serial_link.v:170$212_Y
  found ctrl input: $logic_and$src/serial_link.v:174$214_Y
  found state code: 3'010
  found ctrl input: \rx_arm
  found ctrl input: \tx_arm
  found state code: 3'011
  found state code: 3'001
  found ctrl output: \rx_active
  found ctrl output: $eq$src/serial_link.v:72$188_Y
  found ctrl output: $eq$src/serial_link.v:72$189_Y
  found ctrl output: $eq$src/serial_link.v:75$191_Y
  found ctrl output: $procmux$1153_CMP
  found ctrl output: $procmux$1154_CMP
  ctrl inputs: { $logic_and$src/serial_link.v:219$225_Y $logic_or$src/serial_link.v:207$222_Y $logic_or$src/serial_link.v:190$217_Y $logic_and$src/serial_link.v:174$214_Y $ge$src/serial_link.v:170$212_Y $logic_and$src/serial_link.v:151$207_Y \tx_last_sampled \sclk_rise \cs_rise \cancel \tx_arm \rx_arm }
  ctrl outputs: { $procmux$1154_CMP $procmux$1153_CMP $0\state[2:0] $eq$src/serial_link.v:75$191_Y $eq$src/serial_link.v:72$189_Y $eq$src/serial_link.v:72$188_Y \rx_active }
  transition:      3'000 12'---------000 ->      3'000 9'100000000
  transition:      3'000 12'---------010 ->      3'011 9'100110000
  transition:      3'000 12'---------0-1 ->      3'001 9'100010000
  transition:      3'000 12'---------1-- ->      3'000 9'100000000
  transition:      3'100 12'0------000-- ->      3'100 9'001000010
  transition:      3'100 12'1-----0000-- ->      3'100 9'001000010
  transition:      3'100 12'1-----1000-- ->      3'101 9'001010010
  transition:      3'100 12'-0-----100-- ->      3'100 9'001000010
  transition:      3'100 12'-1-----100-- ->      3'000 9'000000010
  transition:      3'100 12'--------10-- ->      3'000 9'000000010
  transition:      3'100 12'---------1-- ->      3'000 9'000000010
  transition:      3'010 12'-------000-- ->      3'010 9'000100001
  transition:      3'010 12'---00--100-- ->      3'010 9'000100001
  transition:      3'010 12'---10--100-- ->      3'000 9'000000001
  transition:      3'010 12'----1--100-- ->      3'000 9'000000001
  transition:      3'010 12'--------10-- ->      3'000 9'000000001
  transition:      3'010 12'---------1-- ->      3'000 9'000000001
  transition:      3'001 12'-----0---0-- ->      3'001 9'010010000
  transition:      3'001 12'-----1---0-- ->      3'010 9'010100000
  transition:      3'001 12'---------1-- ->      3'000 9'010000000
  transition:      3'101 12'-------000-- ->      3'101 9'001010100
  transition:      3'101 12'-------100-- ->      3'000 9'000000100
  transition:      3'101 12'--------10-- ->      3'000 9'000000100
  transition:      3'101 12'---------1-- ->      3'000 9'000000100
  transition:      3'011 12'-----0---0-- ->      3'011 9'000111000
  transition:      3'011 12'--0--1---0-- ->      3'000 9'000001000
  transition:      3'011 12'--1--1---0-- ->      3'100 9'001001000
  transition:      3'011 12'---------1-- ->      3'000 9'000001000

13.7.3. Executing FSM_OPT pass (simple optimizations of FSMs).
Optimizing FSM `$fsm$\state$1909' from module `$paramod$0207631bd49897fc40da4a49890f896231b73492\szymon_fixed'.
Optimizing FSM `$fsm$\state$1918' from module `\serial_link'.

13.7.4. Executing OPT_CLEAN pass (remove unused cells and wires).
Finding unused cells or wires in module $paramod$0207631bd49897fc40da4a49890f896231b73492\szymon_fixed..
Finding unused cells or wires in module $paramod$143b15b9608e06eea62a21ca91d45c97880ffd0d\kb..
Finding unused cells or wires in module $paramod$189e5c5ece264226de8c0df8c90596b8bf71b942\timebase..
Finding unused cells or wires in module $paramod$b049745b6f1e89ce45cffbd1455f86ba117e4804\buzzer..
Finding unused cells or wires in module $paramod$b92c0599001ba7fee29ca99bde4121d40086de58\regs..
Finding unused cells or wires in module $paramod\auth_ctrl\AUTH_TIMEOUT_MS=s32'00000000000000000001001110001000..
Finding unused cells or wires in module $paramod\sync2\WIDTH=s32'00000000000000000000000000000011..
Finding unused cells or wires in module $paramod\sync2\WIDTH=s32'00000000000000000000000000000100..
Finding unused cells or wires in module \reset_release..
Finding unused cells or wires in module \rumcajs..
Finding unused cells or wires in module \serial_link..
Finding unused cells or wires in module \tt_um_rumcajs..
Removed 44 unused cells and 44 unused wires.
<suppressed ~46 debug messages>

13.7.5. Executing FSM_OPT pass (simple optimizations of FSMs).
Optimizing FSM `$fsm$\state$1909' from module `$paramod$0207631bd49897fc40da4a49890f896231b73492\szymon_fixed'.
  Removing unused output signal $0\state[2:0] [0].
  Removing unused output signal $0\state[2:0] [1].
  Removing unused output signal $0\state[2:0] [2].
Optimizing FSM `$fsm$\state$1918' from module `\serial_link'.
  Removing unused output signal $0\state[2:0] [0].
  Removing unused output signal $0\state[2:0] [1].
  Removing unused output signal $0\state[2:0] [2].

13.7.6. Executing FSM_RECODE pass (re-assigning FSM state encoding).
Recoding FSM `$fsm$\state$1909' from module `$paramod$0207631bd49897fc40da4a49890f896231b73492\szymon_fixed' using `auto' encoding:
  mapping auto encoding to `one-hot` for this FSM.
  000 -> ----1-
  100 -> ---1--
  010 -> --1---
  001 -> -1----
  101 -> -----1
  011 -> 1-----
Recoding FSM `$fsm$\state$1918' from module `\serial_link' using `auto' encoding:
  mapping auto encoding to `one-hot` for this FSM.
  000 -> -----1
  100 -> ----1-
  010 -> ---1--
  001 -> --1---
  101 -> -1----
  011 -> 1-----

13.7.7. Executing FSM_INFO pass (dumping all available information on FSM cells).

FSM `$fsm$\state$1909' from module `$paramod$0207631bd49897fc40da4a49890f896231b73492\szymon_fixed':
-------------------------------------

  Information on FSM $fsm$\state$1909 (\state):

  Number of input signals:    9
  Number of output signals:   7
  Number of state bits:       6

  Input signals:
    0: \abort
    1: \reconstruct
    2: \load_step
    3: \output_step
    4: $eq$src/szymon_fixed.v:133$417_Y
    5: $logic_and$src/szymon_fixed.v:150$421_Y
    6: $logic_and$src/szymon_fixed.v:167$425_Y
    7: $eq$src/szymon_fixed.v:175$426_Y
    8: $eq$src/szymon_fixed.v:177$427_Y

  Output signals:
    0: \cmd_ready
    1: \seal_ready
    2: \s_ready
    3: \m_valid
    4: $ne$src/szymon_fixed.v:109$391_Y
    5: $eq$src/szymon_fixed.v:220$435_Y
    6: $eq$src/szymon_fixed.v:230$449_Y

  State encoding:
    0:   6'----1-
    1:   6'---1--
    2:   6'--1---
    3:   6'-1----
    4:   6'-----1  <RESET STATE>
    5:   6'1-----

  Transition Table (state_in, ctrl_in, state_out, ctrl_out):
      0:     0 9'---0----0   ->     0 7'0010001
      1:     0 9'---1----0   ->     3 7'0010001
      2:     0 9'--------1   ->     4 7'0010001
      3:     1 9'----11--0   ->     0 7'0011000
      4:     1 9'-----0--0   ->     1 7'0011000
      5:     1 9'----01--0   ->     1 7'0011000
      6:     1 9'--------1   ->     4 7'0011000
      7:     2 9'--0-----0   ->     2 7'0010010
      8:     2 9'--------1   ->     4 7'0010010
      9:     2 9'--1-----0   ->     5 7'0010010
     10:     3 9'----1-1-0   ->     2 7'0010100
     11:     3 9'------0-0   ->     3 7'0010100
     12:     3 9'----0-1-0   ->     3 7'0010100
     13:     3 9'--------1   ->     4 7'0010100
     14:     4 9'----1---0   ->     0 7'1010000
     15:     4 9'----0---0   ->     4 7'1010000
     16:     4 9'--------1   ->     4 7'1010000
     17:     5 9'11-----00   ->     1 7'0100000
     18:     5 9'--------1   ->     4 7'0100000
     19:     5 9'-0-----00   ->     5 7'0100000
     20:     5 9'01-----00   ->     5 7'0100000
     21:     5 9'-------10   ->     5 7'0100000

-------------------------------------

FSM `$fsm$\state$1918' from module `serial_link':
-------------------------------------

  Information on FSM $fsm$\state$1918 (\state):

  Number of input signals:   12
  Number of output signals:   6
  Number of state bits:       6

  Input signals:
    0: \rx_arm
    1: \tx_arm
    2: \cancel
    3: \cs_rise
    4: \sclk_rise
    5: \tx_last_sampled
    6: $logic_and$src/serial_link.v:151$207_Y
    7: $ge$src/serial_link.v:170$212_Y
    8: $logic_and$src/serial_link.v:174$214_Y
    9: $logic_or$src/serial_link.v:190$217_Y
   10: $logic_or$src/serial_link.v:207$222_Y
   11: $logic_and$src/serial_link.v:219$225_Y

  Output signals:
    0: \rx_active
    1: $eq$src/serial_link.v:72$188_Y
    2: $eq$src/serial_link.v:72$189_Y
    3: $eq$src/serial_link.v:75$191_Y
    4: $procmux$1153_CMP
    5: $procmux$1154_CMP

  State encoding:
    0:   6'-----1  <RESET STATE>
    1:   6'----1-
    2:   6'---1--
    3:   6'--1---
    4:   6'-1----
    5:   6'1-----

  Transition Table (state_in, ctrl_in, state_out, ctrl_out):
      0:     0 12'---------000   ->     0 6'100000
      1:     0 12'---------1--   ->     0 6'100000
      2:     0 12'---------0-1   ->     3 6'100000
      3:     0 12'---------010   ->     5 6'100000
      4:     1 12'-1-----100--   ->     0 6'000010
      5:     1 12'--------10--   ->     0 6'000010
      6:     1 12'---------1--   ->     0 6'000010
      7:     1 12'1-----0000--   ->     1 6'000010
      8:     1 12'0------000--   ->     1 6'000010
      9:     1 12'-0-----100--   ->     1 6'000010
     10:     1 12'1-----1000--   ->     4 6'000010
     11:     2 12'---10--100--   ->     0 6'000001
     12:     2 12'----1--100--   ->     0 6'000001
     13:     2 12'--------10--   ->     0 6'000001
     14:     2 12'---------1--   ->     0 6'000001
     15:     2 12'-------000--   ->     2 6'000001
     16:     2 12'---00--100--   ->     2 6'000001
     17:     3 12'---------1--   ->     0 6'010000
     18:     3 12'-----1---0--   ->     2 6'010000
     19:     3 12'-----0---0--   ->     3 6'010000
     20:     4 12'-------100--   ->     0 6'000100
     21:     4 12'--------10--   ->     0 6'000100
     22:     4 12'---------1--   ->     0 6'000100
     23:     4 12'-------000--   ->     4 6'000100
     24:     5 12'--0--1---0--   ->     0 6'001000
     25:     5 12'---------1--   ->     0 6'001000
     26:     5 12'--1--1---0--   ->     1 6'001000
     27:     5 12'-----0---0--   ->     5 6'001000

-------------------------------------

13.7.8. Executing FSM_MAP pass (mapping FSMs to basic logic).
Mapping FSM `$fsm$\state$1909' from module `$paramod$0207631bd49897fc40da4a49890f896231b73492\szymon_fixed'.
Mapping FSM `$fsm$\state$1918' from module `\serial_link'.

13.8. Executing OPT pass (performing simple optimizations).

13.8.1. Executing OPT_EXPR pass (perform const folding).
Optimizing module $paramod$0207631bd49897fc40da4a49890f896231b73492\szymon_fixed.
<suppressed ~7 debug messages>
Optimizing module $paramod$143b15b9608e06eea62a21ca91d45c97880ffd0d\kb.
Optimizing module $paramod$189e5c5ece264226de8c0df8c90596b8bf71b942\timebase.
Optimizing module $paramod$b049745b6f1e89ce45cffbd1455f86ba117e4804\buzzer.
Optimizing module $paramod$b92c0599001ba7fee29ca99bde4121d40086de58\regs.
Optimizing module $paramod\auth_ctrl\AUTH_TIMEOUT_MS=s32'00000000000000000001001110001000.
Optimizing module $paramod\sync2\WIDTH=s32'00000000000000000000000000000011.
Optimizing module $paramod\sync2\WIDTH=s32'00000000000000000000000000000100.
Optimizing module reset_release.
Optimizing module rumcajs.
Optimizing module serial_link.
<suppressed ~7 debug messages>
Optimizing module tt_um_rumcajs.

13.8.2. Executing OPT_MERGE pass (detect identical cells).
Finding identical cells in module `$paramod$0207631bd49897fc40da4a49890f896231b73492\szymon_fixed'.
Finding identical cells in module `$paramod$143b15b9608e06eea62a21ca91d45c97880ffd0d\kb'.
Finding identical cells in module `$paramod$189e5c5ece264226de8c0df8c90596b8bf71b942\timebase'.
Finding identical cells in module `$paramod$b049745b6f1e89ce45cffbd1455f86ba117e4804\buzzer'.
Finding identical cells in module `$paramod$b92c0599001ba7fee29ca99bde4121d40086de58\regs'.
Finding identical cells in module `$paramod\auth_ctrl\AUTH_TIMEOUT_MS=s32'00000000000000000001001110001000'.
Finding identical cells in module `$paramod\sync2\WIDTH=s32'00000000000000000000000000000011'.
Finding identical cells in module `$paramod\sync2\WIDTH=s32'00000000000000000000000000000100'.
Finding identical cells in module `\reset_release'.
Finding identical cells in module `\rumcajs'.
Finding identical cells in module `\serial_link'.
<suppressed ~6 debug messages>
Finding identical cells in module `\tt_um_rumcajs'.
Removed a total of 2 cells.

13.8.3. Executing OPT_MUXTREE pass (detect dead branches in mux trees).
Running muxtree optimizer on module $paramod$0207631bd49897fc40da4a49890f896231b73492\szymon_fixed..
  Creating internal representation of mux trees.
  Evaluating internal representation of mux trees.
  Analyzing evaluation results.
Running muxtree optimizer on module $paramod$143b15b9608e06eea62a21ca91d45c97880ffd0d\kb..
  Creating internal representation of mux trees.
  Evaluating internal representation of mux trees.
  Analyzing evaluation results.
Running muxtree optimizer on module $paramod$189e5c5ece264226de8c0df8c90596b8bf71b942\timebase..
  Creating internal representation of mux trees.
  Evaluating internal representation of mux trees.
  Analyzing evaluation results.
Running muxtree optimizer on module $paramod$b049745b6f1e89ce45cffbd1455f86ba117e4804\buzzer..
  Creating internal representation of mux trees.
  Evaluating internal representation of mux trees.
  Analyzing evaluation results.
Running muxtree optimizer on module $paramod$b92c0599001ba7fee29ca99bde4121d40086de58\regs..
  Creating internal representation of mux trees.
  Evaluating internal representation of mux trees.
  Analyzing evaluation results.
Running muxtree optimizer on module $paramod\auth_ctrl\AUTH_TIMEOUT_MS=s32'00000000000000000001001110001000..
  Creating internal representation of mux trees.
  Evaluating internal representation of mux trees.
  Analyzing evaluation results.
Running muxtree optimizer on module $paramod\sync2\WIDTH=s32'00000000000000000000000000000011..
  Creating internal representation of mux trees.
  No muxes found in this module.
Running muxtree optimizer on module $paramod\sync2\WIDTH=s32'00000000000000000000000000000100..
  Creating internal representation of mux trees.
  No muxes found in this module.
Running muxtree optimizer on module \reset_release..
  Creating internal representation of mux trees.
  No muxes found in this module.
Running muxtree optimizer on module \rumcajs..
  Creating internal representation of mux trees.
  Evaluating internal representation of mux trees.
  Analyzing evaluation results.
Running muxtree optimizer on module \serial_link..
  Creating internal representation of mux trees.
  Evaluating internal representation of mux trees.
  Analyzing evaluation results.
Running muxtree optimizer on module \tt_um_rumcajs..
  Creating internal representation of mux trees.
  No muxes found in this module.
Removed 0 multiplexer ports.
<suppressed ~78 debug messages>

13.8.4. Executing OPT_REDUCE pass (consolidate $*mux and $reduce_* inputs).
  Optimizing cells in module $paramod$0207631bd49897fc40da4a49890f896231b73492\szymon_fixed.
  Optimizing cells in module $paramod$143b15b9608e06eea62a21ca91d45c97880ffd0d\kb.
  Optimizing cells in module $paramod$189e5c5ece264226de8c0df8c90596b8bf71b942\timebase.
  Optimizing cells in module $paramod$b049745b6f1e89ce45cffbd1455f86ba117e4804\buzzer.
  Optimizing cells in module $paramod$b92c0599001ba7fee29ca99bde4121d40086de58\regs.
  Optimizing cells in module $paramod\auth_ctrl\AUTH_TIMEOUT_MS=s32'00000000000000000001001110001000.
  Optimizing cells in module $paramod\sync2\WIDTH=s32'00000000000000000000000000000011.
  Optimizing cells in module $paramod\sync2\WIDTH=s32'00000000000000000000000000000100.
  Optimizing cells in module \reset_release.
  Optimizing cells in module \rumcajs.
  Optimizing cells in module \serial_link.
  Optimizing cells in module \tt_um_rumcajs.
Performed a total of 0 changes.

13.8.5. Executing OPT_MERGE pass (detect identical cells).
Finding identical cells in module `$paramod$0207631bd49897fc40da4a49890f896231b73492\szymon_fixed'.
Finding identical cells in module `$paramod$143b15b9608e06eea62a21ca91d45c97880ffd0d\kb'.
Finding identical cells in module `$paramod$189e5c5ece264226de8c0df8c90596b8bf71b942\timebase'.
Finding identical cells in module `$paramod$b049745b6f1e89ce45cffbd1455f86ba117e4804\buzzer'.
Finding identical cells in module `$paramod$b92c0599001ba7fee29ca99bde4121d40086de58\regs'.
Finding identical cells in module `$paramod\auth_ctrl\AUTH_TIMEOUT_MS=s32'00000000000000000001001110001000'.
Finding identical cells in module `$paramod\sync2\WIDTH=s32'00000000000000000000000000000011'.
Finding identical cells in module `$paramod\sync2\WIDTH=s32'00000000000000000000000000000100'.
Finding identical cells in module `\reset_release'.
Finding identical cells in module `\rumcajs'.
Finding identical cells in module `\serial_link'.
Finding identical cells in module `\tt_um_rumcajs'.
Removed a total of 0 cells.

13.8.6. Executing OPT_DFF pass (perform DFF optimizations).
Adding SRST signal on $procdff$1892 ($dff) from module $paramod$0207631bd49897fc40da4a49890f896231b73492\szymon_fixed (D = $xor$src/szymon_fixed.v:117$400_Y, Q = \key_accumulator, rval = 1'0).
Adding SRST signal on $procdff$1891 ($dff) from module $paramod$0207631bd49897fc40da4a49890f896231b73492\szymon_fixed (D = $procmux$1628_Y, Q = \key_depth, rval = 3'000).
Adding EN signal on $auto$ff.cc:266:slice$2098 ($sdff) from module $paramod$0207631bd49897fc40da4a49890f896231b73492\szymon_fixed (D = $add$src/szymon_fixed.v:116$396_Y, Q = \key_depth).
Adding SRST signal on $procdff$1890 ($dff) from module $paramod$0207631bd49897fc40da4a49890f896231b73492\szymon_fixed (D = $add$src/szymon_fixed.v:114$394_Y, Q = \key_phase, rval = 2'00).
Adding EN signal on $procdff$1889 ($adff) from module $paramod$0207631bd49897fc40da4a49890f896231b73492\szymon_fixed (D = $0\round_count[5:0], Q = \round_count).
Adding EN signal on $procdff$1884 ($adff) from module $paramod$0207631bd49897fc40da4a49890f896231b73492\szymon_fixed (D = $0\bit_count[5:0], Q = \bit_count).
Adding SRST signal on $procdff$1874 ($dff) from module $paramod$0207631bd49897fc40da4a49890f896231b73492\szymon_fixed (D = $procmux$1521_Y [0], Q = \b [0], rval = 1'0).
Adding EN signal on $procdff$1874 ($dff) from module $paramod$0207631bd49897fc40da4a49890f896231b73492\szymon_fixed (D = $0\b[31:0] [31:1], Q = \b [31:1]).
Adding EN signal on $auto$ff.cc:266:slice$2127 ($sdff) from module $paramod$0207631bd49897fc40da4a49890f896231b73492\szymon_fixed (D = \b_input, Q = \b [0]).
Adding EN signal on $procdff$1873 ($dff) from module $paramod$0207631bd49897fc40da4a49890f896231b73492\szymon_fixed (D = $0\a[31:0], Q = \a).
Adding EN signal on $procdff$1697 ($adff) from module $paramod$143b15b9608e06eea62a21ca91d45c97880ffd0d\kb (D = $0\frame_first_id[3:0], Q = \frame_first_id).
Adding EN signal on $procdff$1692 ($adff) from module $paramod$143b15b9608e06eea62a21ca91d45c97880ffd0d\kb (D = $0\frame_hits[1:0], Q = \frame_hits).
Adding EN signal on $procdff$1682 ($adff) from module $paramod$143b15b9608e06eea62a21ca91d45c97880ffd0d\kb (D = $0\row_index[1:0], Q = \row_index).
Adding EN signal on $procdff$1677 ($adff) from module $paramod$143b15b9608e06eea62a21ca91d45c97880ffd0d\kb (D = $0\key_id[3:0], Q = \key_id).
Adding EN signal on $procdff$1667 ($adff) from module $paramod$189e5c5ece264226de8c0df8c90596b8bf71b942\timebase (D = $procmux$639_Y, Q = \ms_count).
Adding EN signal on $procdff$1867 ($adff) from module $paramod$b049745b6f1e89ce45cffbd1455f86ba117e4804\buzzer (D = $0\tone_count[0:0], Q = \tone_count).
Adding EN signal on $procdff$1862 ($adff) from module $paramod$b049745b6f1e89ce45cffbd1455f86ba117e4804\buzzer (D = $0\beep_count[5:0], Q = \beep_count).
Adding EN signal on $procdff$1752 ($adff) from module $paramod$b92c0599001ba7fee29ca99bde4121d40086de58\regs (D = $add$src/regs.v:111$536_Y, Q = \fail_count).
Adding EN signal on $procdff$1747 ($adff) from module $paramod$b92c0599001ba7fee29ca99bde4121d40086de58\regs (D = $0\session_busy[0:0], Q = \session_busy).
Adding EN signal on $procdff$1742 ($adff) from module $paramod$b92c0599001ba7fee29ca99bde4121d40086de58\regs (D = $0\digit_count[1:0], Q = \digit_count).
Adding EN signal on $procdff$1737 ($adff) from module $paramod$b92c0599001ba7fee29ca99bde4121d40086de58\regs (D = $0\pin_shift[31:0], Q = \pin_shift).
Adding EN signal on $procdff$1842 ($adff) from module $paramod\auth_ctrl\AUTH_TIMEOUT_MS=s32'00000000000000000001001110001000 (D = $0\state[3:0], Q = \state).
Adding EN signal on $procdff$1832 ($adff) from module serial_link (D = $0\tx_last_sampled[0:0], Q = \tx_last_sampled).
Adding EN signal on $procdff$1827 ($adff) from module serial_link (D = $0\tx_sampled_wait_fall[0:0], Q = \tx_sampled_wait_fall).
Adding EN signal on $procdff$1822 ($adff) from module serial_link (D = $0\tx_hold_last[0:0], Q = \tx_hold_last).
Adding EN signal on $procdff$1817 ($adff) from module serial_link (D = $0\tx_hold_bit[0:0], Q = \tx_hold_bit).
Adding EN signal on $procdff$1807 ($adff) from module serial_link (D = $0\rx_bit_hold[0:0], Q = \rx_bit_hold).
Adding EN signal on $procdff$1797 ($adff) from module serial_link (D = $0\bit_count[6:0], Q = \bit_count).
Adding EN signal on $procdff$1792 ($adff) from module serial_link (D = $0\seen_cs_high[0:0], Q = \seen_cs_high).

13.8.7. Executing OPT_CLEAN pass (remove unused cells and wires).
Finding unused cells or wires in module $paramod$0207631bd49897fc40da4a49890f896231b73492\szymon_fixed..
Finding unused cells or wires in module $paramod$143b15b9608e06eea62a21ca91d45c97880ffd0d\kb..
Finding unused cells or wires in module $paramod$189e5c5ece264226de8c0df8c90596b8bf71b942\timebase..
Finding unused cells or wires in module $paramod$b049745b6f1e89ce45cffbd1455f86ba117e4804\buzzer..
Finding unused cells or wires in module $paramod$b92c0599001ba7fee29ca99bde4121d40086de58\regs..
Finding unused cells or wires in module $paramod\auth_ctrl\AUTH_TIMEOUT_MS=s32'00000000000000000001001110001000..
Finding unused cells or wires in module $paramod\sync2\WIDTH=s32'00000000000000000000000000000011..
Finding unused cells or wires in module $paramod\sync2\WIDTH=s32'00000000000000000000000000000100..
Finding unused cells or wires in module \reset_release..
Finding unused cells or wires in module \rumcajs..
Finding unused cells or wires in module \serial_link..
Finding unused cells or wires in module \tt_um_rumcajs..
Removed 7 unused cells and 24 unused wires.
<suppressed ~11 debug messages>

13.8.8. Executing OPT_EXPR pass (perform const folding).
Optimizing module $paramod$0207631bd49897fc40da4a49890f896231b73492\szymon_fixed.
<suppressed ~2 debug messages>
Optimizing module $paramod$143b15b9608e06eea62a21ca91d45c97880ffd0d\kb.
<suppressed ~1 debug messages>
Optimizing module $paramod$189e5c5ece264226de8c0df8c90596b8bf71b942\timebase.
Optimizing module $paramod$b049745b6f1e89ce45cffbd1455f86ba117e4804\buzzer.
Optimizing module $paramod$b92c0599001ba7fee29ca99bde4121d40086de58\regs.
<suppressed ~3 debug messages>
Optimizing module $paramod\auth_ctrl\AUTH_TIMEOUT_MS=s32'00000000000000000001001110001000.
Optimizing module $paramod\sync2\WIDTH=s32'00000000000000000000000000000011.
Optimizing module $paramod\sync2\WIDTH=s32'00000000000000000000000000000100.
Optimizing module reset_release.
Optimizing module rumcajs.
Optimizing module serial_link.
<suppressed ~7 debug messages>
Optimizing module tt_um_rumcajs.

13.8.9. Rerunning OPT passes. (Maybe there is more to do..)

13.8.10. Executing OPT_MUXTREE pass (detect dead branches in mux trees).
Running muxtree optimizer on module $paramod$0207631bd49897fc40da4a49890f896231b73492\szymon_fixed..
  Creating internal representation of mux trees.
  Evaluating internal representation of mux trees.
  Analyzing evaluation results.
Running muxtree optimizer on module $paramod$143b15b9608e06eea62a21ca91d45c97880ffd0d\kb..
  Creating internal representation of mux trees.
  Evaluating internal representation of mux trees.
  Analyzing evaluation results.
Running muxtree optimizer on module $paramod$189e5c5ece264226de8c0df8c90596b8bf71b942\timebase..
  Creating internal representation of mux trees.
  Evaluating internal representation of mux trees.
  Analyzing evaluation results.
Running muxtree optimizer on module $paramod$b049745b6f1e89ce45cffbd1455f86ba117e4804\buzzer..
  Creating internal representation of mux trees.
  Evaluating internal representation of mux trees.
  Analyzing evaluation results.
Running muxtree optimizer on module $paramod$b92c0599001ba7fee29ca99bde4121d40086de58\regs..
  Creating internal representation of mux trees.
  Evaluating internal representation of mux trees.
  Analyzing evaluation results.
Running muxtree optimizer on module $paramod\auth_ctrl\AUTH_TIMEOUT_MS=s32'00000000000000000001001110001000..
  Creating internal representation of mux trees.
  Evaluating internal representation of mux trees.
  Analyzing evaluation results.
Running muxtree optimizer on module $paramod\sync2\WIDTH=s32'00000000000000000000000000000011..
  Creating internal representation of mux trees.
  No muxes found in this module.
Running muxtree optimizer on module $paramod\sync2\WIDTH=s32'00000000000000000000000000000100..
  Creating internal representation of mux trees.
  No muxes found in this module.
Running muxtree optimizer on module \reset_release..
  Creating internal representation of mux trees.
  No muxes found in this module.
Running muxtree optimizer on module \rumcajs..
  Creating internal representation of mux trees.
  Evaluating internal representation of mux trees.
  Analyzing evaluation results.
Running muxtree optimizer on module \serial_link..
  Creating internal representation of mux trees.
  Evaluating internal representation of mux trees.
  Analyzing evaluation results.
Running muxtree optimizer on module \tt_um_rumcajs..
  Creating internal representation of mux trees.
  No muxes found in this module.
Removed 0 multiplexer ports.
<suppressed ~75 debug messages>

13.8.11. Executing OPT_REDUCE pass (consolidate $*mux and $reduce_* inputs).
  Optimizing cells in module $paramod$0207631bd49897fc40da4a49890f896231b73492\szymon_fixed.
  Optimizing cells in module $paramod$143b15b9608e06eea62a21ca91d45c97880ffd0d\kb.
  Optimizing cells in module $paramod$189e5c5ece264226de8c0df8c90596b8bf71b942\timebase.
  Optimizing cells in module $paramod$b049745b6f1e89ce45cffbd1455f86ba117e4804\buzzer.
  Optimizing cells in module $paramod$b92c0599001ba7fee29ca99bde4121d40086de58\regs.
  Optimizing cells in module $paramod\auth_ctrl\AUTH_TIMEOUT_MS=s32'00000000000000000001001110001000.
  Optimizing cells in module $paramod\sync2\WIDTH=s32'00000000000000000000000000000011.
  Optimizing cells in module $paramod\sync2\WIDTH=s32'00000000000000000000000000000100.
  Optimizing cells in module \reset_release.
  Optimizing cells in module \rumcajs.
  Optimizing cells in module \serial_link.
  Optimizing cells in module \tt_um_rumcajs.
Performed a total of 0 changes.

13.8.12. Executing OPT_MERGE pass (detect identical cells).
Finding identical cells in module `$paramod$0207631bd49897fc40da4a49890f896231b73492\szymon_fixed'.
<suppressed ~15 debug messages>
Finding identical cells in module `$paramod$143b15b9608e06eea62a21ca91d45c97880ffd0d\kb'.
<suppressed ~21 debug messages>
Finding identical cells in module `$paramod$189e5c5ece264226de8c0df8c90596b8bf71b942\timebase'.
Finding identical cells in module `$paramod$b049745b6f1e89ce45cffbd1455f86ba117e4804\buzzer'.
Finding identical cells in module `$paramod$b92c0599001ba7fee29ca99bde4121d40086de58\regs'.
<suppressed ~15 debug messages>
Finding identical cells in module `$paramod\auth_ctrl\AUTH_TIMEOUT_MS=s32'00000000000000000001001110001000'.
Finding identical cells in module `$paramod\sync2\WIDTH=s32'00000000000000000000000000000011'.
Finding identical cells in module `$paramod\sync2\WIDTH=s32'00000000000000000000000000000100'.
Finding identical cells in module `\reset_release'.
Finding identical cells in module `\rumcajs'.
Finding identical cells in module `\serial_link'.
<suppressed ~21 debug messages>
Finding identical cells in module `\tt_um_rumcajs'.
Removed a total of 24 cells.

13.8.13. Executing OPT_DFF pass (perform DFF optimizations).

13.8.14. Executing OPT_CLEAN pass (remove unused cells and wires).
Finding unused cells or wires in module $paramod$0207631bd49897fc40da4a49890f896231b73492\szymon_fixed..
Finding unused cells or wires in module $paramod$143b15b9608e06eea62a21ca91d45c97880ffd0d\kb..
Finding unused cells or wires in module $paramod$189e5c5ece264226de8c0df8c90596b8bf71b942\timebase..
Finding unused cells or wires in module $paramod$b049745b6f1e89ce45cffbd1455f86ba117e4804\buzzer..
Finding unused cells or wires in module $paramod$b92c0599001ba7fee29ca99bde4121d40086de58\regs..
Finding unused cells or wires in module $paramod\auth_ctrl\AUTH_TIMEOUT_MS=s32'00000000000000000001001110001000..
Finding unused cells or wires in module $paramod\sync2\WIDTH=s32'00000000000000000000000000000011..
Finding unused cells or wires in module $paramod\sync2\WIDTH=s32'00000000000000000000000000000100..
Finding unused cells or wires in module \reset_release..
Finding unused cells or wires in module \rumcajs..
Finding unused cells or wires in module \serial_link..
Finding unused cells or wires in module \tt_um_rumcajs..
Removed 0 unused cells and 24 unused wires.
<suppressed ~4 debug messages>

13.8.15. Executing OPT_EXPR pass (perform const folding).
Optimizing module $paramod$0207631bd49897fc40da4a49890f896231b73492\szymon_fixed.
Optimizing module $paramod$143b15b9608e06eea62a21ca91d45c97880ffd0d\kb.
Optimizing module $paramod$189e5c5ece264226de8c0df8c90596b8bf71b942\timebase.
Optimizing module $paramod$b049745b6f1e89ce45cffbd1455f86ba117e4804\buzzer.
Optimizing module $paramod$b92c0599001ba7fee29ca99bde4121d40086de58\regs.
Optimizing module $paramod\auth_ctrl\AUTH_TIMEOUT_MS=s32'00000000000000000001001110001000.
Optimizing module $paramod\sync2\WIDTH=s32'00000000000000000000000000000011.
Optimizing module $paramod\sync2\WIDTH=s32'00000000000000000000000000000100.
Optimizing module reset_release.
Optimizing module rumcajs.
Optimizing module serial_link.
Optimizing module tt_um_rumcajs.

13.8.16. Rerunning OPT passes. (Maybe there is more to do..)

13.8.17. Executing OPT_MUXTREE pass (detect dead branches in mux trees).
Running muxtree optimizer on module $paramod$0207631bd49897fc40da4a49890f896231b73492\szymon_fixed..
  Creating internal representation of mux trees.
  Evaluating internal representation of mux trees.
  Analyzing evaluation results.
Running muxtree optimizer on module $paramod$143b15b9608e06eea62a21ca91d45c97880ffd0d\kb..
  Creating internal representation of mux trees.
  Evaluating internal representation of mux trees.
  Analyzing evaluation results.
Running muxtree optimizer on module $paramod$189e5c5ece264226de8c0df8c90596b8bf71b942\timebase..
  Creating internal representation of mux trees.
  Evaluating internal representation of mux trees.
  Analyzing evaluation results.
Running muxtree optimizer on module $paramod$b049745b6f1e89ce45cffbd1455f86ba117e4804\buzzer..
  Creating internal representation of mux trees.
  Evaluating internal representation of mux trees.
  Analyzing evaluation results.
Running muxtree optimizer on module $paramod$b92c0599001ba7fee29ca99bde4121d40086de58\regs..
  Creating internal representation of mux trees.
  Evaluating internal representation of mux trees.
  Analyzing evaluation results.
Running muxtree optimizer on module $paramod\auth_ctrl\AUTH_TIMEOUT_MS=s32'00000000000000000001001110001000..
  Creating internal representation of mux trees.
  Evaluating internal representation of mux trees.
  Analyzing evaluation results.
Running muxtree optimizer on module $paramod\sync2\WIDTH=s32'00000000000000000000000000000011..
  Creating internal representation of mux trees.
  No muxes found in this module.
Running muxtree optimizer on module $paramod\sync2\WIDTH=s32'00000000000000000000000000000100..
  Creating internal representation of mux trees.
  No muxes found in this module.
Running muxtree optimizer on module \reset_release..
  Creating internal representation of mux trees.
  No muxes found in this module.
Running muxtree optimizer on module \rumcajs..
  Creating internal representation of mux trees.
  Evaluating internal representation of mux trees.
  Analyzing evaluation results.
Running muxtree optimizer on module \serial_link..
  Creating internal representation of mux trees.
  Evaluating internal representation of mux trees.
  Analyzing evaluation results.
Running muxtree optimizer on module \tt_um_rumcajs..
  Creating internal representation of mux trees.
  No muxes found in this module.
Removed 0 multiplexer ports.
<suppressed ~76 debug messages>

13.8.18. Executing OPT_REDUCE pass (consolidate $*mux and $reduce_* inputs).
  Optimizing cells in module $paramod$0207631bd49897fc40da4a49890f896231b73492\szymon_fixed.
  Optimizing cells in module $paramod$143b15b9608e06eea62a21ca91d45c97880ffd0d\kb.
  Optimizing cells in module $paramod$189e5c5ece264226de8c0df8c90596b8bf71b942\timebase.
  Optimizing cells in module $paramod$b049745b6f1e89ce45cffbd1455f86ba117e4804\buzzer.
  Optimizing cells in module $paramod$b92c0599001ba7fee29ca99bde4121d40086de58\regs.
  Optimizing cells in module $paramod\auth_ctrl\AUTH_TIMEOUT_MS=s32'00000000000000000001001110001000.
  Optimizing cells in module $paramod\sync2\WIDTH=s32'00000000000000000000000000000011.
  Optimizing cells in module $paramod\sync2\WIDTH=s32'00000000000000000000000000000100.
  Optimizing cells in module \reset_release.
  Optimizing cells in module \rumcajs.
  Optimizing cells in module \serial_link.
  Optimizing cells in module \tt_um_rumcajs.
Performed a total of 0 changes.

13.8.19. Executing OPT_MERGE pass (detect identical cells).
Finding identical cells in module `$paramod$0207631bd49897fc40da4a49890f896231b73492\szymon_fixed'.
Finding identical cells in module `$paramod$143b15b9608e06eea62a21ca91d45c97880ffd0d\kb'.
Finding identical cells in module `$paramod$189e5c5ece264226de8c0df8c90596b8bf71b942\timebase'.
Finding identical cells in module `$paramod$b049745b6f1e89ce45cffbd1455f86ba117e4804\buzzer'.
Finding identical cells in module `$paramod$b92c0599001ba7fee29ca99bde4121d40086de58\regs'.
Finding identical cells in module `$paramod\auth_ctrl\AUTH_TIMEOUT_MS=s32'00000000000000000001001110001000'.
Finding identical cells in module `$paramod\sync2\WIDTH=s32'00000000000000000000000000000011'.
Finding identical cells in module `$paramod\sync2\WIDTH=s32'00000000000000000000000000000100'.
Finding identical cells in module `\reset_release'.
Finding identical cells in module `\rumcajs'.
Finding identical cells in module `\serial_link'.
Finding identical cells in module `\tt_um_rumcajs'.
Removed a total of 0 cells.

13.8.20. Executing OPT_DFF pass (perform DFF optimizations).

13.8.21. Executing OPT_CLEAN pass (remove unused cells and wires).
Finding unused cells or wires in module $paramod$0207631bd49897fc40da4a49890f896231b73492\szymon_fixed..
Finding unused cells or wires in module $paramod$143b15b9608e06eea62a21ca91d45c97880ffd0d\kb..
Finding unused cells or wires in module $paramod$189e5c5ece264226de8c0df8c90596b8bf71b942\timebase..
Finding unused cells or wires in module $paramod$b049745b6f1e89ce45cffbd1455f86ba117e4804\buzzer..
Finding unused cells or wires in module $paramod$b92c0599001ba7fee29ca99bde4121d40086de58\regs..
Finding unused cells or wires in module $paramod\auth_ctrl\AUTH_TIMEOUT_MS=s32'00000000000000000001001110001000..
Finding unused cells or wires in module $paramod\sync2\WIDTH=s32'00000000000000000000000000000011..
Finding unused cells or wires in module $paramod\sync2\WIDTH=s32'00000000000000000000000000000100..
Finding unused cells or wires in module \reset_release..
Finding unused cells or wires in module \rumcajs..
Finding unused cells or wires in module \serial_link..
Finding unused cells or wires in module \tt_um_rumcajs..

13.8.22. Executing OPT_EXPR pass (perform const folding).
Optimizing module $paramod$0207631bd49897fc40da4a49890f896231b73492\szymon_fixed.
Optimizing module $paramod$143b15b9608e06eea62a21ca91d45c97880ffd0d\kb.
Optimizing module $paramod$189e5c5ece264226de8c0df8c90596b8bf71b942\timebase.
Optimizing module $paramod$b049745b6f1e89ce45cffbd1455f86ba117e4804\buzzer.
Optimizing module $paramod$b92c0599001ba7fee29ca99bde4121d40086de58\regs.
Optimizing module $paramod\auth_ctrl\AUTH_TIMEOUT_MS=s32'00000000000000000001001110001000.
Optimizing module $paramod\sync2\WIDTH=s32'00000000000000000000000000000011.
Optimizing module $paramod\sync2\WIDTH=s32'00000000000000000000000000000100.
Optimizing module reset_release.
Optimizing module rumcajs.
Optimizing module serial_link.
Optimizing module tt_um_rumcajs.

13.8.23. Finished OPT passes. (There is nothing left to do.)

13.9. Executing WREDUCE pass (reducing word size of cells).
Removed top 1 bits (of 2) from port B of cell $paramod$0207631bd49897fc40da4a49890f896231b73492\szymon_fixed.$auto$opt_dff.cc:195:make_patterns_logic$2113 ($ne).
Removed top 1 bits (of 6) from port B of cell $paramod$0207631bd49897fc40da4a49890f896231b73492\szymon_fixed.$sub$src/szymon_fixed.v:84$369 ($sub).
Removed top 4 bits (of 6) from mux cell $paramod$0207631bd49897fc40da4a49890f896231b73492\szymon_fixed.$ternary$src/szymon_fixed.v:88$374 ($mux).
Removed top 4 bits (of 6) from port B of cell $paramod$0207631bd49897fc40da4a49890f896231b73492\szymon_fixed.$sub$src/szymon_fixed.v:88$375 ($sub).
Removed top 1 bits (of 6) from port B of cell $paramod$0207631bd49897fc40da4a49890f896231b73492\szymon_fixed.$eq$src/szymon_fixed.v:175$426 ($eq).
Removed top 1 bits (of 3) from port B of cell $paramod$0207631bd49897fc40da4a49890f896231b73492\szymon_fixed.$auto$fsm_map.cc:77:implement_pattern_cache$1970 ($eq).
Removed top 1 bits (of 4) from port B of cell $paramod$0207631bd49897fc40da4a49890f896231b73492\szymon_fixed.$auto$opt_dff.cc:195:make_patterns_logic$2105 ($ne).
Removed top 2 bits (of 3) from port B of cell $paramod$0207631bd49897fc40da4a49890f896231b73492\szymon_fixed.$auto$opt_dff.cc:195:make_patterns_logic$2122 ($ne).
Removed top 1 bits (of 3) from port B of cell $paramod$0207631bd49897fc40da4a49890f896231b73492\szymon_fixed.$auto$fsm_map.cc:77:implement_pattern_cache$1952 ($eq).
Removed top 2 bits (of 3) from port B of cell $paramod$0207631bd49897fc40da4a49890f896231b73492\szymon_fixed.$auto$opt_dff.cc:195:make_patterns_logic$2103 ($ne).
Removed top 1 bits (of 4) from port B of cell $paramod$0207631bd49897fc40da4a49890f896231b73492\szymon_fixed.$auto$fsm_map.cc:77:implement_pattern_cache$1990 ($eq).
Removed top 2 bits (of 3) from port B of cell $paramod$0207631bd49897fc40da4a49890f896231b73492\szymon_fixed.$auto$opt_dff.cc:195:make_patterns_logic$2107 ($ne).
Removed top 3 bits (of 4) from port B of cell $paramod$0207631bd49897fc40da4a49890f896231b73492\szymon_fixed.$auto$opt_dff.cc:195:make_patterns_logic$2109 ($ne).
Removed top 2 bits (of 5) from mux cell $paramod$0207631bd49897fc40da4a49890f896231b73492\szymon_fixed.$procmux$1634 ($pmux).
Removed top 1 bits (of 2) from port B of cell $paramod$0207631bd49897fc40da4a49890f896231b73492\szymon_fixed.$procmux$1636_CMP0 ($eq).
Removed top 4 bits (of 6) from wire $paramod$0207631bd49897fc40da4a49890f896231b73492\szymon_fixed.$ternary$src/szymon_fixed.v:88$374_Y.
Removed top 2 bits (of 5) from wire $paramod$0207631bd49897fc40da4a49890f896231b73492\szymon_fixed.bit_offset.
Removed top 30 bits (of 32) from port B of cell $paramod$143b15b9608e06eea62a21ca91d45c97880ffd0d\kb.$ge$src/kb.v:77$550 ($ge).
Removed top 3 bits (of 4) from port A of cell $paramod$143b15b9608e06eea62a21ca91d45c97880ffd0d\kb.$shl$src/kb.v:94$554 ($shl).
Removed top 1 bits (of 2) from port B of cell $paramod$143b15b9608e06eea62a21ca91d45c97880ffd0d\kb.$eq$src/kb.v:171$570 ($eq).
Removed top 30 bits (of 32) from port B of cell $paramod$143b15b9608e06eea62a21ca91d45c97880ffd0d\kb.$ge$src/kb.v:183$571 ($ge).
Removed top 31 bits (of 32) from port A of cell $paramod$143b15b9608e06eea62a21ca91d45c97880ffd0d\kb.$add$src/kb.v:38$598 ($add).
Removed top 31 bits (of 32) from port B of cell $paramod$143b15b9608e06eea62a21ca91d45c97880ffd0d\kb.$add$src/kb.v:38$598 ($add).
Removed top 30 bits (of 32) from port Y of cell $paramod$143b15b9608e06eea62a21ca91d45c97880ffd0d\kb.$add$src/kb.v:38$598 ($add).
Removed top 30 bits (of 32) from port A of cell $paramod$143b15b9608e06eea62a21ca91d45c97880ffd0d\kb.$add$src/kb.v:38$599 ($add).
Removed top 31 bits (of 32) from port B of cell $paramod$143b15b9608e06eea62a21ca91d45c97880ffd0d\kb.$add$src/kb.v:38$599 ($add).
Removed top 29 bits (of 32) from port Y of cell $paramod$143b15b9608e06eea62a21ca91d45c97880ffd0d\kb.$add$src/kb.v:38$599 ($add).
Removed top 29 bits (of 32) from port A of cell $paramod$143b15b9608e06eea62a21ca91d45c97880ffd0d\kb.$add$src/kb.v:38$600 ($add).
Removed top 31 bits (of 32) from port B of cell $paramod$143b15b9608e06eea62a21ca91d45c97880ffd0d\kb.$add$src/kb.v:38$600 ($add).
Removed top 28 bits (of 32) from port Y of cell $paramod$143b15b9608e06eea62a21ca91d45c97880ffd0d\kb.$add$src/kb.v:38$600 ($add).
Removed top 27 bits (of 32) from port A of cell $paramod$143b15b9608e06eea62a21ca91d45c97880ffd0d\kb.$ge$src/kb.v:40$601 ($ge).
Removed top 29 bits (of 32) from port B of cell $paramod$143b15b9608e06eea62a21ca91d45c97880ffd0d\kb.$ge$src/kb.v:40$601 ($ge).
Converting cell $paramod$143b15b9608e06eea62a21ca91d45c97880ffd0d\kb.$ge$src/kb.v:40$601 ($ge) from signed to unsigned.
Removed top 1 bits (of 5) from port A of cell $paramod$143b15b9608e06eea62a21ca91d45c97880ffd0d\kb.$ge$src/kb.v:40$601 ($ge).
Removed top 1 bits (of 3) from port B of cell $paramod$143b15b9608e06eea62a21ca91d45c97880ffd0d\kb.$ge$src/kb.v:40$601 ($ge).
Removed top 5 bits (of 7) from port B of cell $paramod$143b15b9608e06eea62a21ca91d45c97880ffd0d\kb.$auto$opt_dff.cc:195:make_patterns_logic$2140 ($ne).
Removed top 2 bits (of 4) from port B of cell $paramod$143b15b9608e06eea62a21ca91d45c97880ffd0d\kb.$auto$opt_dff.cc:195:make_patterns_logic$2138 ($ne).
Removed top 1 bits (of 6) from port B of cell $paramod$143b15b9608e06eea62a21ca91d45c97880ffd0d\kb.$auto$opt_dff.cc:195:make_patterns_logic$2173 ($ne).
Removed top 3 bits (of 5) from port B of cell $paramod$143b15b9608e06eea62a21ca91d45c97880ffd0d\kb.$auto$opt_dff.cc:195:make_patterns_logic$2171 ($ne).
Removed top 1 bits (of 9) from port B of cell $paramod$143b15b9608e06eea62a21ca91d45c97880ffd0d\kb.$auto$opt_dff.cc:195:make_patterns_logic$2167 ($ne).
Removed top 28 bits (of 32) from wire $paramod$143b15b9608e06eea62a21ca91d45c97880ffd0d\kb.$0\hit_count$func$src/kb.v:75$546.count[31:0]$597.
Removed top 30 bits (of 32) from wire $paramod$143b15b9608e06eea62a21ca91d45c97880ffd0d\kb.$add$src/kb.v:38$598_Y.
Removed top 2 bits (of 4) from port B of cell $paramod$b049745b6f1e89ce45cffbd1455f86ba117e4804\buzzer.$auto$opt_dff.cc:195:make_patterns_logic$2185 ($ne).
Removed top 1 bits (of 3) from port B of cell $paramod$b049745b6f1e89ce45cffbd1455f86ba117e4804\buzzer.$auto$opt_dff.cc:195:make_patterns_logic$2183 ($ne).
Removed top 28 address bits (of 32) from memory init port $paramod$b92c0599001ba7fee29ca99bde4121d40086de58\regs.$auto$mem.cc:328:emit$624 ($auto$proc_rom.cc:155:do_switch$622).
Removed top 3 bits (of 16) from port B of cell $paramod$b92c0599001ba7fee29ca99bde4121d40086de58\regs.$eq$src/regs.v:69$515 ($eq).
Removed top 30 bits (of 32) from port B of cell $paramod$b92c0599001ba7fee29ca99bde4121d40086de58\regs.$ge$src/regs.v:98$517 ($ge).
Removed top 30 bits (of 32) from port B of cell $paramod$b92c0599001ba7fee29ca99bde4121d40086de58\regs.$lt$src/regs.v:110$535 ($lt).
Removed top 1 bits (of 5) from port B of cell $paramod$b92c0599001ba7fee29ca99bde4121d40086de58\regs.$auto$opt_dff.cc:195:make_patterns_logic$2198 ($ne).
Removed top 4 bits (of 32) from FF cell $paramod$b92c0599001ba7fee29ca99bde4121d40086de58\regs.$auto$ff.cc:266:slice$2212 ($adffe).
Removed top 4 bits (of 32) from mux cell $paramod$b92c0599001ba7fee29ca99bde4121d40086de58\regs.$procmux$1089 ($mux).
Removed top 4 bits (of 32) from mux cell $paramod$b92c0599001ba7fee29ca99bde4121d40086de58\regs.$procmux$1086 ($mux).
Removed top 4 bits (of 32) from mux cell $paramod$b92c0599001ba7fee29ca99bde4121d40086de58\regs.$procmux$1084 ($mux).
Removed top 4 bits (of 32) from mux cell $paramod$b92c0599001ba7fee29ca99bde4121d40086de58\regs.$procmux$1081 ($mux).
Removed top 4 bits (of 32) from mux cell $paramod$b92c0599001ba7fee29ca99bde4121d40086de58\regs.$procmux$1079 ($mux).
Removed top 4 bits (of 28) from FF cell $paramod$b92c0599001ba7fee29ca99bde4121d40086de58\regs.$auto$ff.cc:266:slice$2212 ($adffe).
Removed top 4 bits (of 28) from mux cell $paramod$b92c0599001ba7fee29ca99bde4121d40086de58\regs.$procmux$1089 ($mux).
Removed top 4 bits (of 28) from mux cell $paramod$b92c0599001ba7fee29ca99bde4121d40086de58\regs.$procmux$1086 ($mux).
Removed top 4 bits (of 28) from mux cell $paramod$b92c0599001ba7fee29ca99bde4121d40086de58\regs.$procmux$1084 ($mux).
Removed top 4 bits (of 28) from mux cell $paramod$b92c0599001ba7fee29ca99bde4121d40086de58\regs.$procmux$1081 ($mux).
Removed top 4 bits (of 28) from mux cell $paramod$b92c0599001ba7fee29ca99bde4121d40086de58\regs.$procmux$1079 ($mux).
Removed top 4 bits (of 24) from FF cell $paramod$b92c0599001ba7fee29ca99bde4121d40086de58\regs.$auto$ff.cc:266:slice$2212 ($adffe).
Removed top 4 bits (of 24) from mux cell $paramod$b92c0599001ba7fee29ca99bde4121d40086de58\regs.$procmux$1089 ($mux).
Removed top 4 bits (of 24) from mux cell $paramod$b92c0599001ba7fee29ca99bde4121d40086de58\regs.$procmux$1086 ($mux).
Removed top 4 bits (of 24) from mux cell $paramod$b92c0599001ba7fee29ca99bde4121d40086de58\regs.$procmux$1084 ($mux).
Removed top 4 bits (of 24) from mux cell $paramod$b92c0599001ba7fee29ca99bde4121d40086de58\regs.$procmux$1081 ($mux).
Removed top 4 bits (of 24) from mux cell $paramod$b92c0599001ba7fee29ca99bde4121d40086de58\regs.$procmux$1079 ($mux).
Removed top 4 bits (of 20) from FF cell $paramod$b92c0599001ba7fee29ca99bde4121d40086de58\regs.$auto$ff.cc:266:slice$2212 ($adffe).
Removed top 4 bits (of 20) from mux cell $paramod$b92c0599001ba7fee29ca99bde4121d40086de58\regs.$procmux$1089 ($mux).
Removed top 4 bits (of 20) from mux cell $paramod$b92c0599001ba7fee29ca99bde4121d40086de58\regs.$procmux$1086 ($mux).
Removed top 4 bits (of 20) from mux cell $paramod$b92c0599001ba7fee29ca99bde4121d40086de58\regs.$procmux$1084 ($mux).
Removed top 4 bits (of 20) from mux cell $paramod$b92c0599001ba7fee29ca99bde4121d40086de58\regs.$procmux$1081 ($mux).
Removed top 4 bits (of 20) from mux cell $paramod$b92c0599001ba7fee29ca99bde4121d40086de58\regs.$procmux$1079 ($mux).
Removed top 4 bits (of 16) from FF cell $paramod$b92c0599001ba7fee29ca99bde4121d40086de58\regs.$auto$ff.cc:266:slice$2212 ($adffe).
Removed top 4 bits (of 16) from mux cell $paramod$b92c0599001ba7fee29ca99bde4121d40086de58\regs.$procmux$1089 ($mux).
Removed top 4 bits (of 16) from mux cell $paramod$b92c0599001ba7fee29ca99bde4121d40086de58\regs.$procmux$1086 ($mux).
Removed top 4 bits (of 16) from mux cell $paramod$b92c0599001ba7fee29ca99bde4121d40086de58\regs.$procmux$1084 ($mux).
Removed top 4 bits (of 16) from mux cell $paramod$b92c0599001ba7fee29ca99bde4121d40086de58\regs.$procmux$1081 ($mux).
Removed top 4 bits (of 16) from mux cell $paramod$b92c0599001ba7fee29ca99bde4121d40086de58\regs.$procmux$1079 ($mux).
Removed top 20 bits (of 32) from wire $paramod$b92c0599001ba7fee29ca99bde4121d40086de58\regs.$0\pin_shift[31:0].
Removed top 20 bits (of 32) from wire $paramod$b92c0599001ba7fee29ca99bde4121d40086de58\regs.$procmux$1079_Y.
Removed top 20 bits (of 32) from wire $paramod$b92c0599001ba7fee29ca99bde4121d40086de58\regs.$procmux$1081_Y.
Removed top 20 bits (of 32) from wire $paramod$b92c0599001ba7fee29ca99bde4121d40086de58\regs.$procmux$1084_Y.
Removed top 20 bits (of 32) from wire $paramod$b92c0599001ba7fee29ca99bde4121d40086de58\regs.$procmux$1086_Y.
Removed top 16 bits (of 32) from wire $paramod$b92c0599001ba7fee29ca99bde4121d40086de58\regs.next_pin.
Removed top 20 bits (of 32) from wire $paramod$b92c0599001ba7fee29ca99bde4121d40086de58\regs.pin_shift.
Removed top 3 bits (of 4) from port B of cell $paramod\auth_ctrl\AUTH_TIMEOUT_MS=s32'00000000000000000001001110001000.$auto$opt_dff.cc:195:make_patterns_logic$2235 ($ne).
Removed top 2 bits (of 4) from port B of cell $paramod\auth_ctrl\AUTH_TIMEOUT_MS=s32'00000000000000000001001110001000.$auto$opt_dff.cc:195:make_patterns_logic$2229 ($ne).
Removed top 2 bits (of 4) from port B of cell $paramod\auth_ctrl\AUTH_TIMEOUT_MS=s32'00000000000000000001001110001000.$auto$opt_dff.cc:195:make_patterns_logic$2233 ($ne).
Removed top 2 bits (of 4) from port B of cell $paramod\auth_ctrl\AUTH_TIMEOUT_MS=s32'00000000000000000001001110001000.$auto$opt_dff.cc:195:make_patterns_logic$2227 ($ne).
Removed top 2 bits (of 4) from port B of cell $paramod\auth_ctrl\AUTH_TIMEOUT_MS=s32'00000000000000000001001110001000.$ne$src/auth_ctrl.v:69$469 ($ne).
Removed top 1 bits (of 4) from port B of cell $paramod\auth_ctrl\AUTH_TIMEOUT_MS=s32'00000000000000000001001110001000.$ne$src/auth_ctrl.v:69$471 ($ne).
Removed top 3 bits (of 4) from port B of cell $paramod\auth_ctrl\AUTH_TIMEOUT_MS=s32'00000000000000000001001110001000.$eq$src/auth_ctrl.v:79$480 ($eq).
Removed top 1 bits (of 4) from port B of cell $paramod\auth_ctrl\AUTH_TIMEOUT_MS=s32'00000000000000000001001110001000.$eq$src/auth_ctrl.v:80$481 ($eq).
Removed top 2 bits (of 4) from port B of cell $paramod\auth_ctrl\AUTH_TIMEOUT_MS=s32'00000000000000000001001110001000.$eq$src/auth_ctrl.v:81$482 ($eq).
Removed top 1 bits (of 4) from port B of cell $paramod\auth_ctrl\AUTH_TIMEOUT_MS=s32'00000000000000000001001110001000.$eq$src/auth_ctrl.v:82$483 ($eq).
Removed top 2 bits (of 4) from port B of cell $paramod\auth_ctrl\AUTH_TIMEOUT_MS=s32'00000000000000000001001110001000.$eq$src/auth_ctrl.v:86$487 ($eq).
Removed top 1 bits (of 4) from port B of cell $paramod\auth_ctrl\AUTH_TIMEOUT_MS=s32'00000000000000000001001110001000.$procmux$1454_CMP0 ($eq).
Removed top 1 bits (of 4) from port B of cell $paramod\auth_ctrl\AUTH_TIMEOUT_MS=s32'00000000000000000001001110001000.$procmux$1460_CMP0 ($eq).
Removed top 3 bits (of 4) from port B of cell $paramod\auth_ctrl\AUTH_TIMEOUT_MS=s32'00000000000000000001001110001000.$auto$opt_dff.cc:195:make_patterns_logic$2223 ($ne).
Removed top 3 bits (of 4) from port B of cell $paramod\auth_ctrl\AUTH_TIMEOUT_MS=s32'00000000000000000001001110001000.$auto$opt_dff.cc:195:make_patterns_logic$2221 ($ne).
Removed top 2 bits (of 5) from port B of cell serial_link.$auto$fsm_map.cc:77:implement_pattern_cache$2062 ($eq).
Removed top 1 bits (of 7) from port B of cell serial_link.$eq$src/serial_link.v:208$220 ($eq).
Removed top 3 bits (of 4) from port B of cell serial_link.$auto$opt_dff.cc:195:make_patterns_logic$2242 ($ne).
Removed top 1 bits (of 2) from port B of cell serial_link.$auto$fsm_map.cc:77:implement_pattern_cache$2071 ($eq).
Removed top 1 bits (of 3) from port B of cell serial_link.$auto$fsm_map.cc:77:implement_pattern_cache$2034 ($eq).
Removed top 1 bits (of 4) from port B of cell serial_link.$auto$fsm_map.cc:77:implement_pattern_cache$2049 ($eq).
Removed top 1 bits (of 4) from port B of cell serial_link.$auto$opt_dff.cc:195:make_patterns_logic$2299 ($ne).
Removed top 2 bits (of 3) from port B of cell serial_link.$auto$opt_dff.cc:195:make_patterns_logic$2297 ($ne).
Removed top 2 bits (of 3) from port B of cell serial_link.$auto$opt_dff.cc:195:make_patterns_logic$2295 ($ne).
Removed top 1 bits (of 3) from port B of cell serial_link.$auto$fsm_map.cc:77:implement_pattern_cache$2089 ($eq).
Removed top 3 bits (of 4) from port B of cell serial_link.$auto$opt_dff.cc:195:make_patterns_logic$2270 ($ne).
Removed top 4 bits (of 5) from port B of cell serial_link.$auto$opt_dff.cc:195:make_patterns_logic$2257 ($ne).
Removed top 2 bits (of 3) from port B of cell serial_link.$auto$opt_dff.cc:195:make_patterns_logic$2250 ($ne).
Removed top 2 bits (of 6) from port B of cell serial_link.$auto$opt_dff.cc:195:make_patterns_logic$2244 ($ne).

13.10. Executing PEEPOPT pass (run peephole optimizers).

13.11. Executing OPT_CLEAN pass (remove unused cells and wires).
Finding unused cells or wires in module $paramod$0207631bd49897fc40da4a49890f896231b73492\szymon_fixed..
Finding unused cells or wires in module $paramod$143b15b9608e06eea62a21ca91d45c97880ffd0d\kb..
Finding unused cells or wires in module $paramod$189e5c5ece264226de8c0df8c90596b8bf71b942\timebase..
Finding unused cells or wires in module $paramod$b049745b6f1e89ce45cffbd1455f86ba117e4804\buzzer..
Finding unused cells or wires in module $paramod$b92c0599001ba7fee29ca99bde4121d40086de58\regs..
Finding unused cells or wires in module $paramod\auth_ctrl\AUTH_TIMEOUT_MS=s32'00000000000000000001001110001000..
Finding unused cells or wires in module $paramod\sync2\WIDTH=s32'00000000000000000000000000000011..
Finding unused cells or wires in module $paramod\sync2\WIDTH=s32'00000000000000000000000000000100..
Finding unused cells or wires in module \reset_release..
Finding unused cells or wires in module \rumcajs..
Finding unused cells or wires in module \serial_link..
Finding unused cells or wires in module \tt_um_rumcajs..
Removed 0 unused cells and 11 unused wires.
<suppressed ~3 debug messages>

13.12. Executing ALUMACC pass (create $alu and $macc cells).
Extracting $alu and $macc cells in module $paramod$0207631bd49897fc40da4a49890f896231b73492\szymon_fixed:
  creating $macc model for $add$src/szymon_fixed.v:114$394 ($add).
  creating $macc model for $add$src/szymon_fixed.v:116$396 ($add).
  creating $macc model for $add$src/szymon_fixed.v:161$424 ($add).
  creating $macc model for $add$src/szymon_fixed.v:181$428 ($add).
  creating $macc model for $add$src/szymon_fixed.v:98$380 ($add).
  creating $macc model for $sub$src/szymon_fixed.v:84$369 ($sub).
  creating $macc model for $sub$src/szymon_fixed.v:88$375 ($sub).
  creating $alu model for $macc $sub$src/szymon_fixed.v:88$375.
  creating $alu model for $macc $sub$src/szymon_fixed.v:84$369.
  creating $alu model for $macc $add$src/szymon_fixed.v:98$380.
  creating $alu model for $macc $add$src/szymon_fixed.v:181$428.
  creating $alu model for $macc $add$src/szymon_fixed.v:161$424.
  creating $alu model for $macc $add$src/szymon_fixed.v:116$396.
  creating $alu model for $macc $add$src/szymon_fixed.v:114$394.
  creating $alu model for $lt$src/szymon_fixed.v:104$383 ($lt): new $alu
  creating $alu cell for $lt$src/szymon_fixed.v:104$383: $auto$alumacc.cc:495:replace_alu$2321
  creating $alu cell for $add$src/szymon_fixed.v:114$394: $auto$alumacc.cc:495:replace_alu$2326
  creating $alu cell for $add$src/szymon_fixed.v:116$396: $auto$alumacc.cc:495:replace_alu$2329
  creating $alu cell for $add$src/szymon_fixed.v:161$424: $auto$alumacc.cc:495:replace_alu$2332
  creating $alu cell for $add$src/szymon_fixed.v:181$428: $auto$alumacc.cc:495:replace_alu$2335
  creating $alu cell for $add$src/szymon_fixed.v:98$380: $auto$alumacc.cc:495:replace_alu$2338
  creating $alu cell for $sub$src/szymon_fixed.v:84$369: $auto$alumacc.cc:495:replace_alu$2341
  creating $alu cell for $sub$src/szymon_fixed.v:88$375: $auto$alumacc.cc:495:replace_alu$2344
  created 8 $alu and 0 $macc cells.
Extracting $alu and $macc cells in module $paramod$143b15b9608e06eea62a21ca91d45c97880ffd0d\kb:
  creating $macc model for $add$src/kb.v:165$568 ($add).
  creating $macc model for $add$src/kb.v:241$588 ($add).
  creating $macc model for $add$src/kb.v:38$598 ($add).
  creating $macc model for $add$src/kb.v:38$599 ($add).
  creating $macc model for $add$src/kb.v:38$600 ($add).
  creating $macc model for $add$src/kb.v:76$549 ($add).
  merging $macc model for $add$src/kb.v:38$599 into $add$src/kb.v:38$600.
  merging $macc model for $add$src/kb.v:38$598 into $add$src/kb.v:38$600.
  creating $alu model for $macc $add$src/kb.v:76$549.
  creating $alu model for $macc $add$src/kb.v:241$588.
  creating $alu model for $macc $add$src/kb.v:165$568.
  creating $macc cell for $add$src/kb.v:38$600: $auto$alumacc.cc:365:replace_macc$2347
  creating $alu model for $ge$src/kb.v:183$571 ($ge): new $alu
  creating $alu model for $ge$src/kb.v:40$601 ($ge): new $alu
  creating $alu model for $ge$src/kb.v:77$550 ($ge): new $alu
  creating $alu cell for $ge$src/kb.v:77$550: $auto$alumacc.cc:495:replace_alu$2351
  creating $alu cell for $ge$src/kb.v:40$601: $auto$alumacc.cc:495:replace_alu$2364
  creating $alu cell for $ge$src/kb.v:183$571: $auto$alumacc.cc:495:replace_alu$2377
  creating $alu cell for $add$src/kb.v:165$568: $auto$alumacc.cc:495:replace_alu$2390
  creating $alu cell for $add$src/kb.v:241$588: $auto$alumacc.cc:495:replace_alu$2393
  creating $alu cell for $add$src/kb.v:76$549: $auto$alumacc.cc:495:replace_alu$2396
  created 6 $alu and 1 $macc cells.
Extracting $alu and $macc cells in module $paramod$189e5c5ece264226de8c0df8c90596b8bf71b942\timebase:
  creating $macc model for $add$src/timebase.v:64$617 ($add).
  creating $macc model for $add$src/timebase.v:67$618 ($add).
  creating $alu model for $macc $add$src/timebase.v:67$618.
  creating $alu model for $macc $add$src/timebase.v:64$617.
  creating $alu cell for $add$src/timebase.v:64$617: $auto$alumacc.cc:495:replace_alu$2399
  creating $alu cell for $add$src/timebase.v:67$618: $auto$alumacc.cc:495:replace_alu$2402
  created 2 $alu and 0 $macc cells.
Extracting $alu and $macc cells in module $paramod$b049745b6f1e89ce45cffbd1455f86ba117e4804\buzzer:
  creating $macc model for $add$src/buzzer.v:69$457 ($add).
  creating $macc model for $add$src/buzzer.v:77$464 ($add).
  creating $alu model for $macc $add$src/buzzer.v:77$464.
  creating $alu model for $macc $add$src/buzzer.v:69$457.
  creating $alu cell for $add$src/buzzer.v:69$457: $auto$alumacc.cc:495:replace_alu$2405
  creating $alu cell for $add$src/buzzer.v:77$464: $auto$alumacc.cc:495:replace_alu$2408
  created 2 $alu and 0 $macc cells.
Extracting $alu and $macc cells in module $paramod$b92c0599001ba7fee29ca99bde4121d40086de58\regs:
  creating $macc model for $add$src/regs.v:111$536 ($add).
  creating $macc model for $add$src/regs.v:143$541 ($add).
  creating $alu model for $macc $add$src/regs.v:143$541.
  creating $alu model for $macc $add$src/regs.v:111$536.
  creating $alu model for $ge$src/regs.v:98$517 ($ge): new $alu
  creating $alu model for $lt$src/regs.v:110$535 ($lt): merged with $ge$src/regs.v:98$517.
  creating $alu cell for $ge$src/regs.v:98$517, $lt$src/regs.v:110$535: $auto$alumacc.cc:495:replace_alu$2412
  creating $alu cell for $add$src/regs.v:111$536: $auto$alumacc.cc:495:replace_alu$2425
  creating $alu cell for $add$src/regs.v:143$541: $auto$alumacc.cc:495:replace_alu$2428
  created 3 $alu and 0 $macc cells.
Extracting $alu and $macc cells in module $paramod\auth_ctrl\AUTH_TIMEOUT_MS=s32'00000000000000000001001110001000:
  creating $macc model for $add$src/auth_ctrl.v:100$500 ($add).
  creating $alu model for $macc $add$src/auth_ctrl.v:100$500.
  creating $alu cell for $add$src/auth_ctrl.v:100$500: $auto$alumacc.cc:495:replace_alu$2431
  created 1 $alu and 0 $macc cells.
Extracting $alu and $macc cells in module $paramod\sync2\WIDTH=s32'00000000000000000000000000000011:
  created 0 $alu and 0 $macc cells.
Extracting $alu and $macc cells in module $paramod\sync2\WIDTH=s32'00000000000000000000000000000100:
  created 0 $alu and 0 $macc cells.
Extracting $alu and $macc cells in module reset_release:
  created 0 $alu and 0 $macc cells.
Extracting $alu and $macc cells in module rumcajs:
  created 0 $alu and 0 $macc cells.
Extracting $alu and $macc cells in module serial_link:
  creating $macc model for $add$src/serial_link.v:181$215 ($add).
  creating $alu model for $macc $add$src/serial_link.v:181$215.
  creating $alu model for $ge$src/serial_link.v:170$212 ($ge): new $alu
  creating $alu model for $eq$src/serial_link.v:160$208 ($eq): merged with $ge$src/serial_link.v:170$212.
  creating $alu cell for $ge$src/serial_link.v:170$212, $eq$src/serial_link.v:160$208: $auto$alumacc.cc:495:replace_alu$2435
  creating $alu cell for $add$src/serial_link.v:181$215: $auto$alumacc.cc:495:replace_alu$2448
  created 2 $alu and 0 $macc cells.
Extracting $alu and $macc cells in module tt_um_rumcajs:
  created 0 $alu and 0 $macc cells.

13.13. Executing SHARE pass (SAT-based resource sharing).

13.14. Executing OPT pass (performing simple optimizations).

13.14.1. Executing OPT_EXPR pass (perform const folding).
Optimizing module $paramod$0207631bd49897fc40da4a49890f896231b73492\szymon_fixed.
Optimizing module $paramod$143b15b9608e06eea62a21ca91d45c97880ffd0d\kb.
Optimizing module $paramod$189e5c5ece264226de8c0df8c90596b8bf71b942\timebase.
Optimizing module $paramod$b049745b6f1e89ce45cffbd1455f86ba117e4804\buzzer.
Optimizing module $paramod$b92c0599001ba7fee29ca99bde4121d40086de58\regs.
Optimizing module $paramod\auth_ctrl\AUTH_TIMEOUT_MS=s32'00000000000000000001001110001000.
Optimizing module $paramod\sync2\WIDTH=s32'00000000000000000000000000000011.
Optimizing module $paramod\sync2\WIDTH=s32'00000000000000000000000000000100.
Optimizing module reset_release.
Optimizing module rumcajs.
Optimizing module serial_link.
Optimizing module tt_um_rumcajs.

13.14.2. Executing OPT_MERGE pass (detect identical cells).
Finding identical cells in module `$paramod$0207631bd49897fc40da4a49890f896231b73492\szymon_fixed'.
Finding identical cells in module `$paramod$143b15b9608e06eea62a21ca91d45c97880ffd0d\kb'.
Finding identical cells in module `$paramod$189e5c5ece264226de8c0df8c90596b8bf71b942\timebase'.
Finding identical cells in module `$paramod$b049745b6f1e89ce45cffbd1455f86ba117e4804\buzzer'.
Finding identical cells in module `$paramod$b92c0599001ba7fee29ca99bde4121d40086de58\regs'.
Finding identical cells in module `$paramod\auth_ctrl\AUTH_TIMEOUT_MS=s32'00000000000000000001001110001000'.
Finding identical cells in module `$paramod\sync2\WIDTH=s32'00000000000000000000000000000011'.
Finding identical cells in module `$paramod\sync2\WIDTH=s32'00000000000000000000000000000100'.
Finding identical cells in module `\reset_release'.
Finding identical cells in module `\rumcajs'.
Finding identical cells in module `\serial_link'.
Finding identical cells in module `\tt_um_rumcajs'.
Removed a total of 0 cells.

13.14.3. Executing OPT_MUXTREE pass (detect dead branches in mux trees).
Running muxtree optimizer on module $paramod$0207631bd49897fc40da4a49890f896231b73492\szymon_fixed..
  Creating internal representation of mux trees.
  Evaluating internal representation of mux trees.
  Analyzing evaluation results.
Running muxtree optimizer on module $paramod$143b15b9608e06eea62a21ca91d45c97880ffd0d\kb..
  Creating internal representation of mux trees.
  Evaluating internal representation of mux trees.
  Analyzing evaluation results.
Running muxtree optimizer on module $paramod$189e5c5ece264226de8c0df8c90596b8bf71b942\timebase..
  Creating internal representation of mux trees.
  Evaluating internal representation of mux trees.
  Analyzing evaluation results.
Running muxtree optimizer on module $paramod$b049745b6f1e89ce45cffbd1455f86ba117e4804\buzzer..
  Creating internal representation of mux trees.
  Evaluating internal representation of mux trees.
  Analyzing evaluation results.
Running muxtree optimizer on module $paramod$b92c0599001ba7fee29ca99bde4121d40086de58\regs..
  Creating internal representation of mux trees.
  Evaluating internal representation of mux trees.
  Analyzing evaluation results.
Running muxtree optimizer on module $paramod\auth_ctrl\AUTH_TIMEOUT_MS=s32'00000000000000000001001110001000..
  Creating internal representation of mux trees.
  Evaluating internal representation of mux trees.
  Analyzing evaluation results.
Running muxtree optimizer on module $paramod\sync2\WIDTH=s32'00000000000000000000000000000011..
  Creating internal representation of mux trees.
  No muxes found in this module.
Running muxtree optimizer on module $paramod\sync2\WIDTH=s32'00000000000000000000000000000100..
  Creating internal representation of mux trees.
  No muxes found in this module.
Running muxtree optimizer on module \reset_release..
  Creating internal representation of mux trees.
  No muxes found in this module.
Running muxtree optimizer on module \rumcajs..
  Creating internal representation of mux trees.
  Evaluating internal representation of mux trees.
  Analyzing evaluation results.
Running muxtree optimizer on module \serial_link..
  Creating internal representation of mux trees.
  Evaluating internal representation of mux trees.
  Analyzing evaluation results.
Running muxtree optimizer on module \tt_um_rumcajs..
  Creating internal representation of mux trees.
  No muxes found in this module.
Removed 0 multiplexer ports.
<suppressed ~76 debug messages>

13.14.4. Executing OPT_REDUCE pass (consolidate $*mux and $reduce_* inputs).
  Optimizing cells in module $paramod$0207631bd49897fc40da4a49890f896231b73492\szymon_fixed.
  Optimizing cells in module $paramod$143b15b9608e06eea62a21ca91d45c97880ffd0d\kb.
  Optimizing cells in module $paramod$189e5c5ece264226de8c0df8c90596b8bf71b942\timebase.
  Optimizing cells in module $paramod$b049745b6f1e89ce45cffbd1455f86ba117e4804\buzzer.
  Optimizing cells in module $paramod$b92c0599001ba7fee29ca99bde4121d40086de58\regs.
  Optimizing cells in module $paramod\auth_ctrl\AUTH_TIMEOUT_MS=s32'00000000000000000001001110001000.
  Optimizing cells in module $paramod\sync2\WIDTH=s32'00000000000000000000000000000011.
  Optimizing cells in module $paramod\sync2\WIDTH=s32'00000000000000000000000000000100.
  Optimizing cells in module \reset_release.
  Optimizing cells in module \rumcajs.
  Optimizing cells in module \serial_link.
  Optimizing cells in module \tt_um_rumcajs.
Performed a total of 0 changes.

13.14.5. Executing OPT_MERGE pass (detect identical cells).
Finding identical cells in module `$paramod$0207631bd49897fc40da4a49890f896231b73492\szymon_fixed'.
Finding identical cells in module `$paramod$143b15b9608e06eea62a21ca91d45c97880ffd0d\kb'.
Finding identical cells in module `$paramod$189e5c5ece264226de8c0df8c90596b8bf71b942\timebase'.
Finding identical cells in module `$paramod$b049745b6f1e89ce45cffbd1455f86ba117e4804\buzzer'.
Finding identical cells in module `$paramod$b92c0599001ba7fee29ca99bde4121d40086de58\regs'.
Finding identical cells in module `$paramod\auth_ctrl\AUTH_TIMEOUT_MS=s32'00000000000000000001001110001000'.
Finding identical cells in module `$paramod\sync2\WIDTH=s32'00000000000000000000000000000011'.
Finding identical cells in module `$paramod\sync2\WIDTH=s32'00000000000000000000000000000100'.
Finding identical cells in module `\reset_release'.
Finding identical cells in module `\rumcajs'.
Finding identical cells in module `\serial_link'.
Finding identical cells in module `\tt_um_rumcajs'.
Removed a total of 0 cells.

13.14.6. Executing OPT_DFF pass (perform DFF optimizations).

13.14.7. Executing OPT_CLEAN pass (remove unused cells and wires).
Finding unused cells or wires in module $paramod$0207631bd49897fc40da4a49890f896231b73492\szymon_fixed..
Finding unused cells or wires in module $paramod$143b15b9608e06eea62a21ca91d45c97880ffd0d\kb..
Finding unused cells or wires in module $paramod$189e5c5ece264226de8c0df8c90596b8bf71b942\timebase..
Finding unused cells or wires in module $paramod$b049745b6f1e89ce45cffbd1455f86ba117e4804\buzzer..
Finding unused cells or wires in module $paramod$b92c0599001ba7fee29ca99bde4121d40086de58\regs..
Finding unused cells or wires in module $paramod\auth_ctrl\AUTH_TIMEOUT_MS=s32'00000000000000000001001110001000..
Finding unused cells or wires in module $paramod\sync2\WIDTH=s32'00000000000000000000000000000011..
Finding unused cells or wires in module $paramod\sync2\WIDTH=s32'00000000000000000000000000000100..
Finding unused cells or wires in module \reset_release..
Finding unused cells or wires in module \rumcajs..
Finding unused cells or wires in module \serial_link..
Finding unused cells or wires in module \tt_um_rumcajs..
Removed 2 unused cells and 10 unused wires.
<suppressed ~6 debug messages>

13.14.8. Executing OPT_EXPR pass (perform const folding).
Optimizing module $paramod$0207631bd49897fc40da4a49890f896231b73492\szymon_fixed.
Optimizing module $paramod$143b15b9608e06eea62a21ca91d45c97880ffd0d\kb.
Optimizing module $paramod$189e5c5ece264226de8c0df8c90596b8bf71b942\timebase.
Optimizing module $paramod$b049745b6f1e89ce45cffbd1455f86ba117e4804\buzzer.
Optimizing module $paramod$b92c0599001ba7fee29ca99bde4121d40086de58\regs.
Optimizing module $paramod\auth_ctrl\AUTH_TIMEOUT_MS=s32'00000000000000000001001110001000.
Optimizing module $paramod\sync2\WIDTH=s32'00000000000000000000000000000011.
Optimizing module $paramod\sync2\WIDTH=s32'00000000000000000000000000000100.
Optimizing module reset_release.
Optimizing module rumcajs.
Optimizing module serial_link.
Optimizing module tt_um_rumcajs.

13.14.9. Rerunning OPT passes. (Maybe there is more to do..)

13.14.10. Executing OPT_MUXTREE pass (detect dead branches in mux trees).
Running muxtree optimizer on module $paramod$0207631bd49897fc40da4a49890f896231b73492\szymon_fixed..
  Creating internal representation of mux trees.
  Evaluating internal representation of mux trees.
  Analyzing evaluation results.
Running muxtree optimizer on module $paramod$143b15b9608e06eea62a21ca91d45c97880ffd0d\kb..
  Creating internal representation of mux trees.
  Evaluating internal representation of mux trees.
  Analyzing evaluation results.
Running muxtree optimizer on module $paramod$189e5c5ece264226de8c0df8c90596b8bf71b942\timebase..
  Creating internal representation of mux trees.
  Evaluating internal representation of mux trees.
  Analyzing evaluation results.
Running muxtree optimizer on module $paramod$b049745b6f1e89ce45cffbd1455f86ba117e4804\buzzer..
  Creating internal representation of mux trees.
  Evaluating internal representation of mux trees.
  Analyzing evaluation results.
Running muxtree optimizer on module $paramod$b92c0599001ba7fee29ca99bde4121d40086de58\regs..
  Creating internal representation of mux trees.
  Evaluating internal representation of mux trees.
  Analyzing evaluation results.
Running muxtree optimizer on module $paramod\auth_ctrl\AUTH_TIMEOUT_MS=s32'00000000000000000001001110001000..
  Creating internal representation of mux trees.
  Evaluating internal representation of mux trees.
  Analyzing evaluation results.
Running muxtree optimizer on module $paramod\sync2\WIDTH=s32'00000000000000000000000000000011..
  Creating internal representation of mux trees.
  No muxes found in this module.
Running muxtree optimizer on module $paramod\sync2\WIDTH=s32'00000000000000000000000000000100..
  Creating internal representation of mux trees.
  No muxes found in this module.
Running muxtree optimizer on module \reset_release..
  Creating internal representation of mux trees.
  No muxes found in this module.
Running muxtree optimizer on module \rumcajs..
  Creating internal representation of mux trees.
  Evaluating internal representation of mux trees.
  Analyzing evaluation results.
Running muxtree optimizer on module \serial_link..
  Creating internal representation of mux trees.
  Evaluating internal representation of mux trees.
  Analyzing evaluation results.
Running muxtree optimizer on module \tt_um_rumcajs..
  Creating internal representation of mux trees.
  No muxes found in this module.
Removed 0 multiplexer ports.
<suppressed ~76 debug messages>

13.14.11. Executing OPT_REDUCE pass (consolidate $*mux and $reduce_* inputs).
  Optimizing cells in module $paramod$0207631bd49897fc40da4a49890f896231b73492\szymon_fixed.
  Optimizing cells in module $paramod$143b15b9608e06eea62a21ca91d45c97880ffd0d\kb.
  Optimizing cells in module $paramod$189e5c5ece264226de8c0df8c90596b8bf71b942\timebase.
  Optimizing cells in module $paramod$b049745b6f1e89ce45cffbd1455f86ba117e4804\buzzer.
  Optimizing cells in module $paramod$b92c0599001ba7fee29ca99bde4121d40086de58\regs.
  Optimizing cells in module $paramod\auth_ctrl\AUTH_TIMEOUT_MS=s32'00000000000000000001001110001000.
  Optimizing cells in module $paramod\sync2\WIDTH=s32'00000000000000000000000000000011.
  Optimizing cells in module $paramod\sync2\WIDTH=s32'00000000000000000000000000000100.
  Optimizing cells in module \reset_release.
  Optimizing cells in module \rumcajs.
  Optimizing cells in module \serial_link.
  Optimizing cells in module \tt_um_rumcajs.
Performed a total of 0 changes.

13.14.12. Executing OPT_MERGE pass (detect identical cells).
Finding identical cells in module `$paramod$0207631bd49897fc40da4a49890f896231b73492\szymon_fixed'.
Finding identical cells in module `$paramod$143b15b9608e06eea62a21ca91d45c97880ffd0d\kb'.
Finding identical cells in module `$paramod$189e5c5ece264226de8c0df8c90596b8bf71b942\timebase'.
Finding identical cells in module `$paramod$b049745b6f1e89ce45cffbd1455f86ba117e4804\buzzer'.
Finding identical cells in module `$paramod$b92c0599001ba7fee29ca99bde4121d40086de58\regs'.
Finding identical cells in module `$paramod\auth_ctrl\AUTH_TIMEOUT_MS=s32'00000000000000000001001110001000'.
Finding identical cells in module `$paramod\sync2\WIDTH=s32'00000000000000000000000000000011'.
Finding identical cells in module `$paramod\sync2\WIDTH=s32'00000000000000000000000000000100'.
Finding identical cells in module `\reset_release'.
Finding identical cells in module `\rumcajs'.
Finding identical cells in module `\serial_link'.
Finding identical cells in module `\tt_um_rumcajs'.
Removed a total of 0 cells.

13.14.13. Executing OPT_DFF pass (perform DFF optimizations).

13.14.14. Executing OPT_CLEAN pass (remove unused cells and wires).
Finding unused cells or wires in module $paramod$0207631bd49897fc40da4a49890f896231b73492\szymon_fixed..
Finding unused cells or wires in module $paramod$143b15b9608e06eea62a21ca91d45c97880ffd0d\kb..
Finding unused cells or wires in module $paramod$189e5c5ece264226de8c0df8c90596b8bf71b942\timebase..
Finding unused cells or wires in module $paramod$b049745b6f1e89ce45cffbd1455f86ba117e4804\buzzer..
Finding unused cells or wires in module $paramod$b92c0599001ba7fee29ca99bde4121d40086de58\regs..
Finding unused cells or wires in module $paramod\auth_ctrl\AUTH_TIMEOUT_MS=s32'00000000000000000001001110001000..
Finding unused cells or wires in module $paramod\sync2\WIDTH=s32'00000000000000000000000000000011..
Finding unused cells or wires in module $paramod\sync2\WIDTH=s32'00000000000000000000000000000100..
Finding unused cells or wires in module \reset_release..
Finding unused cells or wires in module \rumcajs..
Finding unused cells or wires in module \serial_link..
Finding unused cells or wires in module \tt_um_rumcajs..

13.14.15. Executing OPT_EXPR pass (perform const folding).
Optimizing module $paramod$0207631bd49897fc40da4a49890f896231b73492\szymon_fixed.
Optimizing module $paramod$143b15b9608e06eea62a21ca91d45c97880ffd0d\kb.
Optimizing module $paramod$189e5c5ece264226de8c0df8c90596b8bf71b942\timebase.
Optimizing module $paramod$b049745b6f1e89ce45cffbd1455f86ba117e4804\buzzer.
Optimizing module $paramod$b92c0599001ba7fee29ca99bde4121d40086de58\regs.
Optimizing module $paramod\auth_ctrl\AUTH_TIMEOUT_MS=s32'00000000000000000001001110001000.
Optimizing module $paramod\sync2\WIDTH=s32'00000000000000000000000000000011.
Optimizing module $paramod\sync2\WIDTH=s32'00000000000000000000000000000100.
Optimizing module reset_release.
Optimizing module rumcajs.
Optimizing module serial_link.
Optimizing module tt_um_rumcajs.

13.14.16. Finished OPT passes. (There is nothing left to do.)

13.15. Executing MEMORY pass.

13.15.1. Executing OPT_MEM pass (optimize memories).
Performed a total of 0 transformations.

13.15.2. Executing OPT_MEM_PRIORITY pass (removing unnecessary memory write priority relations).
Performed a total of 0 transformations.

13.15.3. Executing OPT_MEM_FEEDBACK pass (finding memory read-to-write feedback paths).

13.15.4. Executing MEMORY_BMUX2ROM pass (converting muxes to ROMs).

13.15.5. Executing MEMORY_DFF pass (merging $dff cells to $memrd).
Checking read port `$auto$proc_rom.cc:155:do_switch$622'[0] in module `$paramod$b92c0599001ba7fee29ca99bde4121d40086de58\regs': no output FF found.
Checking read port address `$auto$proc_rom.cc:155:do_switch$622'[0] in module `$paramod$b92c0599001ba7fee29ca99bde4121d40086de58\regs': no address FF found.

13.15.6. Executing OPT_CLEAN pass (remove unused cells and wires).
Finding unused cells or wires in module $paramod$0207631bd49897fc40da4a49890f896231b73492\szymon_fixed..
Finding unused cells or wires in module $paramod$143b15b9608e06eea62a21ca91d45c97880ffd0d\kb..
Finding unused cells or wires in module $paramod$189e5c5ece264226de8c0df8c90596b8bf71b942\timebase..
Finding unused cells or wires in module $paramod$b049745b6f1e89ce45cffbd1455f86ba117e4804\buzzer..
Finding unused cells or wires in module $paramod$b92c0599001ba7fee29ca99bde4121d40086de58\regs..
Finding unused cells or wires in module $paramod\auth_ctrl\AUTH_TIMEOUT_MS=s32'00000000000000000001001110001000..
Finding unused cells or wires in module $paramod\sync2\WIDTH=s32'00000000000000000000000000000011..
Finding unused cells or wires in module $paramod\sync2\WIDTH=s32'00000000000000000000000000000100..
Finding unused cells or wires in module \reset_release..
Finding unused cells or wires in module \rumcajs..
Finding unused cells or wires in module \serial_link..
Finding unused cells or wires in module \tt_um_rumcajs..

13.15.7. Executing MEMORY_SHARE pass (consolidating $memrd/$memwr cells).

13.15.8. Executing OPT_MEM_WIDEN pass (optimize memories where all ports are wide).
Performed a total of 0 transformations.

13.15.9. Executing OPT_CLEAN pass (remove unused cells and wires).
Finding unused cells or wires in module $paramod$0207631bd49897fc40da4a49890f896231b73492\szymon_fixed..
Finding unused cells or wires in module $paramod$143b15b9608e06eea62a21ca91d45c97880ffd0d\kb..
Finding unused cells or wires in module $paramod$189e5c5ece264226de8c0df8c90596b8bf71b942\timebase..
Finding unused cells or wires in module $paramod$b049745b6f1e89ce45cffbd1455f86ba117e4804\buzzer..
Finding unused cells or wires in module $paramod$b92c0599001ba7fee29ca99bde4121d40086de58\regs..
Finding unused cells or wires in module $paramod\auth_ctrl\AUTH_TIMEOUT_MS=s32'00000000000000000001001110001000..
Finding unused cells or wires in module $paramod\sync2\WIDTH=s32'00000000000000000000000000000011..
Finding unused cells or wires in module $paramod\sync2\WIDTH=s32'00000000000000000000000000000100..
Finding unused cells or wires in module \reset_release..
Finding unused cells or wires in module \rumcajs..
Finding unused cells or wires in module \serial_link..
Finding unused cells or wires in module \tt_um_rumcajs..

13.15.10. Executing MEMORY_COLLECT pass (generating $mem cells).

13.16. Executing OPT_CLEAN pass (remove unused cells and wires).
Finding unused cells or wires in module $paramod$0207631bd49897fc40da4a49890f896231b73492\szymon_fixed..
Finding unused cells or wires in module $paramod$143b15b9608e06eea62a21ca91d45c97880ffd0d\kb..
Finding unused cells or wires in module $paramod$189e5c5ece264226de8c0df8c90596b8bf71b942\timebase..
Finding unused cells or wires in module $paramod$b049745b6f1e89ce45cffbd1455f86ba117e4804\buzzer..
Finding unused cells or wires in module $paramod$b92c0599001ba7fee29ca99bde4121d40086de58\regs..
Finding unused cells or wires in module $paramod\auth_ctrl\AUTH_TIMEOUT_MS=s32'00000000000000000001001110001000..
Finding unused cells or wires in module $paramod\sync2\WIDTH=s32'00000000000000000000000000000011..
Finding unused cells or wires in module $paramod\sync2\WIDTH=s32'00000000000000000000000000000100..
Finding unused cells or wires in module \reset_release..
Finding unused cells or wires in module \rumcajs..
Finding unused cells or wires in module \serial_link..
Finding unused cells or wires in module \tt_um_rumcajs..

13.17. Executing OPT pass (performing simple optimizations).

13.17.1. Executing OPT_EXPR pass (perform const folding).
Optimizing module $paramod$0207631bd49897fc40da4a49890f896231b73492\szymon_fixed.
<suppressed ~13 debug messages>
Optimizing module $paramod$143b15b9608e06eea62a21ca91d45c97880ffd0d\kb.
<suppressed ~35 debug messages>
Optimizing module $paramod$189e5c5ece264226de8c0df8c90596b8bf71b942\timebase.
<suppressed ~3 debug messages>
Optimizing module $paramod$b049745b6f1e89ce45cffbd1455f86ba117e4804\buzzer.
<suppressed ~8 debug messages>
Optimizing module $paramod$b92c0599001ba7fee29ca99bde4121d40086de58\regs.
<suppressed ~8 debug messages>
Optimizing module $paramod\auth_ctrl\AUTH_TIMEOUT_MS=s32'00000000000000000001001110001000.
<suppressed ~9 debug messages>
Optimizing module $paramod\sync2\WIDTH=s32'00000000000000000000000000000011.
Optimizing module $paramod\sync2\WIDTH=s32'00000000000000000000000000000100.
Optimizing module reset_release.
Optimizing module rumcajs.
<suppressed ~4 debug messages>
Optimizing module serial_link.
<suppressed ~49 debug messages>
Optimizing module tt_um_rumcajs.

13.17.2. Executing OPT_MERGE pass (detect identical cells).
Finding identical cells in module `$paramod$0207631bd49897fc40da4a49890f896231b73492\szymon_fixed'.
Finding identical cells in module `$paramod$143b15b9608e06eea62a21ca91d45c97880ffd0d\kb'.
Finding identical cells in module `$paramod$189e5c5ece264226de8c0df8c90596b8bf71b942\timebase'.
Finding identical cells in module `$paramod$b049745b6f1e89ce45cffbd1455f86ba117e4804\buzzer'.
Finding identical cells in module `$paramod$b92c0599001ba7fee29ca99bde4121d40086de58\regs'.
Finding identical cells in module `$paramod\auth_ctrl\AUTH_TIMEOUT_MS=s32'00000000000000000001001110001000'.
Finding identical cells in module `$paramod\sync2\WIDTH=s32'00000000000000000000000000000011'.
Finding identical cells in module `$paramod\sync2\WIDTH=s32'00000000000000000000000000000100'.
Finding identical cells in module `\reset_release'.
Finding identical cells in module `\rumcajs'.
Finding identical cells in module `\serial_link'.
Finding identical cells in module `\tt_um_rumcajs'.
Removed a total of 0 cells.

13.17.3. Executing OPT_DFF pass (perform DFF optimizations).

13.17.4. Executing OPT_CLEAN pass (remove unused cells and wires).
Finding unused cells or wires in module $paramod$0207631bd49897fc40da4a49890f896231b73492\szymon_fixed..
Finding unused cells or wires in module $paramod$143b15b9608e06eea62a21ca91d45c97880ffd0d\kb..
Finding unused cells or wires in module $paramod$189e5c5ece264226de8c0df8c90596b8bf71b942\timebase..
Finding unused cells or wires in module $paramod$b049745b6f1e89ce45cffbd1455f86ba117e4804\buzzer..
Finding unused cells or wires in module $paramod$b92c0599001ba7fee29ca99bde4121d40086de58\regs..
Finding unused cells or wires in module $paramod\auth_ctrl\AUTH_TIMEOUT_MS=s32'00000000000000000001001110001000..
Finding unused cells or wires in module $paramod\sync2\WIDTH=s32'00000000000000000000000000000011..
Finding unused cells or wires in module $paramod\sync2\WIDTH=s32'00000000000000000000000000000100..
Finding unused cells or wires in module \reset_release..
Finding unused cells or wires in module \rumcajs..
Finding unused cells or wires in module \serial_link..
Finding unused cells or wires in module \tt_um_rumcajs..
Removed 3 unused cells and 88 unused wires.
<suppressed ~10 debug messages>

13.17.5. Finished fast OPT passes.

13.18. Executing MEMORY_MAP pass (converting memories to logic and flip-flops).
Mapping memory $auto$proc_rom.cc:155:do_switch$622 in module $paramod$b92c0599001ba7fee29ca99bde4121d40086de58\regs:
  created 16 $dff cells and 0 static cells of width 6.
  read interface: 0 $dff and 15 $mux cells.
  write interface: 0 write mux blocks.

13.19. Executing OPT pass (performing simple optimizations).

13.19.1. Executing OPT_EXPR pass (perform const folding).
Optimizing module $paramod$0207631bd49897fc40da4a49890f896231b73492\szymon_fixed.
Optimizing module $paramod$143b15b9608e06eea62a21ca91d45c97880ffd0d\kb.
Optimizing module $paramod$189e5c5ece264226de8c0df8c90596b8bf71b942\timebase.
Optimizing module $paramod$b049745b6f1e89ce45cffbd1455f86ba117e4804\buzzer.
<suppressed ~1 debug messages>
Optimizing module $paramod$b92c0599001ba7fee29ca99bde4121d40086de58\regs.
<suppressed ~1 debug messages>
Optimizing module $paramod\auth_ctrl\AUTH_TIMEOUT_MS=s32'00000000000000000001001110001000.
Optimizing module $paramod\sync2\WIDTH=s32'00000000000000000000000000000011.
Optimizing module $paramod\sync2\WIDTH=s32'00000000000000000000000000000100.
Optimizing module reset_release.
Optimizing module rumcajs.
Optimizing module serial_link.
<suppressed ~2 debug messages>
Optimizing module tt_um_rumcajs.

13.19.2. Executing OPT_MERGE pass (detect identical cells).
Finding identical cells in module `$paramod$0207631bd49897fc40da4a49890f896231b73492\szymon_fixed'.
Finding identical cells in module `$paramod$143b15b9608e06eea62a21ca91d45c97880ffd0d\kb'.
Finding identical cells in module `$paramod$189e5c5ece264226de8c0df8c90596b8bf71b942\timebase'.
Finding identical cells in module `$paramod$b049745b6f1e89ce45cffbd1455f86ba117e4804\buzzer'.
Finding identical cells in module `$paramod$b92c0599001ba7fee29ca99bde4121d40086de58\regs'.
Finding identical cells in module `$paramod\auth_ctrl\AUTH_TIMEOUT_MS=s32'00000000000000000001001110001000'.
Finding identical cells in module `$paramod\sync2\WIDTH=s32'00000000000000000000000000000011'.
Finding identical cells in module `$paramod\sync2\WIDTH=s32'00000000000000000000000000000100'.
Finding identical cells in module `\reset_release'.
Finding identical cells in module `\rumcajs'.
Finding identical cells in module `\serial_link'.
Finding identical cells in module `\tt_um_rumcajs'.
Removed a total of 0 cells.

13.19.3. Executing OPT_MUXTREE pass (detect dead branches in mux trees).
Running muxtree optimizer on module $paramod$0207631bd49897fc40da4a49890f896231b73492\szymon_fixed..
  Creating internal representation of mux trees.
  Evaluating internal representation of mux trees.
  Analyzing evaluation results.
Running muxtree optimizer on module $paramod$143b15b9608e06eea62a21ca91d45c97880ffd0d\kb..
  Creating internal representation of mux trees.
  Evaluating internal representation of mux trees.
  Analyzing evaluation results.
Running muxtree optimizer on module $paramod$189e5c5ece264226de8c0df8c90596b8bf71b942\timebase..
  Creating internal representation of mux trees.
  Evaluating internal representation of mux trees.
  Analyzing evaluation results.
Running muxtree optimizer on module $paramod$b049745b6f1e89ce45cffbd1455f86ba117e4804\buzzer..
  Creating internal representation of mux trees.
  Evaluating internal representation of mux trees.
  Analyzing evaluation results.
Running muxtree optimizer on module $paramod$b92c0599001ba7fee29ca99bde4121d40086de58\regs..
  Creating internal representation of mux trees.
  Evaluating internal representation of mux trees.
  Analyzing evaluation results.
Running muxtree optimizer on module $paramod\auth_ctrl\AUTH_TIMEOUT_MS=s32'00000000000000000001001110001000..
  Creating internal representation of mux trees.
  Evaluating internal representation of mux trees.
  Analyzing evaluation results.
Running muxtree optimizer on module $paramod\sync2\WIDTH=s32'00000000000000000000000000000011..
  Creating internal representation of mux trees.
  No muxes found in this module.
Running muxtree optimizer on module $paramod\sync2\WIDTH=s32'00000000000000000000000000000100..
  Creating internal representation of mux trees.
  No muxes found in this module.
Running muxtree optimizer on module \reset_release..
  Creating internal representation of mux trees.
  No muxes found in this module.
Running muxtree optimizer on module \rumcajs..
  Creating internal representation of mux trees.
  Evaluating internal representation of mux trees.
  Analyzing evaluation results.
Running muxtree optimizer on module \serial_link..
  Creating internal representation of mux trees.
  Evaluating internal representation of mux trees.
  Analyzing evaluation results.
Running muxtree optimizer on module \tt_um_rumcajs..
  Creating internal representation of mux trees.
  No muxes found in this module.
Removed 0 multiplexer ports.
<suppressed ~72 debug messages>

13.19.4. Executing OPT_REDUCE pass (consolidate $*mux and $reduce_* inputs).
  Optimizing cells in module $paramod$0207631bd49897fc40da4a49890f896231b73492\szymon_fixed.
    Consolidated identical input bits for $mux cell $procmux$1529:
      Old ports: A={ \a [30:0] \a_input }, B={ \a [30:0] \b [31] }, Y=$0\a[31:0]
      New ports: A=\a_input, B=\b [31], Y=$0\a[31:0] [0]
      New connections: $0\a[31:0] [31:1] = \a [30:0]
    New ctrl vector for $pmux cell $procmux$1532: \state [5]
    New ctrl vector for $pmux cell $procmux$1560: { \state [5] $auto$opt_reduce.cc:137:opt_pmux$2523 }
    Consolidated identical input bits for $mux cell $ternary$src/szymon_fixed.v:88$374:
      Old ports: A=2'01, B=2'11, Y=$auto$wreduce.cc:514:run$2309 [1:0]
      New ports: A=1'0, B=1'1, Y=$auto$wreduce.cc:514:run$2309 [1]
      New connections: $auto$wreduce.cc:514:run$2309 [0] = 1'1
    Consolidated identical input bits for $mux cell $ternary$src/szymon_fixed.v:99$379:
      Old ports: A=5'00000, B={ 2'00 \bit_offset }, Y=$ternary$src/szymon_fixed.v:99$379_Y
      New ports: A=3'000, B=\bit_offset, Y=$ternary$src/szymon_fixed.v:99$379_Y [2:0]
      New connections: $ternary$src/szymon_fixed.v:99$379_Y [4:3] = 2'00
  Optimizing cells in module $paramod$0207631bd49897fc40da4a49890f896231b73492\szymon_fixed.
  Optimizing cells in module $paramod$143b15b9608e06eea62a21ca91d45c97880ffd0d\kb.
    Consolidated identical input bits for $mux cell $procmux$644:
      Old ports: A=2'00, B=2'11, Y=$4\first_column$func$src/kb.v:78$547.$result[1:0]$610
      New ports: A=1'0, B=1'1, Y=$4\first_column$func$src/kb.v:78$547.$result[1:0]$610 [0]
      New connections: $4\first_column$func$src/kb.v:78$547.$result[1:0]$610 [1] = $4\first_column$func$src/kb.v:78$547.$result[1:0]$610 [0]
  Optimizing cells in module $paramod$143b15b9608e06eea62a21ca91d45c97880ffd0d\kb.
  Optimizing cells in module $paramod$189e5c5ece264226de8c0df8c90596b8bf71b942\timebase.
  Optimizing cells in module $paramod$b049745b6f1e89ce45cffbd1455f86ba117e4804\buzzer.
  Optimizing cells in module $paramod$b92c0599001ba7fee29ca99bde4121d40086de58\regs.
    Consolidated identical input bits for $mux cell $memory$auto$proc_rom.cc:155:do_switch$622$rdmux[0][3][5]$2513:
      Old ports: A=6'100101, B=6'000000, Y=$memory$auto$proc_rom.cc:155:do_switch$622$rdmux[0][2][2]$b$2494
      New ports: A=1'1, B=1'0, Y=$memory$auto$proc_rom.cc:155:do_switch$622$rdmux[0][2][2]$b$2494 [0]
      New connections: $memory$auto$proc_rom.cc:155:do_switch$622$rdmux[0][2][2]$b$2494 [5:1] = { $memory$auto$proc_rom.cc:155:do_switch$622$rdmux[0][2][2]$b$2494 [0] 2'00 $memory$auto$proc_rom.cc:155:do_switch$622$rdmux[0][2][2]$b$2494 [0] 1'0 }
    Consolidated identical input bits for $mux cell $memory$auto$proc_rom.cc:155:do_switch$622$rdmux[0][3][4]$2510:
      Old ports: A=6'011101, B=6'100001, Y=$memory$auto$proc_rom.cc:155:do_switch$622$rdmux[0][2][2]$a$2493
      New ports: A=2'01, B=2'10, Y={ $memory$auto$proc_rom.cc:155:do_switch$622$rdmux[0][2][2]$a$2493 [5] $memory$auto$proc_rom.cc:155:do_switch$622$rdmux[0][2][2]$a$2493 [2] }
      New connections: { $memory$auto$proc_rom.cc:155:do_switch$622$rdmux[0][2][2]$a$2493 [4:3] $memory$auto$proc_rom.cc:155:do_switch$622$rdmux[0][2][2]$a$2493 [1:0] } = { $memory$auto$proc_rom.cc:155:do_switch$622$rdmux[0][2][2]$a$2493 [2] $memory$auto$proc_rom.cc:155:do_switch$622$rdmux[0][2][2]$a$2493 [2] 2'01 }
    Consolidated identical input bits for $mux cell $memory$auto$proc_rom.cc:155:do_switch$622$rdmux[0][3][3]$2507:
      Old ports: A=6'011001, B=6'000000, Y=$memory$auto$proc_rom.cc:155:do_switch$622$rdmux[0][2][1]$b$2491
      New ports: A=1'1, B=1'0, Y=$memory$auto$proc_rom.cc:155:do_switch$622$rdmux[0][2][1]$b$2491 [0]
      New connections: $memory$auto$proc_rom.cc:155:do_switch$622$rdmux[0][2][1]$b$2491 [5:1] = { 1'0 $memory$auto$proc_rom.cc:155:do_switch$622$rdmux[0][2][1]$b$2491 [0] $memory$auto$proc_rom.cc:155:do_switch$622$rdmux[0][2][1]$b$2491 [0] 2'00 }
    Consolidated identical input bits for $mux cell $memory$auto$proc_rom.cc:155:do_switch$622$rdmux[0][3][2]$2504:
      Old ports: A=6'010001, B=6'010101, Y=$memory$auto$proc_rom.cc:155:do_switch$622$rdmux[0][2][1]$a$2490
      New ports: A=1'0, B=1'1, Y=$memory$auto$proc_rom.cc:155:do_switch$622$rdmux[0][2][1]$a$2490 [2]
      New connections: { $memory$auto$proc_rom.cc:155:do_switch$622$rdmux[0][2][1]$a$2490 [5:3] $memory$auto$proc_rom.cc:155:do_switch$622$rdmux[0][2][1]$a$2490 [1:0] } = 5'01001
    Consolidated identical input bits for $mux cell $memory$auto$proc_rom.cc:155:do_switch$622$rdmux[0][3][1]$2501:
      Old ports: A=6'001101, B=6'000000, Y=$memory$auto$proc_rom.cc:155:do_switch$622$rdmux[0][2][0]$b$2488
      New ports: A=1'1, B=1'0, Y=$memory$auto$proc_rom.cc:155:do_switch$622$rdmux[0][2][0]$b$2488 [0]
      New connections: $memory$auto$proc_rom.cc:155:do_switch$622$rdmux[0][2][0]$b$2488 [5:1] = { 2'00 $memory$auto$proc_rom.cc:155:do_switch$622$rdmux[0][2][0]$b$2488 [0] $memory$auto$proc_rom.cc:155:do_switch$622$rdmux[0][2][0]$b$2488 [0] 1'0 }
    Consolidated identical input bits for $mux cell $memory$auto$proc_rom.cc:155:do_switch$622$rdmux[0][3][0]$2498:
      Old ports: A=6'000101, B=6'001001, Y=$memory$auto$proc_rom.cc:155:do_switch$622$rdmux[0][2][0]$a$2487
      New ports: A=2'01, B=2'10, Y=$memory$auto$proc_rom.cc:155:do_switch$622$rdmux[0][2][0]$a$2487 [3:2]
      New connections: { $memory$auto$proc_rom.cc:155:do_switch$622$rdmux[0][2][0]$a$2487 [5:4] $memory$auto$proc_rom.cc:155:do_switch$622$rdmux[0][2][0]$a$2487 [1:0] } = 4'0001
    Consolidated identical input bits for $mux cell $memory$auto$proc_rom.cc:155:do_switch$622$rdmux[0][3][6]$2516:
      Old ports: A=6'000010, B=6'000001, Y=$memory$auto$proc_rom.cc:155:do_switch$622$rdmux[0][2][3]$a$2496
      New ports: A=2'10, B=2'01, Y=$memory$auto$proc_rom.cc:155:do_switch$622$rdmux[0][2][3]$a$2496 [1:0]
      New connections: $memory$auto$proc_rom.cc:155:do_switch$622$rdmux[0][2][3]$a$2496 [5:2] = 4'0000
  Optimizing cells in module $paramod$b92c0599001ba7fee29ca99bde4121d40086de58\regs.
    Consolidated identical input bits for $mux cell $memory$auto$proc_rom.cc:155:do_switch$622$rdmux[0][2][3]$2495:
      Old ports: A=$memory$auto$proc_rom.cc:155:do_switch$622$rdmux[0][2][3]$a$2496, B=6'000000, Y=$memory$auto$proc_rom.cc:155:do_switch$622$rdmux[0][1][1]$b$2485
      New ports: A=$memory$auto$proc_rom.cc:155:do_switch$622$rdmux[0][2][3]$a$2496 [1:0], B=2'00, Y=$memory$auto$proc_rom.cc:155:do_switch$622$rdmux[0][1][1]$b$2485 [1:0]
      New connections: $memory$auto$proc_rom.cc:155:do_switch$622$rdmux[0][1][1]$b$2485 [5:2] = 4'0000
    Consolidated identical input bits for $mux cell $memory$auto$proc_rom.cc:155:do_switch$622$rdmux[0][2][2]$2492:
      Old ports: A=$memory$auto$proc_rom.cc:155:do_switch$622$rdmux[0][2][2]$a$2493, B=$memory$auto$proc_rom.cc:155:do_switch$622$rdmux[0][2][2]$b$2494, Y=$memory$auto$proc_rom.cc:155:do_switch$622$rdmux[0][1][1]$a$2484
      New ports: A={ $memory$auto$proc_rom.cc:155:do_switch$622$rdmux[0][2][2]$a$2493 [5] $memory$auto$proc_rom.cc:155:do_switch$622$rdmux[0][2][2]$a$2493 [2] $memory$auto$proc_rom.cc:155:do_switch$622$rdmux[0][2][2]$a$2493 [2] 1'1 }, B={ $memory$auto$proc_rom.cc:155:do_switch$622$rdmux[0][2][2]$b$2494 [0] 1'0 $memory$auto$proc_rom.cc:155:do_switch$622$rdmux[0][2][2]$b$2494 [0] $memory$auto$proc_rom.cc:155:do_switch$622$rdmux[0][2][2]$b$2494 [0] }, Y={ $memory$auto$proc_rom.cc:155:do_switch$622$rdmux[0][1][1]$a$2484 [5] $memory$auto$proc_rom.cc:155:do_switch$622$rdmux[0][1][1]$a$2484 [3:2] $memory$auto$proc_rom.cc:155:do_switch$622$rdmux[0][1][1]$a$2484 [0] }
      New connections: { $memory$auto$proc_rom.cc:155:do_switch$622$rdmux[0][1][1]$a$2484 [4] $memory$auto$proc_rom.cc:155:do_switch$622$rdmux[0][1][1]$a$2484 [1] } = { $memory$auto$proc_rom.cc:155:do_switch$622$rdmux[0][1][1]$a$2484 [3] 1'0 }
    Consolidated identical input bits for $mux cell $memory$auto$proc_rom.cc:155:do_switch$622$rdmux[0][2][1]$2489:
      Old ports: A=$memory$auto$proc_rom.cc:155:do_switch$622$rdmux[0][2][1]$a$2490, B=$memory$auto$proc_rom.cc:155:do_switch$622$rdmux[0][2][1]$b$2491, Y=$memory$auto$proc_rom.cc:155:do_switch$622$rdmux[0][1][0]$b$2482
      New ports: A={ 1'0 $memory$auto$proc_rom.cc:155:do_switch$622$rdmux[0][2][1]$a$2490 [2] 1'1 }, B={ $memory$auto$proc_rom.cc:155:do_switch$622$rdmux[0][2][1]$b$2491 [0] 1'0 $memory$auto$proc_rom.cc:155:do_switch$622$rdmux[0][2][1]$b$2491 [0] }, Y={ $memory$auto$proc_rom.cc:155:do_switch$622$rdmux[0][1][0]$b$2482 [3:2] $memory$auto$proc_rom.cc:155:do_switch$622$rdmux[0][1][0]$b$2482 [0] }
      New connections: { $memory$auto$proc_rom.cc:155:do_switch$622$rdmux[0][1][0]$b$2482 [5:4] $memory$auto$proc_rom.cc:155:do_switch$622$rdmux[0][1][0]$b$2482 [1] } = { 1'0 $memory$auto$proc_rom.cc:155:do_switch$622$rdmux[0][1][0]$b$2482 [0] 1'0 }
    Consolidated identical input bits for $mux cell $memory$auto$proc_rom.cc:155:do_switch$622$rdmux[0][2][0]$2486:
      Old ports: A=$memory$auto$proc_rom.cc:155:do_switch$622$rdmux[0][2][0]$a$2487, B=$memory$auto$proc_rom.cc:155:do_switch$622$rdmux[0][2][0]$b$2488, Y=$memory$auto$proc_rom.cc:155:do_switch$622$rdmux[0][1][0]$a$2481
      New ports: A={ $memory$auto$proc_rom.cc:155:do_switch$622$rdmux[0][2][0]$a$2487 [3:2] 1'1 }, B={ $memory$auto$proc_rom.cc:155:do_switch$622$rdmux[0][2][0]$b$2488 [0] $memory$auto$proc_rom.cc:155:do_switch$622$rdmux[0][2][0]$b$2488 [0] $memory$auto$proc_rom.cc:155:do_switch$622$rdmux[0][2][0]$b$2488 [0] }, Y={ $memory$auto$proc_rom.cc:155:do_switch$622$rdmux[0][1][0]$a$2481 [3:2] $memory$auto$proc_rom.cc:155:do_switch$622$rdmux[0][1][0]$a$2481 [0] }
      New connections: { $memory$auto$proc_rom.cc:155:do_switch$622$rdmux[0][1][0]$a$2481 [5:4] $memory$auto$proc_rom.cc:155:do_switch$622$rdmux[0][1][0]$a$2481 [1] } = 3'000
  Optimizing cells in module $paramod$b92c0599001ba7fee29ca99bde4121d40086de58\regs.
    Consolidated identical input bits for $mux cell $memory$auto$proc_rom.cc:155:do_switch$622$rdmux[0][1][1]$2483:
      Old ports: A=$memory$auto$proc_rom.cc:155:do_switch$622$rdmux[0][1][1]$a$2484, B=$memory$auto$proc_rom.cc:155:do_switch$622$rdmux[0][1][1]$b$2485, Y=$memory$auto$proc_rom.cc:155:do_switch$622$rdmux[0][0][0]$b$2479
      New ports: A={ $memory$auto$proc_rom.cc:155:do_switch$622$rdmux[0][1][1]$a$2484 [5] $memory$auto$proc_rom.cc:155:do_switch$622$rdmux[0][1][1]$a$2484 [3:2] 1'0 $memory$auto$proc_rom.cc:155:do_switch$622$rdmux[0][1][1]$a$2484 [0] }, B={ 3'000 $memory$auto$proc_rom.cc:155:do_switch$622$rdmux[0][1][1]$b$2485 [1:0] }, Y={ $memory$auto$proc_rom.cc:155:do_switch$622$rdmux[0][0][0]$b$2479 [5] $memory$auto$proc_rom.cc:155:do_switch$622$rdmux[0][0][0]$b$2479 [3:0] }
      New connections: $memory$auto$proc_rom.cc:155:do_switch$622$rdmux[0][0][0]$b$2479 [4] = $memory$auto$proc_rom.cc:155:do_switch$622$rdmux[0][0][0]$b$2479 [3]
    Consolidated identical input bits for $mux cell $memory$auto$proc_rom.cc:155:do_switch$622$rdmux[0][1][0]$2480:
      Old ports: A=$memory$auto$proc_rom.cc:155:do_switch$622$rdmux[0][1][0]$a$2481, B=$memory$auto$proc_rom.cc:155:do_switch$622$rdmux[0][1][0]$b$2482, Y=$memory$auto$proc_rom.cc:155:do_switch$622$rdmux[0][0][0]$a$2478
      New ports: A={ 1'0 $memory$auto$proc_rom.cc:155:do_switch$622$rdmux[0][1][0]$a$2481 [3:2] $memory$auto$proc_rom.cc:155:do_switch$622$rdmux[0][1][0]$a$2481 [0] }, B={ $memory$auto$proc_rom.cc:155:do_switch$622$rdmux[0][1][0]$b$2482 [0] $memory$auto$proc_rom.cc:155:do_switch$622$rdmux[0][1][0]$b$2482 [3:2] $memory$auto$proc_rom.cc:155:do_switch$622$rdmux[0][1][0]$b$2482 [0] }, Y={ $memory$auto$proc_rom.cc:155:do_switch$622$rdmux[0][0][0]$a$2478 [4:2] $memory$auto$proc_rom.cc:155:do_switch$622$rdmux[0][0][0]$a$2478 [0] }
      New connections: { $memory$auto$proc_rom.cc:155:do_switch$622$rdmux[0][0][0]$a$2478 [5] $memory$auto$proc_rom.cc:155:do_switch$622$rdmux[0][0][0]$a$2478 [1] } = 2'00
  Optimizing cells in module $paramod$b92c0599001ba7fee29ca99bde4121d40086de58\regs.
  Optimizing cells in module $paramod\auth_ctrl\AUTH_TIMEOUT_MS=s32'00000000000000000001001110001000.
    New ctrl vector for $pmux cell $procmux$1443: { $eq$src/auth_ctrl.v:78$477_Y \cmd_valid \rx_arm $eq$src/auth_ctrl.v:86$487_Y $procmux$1460_CMP \seal_valid $procmux$1454_CMP \tx_arm $eq$src/auth_ctrl.v:87$491_Y \session_end }
  Optimizing cells in module $paramod\auth_ctrl\AUTH_TIMEOUT_MS=s32'00000000000000000001001110001000.
  Optimizing cells in module $paramod\sync2\WIDTH=s32'00000000000000000000000000000011.
  Optimizing cells in module $paramod\sync2\WIDTH=s32'00000000000000000000000000000100.
  Optimizing cells in module \reset_release.
  Optimizing cells in module \rumcajs.
  Optimizing cells in module \serial_link.
    New ctrl vector for $pmux cell $procmux$1190: \state [1]
    New ctrl vector for $pmux cell $procmux$1314: \state [2:1]
  Optimizing cells in module \serial_link.
  Optimizing cells in module \tt_um_rumcajs.
Performed a total of 22 changes.

13.19.5. Executing OPT_MERGE pass (detect identical cells).
Finding identical cells in module `$paramod$0207631bd49897fc40da4a49890f896231b73492\szymon_fixed'.
Finding identical cells in module `$paramod$143b15b9608e06eea62a21ca91d45c97880ffd0d\kb'.
Finding identical cells in module `$paramod$189e5c5ece264226de8c0df8c90596b8bf71b942\timebase'.
Finding identical cells in module `$paramod$b049745b6f1e89ce45cffbd1455f86ba117e4804\buzzer'.
Finding identical cells in module `$paramod$b92c0599001ba7fee29ca99bde4121d40086de58\regs'.
<suppressed ~9 debug messages>
Finding identical cells in module `$paramod\auth_ctrl\AUTH_TIMEOUT_MS=s32'00000000000000000001001110001000'.
Finding identical cells in module `$paramod\sync2\WIDTH=s32'00000000000000000000000000000011'.
Finding identical cells in module `$paramod\sync2\WIDTH=s32'00000000000000000000000000000100'.
Finding identical cells in module `\reset_release'.
Finding identical cells in module `\rumcajs'.
Finding identical cells in module `\serial_link'.
Finding identical cells in module `\tt_um_rumcajs'.
Removed a total of 3 cells.

13.19.6. Executing OPT_SHARE pass.

13.19.7. Executing OPT_DFF pass (perform DFF optimizations).

13.19.8. Executing OPT_CLEAN pass (remove unused cells and wires).
Finding unused cells or wires in module $paramod$0207631bd49897fc40da4a49890f896231b73492\szymon_fixed..
Finding unused cells or wires in module $paramod$143b15b9608e06eea62a21ca91d45c97880ffd0d\kb..
Finding unused cells or wires in module $paramod$189e5c5ece264226de8c0df8c90596b8bf71b942\timebase..
Finding unused cells or wires in module $paramod$b049745b6f1e89ce45cffbd1455f86ba117e4804\buzzer..
Finding unused cells or wires in module $paramod$b92c0599001ba7fee29ca99bde4121d40086de58\regs..
Finding unused cells or wires in module $paramod\auth_ctrl\AUTH_TIMEOUT_MS=s32'00000000000000000001001110001000..
Finding unused cells or wires in module $paramod\sync2\WIDTH=s32'00000000000000000000000000000011..
Finding unused cells or wires in module $paramod\sync2\WIDTH=s32'00000000000000000000000000000100..
Finding unused cells or wires in module \reset_release..
Finding unused cells or wires in module \rumcajs..
Finding unused cells or wires in module \serial_link..
Finding unused cells or wires in module \tt_um_rumcajs..
Removed 0 unused cells and 20 unused wires.
<suppressed ~1 debug messages>

13.19.9. Executing OPT_EXPR pass (perform const folding).
Optimizing module $paramod$0207631bd49897fc40da4a49890f896231b73492\szymon_fixed.
<suppressed ~1 debug messages>
Optimizing module $paramod$143b15b9608e06eea62a21ca91d45c97880ffd0d\kb.
<suppressed ~1 debug messages>
Optimizing module $paramod$189e5c5ece264226de8c0df8c90596b8bf71b942\timebase.
Optimizing module $paramod$b049745b6f1e89ce45cffbd1455f86ba117e4804\buzzer.
Optimizing module $paramod$b92c0599001ba7fee29ca99bde4121d40086de58\regs.
<suppressed ~2 debug messages>
Optimizing module $paramod\auth_ctrl\AUTH_TIMEOUT_MS=s32'00000000000000000001001110001000.
Optimizing module $paramod\sync2\WIDTH=s32'00000000000000000000000000000011.
Optimizing module $paramod\sync2\WIDTH=s32'00000000000000000000000000000100.
Optimizing module reset_release.
Optimizing module rumcajs.
Optimizing module serial_link.
<suppressed ~1 debug messages>
Optimizing module tt_um_rumcajs.

13.19.10. Rerunning OPT passes. (Maybe there is more to do..)

13.19.11. Executing OPT_MUXTREE pass (detect dead branches in mux trees).
Running muxtree optimizer on module $paramod$0207631bd49897fc40da4a49890f896231b73492\szymon_fixed..
  Creating internal representation of mux trees.
  Evaluating internal representation of mux trees.
  Analyzing evaluation results.
Running muxtree optimizer on module $paramod$143b15b9608e06eea62a21ca91d45c97880ffd0d\kb..
  Creating internal representation of mux trees.
  Evaluating internal representation of mux trees.
  Analyzing evaluation results.
Running muxtree optimizer on module $paramod$189e5c5ece264226de8c0df8c90596b8bf71b942\timebase..
  Creating internal representation of mux trees.
  Evaluating internal representation of mux trees.
  Analyzing evaluation results.
Running muxtree optimizer on module $paramod$b049745b6f1e89ce45cffbd1455f86ba117e4804\buzzer..
  Creating internal representation of mux trees.
  Evaluating internal representation of mux trees.
  Analyzing evaluation results.
Running muxtree optimizer on module $paramod$b92c0599001ba7fee29ca99bde4121d40086de58\regs..
  Creating internal representation of mux trees.
  Evaluating internal representation of mux trees.
  Analyzing evaluation results.
Running muxtree optimizer on module $paramod\auth_ctrl\AUTH_TIMEOUT_MS=s32'00000000000000000001001110001000..
  Creating internal representation of mux trees.
  Evaluating internal representation of mux trees.
  Analyzing evaluation results.
Running muxtree optimizer on module $paramod\sync2\WIDTH=s32'00000000000000000000000000000011..
  Creating internal representation of mux trees.
  No muxes found in this module.
Running muxtree optimizer on module $paramod\sync2\WIDTH=s32'00000000000000000000000000000100..
  Creating internal representation of mux trees.
  No muxes found in this module.
Running muxtree optimizer on module \reset_release..
  Creating internal representation of mux trees.
  No muxes found in this module.
Running muxtree optimizer on module \rumcajs..
  Creating internal representation of mux trees.
  Evaluating internal representation of mux trees.
  Analyzing evaluation results.
Running muxtree optimizer on module \serial_link..
  Creating internal representation of mux trees.
  Evaluating internal representation of mux trees.
  Analyzing evaluation results.
Running muxtree optimizer on module \tt_um_rumcajs..
  Creating internal representation of mux trees.
  No muxes found in this module.
Removed 0 multiplexer ports.
<suppressed ~72 debug messages>

13.19.12. Executing OPT_REDUCE pass (consolidate $*mux and $reduce_* inputs).
  Optimizing cells in module $paramod$0207631bd49897fc40da4a49890f896231b73492\szymon_fixed.
  Optimizing cells in module $paramod$143b15b9608e06eea62a21ca91d45c97880ffd0d\kb.
  Optimizing cells in module $paramod$189e5c5ece264226de8c0df8c90596b8bf71b942\timebase.
  Optimizing cells in module $paramod$b049745b6f1e89ce45cffbd1455f86ba117e4804\buzzer.
  Optimizing cells in module $paramod$b92c0599001ba7fee29ca99bde4121d40086de58\regs.
  Optimizing cells in module $paramod\auth_ctrl\AUTH_TIMEOUT_MS=s32'00000000000000000001001110001000.
  Optimizing cells in module $paramod\sync2\WIDTH=s32'00000000000000000000000000000011.
  Optimizing cells in module $paramod\sync2\WIDTH=s32'00000000000000000000000000000100.
  Optimizing cells in module \reset_release.
  Optimizing cells in module \rumcajs.
  Optimizing cells in module \serial_link.
  Optimizing cells in module \tt_um_rumcajs.
Performed a total of 0 changes.

13.19.13. Executing OPT_MERGE pass (detect identical cells).
Finding identical cells in module `$paramod$0207631bd49897fc40da4a49890f896231b73492\szymon_fixed'.
Finding identical cells in module `$paramod$143b15b9608e06eea62a21ca91d45c97880ffd0d\kb'.
Finding identical cells in module `$paramod$189e5c5ece264226de8c0df8c90596b8bf71b942\timebase'.
Finding identical cells in module `$paramod$b049745b6f1e89ce45cffbd1455f86ba117e4804\buzzer'.
Finding identical cells in module `$paramod$b92c0599001ba7fee29ca99bde4121d40086de58\regs'.
Finding identical cells in module `$paramod\auth_ctrl\AUTH_TIMEOUT_MS=s32'00000000000000000001001110001000'.
Finding identical cells in module `$paramod\sync2\WIDTH=s32'00000000000000000000000000000011'.
Finding identical cells in module `$paramod\sync2\WIDTH=s32'00000000000000000000000000000100'.
Finding identical cells in module `\reset_release'.
Finding identical cells in module `\rumcajs'.
Finding identical cells in module `\serial_link'.
Finding identical cells in module `\tt_um_rumcajs'.
Removed a total of 0 cells.

13.19.14. Executing OPT_SHARE pass.

13.19.15. Executing OPT_DFF pass (perform DFF optimizations).

13.19.16. Executing OPT_CLEAN pass (remove unused cells and wires).
Finding unused cells or wires in module $paramod$0207631bd49897fc40da4a49890f896231b73492\szymon_fixed..
Finding unused cells or wires in module $paramod$143b15b9608e06eea62a21ca91d45c97880ffd0d\kb..
Finding unused cells or wires in module $paramod$189e5c5ece264226de8c0df8c90596b8bf71b942\timebase..
Finding unused cells or wires in module $paramod$b049745b6f1e89ce45cffbd1455f86ba117e4804\buzzer..
Finding unused cells or wires in module $paramod$b92c0599001ba7fee29ca99bde4121d40086de58\regs..
Finding unused cells or wires in module $paramod\auth_ctrl\AUTH_TIMEOUT_MS=s32'00000000000000000001001110001000..
Finding unused cells or wires in module $paramod\sync2\WIDTH=s32'00000000000000000000000000000011..
Finding unused cells or wires in module $paramod\sync2\WIDTH=s32'00000000000000000000000000000100..
Finding unused cells or wires in module \reset_release..
Finding unused cells or wires in module \rumcajs..
Finding unused cells or wires in module \serial_link..
Finding unused cells or wires in module \tt_um_rumcajs..
Removed 0 unused cells and 4 unused wires.
<suppressed ~4 debug messages>

13.19.17. Executing OPT_EXPR pass (perform const folding).
Optimizing module $paramod$0207631bd49897fc40da4a49890f896231b73492\szymon_fixed.
Optimizing module $paramod$143b15b9608e06eea62a21ca91d45c97880ffd0d\kb.
Optimizing module $paramod$189e5c5ece264226de8c0df8c90596b8bf71b942\timebase.
Optimizing module $paramod$b049745b6f1e89ce45cffbd1455f86ba117e4804\buzzer.
Optimizing module $paramod$b92c0599001ba7fee29ca99bde4121d40086de58\regs.
Optimizing module $paramod\auth_ctrl\AUTH_TIMEOUT_MS=s32'00000000000000000001001110001000.
Optimizing module $paramod\sync2\WIDTH=s32'00000000000000000000000000000011.
Optimizing module $paramod\sync2\WIDTH=s32'00000000000000000000000000000100.
Optimizing module reset_release.
Optimizing module rumcajs.
Optimizing module serial_link.
Optimizing module tt_um_rumcajs.

13.19.18. Rerunning OPT passes. (Maybe there is more to do..)

13.19.19. Executing OPT_MUXTREE pass (detect dead branches in mux trees).
Running muxtree optimizer on module $paramod$0207631bd49897fc40da4a49890f896231b73492\szymon_fixed..
  Creating internal representation of mux trees.
  Evaluating internal representation of mux trees.
  Analyzing evaluation results.
Running muxtree optimizer on module $paramod$143b15b9608e06eea62a21ca91d45c97880ffd0d\kb..
  Creating internal representation of mux trees.
  Evaluating internal representation of mux trees.
  Analyzing evaluation results.
Running muxtree optimizer on module $paramod$189e5c5ece264226de8c0df8c90596b8bf71b942\timebase..
  Creating internal representation of mux trees.
  Evaluating internal representation of mux trees.
  Analyzing evaluation results.
Running muxtree optimizer on module $paramod$b049745b6f1e89ce45cffbd1455f86ba117e4804\buzzer..
  Creating internal representation of mux trees.
  Evaluating internal representation of mux trees.
  Analyzing evaluation results.
Running muxtree optimizer on module $paramod$b92c0599001ba7fee29ca99bde4121d40086de58\regs..
  Creating internal representation of mux trees.
  Evaluating internal representation of mux trees.
  Analyzing evaluation results.
Running muxtree optimizer on module $paramod\auth_ctrl\AUTH_TIMEOUT_MS=s32'00000000000000000001001110001000..
  Creating internal representation of mux trees.
  Evaluating internal representation of mux trees.
  Analyzing evaluation results.
Running muxtree optimizer on module $paramod\sync2\WIDTH=s32'00000000000000000000000000000011..
  Creating internal representation of mux trees.
  No muxes found in this module.
Running muxtree optimizer on module $paramod\sync2\WIDTH=s32'00000000000000000000000000000100..
  Creating internal representation of mux trees.
  No muxes found in this module.
Running muxtree optimizer on module \reset_release..
  Creating internal representation of mux trees.
  No muxes found in this module.
Running muxtree optimizer on module \rumcajs..
  Creating internal representation of mux trees.
  Evaluating internal representation of mux trees.
  Analyzing evaluation results.
Running muxtree optimizer on module \serial_link..
  Creating internal representation of mux trees.
  Evaluating internal representation of mux trees.
  Analyzing evaluation results.
Running muxtree optimizer on module \tt_um_rumcajs..
  Creating internal representation of mux trees.
  No muxes found in this module.
Removed 0 multiplexer ports.
<suppressed ~72 debug messages>

13.19.20. Executing OPT_REDUCE pass (consolidate $*mux and $reduce_* inputs).
  Optimizing cells in module $paramod$0207631bd49897fc40da4a49890f896231b73492\szymon_fixed.
  Optimizing cells in module $paramod$143b15b9608e06eea62a21ca91d45c97880ffd0d\kb.
  Optimizing cells in module $paramod$189e5c5ece264226de8c0df8c90596b8bf71b942\timebase.
  Optimizing cells in module $paramod$b049745b6f1e89ce45cffbd1455f86ba117e4804\buzzer.
  Optimizing cells in module $paramod$b92c0599001ba7fee29ca99bde4121d40086de58\regs.
  Optimizing cells in module $paramod\auth_ctrl\AUTH_TIMEOUT_MS=s32'00000000000000000001001110001000.
  Optimizing cells in module $paramod\sync2\WIDTH=s32'00000000000000000000000000000011.
  Optimizing cells in module $paramod\sync2\WIDTH=s32'00000000000000000000000000000100.
  Optimizing cells in module \reset_release.
  Optimizing cells in module \rumcajs.
  Optimizing cells in module \serial_link.
  Optimizing cells in module \tt_um_rumcajs.
Performed a total of 0 changes.

13.19.21. Executing OPT_MERGE pass (detect identical cells).
Finding identical cells in module `$paramod$0207631bd49897fc40da4a49890f896231b73492\szymon_fixed'.
Finding identical cells in module `$paramod$143b15b9608e06eea62a21ca91d45c97880ffd0d\kb'.
Finding identical cells in module `$paramod$189e5c5ece264226de8c0df8c90596b8bf71b942\timebase'.
Finding identical cells in module `$paramod$b049745b6f1e89ce45cffbd1455f86ba117e4804\buzzer'.
Finding identical cells in module `$paramod$b92c0599001ba7fee29ca99bde4121d40086de58\regs'.
Finding identical cells in module `$paramod\auth_ctrl\AUTH_TIMEOUT_MS=s32'00000000000000000001001110001000'.
Finding identical cells in module `$paramod\sync2\WIDTH=s32'00000000000000000000000000000011'.
Finding identical cells in module `$paramod\sync2\WIDTH=s32'00000000000000000000000000000100'.
Finding identical cells in module `\reset_release'.
Finding identical cells in module `\rumcajs'.
Finding identical cells in module `\serial_link'.
Finding identical cells in module `\tt_um_rumcajs'.
Removed a total of 0 cells.

13.19.22. Executing OPT_SHARE pass.

13.19.23. Executing OPT_DFF pass (perform DFF optimizations).

13.19.24. Executing OPT_CLEAN pass (remove unused cells and wires).
Finding unused cells or wires in module $paramod$0207631bd49897fc40da4a49890f896231b73492\szymon_fixed..
Finding unused cells or wires in module $paramod$143b15b9608e06eea62a21ca91d45c97880ffd0d\kb..
Finding unused cells or wires in module $paramod$189e5c5ece264226de8c0df8c90596b8bf71b942\timebase..
Finding unused cells or wires in module $paramod$b049745b6f1e89ce45cffbd1455f86ba117e4804\buzzer..
Finding unused cells or wires in module $paramod$b92c0599001ba7fee29ca99bde4121d40086de58\regs..
Finding unused cells or wires in module $paramod\auth_ctrl\AUTH_TIMEOUT_MS=s32'00000000000000000001001110001000..
Finding unused cells or wires in module $paramod\sync2\WIDTH=s32'00000000000000000000000000000011..
Finding unused cells or wires in module $paramod\sync2\WIDTH=s32'00000000000000000000000000000100..
Finding unused cells or wires in module \reset_release..
Finding unused cells or wires in module \rumcajs..
Finding unused cells or wires in module \serial_link..
Finding unused cells or wires in module \tt_um_rumcajs..

13.19.25. Executing OPT_EXPR pass (perform const folding).
Optimizing module $paramod$0207631bd49897fc40da4a49890f896231b73492\szymon_fixed.
Optimizing module $paramod$143b15b9608e06eea62a21ca91d45c97880ffd0d\kb.
Optimizing module $paramod$189e5c5ece264226de8c0df8c90596b8bf71b942\timebase.
Optimizing module $paramod$b049745b6f1e89ce45cffbd1455f86ba117e4804\buzzer.
Optimizing module $paramod$b92c0599001ba7fee29ca99bde4121d40086de58\regs.
Optimizing module $paramod\auth_ctrl\AUTH_TIMEOUT_MS=s32'00000000000000000001001110001000.
Optimizing module $paramod\sync2\WIDTH=s32'00000000000000000000000000000011.
Optimizing module $paramod\sync2\WIDTH=s32'00000000000000000000000000000100.
Optimizing module reset_release.
Optimizing module rumcajs.
Optimizing module serial_link.
Optimizing module tt_um_rumcajs.

13.19.26. Finished OPT passes. (There is nothing left to do.)

13.20. Executing TECHMAP pass (map to technology primitives).

13.20.1. Executing Verilog-2005 frontend: /mnt/c/Users/user/Desktop/HACKATHON/.tools/root/usr/bin/../share/yosys/techmap.v
Parsing Verilog input from `/mnt/c/Users/user/Desktop/HACKATHON/.tools/root/usr/bin/../share/yosys/techmap.v' to AST representation.
Generating RTLIL representation for module `\_90_simplemap_bool_ops'.
Generating RTLIL representation for module `\_90_simplemap_reduce_ops'.
Generating RTLIL representation for module `\_90_simplemap_logic_ops'.
Generating RTLIL representation for module `\_90_simplemap_compare_ops'.
Generating RTLIL representation for module `\_90_simplemap_various'.
Generating RTLIL representation for module `\_90_simplemap_registers'.
Generating RTLIL representation for module `\_90_shift_ops_shr_shl_sshl_sshr'.
Generating RTLIL representation for module `\_90_shift_shiftx'.
Generating RTLIL representation for module `\_90_fa'.
Generating RTLIL representation for module `\_90_lcu_brent_kung'.
Generating RTLIL representation for module `\_90_alu'.
Generating RTLIL representation for module `\_90_macc'.
Generating RTLIL representation for module `\_90_alumacc'.
Generating RTLIL representation for module `\$__div_mod_u'.
Generating RTLIL representation for module `\$__div_mod_trunc'.
Generating RTLIL representation for module `\_90_div'.
Generating RTLIL representation for module `\_90_mod'.
Generating RTLIL representation for module `\$__div_mod_floor'.
Generating RTLIL representation for module `\_90_divfloor'.
Generating RTLIL representation for module `\_90_modfloor'.
Generating RTLIL representation for module `\_90_pow'.
Generating RTLIL representation for module `\_90_pmux'.
Generating RTLIL representation for module `\_90_demux'.
Generating RTLIL representation for module `\_90_lut'.
Successfully finished Verilog frontend.

13.20.2. Continuing TECHMAP pass.
Using extmapper simplemap for cells of type $reduce_or.
Using extmapper simplemap for cells of type $eq.
Using extmapper simplemap for cells of type $and.
Using extmapper simplemap for cells of type $logic_not.
Using extmapper simplemap for cells of type $logic_and.
Using extmapper simplemap for cells of type $logic_or.
Using template $paramod$103b4016182df467cceab67bcf3e18e6361ec0fd\_90_alu for cells of type $alu.
Using extmapper simplemap for cells of type $ne.
Using template $paramod$2407ada40cc3dda6c6015be2b49b748cddb5a800\_90_pmux for cells of type $pmux.
Using extmapper simplemap for cells of type $not.
Using extmapper simplemap for cells of type $mux.
Using extmapper simplemap for cells of type $or.
Using extmapper simplemap for cells of type $reduce_and.
Using template $paramod$fc972a7a46956c1788f3cb5257b53c8f1df2d0cc\_90_alu for cells of type $alu.
Using extmapper simplemap for cells of type $reduce_bool.
Using template $paramod$c5c783b17ab1d780abfad8cfe6563a0a7b47a3b0\_90_pmux for cells of type $pmux.
Using template $paramod$b756e651b7db7aeb455331d9a2df073db93fcc2e\_90_pmux for cells of type $pmux.
Using extmapper simplemap for cells of type $adff.
Using extmapper simplemap for cells of type $adffe.
Using extmapper simplemap for cells of type $xor.
Using extmapper simplemap for cells of type $pos.
Using template $paramod\_90_lcu_brent_kung\WIDTH=32'00000000000000000000000000000111 for cells of type $lcu.
Using template $paramod\_90_lcu_brent_kung\WIDTH=32'00000000000000000000000000000001 for cells of type $lcu.
Using template $paramod$215440792383f7884e57d9c95f84e9552d0bf4ac\_90_alu for cells of type $alu.
Using template $paramod$274c8d34472ef950383656115be6e1c8ace5024c\_90_pmux for cells of type $pmux.
Using template $paramod\_90_lcu_brent_kung\WIDTH=32'00000000000000000000000000001101 for cells of type $lcu.
Using template $paramod$175e67c02b86e96b1288b9dc100122520d7240d8\_90_alu for cells of type $alu.
Using template $paramod$7e708ae28ab761f11d0fb59d3ffc72f6a4baf5d9\_90_alu for cells of type $alu.
Using template $paramod\_90_lcu_brent_kung\WIDTH=32'00000000000000000000000000000010 for cells of type $lcu.
Using template $paramod$32efbfac1c4dc57230cf86180788fdfd12e3b511\_90_alu for cells of type $alu.
Using template $paramod\_90_lcu_brent_kung\WIDTH=32'00000000000000000000000000000110 for cells of type $lcu.
Using template $paramod$c3cd1564c35d873179656addd6052d7ea8b6d991\_90_alu for cells of type $alu.
Using template $paramod\_90_lcu_brent_kung\WIDTH=32'00000000000000000000000000001000 for cells of type $lcu.
Using extmapper maccmap for cells of type $macc_v2.
  add \sample_hits [0] (1 bits, unsigned)
  add \sample_hits [3] (1 bits, unsigned)
  add \sample_hits [2] (1 bits, unsigned)
  add \sample_hits [1] (1 bits, unsigned)
  packed 1 (1) bits / 1 words into adder tree
Using template $paramod$b8c0a997bce700f23568a5ada79cc6781d1f5ca0\_90_alu for cells of type $alu.
Using template $paramod$constmap:66d421c313e4e958be776b99540ac2de3b59fdbc$paramod$77562a466236eb4a6d905351a0995599b75075cb\_90_shift_ops_shr_shl_sshl_sshr for cells of type $shl.
Using template $paramod$672a140277c71df8314410f22acc08d55222c3c7\_90_alu for cells of type $alu.
Using template $paramod$649fc39eef2451024566705288528c8671211199\_90_alu for cells of type $alu.
Using template $paramod$ba698a254f9a5947e85cbe7beae6b161eefc5386\_90_alu for cells of type $alu.
Using template $paramod\_90_fa\WIDTH=32'00000000000000000000000000000001 for cells of type $fa.
Using template $paramod$740b056ede97228d3eae64ea2fdc81f0a33e0fe7\_90_alu for cells of type $alu.
Using template $paramod\_90_lcu_brent_kung\WIDTH=32'00000000000000000000000000000011 for cells of type $lcu.
Using template $paramod\_90_lcu_brent_kung\WIDTH=32'00000000000000000000000000000101 for cells of type $lcu.
Using template $paramod\_90_lcu_brent_kung\WIDTH=32'00000000000000000000000000000100 for cells of type $lcu.
Using template $paramod$f956edc9fe4df758d9fdb10bfc518a364c99e75e\_90_alu for cells of type $alu.
Using template $paramod$75108d6e8d490ab2eec24aee458e87cb2a6c124c\_90_alu for cells of type $alu.
Using template $paramod$b18e16801adf491a64caa0542270798e5d4ac6b6\_90_alu for cells of type $alu.
Using template $paramod$constmap:f60661f465a00b8f04b1a6b0eff6d9466580ad6c$paramod$5ff134cf61e5a9c64e0f7cba84047e091096ba6e\_90_shift_shiftx for cells of type $shiftx.
Using template $paramod$constmap:c91f438c160b7234c239370be5f18643208a382c$paramod$be82632655593155b002e090fe956937611ae998\_90_shift_shiftx for cells of type $shiftx.
Using template $paramod$3ef7d3dd227da7627a99c5e5a6a4deb817573e39\_90_alu for cells of type $alu.
Using extmapper simplemap for cells of type $sdff.
Using extmapper simplemap for cells of type $dffe.
Using extmapper simplemap for cells of type $sdffe.
Using template $paramod$ed0bb9616228df1e6c226f91f8133e751815f1b1\_90_pmux for cells of type $pmux.
Using template $paramod$85df5dc01c7df96a7d8e5f1fdf76ce9ac452af63\_90_pmux for cells of type $pmux.
No more expansions possible.
<suppressed ~4594 debug messages>

13.21. Executing OPT pass (performing simple optimizations).

13.21.1. Executing OPT_EXPR pass (perform const folding).
Optimizing module $paramod$0207631bd49897fc40da4a49890f896231b73492\szymon_fixed.
<suppressed ~3027 debug messages>
Optimizing module $paramod$143b15b9608e06eea62a21ca91d45c97880ffd0d\kb.
<suppressed ~244 debug messages>
Optimizing module $paramod$189e5c5ece264226de8c0df8c90596b8bf71b942\timebase.
<suppressed ~76 debug messages>
Optimizing module $paramod$b049745b6f1e89ce45cffbd1455f86ba117e4804\buzzer.
<suppressed ~64 debug messages>
Optimizing module $paramod$b92c0599001ba7fee29ca99bde4121d40086de58\regs.
<suppressed ~83 debug messages>
Optimizing module $paramod\auth_ctrl\AUTH_TIMEOUT_MS=s32'00000000000000000001001110001000.
<suppressed ~261 debug messages>
Optimizing module $paramod\sync2\WIDTH=s32'00000000000000000000000000000011.
Optimizing module $paramod\sync2\WIDTH=s32'00000000000000000000000000000100.
Optimizing module reset_release.
Optimizing module rumcajs.
Optimizing module serial_link.
<suppressed ~163 debug messages>
Optimizing module tt_um_rumcajs.

13.21.2. Executing OPT_MERGE pass (detect identical cells).
Finding identical cells in module `$paramod$0207631bd49897fc40da4a49890f896231b73492\szymon_fixed'.
<suppressed ~5214 debug messages>
Finding identical cells in module `$paramod$143b15b9608e06eea62a21ca91d45c97880ffd0d\kb'.
<suppressed ~150 debug messages>
Finding identical cells in module `$paramod$189e5c5ece264226de8c0df8c90596b8bf71b942\timebase'.
<suppressed ~30 debug messages>
Finding identical cells in module `$paramod$b049745b6f1e89ce45cffbd1455f86ba117e4804\buzzer'.
<suppressed ~24 debug messages>
Finding identical cells in module `$paramod$b92c0599001ba7fee29ca99bde4121d40086de58\regs'.
<suppressed ~60 debug messages>
Finding identical cells in module `$paramod\auth_ctrl\AUTH_TIMEOUT_MS=s32'00000000000000000001001110001000'.
<suppressed ~198 debug messages>
Finding identical cells in module `$paramod\sync2\WIDTH=s32'00000000000000000000000000000011'.
Finding identical cells in module `$paramod\sync2\WIDTH=s32'00000000000000000000000000000100'.
Finding identical cells in module `\reset_release'.
Finding identical cells in module `\rumcajs'.
Finding identical cells in module `\serial_link'.
<suppressed ~243 debug messages>
Finding identical cells in module `\tt_um_rumcajs'.
Removed a total of 1973 cells.

13.21.3. Executing OPT_DFF pass (perform DFF optimizations).
Setting constant 0-bit at position 0 on $auto$ff.cc:266:slice$4643 ($_DFFE_PN0P_) from module $paramod$b049745b6f1e89ce45cffbd1455f86ba117e4804\buzzer.

13.21.4. Executing OPT_CLEAN pass (remove unused cells and wires).
Finding unused cells or wires in module $paramod$0207631bd49897fc40da4a49890f896231b73492\szymon_fixed..
Finding unused cells or wires in module $paramod$143b15b9608e06eea62a21ca91d45c97880ffd0d\kb..
Finding unused cells or wires in module $paramod$189e5c5ece264226de8c0df8c90596b8bf71b942\timebase..
Finding unused cells or wires in module $paramod$b049745b6f1e89ce45cffbd1455f86ba117e4804\buzzer..
Finding unused cells or wires in module $paramod$b92c0599001ba7fee29ca99bde4121d40086de58\regs..
Finding unused cells or wires in module $paramod\auth_ctrl\AUTH_TIMEOUT_MS=s32'00000000000000000001001110001000..
Finding unused cells or wires in module $paramod\sync2\WIDTH=s32'00000000000000000000000000000011..
Finding unused cells or wires in module $paramod\sync2\WIDTH=s32'00000000000000000000000000000100..
Finding unused cells or wires in module \reset_release..
Finding unused cells or wires in module \rumcajs..
Finding unused cells or wires in module \serial_link..
Finding unused cells or wires in module \tt_um_rumcajs..
Removed 11034 unused cells and 1455 unused wires.
<suppressed ~11041 debug messages>

13.21.5. Rerunning OPT passes. (Removed registers in this run.)

13.21.6. Executing OPT_EXPR pass (perform const folding).
Optimizing module $paramod$0207631bd49897fc40da4a49890f896231b73492\szymon_fixed.
<suppressed ~4 debug messages>
Optimizing module $paramod$143b15b9608e06eea62a21ca91d45c97880ffd0d\kb.
Optimizing module $paramod$189e5c5ece264226de8c0df8c90596b8bf71b942\timebase.
Optimizing module $paramod$b049745b6f1e89ce45cffbd1455f86ba117e4804\buzzer.
<suppressed ~1 debug messages>
Optimizing module $paramod$b92c0599001ba7fee29ca99bde4121d40086de58\regs.
<suppressed ~5 debug messages>
Optimizing module $paramod\auth_ctrl\AUTH_TIMEOUT_MS=s32'00000000000000000001001110001000.
Optimizing module $paramod\sync2\WIDTH=s32'00000000000000000000000000000011.
Optimizing module $paramod\sync2\WIDTH=s32'00000000000000000000000000000100.
Optimizing module reset_release.
Optimizing module rumcajs.
Optimizing module serial_link.
Optimizing module tt_um_rumcajs.

13.21.7. Executing OPT_MERGE pass (detect identical cells).
Finding identical cells in module `$paramod$0207631bd49897fc40da4a49890f896231b73492\szymon_fixed'.
Finding identical cells in module `$paramod$143b15b9608e06eea62a21ca91d45c97880ffd0d\kb'.
Finding identical cells in module `$paramod$189e5c5ece264226de8c0df8c90596b8bf71b942\timebase'.
Finding identical cells in module `$paramod$b049745b6f1e89ce45cffbd1455f86ba117e4804\buzzer'.
Finding identical cells in module `$paramod$b92c0599001ba7fee29ca99bde4121d40086de58\regs'.
<suppressed ~3 debug messages>
Finding identical cells in module `$paramod\auth_ctrl\AUTH_TIMEOUT_MS=s32'00000000000000000001001110001000'.
Finding identical cells in module `$paramod\sync2\WIDTH=s32'00000000000000000000000000000011'.
Finding identical cells in module `$paramod\sync2\WIDTH=s32'00000000000000000000000000000100'.
Finding identical cells in module `\reset_release'.
Finding identical cells in module `\rumcajs'.
Finding identical cells in module `\serial_link'.
Finding identical cells in module `\tt_um_rumcajs'.
Removed a total of 1 cells.

13.21.8. Executing OPT_DFF pass (perform DFF optimizations).

13.21.9. Executing OPT_CLEAN pass (remove unused cells and wires).
Finding unused cells or wires in module $paramod$0207631bd49897fc40da4a49890f896231b73492\szymon_fixed..
Finding unused cells or wires in module $paramod$143b15b9608e06eea62a21ca91d45c97880ffd0d\kb..
Finding unused cells or wires in module $paramod$189e5c5ece264226de8c0df8c90596b8bf71b942\timebase..
Finding unused cells or wires in module $paramod$b049745b6f1e89ce45cffbd1455f86ba117e4804\buzzer..
Finding unused cells or wires in module $paramod$b92c0599001ba7fee29ca99bde4121d40086de58\regs..
Finding unused cells or wires in module $paramod\auth_ctrl\AUTH_TIMEOUT_MS=s32'00000000000000000001001110001000..
Finding unused cells or wires in module $paramod\sync2\WIDTH=s32'00000000000000000000000000000011..
Finding unused cells or wires in module $paramod\sync2\WIDTH=s32'00000000000000000000000000000100..
Finding unused cells or wires in module \reset_release..
Finding unused cells or wires in module \rumcajs..
Finding unused cells or wires in module \serial_link..
Finding unused cells or wires in module \tt_um_rumcajs..
Removed 0 unused cells and 6 unused wires.
<suppressed ~2 debug messages>

13.21.10. Finished fast OPT passes.

13.22. Executing ABC pass (technology mapping using ABC).

13.22.1. Extracting gate netlist of module `$paramod$0207631bd49897fc40da4a49890f896231b73492\szymon_fixed' to `<abc-temp-dir>/input.blif'..
Replacing 55 occurrences of constant undef bits with constant zero bits
Extracted 624 gates and 694 wires to a netlist network with 67 inputs and 65 outputs.

13.22.1.1. Executing ABC.
Running ABC command: "<yosys-exe-dir>/yosys-abc" -s -f <abc-temp-dir>/abc.script 2>&1
ABC: ABC command line: "source <abc-temp-dir>/abc.script".
ABC: 
ABC: + read_blif <abc-temp-dir>/input.blif 
ABC: + read_library <abc-temp-dir>/stdcells.genlib 
ABC: + strash 
ABC: + dretime 
ABC: + map 
ABC: + write_blif <abc-temp-dir>/output.blif 

13.22.1.2. Re-integrating ABC results.
ABC RESULTS:               AND cells:       23
ABC RESULTS:            ANDNOT cells:      128
ABC RESULTS:               MUX cells:      204
ABC RESULTS:              NAND cells:       17
ABC RESULTS:               NOR cells:       10
ABC RESULTS:               NOT cells:       16
ABC RESULTS:                OR cells:       98
ABC RESULTS:             ORNOT cells:       27
ABC RESULTS:              XNOR cells:        8
ABC RESULTS:               XOR cells:       37
ABC RESULTS:        internal signals:      562
ABC RESULTS:           input signals:       67
ABC RESULTS:          output signals:       65
Removing temp directory.

13.22.2. Extracting gate netlist of module `$paramod$143b15b9608e06eea62a21ca91d45c97880ffd0d\kb' to `<abc-temp-dir>/input.blif'..
Extracted 364 gates and 398 wires to a netlist network with 32 inputs and 31 outputs.

13.22.2.1. Executing ABC.
Running ABC command: "<yosys-exe-dir>/yosys-abc" -s -f <abc-temp-dir>/abc.script 2>&1
ABC: ABC command line: "source <abc-temp-dir>/abc.script".
ABC: 
ABC: + read_blif <abc-temp-dir>/input.blif 
ABC: + read_library <abc-temp-dir>/stdcells.genlib 
ABC: + strash 
ABC: + dretime 
ABC: + map 
ABC: + write_blif <abc-temp-dir>/output.blif 

13.22.2.2. Re-integrating ABC results.
ABC RESULTS:               AND cells:        7
ABC RESULTS:            ANDNOT cells:       71
ABC RESULTS:               MUX cells:       91
ABC RESULTS:              NAND cells:        9
ABC RESULTS:               NOR cells:       13
ABC RESULTS:               NOT cells:       24
ABC RESULTS:                OR cells:       92
ABC RESULTS:             ORNOT cells:       18
ABC RESULTS:              XNOR cells:        8
ABC RESULTS:               XOR cells:        8
ABC RESULTS:        internal signals:      335
ABC RESULTS:           input signals:       32
ABC RESULTS:          output signals:       31
Removing temp directory.

13.22.3. Extracting gate netlist of module `$paramod$189e5c5ece264226de8c0df8c90596b8bf71b942\timebase' to `<abc-temp-dir>/input.blif'..
Extracted 45 gates and 56 wires to a netlist network with 10 inputs and 13 outputs.

13.22.3.1. Executing ABC.
Running ABC command: "<yosys-exe-dir>/yosys-abc" -s -f <abc-temp-dir>/abc.script 2>&1
ABC: ABC command line: "source <abc-temp-dir>/abc.script".
ABC: 
ABC: + read_blif <abc-temp-dir>/input.blif 
ABC: + read_library <abc-temp-dir>/stdcells.genlib 
ABC: + strash 
ABC: + dretime 
ABC: + map 
ABC: + write_blif <abc-temp-dir>/output.blif 

13.22.3.2. Re-integrating ABC results.
ABC RESULTS:            ANDNOT cells:       12
ABC RESULTS:              NAND cells:        5
ABC RESULTS:               NOR cells:        1
ABC RESULTS:               NOT cells:        1
ABC RESULTS:                OR cells:        3
ABC RESULTS:             ORNOT cells:        4
ABC RESULTS:              XNOR cells:        3
ABC RESULTS:               XOR cells:        5
ABC RESULTS:        internal signals:       33
ABC RESULTS:           input signals:       10
ABC RESULTS:          output signals:       13
Removing temp directory.

13.22.4. Extracting gate netlist of module `$paramod$b049745b6f1e89ce45cffbd1455f86ba117e4804\buzzer' to `<abc-temp-dir>/input.blif'..
Extracted 44 gates and 57 wires to a netlist network with 11 inputs and 10 outputs.

13.22.4.1. Executing ABC.
Running ABC command: "<yosys-exe-dir>/yosys-abc" -s -f <abc-temp-dir>/abc.script 2>&1
ABC: ABC command line: "source <abc-temp-dir>/abc.script".
ABC: 
ABC: + read_blif <abc-temp-dir>/input.blif 
ABC: + read_library <abc-temp-dir>/stdcells.genlib 
ABC: + strash 
ABC: + dretime 
ABC: + map 
ABC: + write_blif <abc-temp-dir>/output.blif 

13.22.4.2. Re-integrating ABC results.
ABC RESULTS:               AND cells:        1
ABC RESULTS:            ANDNOT cells:       12
ABC RESULTS:               MUX cells:        3
ABC RESULTS:              NAND cells:        4
ABC RESULTS:               NOT cells:        3
ABC RESULTS:                OR cells:        9
ABC RESULTS:             ORNOT cells:        3
ABC RESULTS:              XNOR cells:        1
ABC RESULTS:               XOR cells:        4
ABC RESULTS:        internal signals:       36
ABC RESULTS:           input signals:       11
ABC RESULTS:          output signals:       10
Removing temp directory.

13.22.5. Extracting gate netlist of module `$paramod$b92c0599001ba7fee29ca99bde4121d40086de58\regs' to `<abc-temp-dir>/input.blif'..
Extracted 125 gates and 153 wires to a netlist network with 26 inputs and 26 outputs.

13.22.5.1. Executing ABC.
Running ABC command: "<yosys-exe-dir>/yosys-abc" -s -f <abc-temp-dir>/abc.script 2>&1
ABC: ABC command line: "source <abc-temp-dir>/abc.script".
ABC: 
ABC: + read_blif <abc-temp-dir>/input.blif 
ABC: + read_library <abc-temp-dir>/stdcells.genlib 
ABC: + strash 
ABC: + dretime 
ABC: + map 
ABC: + write_blif <abc-temp-dir>/output.blif 

13.22.5.2. Re-integrating ABC results.
ABC RESULTS:               AND cells:        4
ABC RESULTS:            ANDNOT cells:       33
ABC RESULTS:               MUX cells:       11
ABC RESULTS:              NAND cells:        3
ABC RESULTS:               NOR cells:        1
ABC RESULTS:               NOT cells:        5
ABC RESULTS:                OR cells:       35
ABC RESULTS:             ORNOT cells:       18
ABC RESULTS:              XNOR cells:        1
ABC RESULTS:               XOR cells:        2
ABC RESULTS:        internal signals:      101
ABC RESULTS:           input signals:       26
ABC RESULTS:          output signals:       26
Removing temp directory.

13.22.6. Extracting gate netlist of module `$paramod\auth_ctrl\AUTH_TIMEOUT_MS=s32'00000000000000000001001110001000' to `<abc-temp-dir>/input.blif'..
Extracted 243 gates and 274 wires to a netlist network with 29 inputs and 27 outputs.

13.22.6.1. Executing ABC.
Running ABC command: "<yosys-exe-dir>/yosys-abc" -s -f <abc-temp-dir>/abc.script 2>&1
ABC: ABC command line: "source <abc-temp-dir>/abc.script".
ABC: 
ABC: + read_blif <abc-temp-dir>/input.blif 
ABC: + read_library <abc-temp-dir>/stdcells.genlib 
ABC: + strash 
ABC: + dretime 
ABC: + map 
ABC: + write_blif <abc-temp-dir>/output.blif 

13.22.6.2. Re-integrating ABC results.
ABC RESULTS:               AND cells:       18
ABC RESULTS:            ANDNOT cells:       32
ABC RESULTS:               MUX cells:       53
ABC RESULTS:              NAND cells:        9
ABC RESULTS:               NOR cells:       29
ABC RESULTS:               NOT cells:       18
ABC RESULTS:                OR cells:       49
ABC RESULTS:             ORNOT cells:       12
ABC RESULTS:              XNOR cells:        1
ABC RESULTS:               XOR cells:       12
ABC RESULTS:        internal signals:      218
ABC RESULTS:           input signals:       29
ABC RESULTS:          output signals:       27
Removing temp directory.

13.22.7. Extracting gate netlist of module `$paramod\sync2\WIDTH=s32'00000000000000000000000000000011' to `<abc-temp-dir>/input.blif'..
Extracted 0 gates and 0 wires to a netlist network with 0 inputs and 0 outputs.
Don't call ABC as there is nothing to map.
Removing temp directory.

13.22.8. Extracting gate netlist of module `$paramod\sync2\WIDTH=s32'00000000000000000000000000000100' to `<abc-temp-dir>/input.blif'..
Extracted 0 gates and 0 wires to a netlist network with 0 inputs and 0 outputs.
Don't call ABC as there is nothing to map.
Removing temp directory.

13.22.9. Extracting gate netlist of module `\reset_release' to `<abc-temp-dir>/input.blif'..
Extracted 0 gates and 0 wires to a netlist network with 0 inputs and 0 outputs.
Don't call ABC as there is nothing to map.
Removing temp directory.

13.22.10. Extracting gate netlist of module `\rumcajs' to `<abc-temp-dir>/input.blif'..
Extracted 11 gates and 25 wires to a netlist network with 13 inputs and 11 outputs.

13.22.10.1. Executing ABC.
Running ABC command: "<yosys-exe-dir>/yosys-abc" -s -f <abc-temp-dir>/abc.script 2>&1
ABC: ABC command line: "source <abc-temp-dir>/abc.script".
ABC: 
ABC: + read_blif <abc-temp-dir>/input.blif 
ABC: + read_library <abc-temp-dir>/stdcells.genlib 
ABC: + strash 
ABC: + dretime 
ABC: + map 
ABC: + write_blif <abc-temp-dir>/output.blif 

13.22.10.2. Re-integrating ABC results.
ABC RESULTS:               AND cells:        2
ABC RESULTS:            ANDNOT cells:        8
ABC RESULTS:              NAND cells:        1
ABC RESULTS:                OR cells:        1
ABC RESULTS:        internal signals:        1
ABC RESULTS:           input signals:       13
ABC RESULTS:          output signals:       11
Removing temp directory.

13.22.11. Extracting gate netlist of module `\serial_link' to `<abc-temp-dir>/input.blif'..
Extracted 325 gates and 359 wires to a netlist network with 32 inputs and 34 outputs.

13.22.11.1. Executing ABC.
Running ABC command: "<yosys-exe-dir>/yosys-abc" -s -f <abc-temp-dir>/abc.script 2>&1
ABC: ABC command line: "source <abc-temp-dir>/abc.script".
ABC: 
ABC: + read_blif <abc-temp-dir>/input.blif 
ABC: + read_library <abc-temp-dir>/stdcells.genlib 
ABC: + strash 
ABC: + dretime 
ABC: + map 
ABC: + write_blif <abc-temp-dir>/output.blif 

13.22.11.2. Re-integrating ABC results.
ABC RESULTS:               AND cells:        5
ABC RESULTS:            ANDNOT cells:      100
ABC RESULTS:               MUX cells:        8
ABC RESULTS:              NAND cells:       12
ABC RESULTS:               NOR cells:        9
ABC RESULTS:               NOT cells:        9
ABC RESULTS:                OR cells:       97
ABC RESULTS:             ORNOT cells:       18
ABC RESULTS:              XNOR cells:        3
ABC RESULTS:               XOR cells:        4
ABC RESULTS:        internal signals:      293
ABC RESULTS:           input signals:       32
ABC RESULTS:          output signals:       34
Removing temp directory.

13.22.12. Extracting gate netlist of module `\tt_um_rumcajs' to `<abc-temp-dir>/input.blif'..
Extracted 0 gates and 0 wires to a netlist network with 0 inputs and 0 outputs.
Don't call ABC as there is nothing to map.
Removing temp directory.

13.23. Executing OPT pass (performing simple optimizations).

13.23.1. Executing OPT_EXPR pass (perform const folding).
Optimizing module $paramod$0207631bd49897fc40da4a49890f896231b73492\szymon_fixed.
<suppressed ~3 debug messages>
Optimizing module $paramod$143b15b9608e06eea62a21ca91d45c97880ffd0d\kb.
<suppressed ~62 debug messages>
Optimizing module $paramod$189e5c5ece264226de8c0df8c90596b8bf71b942\timebase.
<suppressed ~2 debug messages>
Optimizing module $paramod$b049745b6f1e89ce45cffbd1455f86ba117e4804\buzzer.
<suppressed ~1 debug messages>
Optimizing module $paramod$b92c0599001ba7fee29ca99bde4121d40086de58\regs.
<suppressed ~3 debug messages>
Optimizing module $paramod\auth_ctrl\AUTH_TIMEOUT_MS=s32'00000000000000000001001110001000.
Optimizing module $paramod\sync2\WIDTH=s32'00000000000000000000000000000011.
Optimizing module $paramod\sync2\WIDTH=s32'00000000000000000000000000000100.
Optimizing module reset_release.
Optimizing module rumcajs.
Optimizing module serial_link.
<suppressed ~2 debug messages>
Optimizing module tt_um_rumcajs.

13.23.2. Executing OPT_MERGE pass (detect identical cells).
Finding identical cells in module `$paramod$0207631bd49897fc40da4a49890f896231b73492\szymon_fixed'.
<suppressed ~6 debug messages>
Finding identical cells in module `$paramod$143b15b9608e06eea62a21ca91d45c97880ffd0d\kb'.
<suppressed ~9 debug messages>
Finding identical cells in module `$paramod$189e5c5ece264226de8c0df8c90596b8bf71b942\timebase'.
Finding identical cells in module `$paramod$b049745b6f1e89ce45cffbd1455f86ba117e4804\buzzer'.
Finding identical cells in module `$paramod$b92c0599001ba7fee29ca99bde4121d40086de58\regs'.
Finding identical cells in module `$paramod\auth_ctrl\AUTH_TIMEOUT_MS=s32'00000000000000000001001110001000'.
Finding identical cells in module `$paramod\sync2\WIDTH=s32'00000000000000000000000000000011'.
Finding identical cells in module `$paramod\sync2\WIDTH=s32'00000000000000000000000000000100'.
Finding identical cells in module `\reset_release'.
Finding identical cells in module `\rumcajs'.
Finding identical cells in module `\serial_link'.
Finding identical cells in module `\tt_um_rumcajs'.
Removed a total of 5 cells.

13.23.3. Executing OPT_DFF pass (perform DFF optimizations).

13.23.4. Executing OPT_CLEAN pass (remove unused cells and wires).
Finding unused cells or wires in module $paramod$0207631bd49897fc40da4a49890f896231b73492\szymon_fixed..
Finding unused cells or wires in module $paramod$143b15b9608e06eea62a21ca91d45c97880ffd0d\kb..
Finding unused cells or wires in module $paramod$189e5c5ece264226de8c0df8c90596b8bf71b942\timebase..
Finding unused cells or wires in module $paramod$b049745b6f1e89ce45cffbd1455f86ba117e4804\buzzer..
Finding unused cells or wires in module $paramod$b92c0599001ba7fee29ca99bde4121d40086de58\regs..
Finding unused cells or wires in module $paramod\auth_ctrl\AUTH_TIMEOUT_MS=s32'00000000000000000001001110001000..
Finding unused cells or wires in module $paramod\sync2\WIDTH=s32'00000000000000000000000000000011..
Finding unused cells or wires in module $paramod\sync2\WIDTH=s32'00000000000000000000000000000100..
Finding unused cells or wires in module \reset_release..
Finding unused cells or wires in module \rumcajs..
Finding unused cells or wires in module \serial_link..
Finding unused cells or wires in module \tt_um_rumcajs..
Removed 6 unused cells and 1269 unused wires.
<suppressed ~48 debug messages>

13.23.5. Finished fast OPT passes.

13.24. Executing HIERARCHY pass (managing design hierarchy).
Attribute `top' found on module `tt_um_rumcajs'. Setting top module to tt_um_rumcajs.

13.24.1. Analyzing design hierarchy..
Top module:  \tt_um_rumcajs
Used module:     \rumcajs
Used module:         $paramod$0207631bd49897fc40da4a49890f896231b73492\szymon_fixed
Used module:         $paramod\auth_ctrl\AUTH_TIMEOUT_MS=s32'00000000000000000001001110001000
Used module:         $paramod$b049745b6f1e89ce45cffbd1455f86ba117e4804\buzzer
Used module:         \reset_release
Used module:         $paramod$143b15b9608e06eea62a21ca91d45c97880ffd0d\kb
Used module:             $paramod\sync2\WIDTH=s32'00000000000000000000000000000100
Used module:         \serial_link
Used module:             $paramod\sync2\WIDTH=s32'00000000000000000000000000000011
Used module:         $paramod$b92c0599001ba7fee29ca99bde4121d40086de58\regs
Used module:         $paramod$189e5c5ece264226de8c0df8c90596b8bf71b942\timebase

13.24.2. Analyzing design hierarchy..
Top module:  \tt_um_rumcajs
Used module:     \rumcajs
Used module:         $paramod$0207631bd49897fc40da4a49890f896231b73492\szymon_fixed
Used module:         $paramod\auth_ctrl\AUTH_TIMEOUT_MS=s32'00000000000000000001001110001000
Used module:         $paramod$b049745b6f1e89ce45cffbd1455f86ba117e4804\buzzer
Used module:         \reset_release
Used module:         $paramod$143b15b9608e06eea62a21ca91d45c97880ffd0d\kb
Used module:             $paramod\sync2\WIDTH=s32'00000000000000000000000000000100
Used module:         \serial_link
Used module:             $paramod\sync2\WIDTH=s32'00000000000000000000000000000011
Used module:         $paramod$b92c0599001ba7fee29ca99bde4121d40086de58\regs
Used module:         $paramod$189e5c5ece264226de8c0df8c90596b8bf71b942\timebase
Removed 0 unused modules.

13.25. Printing statistics.

=== $paramod$0207631bd49897fc40da4a49890f896231b73492\szymon_fixed ===

   Number of wires:                544
   Number of wire bits:            707
   Number of public wires:          24
   Number of public wire bits:     109
   Number of ports:                 14
   Number of port bits:             14
   Number of memories:               0
   Number of memory bits:            0
   Number of processes:              0
   Number of cells:                652
     $_ANDNOT_                     127
     $_AND_                         23
     $_DFFE_PN0P_                   12
     $_DFFE_PP_                     63
     $_DFF_PN0_                      5
     $_DFF_PN1_                      1
     $_MUX_                        204
     $_NAND_                        17
     $_NOR_                         10
     $_NOT_                         14
     $_ORNOT_                       27
     $_OR_                          98
     $_SDFFE_PP0N_                   4
     $_SDFF_PP0_                     3
     $_XNOR_                         7
     $_XOR_                         37

=== $paramod$143b15b9608e06eea62a21ca91d45c97880ffd0d\kb ===

   Number of wires:                344
   Number of wire bits:            417
   Number of public wires:          25
   Number of public wire bits:      86
   Number of ports:                 10
   Number of port bits:             19
   Number of memories:               0
   Number of memory bits:            0
   Number of processes:              0
   Number of cells:                360
     $_ANDNOT_                      71
     $_AND_                          7
     $_DFFE_PN0P_                   12
     $_DFF_PN0_                     11
     $_DFF_PN1_                      1
     $_MUX_                         91
     $_NAND_                         9
     $_NOR_                         13
     $_NOT_                         21
     $_ORNOT_                       16
     $_OR_                          91
     $_XNOR_                         8
     $_XOR_                          8
     $paramod\sync2\WIDTH=s32'00000000000000000000000000000100      1

=== $paramod$189e5c5ece264226de8c0df8c90596b8bf71b942\timebase ===

   Number of wires:                 33
   Number of wire bits:             48
   Number of public wires:           6
   Number of public wire bits:      14
   Number of ports:                  4
   Number of port bits:              4
   Number of memories:               0
   Number of memory bits:            0
   Number of processes:              0
   Number of cells:                 46
     $_ANDNOT_                      12
     $_DFFE_PN0P_                    2
     $_DFF_PN0_                     10
     $_NAND_                         5
     $_NOR_                          1
     $_NOT_                          1
     $_ORNOT_                        4
     $_OR_                           3
     $_XNOR_                         3
     $_XOR_                          5

=== $paramod$b049745b6f1e89ce45cffbd1455f86ba117e4804\buzzer ===

   Number of wires:                 44
   Number of wire bits:             54
   Number of public wires:          10
   Number of public wire bits:      15
   Number of ports:                  7
   Number of port bits:              7
   Number of memories:               0
   Number of memory bits:            0
   Number of processes:              0
   Number of cells:                 48
     $_ANDNOT_                      12
     $_AND_                          1
     $_DFFE_PN0P_                    6
     $_DFF_PN0_                      2
     $_MUX_                          3
     $_NAND_                         4
     $_NOT_                          3
     $_ORNOT_                        3
     $_OR_                           9
     $_XNOR_                         1
     $_XOR_                          4

=== $paramod$b92c0599001ba7fee29ca99bde4121d40086de58\regs ===

   Number of wires:                114
   Number of wire bits:            158
   Number of public wires:          20
   Number of public wire bits:      51
   Number of ports:                 14
   Number of port bits:             17
   Number of memories:               0
   Number of memory bits:            0
   Number of processes:              0
   Number of cells:                130
     $_ANDNOT_                      33
     $_AND_                          4
     $_DFFE_PN0P_                   17
     $_DFF_PN0_                      1
     $_MUX_                         11
     $_NAND_                         3
     $_NOR_                          1
     $_NOT_                          4
     $_ORNOT_                       18
     $_OR_                          35
     $_XNOR_                         1
     $_XOR_                          2

=== $paramod\auth_ctrl\AUTH_TIMEOUT_MS=s32'00000000000000000001001110001000 ===

   Number of wires:                236
   Number of wire bits:            266
   Number of public wires:          26
   Number of public wire bits:      41
   Number of ports:                 23
   Number of port bits:             23
   Number of memories:               0
   Number of memory bits:            0
   Number of processes:              0
   Number of cells:                251
     $_ANDNOT_                      32
     $_AND_                         18
     $_DFFE_PN0P_                    4
     $_DFF_PN0_                     14
     $_MUX_                         53
     $_NAND_                         9
     $_NOR_                         29
     $_NOT_                         18
     $_ORNOT_                       12
     $_OR_                          49
     $_XNOR_                         1
     $_XOR_                         12

=== $paramod\sync2\WIDTH=s32'00000000000000000000000000000011 ===

   Number of wires:                  5
   Number of wire bits:             11
   Number of public wires:           5
   Number of public wire bits:      11
   Number of ports:                  4
   Number of port bits:              8
   Number of memories:               0
   Number of memory bits:            0
   Number of processes:              0
   Number of cells:                  6
     $_DFF_PN0_                      6

=== $paramod\sync2\WIDTH=s32'00000000000000000000000000000100 ===

   Number of wires:                  5
   Number of wire bits:             14
   Number of public wires:           5
   Number of public wire bits:      14
   Number of ports:                  4
   Number of port bits:             10
   Number of memories:               0
   Number of memory bits:            0
   Number of processes:              0
   Number of cells:                  8
     $_DFF_PN0_                      8

=== reset_release ===

   Number of wires:                  4
   Number of wire bits:              5
   Number of public wires:           4
   Number of public wire bits:       5
   Number of ports:                  3
   Number of port bits:              3
   Number of memories:               0
   Number of memory bits:            0
   Number of processes:              0
   Number of cells:                  2
     $_DFF_PN0_                      2

=== rumcajs ===

   Number of wires:                 58
   Number of wire bits:             70
   Number of public wires:          57
   Number of public wire bits:      69
   Number of ports:                 12
   Number of port bits:             18
   Number of memories:               0
   Number of memory bits:            0
   Number of processes:              0
   Number of cells:                 21
     $_ANDNOT_                       8
     $_AND_                          2
     $_NAND_                         1
     $_OR_                           1
     $paramod$0207631bd49897fc40da4a49890f896231b73492\szymon_fixed      1
     $paramod$143b15b9608e06eea62a21ca91d45c97880ffd0d\kb      1
     $paramod$189e5c5ece264226de8c0df8c90596b8bf71b942\timebase      1
     $paramod$b049745b6f1e89ce45cffbd1455f86ba117e4804\buzzer      1
     $paramod$b92c0599001ba7fee29ca99bde4121d40086de58\regs      1
     $paramod\auth_ctrl\AUTH_TIMEOUT_MS=s32'00000000000000000001001110001000      1
     reset_release                   2
     serial_link                     1

=== serial_link ===

   Number of wires:                294
   Number of wire bits:            313
   Number of public wires:          38
   Number of public wire bits:      51
   Number of ports:                 22
   Number of port bits:             22
   Number of memories:               0
   Number of memory bits:            0
   Number of processes:              0
   Number of cells:                293
     $_ANDNOT_                     100
     $_AND_                          5
     $_DFFE_PN0P_                   13
     $_DFF_PN0_                     12
     $_DFF_PN1_                      2
     $_MUX_                          8
     $_NAND_                        12
     $_NOR_                          9
     $_NOT_                          9
     $_ORNOT_                       18
     $_OR_                          97
     $_XNOR_                         3
     $_XOR_                          4
     $paramod\sync2\WIDTH=s32'00000000000000000000000000000011      1

=== tt_um_rumcajs ===

   Number of wires:                 14
   Number of wire bits:             52
   Number of public wires:          14
   Number of public wire bits:      52
   Number of ports:                  8
   Number of port bits:             43
   Number of memories:               0
   Number of memory bits:            0
   Number of processes:              0
   Number of cells:                  1
     rumcajs                         1

=== design hierarchy ===

   tt_um_rumcajs                     1
     rumcajs                         1
       $paramod$0207631bd49897fc40da4a49890f896231b73492\szymon_fixed      1
       $paramod$143b15b9608e06eea62a21ca91d45c97880ffd0d\kb      1
         $paramod\sync2\WIDTH=s32'00000000000000000000000000000100      1
       $paramod$189e5c5ece264226de8c0df8c90596b8bf71b942\timebase      1
       $paramod$b049745b6f1e89ce45cffbd1455f86ba117e4804\buzzer      1
       $paramod$b92c0599001ba7fee29ca99bde4121d40086de58\regs      1
       $paramod\auth_ctrl\AUTH_TIMEOUT_MS=s32'00000000000000000001001110001000      1
       reset_release                 2
       serial_link                   1
         $paramod\sync2\WIDTH=s32'00000000000000000000000000000011      1

   Number of wires:               1699
   Number of wire bits:           2120
   Number of public wires:         238
   Number of public wire bits:     523
   Number of ports:                128
   Number of port bits:            191
   Number of memories:               0
   Number of memory bits:            0
   Number of processes:              0
   Number of cells:               1808
     $_ANDNOT_                     395
     $_AND_                         60
     $_DFFE_PN0P_                   66
     $_DFFE_PP_                     63
     $_DFF_PN0_                     73
     $_DFF_PN1_                      4
     $_MUX_                        370
     $_NAND_                        60
     $_NOR_                         63
     $_NOT_                         70
     $_ORNOT_                       98
     $_OR_                         383
     $_SDFFE_PP0N_                   4
     $_SDFF_PP0_                     3
     $_XNOR_                        24
     $_XOR_                         72

13.26. Executing CHECK pass (checking for obvious problems).
Checking module $paramod$0207631bd49897fc40da4a49890f896231b73492\szymon_fixed...
Checking module $paramod$143b15b9608e06eea62a21ca91d45c97880ffd0d\kb...
Checking module $paramod$189e5c5ece264226de8c0df8c90596b8bf71b942\timebase...
Checking module $paramod$b049745b6f1e89ce45cffbd1455f86ba117e4804\buzzer...
Checking module $paramod$b92c0599001ba7fee29ca99bde4121d40086de58\regs...
Checking module $paramod\auth_ctrl\AUTH_TIMEOUT_MS=s32'00000000000000000001001110001000...
Checking module $paramod\sync2\WIDTH=s32'00000000000000000000000000000011...
Checking module $paramod\sync2\WIDTH=s32'00000000000000000000000000000100...
Checking module reset_release...
Checking module rumcajs...
Checking module serial_link...
Checking module tt_um_rumcajs...
Found and reported 0 problems.

14. Printing statistics.

=== $paramod$0207631bd49897fc40da4a49890f896231b73492\szymon_fixed ===

   Number of wires:                544
   Number of wire bits:            707
   Number of public wires:          24
   Number of public wire bits:     109
   Number of ports:                 14
   Number of port bits:             14
   Number of memories:               0
   Number of memory bits:            0
   Number of processes:              0
   Number of cells:                652
     $_ANDNOT_                     127
     $_AND_                         23
     $_DFFE_PN0P_                   12
     $_DFFE_PP_                     63
     $_DFF_PN0_                      5
     $_DFF_PN1_                      1
     $_MUX_                        204
     $_NAND_                        17
     $_NOR_                         10
     $_NOT_                         14
     $_ORNOT_                       27
     $_OR_                          98
     $_SDFFE_PP0N_                   4
     $_SDFF_PP0_                     3
     $_XNOR_                         7
     $_XOR_                         37

=== $paramod$143b15b9608e06eea62a21ca91d45c97880ffd0d\kb ===

   Number of wires:                344
   Number of wire bits:            417
   Number of public wires:          25
   Number of public wire bits:      86
   Number of ports:                 10
   Number of port bits:             19
   Number of memories:               0
   Number of memory bits:            0
   Number of processes:              0
   Number of cells:                360
     $_ANDNOT_                      71
     $_AND_                          7
     $_DFFE_PN0P_                   12
     $_DFF_PN0_                     11
     $_DFF_PN1_                      1
     $_MUX_                         91
     $_NAND_                         9
     $_NOR_                         13
     $_NOT_                         21
     $_ORNOT_                       16
     $_OR_                          91
     $_XNOR_                         8
     $_XOR_                          8
     $paramod\sync2\WIDTH=s32'00000000000000000000000000000100      1

=== $paramod$189e5c5ece264226de8c0df8c90596b8bf71b942\timebase ===

   Number of wires:                 33
   Number of wire bits:             48
   Number of public wires:           6
   Number of public wire bits:      14
   Number of ports:                  4
   Number of port bits:              4
   Number of memories:               0
   Number of memory bits:            0
   Number of processes:              0
   Number of cells:                 46
     $_ANDNOT_                      12
     $_DFFE_PN0P_                    2
     $_DFF_PN0_                     10
     $_NAND_                         5
     $_NOR_                          1
     $_NOT_                          1
     $_ORNOT_                        4
     $_OR_                           3
     $_XNOR_                         3
     $_XOR_                          5

=== $paramod$b049745b6f1e89ce45cffbd1455f86ba117e4804\buzzer ===

   Number of wires:                 44
   Number of wire bits:             54
   Number of public wires:          10
   Number of public wire bits:      15
   Number of ports:                  7
   Number of port bits:              7
   Number of memories:               0
   Number of memory bits:            0
   Number of processes:              0
   Number of cells:                 48
     $_ANDNOT_                      12
     $_AND_                          1
     $_DFFE_PN0P_                    6
     $_DFF_PN0_                      2
     $_MUX_                          3
     $_NAND_                         4
     $_NOT_                          3
     $_ORNOT_                        3
     $_OR_                           9
     $_XNOR_                         1
     $_XOR_                          4

=== $paramod$b92c0599001ba7fee29ca99bde4121d40086de58\regs ===

   Number of wires:                114
   Number of wire bits:            158
   Number of public wires:          20
   Number of public wire bits:      51
   Number of ports:                 14
   Number of port bits:             17
   Number of memories:               0
   Number of memory bits:            0
   Number of processes:              0
   Number of cells:                130
     $_ANDNOT_                      33
     $_AND_                          4
     $_DFFE_PN0P_                   17
     $_DFF_PN0_                      1
     $_MUX_                         11
     $_NAND_                         3
     $_NOR_                          1
     $_NOT_                          4
     $_ORNOT_                       18
     $_OR_                          35
     $_XNOR_                         1
     $_XOR_                          2

=== $paramod\auth_ctrl\AUTH_TIMEOUT_MS=s32'00000000000000000001001110001000 ===

   Number of wires:                236
   Number of wire bits:            266
   Number of public wires:          26
   Number of public wire bits:      41
   Number of ports:                 23
   Number of port bits:             23
   Number of memories:               0
   Number of memory bits:            0
   Number of processes:              0
   Number of cells:                251
     $_ANDNOT_                      32
     $_AND_                         18
     $_DFFE_PN0P_                    4
     $_DFF_PN0_                     14
     $_MUX_                         53
     $_NAND_                         9
     $_NOR_                         29
     $_NOT_                         18
     $_ORNOT_                       12
     $_OR_                          49
     $_XNOR_                         1
     $_XOR_                         12

=== $paramod\sync2\WIDTH=s32'00000000000000000000000000000011 ===

   Number of wires:                  5
   Number of wire bits:             11
   Number of public wires:           5
   Number of public wire bits:      11
   Number of ports:                  4
   Number of port bits:              8
   Number of memories:               0
   Number of memory bits:            0
   Number of processes:              0
   Number of cells:                  6
     $_DFF_PN0_                      6

=== $paramod\sync2\WIDTH=s32'00000000000000000000000000000100 ===

   Number of wires:                  5
   Number of wire bits:             14
   Number of public wires:           5
   Number of public wire bits:      14
   Number of ports:                  4
   Number of port bits:             10
   Number of memories:               0
   Number of memory bits:            0
   Number of processes:              0
   Number of cells:                  8
     $_DFF_PN0_                      8

=== reset_release ===

   Number of wires:                  4
   Number of wire bits:              5
   Number of public wires:           4
   Number of public wire bits:       5
   Number of ports:                  3
   Number of port bits:              3
   Number of memories:               0
   Number of memory bits:            0
   Number of processes:              0
   Number of cells:                  2
     $_DFF_PN0_                      2

=== rumcajs ===

   Number of wires:                 58
   Number of wire bits:             70
   Number of public wires:          57
   Number of public wire bits:      69
   Number of ports:                 12
   Number of port bits:             18
   Number of memories:               0
   Number of memory bits:            0
   Number of processes:              0
   Number of cells:                 21
     $_ANDNOT_                       8
     $_AND_                          2
     $_NAND_                         1
     $_OR_                           1
     $paramod$0207631bd49897fc40da4a49890f896231b73492\szymon_fixed      1
     $paramod$143b15b9608e06eea62a21ca91d45c97880ffd0d\kb      1
     $paramod$189e5c5ece264226de8c0df8c90596b8bf71b942\timebase      1
     $paramod$b049745b6f1e89ce45cffbd1455f86ba117e4804\buzzer      1
     $paramod$b92c0599001ba7fee29ca99bde4121d40086de58\regs      1
     $paramod\auth_ctrl\AUTH_TIMEOUT_MS=s32'00000000000000000001001110001000      1
     reset_release                   2
     serial_link                     1

=== serial_link ===

   Number of wires:                294
   Number of wire bits:            313
   Number of public wires:          38
   Number of public wire bits:      51
   Number of ports:                 22
   Number of port bits:             22
   Number of memories:               0
   Number of memory bits:            0
   Number of processes:              0
   Number of cells:                293
     $_ANDNOT_                     100
     $_AND_                          5
     $_DFFE_PN0P_                   13
     $_DFF_PN0_                     12
     $_DFF_PN1_                      2
     $_MUX_                          8
     $_NAND_                        12
     $_NOR_                          9
     $_NOT_                          9
     $_ORNOT_                       18
     $_OR_                          97
     $_XNOR_                         3
     $_XOR_                          4
     $paramod\sync2\WIDTH=s32'00000000000000000000000000000011      1

=== tt_um_rumcajs ===

   Number of wires:                 14
   Number of wire bits:             52
   Number of public wires:          14
   Number of public wire bits:      52
   Number of ports:                  8
   Number of port bits:             43
   Number of memories:               0
   Number of memory bits:            0
   Number of processes:              0
   Number of cells:                  1
     rumcajs                         1

=== design hierarchy ===

   tt_um_rumcajs                     1
     rumcajs                         1
       $paramod$0207631bd49897fc40da4a49890f896231b73492\szymon_fixed      1
       $paramod$143b15b9608e06eea62a21ca91d45c97880ffd0d\kb      1
         $paramod\sync2\WIDTH=s32'00000000000000000000000000000100      1
       $paramod$189e5c5ece264226de8c0df8c90596b8bf71b942\timebase      1
       $paramod$b049745b6f1e89ce45cffbd1455f86ba117e4804\buzzer      1
       $paramod$b92c0599001ba7fee29ca99bde4121d40086de58\regs      1
       $paramod\auth_ctrl\AUTH_TIMEOUT_MS=s32'00000000000000000001001110001000      1
       reset_release                 2
       serial_link                   1
         $paramod\sync2\WIDTH=s32'00000000000000000000000000000011      1

   Number of wires:               1699
   Number of wire bits:           2120
   Number of public wires:         238
   Number of public wire bits:     523
   Number of ports:                128
   Number of port bits:            191
   Number of memories:               0
   Number of memory bits:            0
   Number of processes:              0
   Number of cells:               1808
     $_ANDNOT_                     395
     $_AND_                         60
     $_DFFE_PN0P_                   66
     $_DFFE_PP_                     63
     $_DFF_PN0_                     73
     $_DFF_PN1_                      4
     $_MUX_                        370
     $_NAND_                        60
     $_NOR_                         63
     $_NOT_                         70
     $_ORNOT_                       98
     $_OR_                         383
     $_SDFFE_PP0N_                   4
     $_SDFF_PP0_                     3
     $_XNOR_                        24
     $_XOR_                         72

15. Executing CHECK pass (checking for obvious problems).
Checking module $paramod$0207631bd49897fc40da4a49890f896231b73492\szymon_fixed...
Checking module $paramod$143b15b9608e06eea62a21ca91d45c97880ffd0d\kb...
Checking module $paramod$189e5c5ece264226de8c0df8c90596b8bf71b942\timebase...
Checking module $paramod$b049745b6f1e89ce45cffbd1455f86ba117e4804\buzzer...
Checking module $paramod$b92c0599001ba7fee29ca99bde4121d40086de58\regs...
Checking module $paramod\auth_ctrl\AUTH_TIMEOUT_MS=s32'00000000000000000001001110001000...
Checking module $paramod\sync2\WIDTH=s32'00000000000000000000000000000011...
Checking module $paramod\sync2\WIDTH=s32'00000000000000000000000000000100...
Checking module reset_release...
Checking module rumcajs...
Checking module serial_link...
Checking module tt_um_rumcajs...
Found and reported 0 problems.

End of script. Logfile hash: 57cf3a88bf, CPU: user 2.35s system 0.19s, MEM: 58.96 MB peak
Yosys 0.52 (git sha1 fee39a3284c90249e1d9684cf6944ffbbcbb8f90)
Time spent: 23% 45x opt_expr (0 sec), 21% 1x abc (0 sec), ...
