
 /----------------------------------------------------------------------------\
 |  yosys -- Yosys Open SYnthesis Suite                                       |
 |  Copyright (C) 2012 - 2025  Claire Xenia Wolf <claire@yosyshq.com>         |
 |  Distributed under an ISC-like license, type "license" to see terms        |
 \----------------------------------------------------------------------------/
 Yosys 0.52 (git sha1 fee39a3284c90249e1d9684cf6944ffbbcbb8f90)

-- Running command `read_liberty -lib -ignore_miss_func .tools/IHP-Open-PDK-partial/ihp-sg13g2/libs.ref/sg13g2_stdcell/lib/sg13g2_stdcell_typ_1p20V_25C.lib; read_verilog  src/auth_ctrl.v src/buzzer.v src/kb.v src/project.v src/regs.v src/reset_release.v src/rumcajs.v src/serial_link.v src/sync2.v src/szymon.v .build/eight-ideas/bit_first.v src/timebase.v; hierarchy -check -top tt_um_rumcajs; synth -top tt_um_rumcajs -flatten -noabc; dfflibmap -liberty .tools/IHP-Open-PDK-partial/ihp-sg13g2/libs.ref/sg13g2_stdcell/lib/sg13g2_stdcell_typ_1p20V_25C.lib; abc -liberty .tools/IHP-Open-PDK-partial/ihp-sg13g2/libs.ref/sg13g2_stdcell/lib/sg13g2_stdcell_typ_1p20V_25C.lib -script "+strash; &get -n; &fraig -x; &put; scorr; dc2; dretime; strash; &get -n; &dch -f; &nf -a -F 16 -A 8 -R 1000; &put"; clean; stat -liberty .tools/IHP-Open-PDK-partial/ihp-sg13g2/libs.ref/sg13g2_stdcell/lib/sg13g2_stdcell_typ_1p20V_25C.lib; check; write_verilog -noattr .build/eight-ideas/bit_first-tt_um_rumcajs.context-mapped.v' --

1. Executing Liberty frontend: .tools/IHP-Open-PDK-partial/ihp-sg13g2/libs.ref/sg13g2_stdcell/lib/sg13g2_stdcell_typ_1p20V_25C.lib
Imported 84 cell types from liberty file.

2. Executing Verilog-2005 frontend: src/auth_ctrl.v
Parsing Verilog input from `src/auth_ctrl.v' to AST representation.
Generating RTLIL representation for module `\auth_ctrl'.
Successfully finished Verilog frontend.

3. Executing Verilog-2005 frontend: src/buzzer.v
Parsing Verilog input from `src/buzzer.v' to AST representation.
Generating RTLIL representation for module `\buzzer'.
Successfully finished Verilog frontend.

4. Executing Verilog-2005 frontend: src/kb.v
Parsing Verilog input from `src/kb.v' to AST representation.
Generating RTLIL representation for module `\kb'.
Successfully finished Verilog frontend.

5. Executing Verilog-2005 frontend: src/project.v
Parsing Verilog input from `src/project.v' to AST representation.
Generating RTLIL representation for module `\tt_um_rumcajs'.
Successfully finished Verilog frontend.

6. Executing Verilog-2005 frontend: src/regs.v
Parsing Verilog input from `src/regs.v' to AST representation.
Generating RTLIL representation for module `\regs'.
Successfully finished Verilog frontend.

7. Executing Verilog-2005 frontend: src/reset_release.v
Parsing Verilog input from `src/reset_release.v' to AST representation.
Generating RTLIL representation for module `\reset_release'.
Successfully finished Verilog frontend.

8. Executing Verilog-2005 frontend: src/rumcajs.v
Parsing Verilog input from `src/rumcajs.v' to AST representation.
Generating RTLIL representation for module `\rumcajs'.
Successfully finished Verilog frontend.

9. Executing Verilog-2005 frontend: src/serial_link.v
Parsing Verilog input from `src/serial_link.v' to AST representation.
Generating RTLIL representation for module `\serial_link'.
Successfully finished Verilog frontend.

10. Executing Verilog-2005 frontend: src/sync2.v
Parsing Verilog input from `src/sync2.v' to AST representation.
Generating RTLIL representation for module `\sync2'.
Successfully finished Verilog frontend.

11. Executing Verilog-2005 frontend: src/szymon.v
Parsing Verilog input from `src/szymon.v' to AST representation.
Generating RTLIL representation for module `\szymon'.
Successfully finished Verilog frontend.

12. Executing Verilog-2005 frontend: .build/eight-ideas/bit_first.v
Parsing Verilog input from `.build/eight-ideas/bit_first.v' to AST representation.
Generating RTLIL representation for module `\szymon_fixed'.
Successfully finished Verilog frontend.

13. Executing Verilog-2005 frontend: src/timebase.v
Parsing Verilog input from `src/timebase.v' to AST representation.
Generating RTLIL representation for module `\timebase'.
Successfully finished Verilog frontend.

14. Executing HIERARCHY pass (managing design hierarchy).

14.1. Analyzing design hierarchy..
Top module:  \tt_um_rumcajs
Used module:     \rumcajs
Used module:         \szymon_fixed
Used module:         \buzzer
Used module:         \auth_ctrl
Used module:         \serial_link
Used module:             \sync2
Used module:         \regs
Used module:         \kb
Used module:         \timebase
Used module:         \reset_release
Parameter \WIDTH = 4

14.2. Executing AST frontend in derive mode using pre-parsed AST for module `\sync2'.
Parameter \WIDTH = 4
Generating RTLIL representation for module `$paramod\sync2\WIDTH=s32'00000000000000000000000000000100'.
Parameter \KEY_GOOD = 128'00011011000110100001100100011000000100110001001000010001000100000000101100001010000010010000100000000011000000100000000100000000
Parameter \KEY_BAD = 128'11110000111000011101001011000011101101001010010110010110100001110111100001101001010110100100101100111100001011010001111000001111

14.3. Executing AST frontend in derive mode using pre-parsed AST for module `\szymon_fixed'.
Parameter \KEY_GOOD = 128'00011011000110100001100100011000000100110001001000010001000100000000101100001010000010010000100000000011000000100000000100000000
Parameter \KEY_BAD = 128'11110000111000011101001011000011101101001010010110010110100001110111100001101001010110100100101100111100001011010001111000001111
Generating RTLIL representation for module `$paramod$1479f886ef35fc6a184a64ad2b502e6d54d6dae3\szymon_fixed'.
Parameter \ACTIVE_BUZZER = 1
Parameter \BEEP_TICKS_MS = 50
Parameter \TONE_HALF_TICKS = 1

14.4. Executing AST frontend in derive mode using pre-parsed AST for module `\buzzer'.
Parameter \ACTIVE_BUZZER = 1
Parameter \BEEP_TICKS_MS = 50
Parameter \TONE_HALF_TICKS = 1
Generating RTLIL representation for module `$paramod$767f0ff6573fbb97079a623d848e6d2ee02ee9fa\buzzer'.
Parameter \AUTH_TIMEOUT_MS = 5000

14.5. Executing AST frontend in derive mode using pre-parsed AST for module `\auth_ctrl'.
Parameter \AUTH_TIMEOUT_MS = 5000
Generating RTLIL representation for module `$paramod\auth_ctrl\AUTH_TIMEOUT_MS=s32'00000000000000000001001110001000'.
Parameter \PIN_LEN = 4
Parameter \PIN_VALUE = 4660
Parameter \MAX_FAILS = 3
Parameter \KEY_GOOD = 128'00011011000110100001100100011000000100110001001000010001000100000000101100001010000010010000100000000011000000100000000100000000
Parameter \KEY_BAD = 128'11110000111000011101001011000011101101001010010110010110100001110111100001101001010110100100101100111100001011010001111000001111

14.6. Executing AST frontend in derive mode using pre-parsed AST for module `\regs'.
Parameter \PIN_LEN = 4
Parameter \PIN_VALUE = 4660
Parameter \MAX_FAILS = 3
Parameter \KEY_GOOD = 128'00011011000110100001100100011000000100110001001000010001000100000000101100001010000010010000100000000011000000100000000100000000
Parameter \KEY_BAD = 128'11110000111000011101001011000011101101001010010110010110100001110111100001101001010110100100101100111100001011010001111000001111
Generating RTLIL representation for module `$paramod$0364c1ccedc0d05452e0ae70d8d9432d78217908\regs'.
Parameter \PRESS_FRAMES = 20
Parameter \RELEASE_FRAMES = 20

14.7. Executing AST frontend in derive mode using pre-parsed AST for module `\kb'.
Parameter \PRESS_FRAMES = 20
Parameter \RELEASE_FRAMES = 20
Generating RTLIL representation for module `$paramod$143b15b9608e06eea62a21ca91d45c97880ffd0d\kb'.
Parameter \CLK_HZ = 1000000
Parameter \SCAN_HZ = 4000

14.8. Executing AST frontend in derive mode using pre-parsed AST for module `\timebase'.
Parameter \CLK_HZ = 1000000
Parameter \SCAN_HZ = 4000
Generating RTLIL representation for module `$paramod$189e5c5ece264226de8c0df8c90596b8bf71b942\timebase'.
Parameter \WIDTH = 3

14.9. Executing AST frontend in derive mode using pre-parsed AST for module `\sync2'.
Parameter \WIDTH = 3
Generating RTLIL representation for module `$paramod\sync2\WIDTH=s32'00000000000000000000000000000011'.

14.10. Analyzing design hierarchy..
Top module:  \tt_um_rumcajs
Used module:     \rumcajs
Used module:         $paramod$1479f886ef35fc6a184a64ad2b502e6d54d6dae3\szymon_fixed
Used module:         $paramod$767f0ff6573fbb97079a623d848e6d2ee02ee9fa\buzzer
Used module:         $paramod\auth_ctrl\AUTH_TIMEOUT_MS=s32'00000000000000000001001110001000
Used module:         \serial_link
Used module:             $paramod\sync2\WIDTH=s32'00000000000000000000000000000011
Used module:         $paramod$0364c1ccedc0d05452e0ae70d8d9432d78217908\regs
Used module:         $paramod$143b15b9608e06eea62a21ca91d45c97880ffd0d\kb
Used module:             \sync2
Used module:         $paramod$189e5c5ece264226de8c0df8c90596b8bf71b942\timebase
Used module:         \reset_release
Parameter \WIDTH = 4
Found cached RTLIL representation for module `$paramod\sync2\WIDTH=s32'00000000000000000000000000000100'.

14.11. Analyzing design hierarchy..
Top module:  \tt_um_rumcajs
Used module:     \rumcajs
Used module:         $paramod$1479f886ef35fc6a184a64ad2b502e6d54d6dae3\szymon_fixed
Used module:         $paramod$767f0ff6573fbb97079a623d848e6d2ee02ee9fa\buzzer
Used module:         $paramod\auth_ctrl\AUTH_TIMEOUT_MS=s32'00000000000000000001001110001000
Used module:         \serial_link
Used module:             $paramod\sync2\WIDTH=s32'00000000000000000000000000000011
Used module:         $paramod$0364c1ccedc0d05452e0ae70d8d9432d78217908\regs
Used module:         $paramod$143b15b9608e06eea62a21ca91d45c97880ffd0d\kb
Used module:             $paramod\sync2\WIDTH=s32'00000000000000000000000000000100
Used module:         $paramod$189e5c5ece264226de8c0df8c90596b8bf71b942\timebase
Used module:         \reset_release

14.12. Analyzing design hierarchy..
Top module:  \tt_um_rumcajs
Used module:     \rumcajs
Used module:         $paramod$1479f886ef35fc6a184a64ad2b502e6d54d6dae3\szymon_fixed
Used module:         $paramod$767f0ff6573fbb97079a623d848e6d2ee02ee9fa\buzzer
Used module:         $paramod\auth_ctrl\AUTH_TIMEOUT_MS=s32'00000000000000000001001110001000
Used module:         \serial_link
Used module:             $paramod\sync2\WIDTH=s32'00000000000000000000000000000011
Used module:         $paramod$0364c1ccedc0d05452e0ae70d8d9432d78217908\regs
Used module:         $paramod$143b15b9608e06eea62a21ca91d45c97880ffd0d\kb
Used module:             $paramod\sync2\WIDTH=s32'00000000000000000000000000000100
Used module:         $paramod$189e5c5ece264226de8c0df8c90596b8bf71b942\timebase
Used module:         \reset_release
Removing unused module `\timebase'.
Removing unused module `\szymon_fixed'.
Removing unused module `\szymon'.
Removing unused module `\sync2'.
Removing unused module `\regs'.
Removing unused module `\kb'.
Removing unused module `\buzzer'.
Removing unused module `\auth_ctrl'.
Removed 8 unused modules.

15. Executing SYNTH pass.

15.1. Executing HIERARCHY pass (managing design hierarchy).

15.1.1. Analyzing design hierarchy..
Top module:  \tt_um_rumcajs
Used module:     \rumcajs
Used module:         $paramod$1479f886ef35fc6a184a64ad2b502e6d54d6dae3\szymon_fixed
Used module:         $paramod$767f0ff6573fbb97079a623d848e6d2ee02ee9fa\buzzer
Used module:         $paramod\auth_ctrl\AUTH_TIMEOUT_MS=s32'00000000000000000001001110001000
Used module:         \serial_link
Used module:             $paramod\sync2\WIDTH=s32'00000000000000000000000000000011
Used module:         $paramod$0364c1ccedc0d05452e0ae70d8d9432d78217908\regs
Used module:         $paramod$143b15b9608e06eea62a21ca91d45c97880ffd0d\kb
Used module:             $paramod\sync2\WIDTH=s32'00000000000000000000000000000100
Used module:         $paramod$189e5c5ece264226de8c0df8c90596b8bf71b942\timebase
Used module:         \reset_release

15.1.2. Analyzing design hierarchy..
Top module:  \tt_um_rumcajs
Used module:     \rumcajs
Used module:         $paramod$1479f886ef35fc6a184a64ad2b502e6d54d6dae3\szymon_fixed
Used module:         $paramod$767f0ff6573fbb97079a623d848e6d2ee02ee9fa\buzzer
Used module:         $paramod\auth_ctrl\AUTH_TIMEOUT_MS=s32'00000000000000000001001110001000
Used module:         \serial_link
Used module:             $paramod\sync2\WIDTH=s32'00000000000000000000000000000011
Used module:         $paramod$0364c1ccedc0d05452e0ae70d8d9432d78217908\regs
Used module:         $paramod$143b15b9608e06eea62a21ca91d45c97880ffd0d\kb
Used module:             $paramod\sync2\WIDTH=s32'00000000000000000000000000000100
Used module:         $paramod$189e5c5ece264226de8c0df8c90596b8bf71b942\timebase
Used module:         \reset_release
Removed 0 unused modules.

15.2. Executing PROC pass (convert processes to netlists).

15.2.1. Executing PROC_CLEAN pass (remove empty switches from decision trees).
Found and cleaned up 2 empty switches in `$paramod$143b15b9608e06eea62a21ca91d45c97880ffd0d\kb.$proc$src/kb.v:96$613'.
Cleaned up 2 empty switches.

15.2.2. Executing PROC_RMDEAD pass (remove dead branches from decision trees).
Marked 1 switch rules as full_case in process $proc$src/sync2.v:20$676 in module $paramod\sync2\WIDTH=s32'00000000000000000000000000000011.
Marked 3 switch rules as full_case in process $proc$src/timebase.v:48$670 in module $paramod$189e5c5ece264226de8c0df8c90596b8bf71b942\timebase.
Marked 4 switch rules as full_case in process $proc$src/kb.v:0$660 in module $paramod$143b15b9608e06eea62a21ca91d45c97880ffd0d\kb.
Marked 17 switch rules as full_case in process $proc$src/kb.v:96$613 in module $paramod$143b15b9608e06eea62a21ca91d45c97880ffd0d\kb.
Marked 4 switch rules as full_case in process $proc$src/regs.v:121$591 in module $paramod$0364c1ccedc0d05452e0ae70d8d9432d78217908\regs.
Marked 1 switch rules as full_case in process $proc$src/regs.v:111$585 in module $paramod$0364c1ccedc0d05452e0ae70d8d9432d78217908\regs.
Marked 1 switch rules as full_case in process $proc$src/regs.v:82$571 in module $paramod$0364c1ccedc0d05452e0ae70d8d9432d78217908\regs.
Marked 13 switch rules as full_case in process $proc$src/serial_link.v:80$216 in module serial_link.
Marked 1 switch rules as full_case in process $proc$src/reset_release.v:12$176 in module reset_release.
Marked 5 switch rules as full_case in process $proc$src/auth_ctrl.v:100$551 in module $paramod\auth_ctrl\AUTH_TIMEOUT_MS=s32'00000000000000000001001110001000.
Marked 4 switch rules as full_case in process $proc$src/buzzer.v:49$497 in module $paramod$767f0ff6573fbb97079a623d848e6d2ee02ee9fa\buzzer.
Marked 1 switch rules as full_case in process $proc$.build/eight-ideas/bit_first.v:253$494 in module $paramod$1479f886ef35fc6a184a64ad2b502e6d54d6dae3\szymon_fixed.
Marked 7 switch rules as full_case in process $proc$.build/eight-ideas/bit_first.v:158$458 in module $paramod$1479f886ef35fc6a184a64ad2b502e6d54d6dae3\szymon_fixed.
Marked 1 switch rules as full_case in process $proc$.build/eight-ideas/bit_first.v:125$427 in module $paramod$1479f886ef35fc6a184a64ad2b502e6d54d6dae3\szymon_fixed.
Marked 1 switch rules as full_case in process $proc$.build/eight-ideas/bit_first.v:94$410 in module $paramod$1479f886ef35fc6a184a64ad2b502e6d54d6dae3\szymon_fixed.
Marked 1 switch rules as full_case in process $proc$src/sync2.v:20$394 in module $paramod\sync2\WIDTH=s32'00000000000000000000000000000100.
Removed a total of 0 dead cases.

15.2.3. Executing PROC_PRUNE pass (remove redundant assignments in processes).
Removed 16 redundant assignments.
Promoted 11 assignments to connections.

15.2.4. Executing PROC_INIT pass (extract init attributes).

15.2.5. Executing PROC_ARST pass (detect async resets in processes).
Found async reset \rst_n in `$paramod\sync2\WIDTH=s32'00000000000000000000000000000011.$proc$src/sync2.v:20$676'.
Found async reset \rst_n in `$paramod$189e5c5ece264226de8c0df8c90596b8bf71b942\timebase.$proc$src/timebase.v:48$670'.
Found async reset \rst_n in `$paramod$143b15b9608e06eea62a21ca91d45c97880ffd0d\kb.$proc$src/kb.v:96$613'.
Found async reset \session_rst_n in `$paramod$0364c1ccedc0d05452e0ae70d8d9432d78217908\regs.$proc$src/regs.v:121$591'.
Found async reset \cold_rst_n in `$paramod$0364c1ccedc0d05452e0ae70d8d9432d78217908\regs.$proc$src/regs.v:111$585'.
Found async reset \rst_n in `\serial_link.$proc$src/serial_link.v:80$216'.
Found async reset \async_n in `\reset_release.$proc$src/reset_release.v:12$176'.
Found async reset \rst_n in `$paramod\auth_ctrl\AUTH_TIMEOUT_MS=s32'00000000000000000001001110001000.$proc$src/auth_ctrl.v:100$551'.
Found async reset \rst_n in `$paramod$767f0ff6573fbb97079a623d848e6d2ee02ee9fa\buzzer.$proc$src/buzzer.v:49$497'.
Found async reset \rst_n in `$paramod$1479f886ef35fc6a184a64ad2b502e6d54d6dae3\szymon_fixed.$proc$.build/eight-ideas/bit_first.v:158$458'.
Found async reset \rst_n in `$paramod\sync2\WIDTH=s32'00000000000000000000000000000100.$proc$src/sync2.v:20$394'.

15.2.6. Executing PROC_ROM pass (convert switches to ROMs).
Converted 1 switch.
<suppressed ~96 debug messages>

15.2.7. Executing PROC_MUX pass (convert decision trees to multiplexers).
Creating decoders for process `$paramod\sync2\WIDTH=s32'00000000000000000000000000000011.$proc$src/sync2.v:20$676'.
     1/2: $0\sync_out[2:0]
     2/2: $0\stage1[2:0]
Creating decoders for process `$paramod$189e5c5ece264226de8c0df8c90596b8bf71b942\timebase.$proc$src/timebase.v:48$670'.
     1/4: $0\scan_count[7:0]
     2/4: $0\ms_tick[0:0]
     3/4: $0\scan_tick[0:0]
     4/4: $0\ms_count[1:0]
Creating decoders for process `$paramod$143b15b9608e06eea62a21ca91d45c97880ffd0d\kb.$proc$src/kb.v:0$660'.
     1/4: $4\first_column$func$src/kb.v:66$604.$result[1:0]$667
     2/4: $3\first_column$func$src/kb.v:66$604.$result[1:0]$666
     3/4: $2\first_column$func$src/kb.v:66$604.$result[1:0]$665
     4/4: $1\first_column$func$src/kb.v:66$604.$result[1:0]$664
Creating decoders for process `$paramod$143b15b9608e06eea62a21ca91d45c97880ffd0d\kb.$proc$src/kb.v:0$650'.
Creating decoders for process `$paramod$143b15b9608e06eea62a21ca91d45c97880ffd0d\kb.$proc$src/kb.v:96$613'.
     1/12: $0\debounce_count[4:0]
     2/12: $0\releasing[0:0]
     3/12: $0\gesture_poisoned[0:0]
     4/12: $0\gesture_qualified[0:0]
     5/12: $0\gesture_active[0:0]
     6/12: $0\armed[0:0]
     7/12: $0\frame_first_id[3:0]
     8/12: $0\frame_hits[1:0]
     9/12: $0\blank_cycle[0:0]
    10/12: $0\row_index[1:0]
    11/12: $0\key_id[3:0]
    12/12: $0\key_valid[0:0]
Creating decoders for process `$paramod$0364c1ccedc0d05452e0ae70d8d9432d78217908\regs.$proc$src/regs.v:121$591'.
     1/6: $0\session_busy[0:0]
     2/6: $0\digit_count[1:0]
     3/6: $0\pin_shift[31:0]
     4/6: $0\txn_terminal[0:0]
     5/6: $0\txn_key_sel[0:0]
     6/6: $0\txn_valid[0:0]
Creating decoders for process `$paramod$0364c1ccedc0d05452e0ae70d8d9432d78217908\regs.$proc$src/regs.v:111$585'.
     1/1: $0\fail_count[1:0]
Creating decoders for process `$paramod$0364c1ccedc0d05452e0ae70d8d9432d78217908\regs.$proc$src/regs.v:82$571'.
     1/1: { $1\digit[3:0] $1\star_key[0:0] $1\digit_valid[0:0] }
Creating decoders for process `\serial_link.$proc$src/serial_link.v:80$216'.
     1/16: $0\frame_start[0:0]
     2/16: $0\protocol_error[0:0]
     3/16: $0\tx_done[0:0]
     4/16: $0\rx_done[0:0]
     5/16: $0\sclk_d[0:0]
     6/16: $0\cs_n_d[0:0]
     7/16: $0\tx_last_sampled[0:0]
     8/16: $0\tx_sampled_wait_fall[0:0]
     9/16: $0\tx_hold_last[0:0]
    10/16: $0\tx_hold_bit[0:0]
    11/16: $0\tx_hold_valid[0:0]
    12/16: $0\rx_bit_hold[0:0]
    13/16: $0\rx_pending[0:0]
    14/16: $0\bit_count[6:0]
    15/16: $0\seen_cs_high[0:0]
    16/16: $0\state[2:0]
Creating decoders for process `\reset_release.$proc$src/reset_release.v:12$176'.
     1/1: $0\release_pipe[1:0]
Creating decoders for process `$paramod\auth_ctrl\AUTH_TIMEOUT_MS=s32'00000000000000000001001110001000.$proc$src/auth_ctrl.v:100$551'.
     1/3: $0\timeout_count[12:0]
     2/3: $0\timeout_active[0:0]
     3/3: $0\state[3:0]
Creating decoders for process `$paramod$767f0ff6573fbb97079a623d848e6d2ee02ee9fa\buzzer.$proc$src/buzzer.v:49$497'.
     1/4: $0\tone_phase[0:0]
     2/4: $0\tone_count[0:0]
     3/4: $0\beep_count[5:0]
     4/4: $0\busy[0:0]
Creating decoders for process `$paramod$1479f886ef35fc6a184a64ad2b502e6d54d6dae3\szymon_fixed.$proc$.build/eight-ideas/bit_first.v:253$494'.
     1/2: $0\b[31:0]
     2/2: $0\a[31:0]
Creating decoders for process `$paramod$1479f886ef35fc6a184a64ad2b502e6d54d6dae3\szymon_fixed.$proc$.build/eight-ideas/bit_first.v:158$458'.
     1/4: $0\key_select[0:0]
     2/4: $0\round_count[5:0]
     3/4: $0\bit_count[5:0]
     4/4: $0\state[2:0]
Creating decoders for process `$paramod$1479f886ef35fc6a184a64ad2b502e6d54d6dae3\szymon_fixed.$proc$.build/eight-ideas/bit_first.v:125$427'.
     1/3: $0\key_accumulator[0:0]
     2/3: $0\key_phase[1:0]
     3/3: $0\key_depth[2:0]
Creating decoders for process `$paramod$1479f886ef35fc6a184a64ad2b502e6d54d6dae3\szymon_fixed.$proc$.build/eight-ideas/bit_first.v:94$410'.
     1/1: $1\bit_offset[4:0]
Creating decoders for process `$paramod\sync2\WIDTH=s32'00000000000000000000000000000100.$proc$src/sync2.v:20$394'.
     1/2: $0\sync_out[3:0]
     2/2: $0\stage1[3:0]

15.2.8. Executing PROC_DLATCH pass (convert process syncs to latches).
No latch inferred for signal `$paramod$143b15b9608e06eea62a21ca91d45c97880ffd0d\kb.\first_column$func$src/kb.v:66$602.$result' from process `$paramod$143b15b9608e06eea62a21ca91d45c97880ffd0d\kb.$proc$src/kb.v:0$660'.
No latch inferred for signal `$paramod$143b15b9608e06eea62a21ca91d45c97880ffd0d\kb.\first_column$func$src/kb.v:66$604.$result' from process `$paramod$143b15b9608e06eea62a21ca91d45c97880ffd0d\kb.$proc$src/kb.v:0$660'.
No latch inferred for signal `$paramod$143b15b9608e06eea62a21ca91d45c97880ffd0d\kb.\first_column$func$src/kb.v:66$604.hits' from process `$paramod$143b15b9608e06eea62a21ca91d45c97880ffd0d\kb.$proc$src/kb.v:0$660'.
No latch inferred for signal `$paramod$143b15b9608e06eea62a21ca91d45c97880ffd0d\kb.\hit_count$func$src/kb.v:63$601.$result' from process `$paramod$143b15b9608e06eea62a21ca91d45c97880ffd0d\kb.$proc$src/kb.v:0$650'.
No latch inferred for signal `$paramod$143b15b9608e06eea62a21ca91d45c97880ffd0d\kb.\hit_count$func$src/kb.v:63$603.$result' from process `$paramod$143b15b9608e06eea62a21ca91d45c97880ffd0d\kb.$proc$src/kb.v:0$650'.
No latch inferred for signal `$paramod$143b15b9608e06eea62a21ca91d45c97880ffd0d\kb.\hit_count$func$src/kb.v:63$603.hits' from process `$paramod$143b15b9608e06eea62a21ca91d45c97880ffd0d\kb.$proc$src/kb.v:0$650'.
No latch inferred for signal `$paramod$143b15b9608e06eea62a21ca91d45c97880ffd0d\kb.\hit_count$func$src/kb.v:63$603.count' from process `$paramod$143b15b9608e06eea62a21ca91d45c97880ffd0d\kb.$proc$src/kb.v:0$650'.
No latch inferred for signal `$paramod$0364c1ccedc0d05452e0ae70d8d9432d78217908\regs.\digit_valid' from process `$paramod$0364c1ccedc0d05452e0ae70d8d9432d78217908\regs.$proc$src/regs.v:82$571'.
No latch inferred for signal `$paramod$0364c1ccedc0d05452e0ae70d8d9432d78217908\regs.\star_key' from process `$paramod$0364c1ccedc0d05452e0ae70d8d9432d78217908\regs.$proc$src/regs.v:82$571'.
No latch inferred for signal `$paramod$0364c1ccedc0d05452e0ae70d8d9432d78217908\regs.\digit' from process `$paramod$0364c1ccedc0d05452e0ae70d8d9432d78217908\regs.$proc$src/regs.v:82$571'.
No latch inferred for signal `$paramod$1479f886ef35fc6a184a64ad2b502e6d54d6dae3\szymon_fixed.\bit_offset' from process `$paramod$1479f886ef35fc6a184a64ad2b502e6d54d6dae3\szymon_fixed.$proc$.build/eight-ideas/bit_first.v:94$410'.

15.2.9. Executing PROC_DFF pass (convert process syncs to FFs).
Creating register for signal `$paramod\sync2\WIDTH=s32'00000000000000000000000000000011.\sync_out' using process `$paramod\sync2\WIDTH=s32'00000000000000000000000000000011.$proc$src/sync2.v:20$676'.
  created $adff cell `$procdff$1733' with positive edge clock and positive level reset.
Creating register for signal `$paramod\sync2\WIDTH=s32'00000000000000000000000000000011.\stage1' using process `$paramod\sync2\WIDTH=s32'00000000000000000000000000000011.$proc$src/sync2.v:20$676'.
  created $adff cell `$procdff$1738' with positive edge clock and positive level reset.
Creating register for signal `$paramod$189e5c5ece264226de8c0df8c90596b8bf71b942\timebase.\ms_tick' using process `$paramod$189e5c5ece264226de8c0df8c90596b8bf71b942\timebase.$proc$src/timebase.v:48$670'.
  created $adff cell `$procdff$1743' with positive edge clock and positive level reset.
Creating register for signal `$paramod$189e5c5ece264226de8c0df8c90596b8bf71b942\timebase.\scan_tick' using process `$paramod$189e5c5ece264226de8c0df8c90596b8bf71b942\timebase.$proc$src/timebase.v:48$670'.
  created $adff cell `$procdff$1748' with positive edge clock and positive level reset.
Creating register for signal `$paramod$189e5c5ece264226de8c0df8c90596b8bf71b942\timebase.\scan_count' using process `$paramod$189e5c5ece264226de8c0df8c90596b8bf71b942\timebase.$proc$src/timebase.v:48$670'.
  created $adff cell `$procdff$1753' with positive edge clock and positive level reset.
Creating register for signal `$paramod$189e5c5ece264226de8c0df8c90596b8bf71b942\timebase.\ms_count' using process `$paramod$189e5c5ece264226de8c0df8c90596b8bf71b942\timebase.$proc$src/timebase.v:48$670'.
  created $adff cell `$procdff$1758' with positive edge clock and positive level reset.
Creating register for signal `$paramod$143b15b9608e06eea62a21ca91d45c97880ffd0d\kb.\key_valid' using process `$paramod$143b15b9608e06eea62a21ca91d45c97880ffd0d\kb.$proc$src/kb.v:96$613'.
  created $adff cell `$procdff$1763' with positive edge clock and positive level reset.
Creating register for signal `$paramod$143b15b9608e06eea62a21ca91d45c97880ffd0d\kb.\key_id' using process `$paramod$143b15b9608e06eea62a21ca91d45c97880ffd0d\kb.$proc$src/kb.v:96$613'.
  created $adff cell `$procdff$1768' with positive edge clock and positive level reset.
Creating register for signal `$paramod$143b15b9608e06eea62a21ca91d45c97880ffd0d\kb.\row_index' using process `$paramod$143b15b9608e06eea62a21ca91d45c97880ffd0d\kb.$proc$src/kb.v:96$613'.
  created $adff cell `$procdff$1773' with positive edge clock and positive level reset.
Creating register for signal `$paramod$143b15b9608e06eea62a21ca91d45c97880ffd0d\kb.\blank_cycle' using process `$paramod$143b15b9608e06eea62a21ca91d45c97880ffd0d\kb.$proc$src/kb.v:96$613'.
  created $adff cell `$procdff$1778' with positive edge clock and positive level reset.
Creating register for signal `$paramod$143b15b9608e06eea62a21ca91d45c97880ffd0d\kb.\frame_hits' using process `$paramod$143b15b9608e06eea62a21ca91d45c97880ffd0d\kb.$proc$src/kb.v:96$613'.
  created $adff cell `$procdff$1783' with positive edge clock and positive level reset.
Creating register for signal `$paramod$143b15b9608e06eea62a21ca91d45c97880ffd0d\kb.\frame_first_id' using process `$paramod$143b15b9608e06eea62a21ca91d45c97880ffd0d\kb.$proc$src/kb.v:96$613'.
  created $adff cell `$procdff$1788' with positive edge clock and positive level reset.
Creating register for signal `$paramod$143b15b9608e06eea62a21ca91d45c97880ffd0d\kb.\armed' using process `$paramod$143b15b9608e06eea62a21ca91d45c97880ffd0d\kb.$proc$src/kb.v:96$613'.
  created $adff cell `$procdff$1793' with positive edge clock and positive level reset.
Creating register for signal `$paramod$143b15b9608e06eea62a21ca91d45c97880ffd0d\kb.\gesture_active' using process `$paramod$143b15b9608e06eea62a21ca91d45c97880ffd0d\kb.$proc$src/kb.v:96$613'.
  created $adff cell `$procdff$1798' with positive edge clock and positive level reset.
Creating register for signal `$paramod$143b15b9608e06eea62a21ca91d45c97880ffd0d\kb.\gesture_qualified' using process `$paramod$143b15b9608e06eea62a21ca91d45c97880ffd0d\kb.$proc$src/kb.v:96$613'.
  created $adff cell `$procdff$1803' with positive edge clock and positive level reset.
Creating register for signal `$paramod$143b15b9608e06eea62a21ca91d45c97880ffd0d\kb.\gesture_poisoned' using process `$paramod$143b15b9608e06eea62a21ca91d45c97880ffd0d\kb.$proc$src/kb.v:96$613'.
  created $adff cell `$procdff$1808' with positive edge clock and positive level reset.
Creating register for signal `$paramod$143b15b9608e06eea62a21ca91d45c97880ffd0d\kb.\releasing' using process `$paramod$143b15b9608e06eea62a21ca91d45c97880ffd0d\kb.$proc$src/kb.v:96$613'.
  created $adff cell `$procdff$1813' with positive edge clock and positive level reset.
Creating register for signal `$paramod$143b15b9608e06eea62a21ca91d45c97880ffd0d\kb.\debounce_count' using process `$paramod$143b15b9608e06eea62a21ca91d45c97880ffd0d\kb.$proc$src/kb.v:96$613'.
  created $adff cell `$procdff$1818' with positive edge clock and positive level reset.
Creating register for signal `$paramod$0364c1ccedc0d05452e0ae70d8d9432d78217908\regs.\txn_valid' using process `$paramod$0364c1ccedc0d05452e0ae70d8d9432d78217908\regs.$proc$src/regs.v:121$591'.
  created $adff cell `$procdff$1823' with positive edge clock and positive level reset.
Creating register for signal `$paramod$0364c1ccedc0d05452e0ae70d8d9432d78217908\regs.\txn_key_sel' using process `$paramod$0364c1ccedc0d05452e0ae70d8d9432d78217908\regs.$proc$src/regs.v:121$591'.
  created $adff cell `$procdff$1828' with positive edge clock and positive level reset.
Creating register for signal `$paramod$0364c1ccedc0d05452e0ae70d8d9432d78217908\regs.\txn_terminal' using process `$paramod$0364c1ccedc0d05452e0ae70d8d9432d78217908\regs.$proc$src/regs.v:121$591'.
  created $adff cell `$procdff$1833' with positive edge clock and positive level reset.
Creating register for signal `$paramod$0364c1ccedc0d05452e0ae70d8d9432d78217908\regs.\pin_shift' using process `$paramod$0364c1ccedc0d05452e0ae70d8d9432d78217908\regs.$proc$src/regs.v:121$591'.
  created $adff cell `$procdff$1838' with positive edge clock and positive level reset.
Creating register for signal `$paramod$0364c1ccedc0d05452e0ae70d8d9432d78217908\regs.\digit_count' using process `$paramod$0364c1ccedc0d05452e0ae70d8d9432d78217908\regs.$proc$src/regs.v:121$591'.
  created $adff cell `$procdff$1843' with positive edge clock and positive level reset.
Creating register for signal `$paramod$0364c1ccedc0d05452e0ae70d8d9432d78217908\regs.\session_busy' using process `$paramod$0364c1ccedc0d05452e0ae70d8d9432d78217908\regs.$proc$src/regs.v:121$591'.
  created $adff cell `$procdff$1848' with positive edge clock and positive level reset.
Creating register for signal `$paramod$0364c1ccedc0d05452e0ae70d8d9432d78217908\regs.\fail_count' using process `$paramod$0364c1ccedc0d05452e0ae70d8d9432d78217908\regs.$proc$src/regs.v:111$585'.
  created $adff cell `$procdff$1853' with positive edge clock and positive level reset.
Creating register for signal `\serial_link.\rx_done' using process `\serial_link.$proc$src/serial_link.v:80$216'.
  created $adff cell `$procdff$1858' with positive edge clock and positive level reset.
Creating register for signal `\serial_link.\tx_done' using process `\serial_link.$proc$src/serial_link.v:80$216'.
  created $adff cell `$procdff$1863' with positive edge clock and positive level reset.
Creating register for signal `\serial_link.\protocol_error' using process `\serial_link.$proc$src/serial_link.v:80$216'.
  created $adff cell `$procdff$1868' with positive edge clock and positive level reset.
Creating register for signal `\serial_link.\frame_start' using process `\serial_link.$proc$src/serial_link.v:80$216'.
  created $adff cell `$procdff$1873' with positive edge clock and positive level reset.
Creating register for signal `\serial_link.\state' using process `\serial_link.$proc$src/serial_link.v:80$216'.
  created $adff cell `$procdff$1878' with positive edge clock and positive level reset.
Creating register for signal `\serial_link.\cs_n_d' using process `\serial_link.$proc$src/serial_link.v:80$216'.
  created $adff cell `$procdff$1883' with positive edge clock and positive level reset.
Creating register for signal `\serial_link.\sclk_d' using process `\serial_link.$proc$src/serial_link.v:80$216'.
  created $adff cell `$procdff$1888' with positive edge clock and positive level reset.
Creating register for signal `\serial_link.\seen_cs_high' using process `\serial_link.$proc$src/serial_link.v:80$216'.
  created $adff cell `$procdff$1893' with positive edge clock and positive level reset.
Creating register for signal `\serial_link.\bit_count' using process `\serial_link.$proc$src/serial_link.v:80$216'.
  created $adff cell `$procdff$1898' with positive edge clock and positive level reset.
Creating register for signal `\serial_link.\rx_pending' using process `\serial_link.$proc$src/serial_link.v:80$216'.
  created $adff cell `$procdff$1903' with positive edge clock and positive level reset.
Creating register for signal `\serial_link.\rx_bit_hold' using process `\serial_link.$proc$src/serial_link.v:80$216'.
  created $adff cell `$procdff$1908' with positive edge clock and positive level reset.
Creating register for signal `\serial_link.\tx_hold_valid' using process `\serial_link.$proc$src/serial_link.v:80$216'.
  created $adff cell `$procdff$1913' with positive edge clock and positive level reset.
Creating register for signal `\serial_link.\tx_hold_bit' using process `\serial_link.$proc$src/serial_link.v:80$216'.
  created $adff cell `$procdff$1918' with positive edge clock and positive level reset.
Creating register for signal `\serial_link.\tx_hold_last' using process `\serial_link.$proc$src/serial_link.v:80$216'.
  created $adff cell `$procdff$1923' with positive edge clock and positive level reset.
Creating register for signal `\serial_link.\tx_sampled_wait_fall' using process `\serial_link.$proc$src/serial_link.v:80$216'.
  created $adff cell `$procdff$1928' with positive edge clock and positive level reset.
Creating register for signal `\serial_link.\tx_last_sampled' using process `\serial_link.$proc$src/serial_link.v:80$216'.
  created $adff cell `$procdff$1933' with positive edge clock and positive level reset.
Creating register for signal `\reset_release.\release_pipe' using process `\reset_release.$proc$src/reset_release.v:12$176'.
  created $adff cell `$procdff$1938' with positive edge clock and positive level reset.
Creating register for signal `$paramod\auth_ctrl\AUTH_TIMEOUT_MS=s32'00000000000000000001001110001000.\state' using process `$paramod\auth_ctrl\AUTH_TIMEOUT_MS=s32'00000000000000000001001110001000.$proc$src/auth_ctrl.v:100$551'.
  created $adff cell `$procdff$1943' with positive edge clock and positive level reset.
Creating register for signal `$paramod\auth_ctrl\AUTH_TIMEOUT_MS=s32'00000000000000000001001110001000.\timeout_active' using process `$paramod\auth_ctrl\AUTH_TIMEOUT_MS=s32'00000000000000000001001110001000.$proc$src/auth_ctrl.v:100$551'.
  created $adff cell `$procdff$1948' with positive edge clock and positive level reset.
Creating register for signal `$paramod\auth_ctrl\AUTH_TIMEOUT_MS=s32'00000000000000000001001110001000.\timeout_count' using process `$paramod\auth_ctrl\AUTH_TIMEOUT_MS=s32'00000000000000000001001110001000.$proc$src/auth_ctrl.v:100$551'.
  created $adff cell `$procdff$1953' with positive edge clock and positive level reset.
Creating register for signal `$paramod$767f0ff6573fbb97079a623d848e6d2ee02ee9fa\buzzer.\busy' using process `$paramod$767f0ff6573fbb97079a623d848e6d2ee02ee9fa\buzzer.$proc$src/buzzer.v:49$497'.
  created $adff cell `$procdff$1958' with positive edge clock and positive level reset.
Creating register for signal `$paramod$767f0ff6573fbb97079a623d848e6d2ee02ee9fa\buzzer.\beep_count' using process `$paramod$767f0ff6573fbb97079a623d848e6d2ee02ee9fa\buzzer.$proc$src/buzzer.v:49$497'.
  created $adff cell `$procdff$1963' with positive edge clock and positive level reset.
Creating register for signal `$paramod$767f0ff6573fbb97079a623d848e6d2ee02ee9fa\buzzer.\tone_count' using process `$paramod$767f0ff6573fbb97079a623d848e6d2ee02ee9fa\buzzer.$proc$src/buzzer.v:49$497'.
  created $adff cell `$procdff$1968' with positive edge clock and positive level reset.
Creating register for signal `$paramod$767f0ff6573fbb97079a623d848e6d2ee02ee9fa\buzzer.\tone_phase' using process `$paramod$767f0ff6573fbb97079a623d848e6d2ee02ee9fa\buzzer.$proc$src/buzzer.v:49$497'.
  created $adff cell `$procdff$1973' with positive edge clock and positive level reset.
Creating register for signal `$paramod$1479f886ef35fc6a184a64ad2b502e6d54d6dae3\szymon_fixed.\a' using process `$paramod$1479f886ef35fc6a184a64ad2b502e6d54d6dae3\szymon_fixed.$proc$.build/eight-ideas/bit_first.v:253$494'.
  created $dff cell `$procdff$1974' with positive edge clock.
Creating register for signal `$paramod$1479f886ef35fc6a184a64ad2b502e6d54d6dae3\szymon_fixed.\b' using process `$paramod$1479f886ef35fc6a184a64ad2b502e6d54d6dae3\szymon_fixed.$proc$.build/eight-ideas/bit_first.v:253$494'.
  created $dff cell `$procdff$1975' with positive edge clock.
Creating register for signal `$paramod$1479f886ef35fc6a184a64ad2b502e6d54d6dae3\szymon_fixed.\state' using process `$paramod$1479f886ef35fc6a184a64ad2b502e6d54d6dae3\szymon_fixed.$proc$.build/eight-ideas/bit_first.v:158$458'.
  created $adff cell `$procdff$1980' with positive edge clock and positive level reset.
Creating register for signal `$paramod$1479f886ef35fc6a184a64ad2b502e6d54d6dae3\szymon_fixed.\bit_count' using process `$paramod$1479f886ef35fc6a184a64ad2b502e6d54d6dae3\szymon_fixed.$proc$.build/eight-ideas/bit_first.v:158$458'.
  created $adff cell `$procdff$1985' with positive edge clock and positive level reset.
Creating register for signal `$paramod$1479f886ef35fc6a184a64ad2b502e6d54d6dae3\szymon_fixed.\round_count' using process `$paramod$1479f886ef35fc6a184a64ad2b502e6d54d6dae3\szymon_fixed.$proc$.build/eight-ideas/bit_first.v:158$458'.
  created $adff cell `$procdff$1990' with positive edge clock and positive level reset.
Creating register for signal `$paramod$1479f886ef35fc6a184a64ad2b502e6d54d6dae3\szymon_fixed.\key_select' using process `$paramod$1479f886ef35fc6a184a64ad2b502e6d54d6dae3\szymon_fixed.$proc$.build/eight-ideas/bit_first.v:158$458'.
  created $adff cell `$procdff$1995' with positive edge clock and positive level reset.
Creating register for signal `$paramod$1479f886ef35fc6a184a64ad2b502e6d54d6dae3\szymon_fixed.\key_phase' using process `$paramod$1479f886ef35fc6a184a64ad2b502e6d54d6dae3\szymon_fixed.$proc$.build/eight-ideas/bit_first.v:125$427'.
  created $dff cell `$procdff$1996' with positive edge clock.
Creating register for signal `$paramod$1479f886ef35fc6a184a64ad2b502e6d54d6dae3\szymon_fixed.\key_depth' using process `$paramod$1479f886ef35fc6a184a64ad2b502e6d54d6dae3\szymon_fixed.$proc$.build/eight-ideas/bit_first.v:125$427'.
  created $dff cell `$procdff$1997' with positive edge clock.
Creating register for signal `$paramod$1479f886ef35fc6a184a64ad2b502e6d54d6dae3\szymon_fixed.\key_accumulator' using process `$paramod$1479f886ef35fc6a184a64ad2b502e6d54d6dae3\szymon_fixed.$proc$.build/eight-ideas/bit_first.v:125$427'.
  created $dff cell `$procdff$1998' with positive edge clock.
Creating register for signal `$paramod\sync2\WIDTH=s32'00000000000000000000000000000100.\sync_out' using process `$paramod\sync2\WIDTH=s32'00000000000000000000000000000100.$proc$src/sync2.v:20$394'.
  created $adff cell `$procdff$2003' with positive edge clock and positive level reset.
Creating register for signal `$paramod\sync2\WIDTH=s32'00000000000000000000000000000100.\stage1' using process `$paramod\sync2\WIDTH=s32'00000000000000000000000000000100.$proc$src/sync2.v:20$394'.
  created $adff cell `$procdff$2008' with positive edge clock and positive level reset.

15.2.10. Executing PROC_MEMWR pass (convert process memory writes to cells).

15.2.11. Executing PROC_CLEAN pass (remove empty switches from decision trees).
Removing empty process `$paramod\sync2\WIDTH=s32'00000000000000000000000000000011.$proc$src/sync2.v:20$676'.
Found and cleaned up 2 empty switches in `$paramod$189e5c5ece264226de8c0df8c90596b8bf71b942\timebase.$proc$src/timebase.v:48$670'.
Removing empty process `$paramod$189e5c5ece264226de8c0df8c90596b8bf71b942\timebase.$proc$src/timebase.v:48$670'.
Found and cleaned up 4 empty switches in `$paramod$143b15b9608e06eea62a21ca91d45c97880ffd0d\kb.$proc$src/kb.v:0$660'.
Removing empty process `$paramod$143b15b9608e06eea62a21ca91d45c97880ffd0d\kb.$proc$src/kb.v:0$660'.
Removing empty process `$paramod$143b15b9608e06eea62a21ca91d45c97880ffd0d\kb.$proc$src/kb.v:0$650'.
Found and cleaned up 22 empty switches in `$paramod$143b15b9608e06eea62a21ca91d45c97880ffd0d\kb.$proc$src/kb.v:96$613'.
Removing empty process `$paramod$143b15b9608e06eea62a21ca91d45c97880ffd0d\kb.$proc$src/kb.v:96$613'.
Found and cleaned up 6 empty switches in `$paramod$0364c1ccedc0d05452e0ae70d8d9432d78217908\regs.$proc$src/regs.v:121$591'.
Removing empty process `$paramod$0364c1ccedc0d05452e0ae70d8d9432d78217908\regs.$proc$src/regs.v:121$591'.
Found and cleaned up 2 empty switches in `$paramod$0364c1ccedc0d05452e0ae70d8d9432d78217908\regs.$proc$src/regs.v:111$585'.
Removing empty process `$paramod$0364c1ccedc0d05452e0ae70d8d9432d78217908\regs.$proc$src/regs.v:111$585'.
Found and cleaned up 1 empty switch in `$paramod$0364c1ccedc0d05452e0ae70d8d9432d78217908\regs.$proc$src/regs.v:82$571'.
Removing empty process `$paramod$0364c1ccedc0d05452e0ae70d8d9432d78217908\regs.$proc$src/regs.v:82$571'.
Found and cleaned up 24 empty switches in `\serial_link.$proc$src/serial_link.v:80$216'.
Removing empty process `serial_link.$proc$src/serial_link.v:80$216'.
Removing empty process `reset_release.$proc$src/reset_release.v:12$176'.
Found and cleaned up 14 empty switches in `$paramod\auth_ctrl\AUTH_TIMEOUT_MS=s32'00000000000000000001001110001000.$proc$src/auth_ctrl.v:100$551'.
Removing empty process `$paramod\auth_ctrl\AUTH_TIMEOUT_MS=s32'00000000000000000001001110001000.$proc$src/auth_ctrl.v:100$551'.
Found and cleaned up 6 empty switches in `$paramod$767f0ff6573fbb97079a623d848e6d2ee02ee9fa\buzzer.$proc$src/buzzer.v:49$497'.
Removing empty process `$paramod$767f0ff6573fbb97079a623d848e6d2ee02ee9fa\buzzer.$proc$src/buzzer.v:49$497'.
Found and cleaned up 2 empty switches in `$paramod$1479f886ef35fc6a184a64ad2b502e6d54d6dae3\szymon_fixed.$proc$.build/eight-ideas/bit_first.v:253$494'.
Removing empty process `$paramod$1479f886ef35fc6a184a64ad2b502e6d54d6dae3\szymon_fixed.$proc$.build/eight-ideas/bit_first.v:253$494'.
Found and cleaned up 11 empty switches in `$paramod$1479f886ef35fc6a184a64ad2b502e6d54d6dae3\szymon_fixed.$proc$.build/eight-ideas/bit_first.v:158$458'.
Removing empty process `$paramod$1479f886ef35fc6a184a64ad2b502e6d54d6dae3\szymon_fixed.$proc$.build/eight-ideas/bit_first.v:158$458'.
Found and cleaned up 2 empty switches in `$paramod$1479f886ef35fc6a184a64ad2b502e6d54d6dae3\szymon_fixed.$proc$.build/eight-ideas/bit_first.v:125$427'.
Removing empty process `$paramod$1479f886ef35fc6a184a64ad2b502e6d54d6dae3\szymon_fixed.$proc$.build/eight-ideas/bit_first.v:125$427'.
Found and cleaned up 1 empty switch in `$paramod$1479f886ef35fc6a184a64ad2b502e6d54d6dae3\szymon_fixed.$proc$.build/eight-ideas/bit_first.v:94$410'.
Removing empty process `$paramod$1479f886ef35fc6a184a64ad2b502e6d54d6dae3\szymon_fixed.$proc$.build/eight-ideas/bit_first.v:94$410'.
Removing empty process `$paramod\sync2\WIDTH=s32'00000000000000000000000000000100.$proc$src/sync2.v:20$394'.
Cleaned up 97 empty switches.

15.2.12. Executing OPT_EXPR pass (perform const folding).
Optimizing module $paramod\sync2\WIDTH=s32'00000000000000000000000000000011.
<suppressed ~4 debug messages>
Optimizing module $paramod$189e5c5ece264226de8c0df8c90596b8bf71b942\timebase.
<suppressed ~8 debug messages>
Optimizing module $paramod$143b15b9608e06eea62a21ca91d45c97880ffd0d\kb.
<suppressed ~64 debug messages>
Optimizing module $paramod$0364c1ccedc0d05452e0ae70d8d9432d78217908\regs.
<suppressed ~16 debug messages>
Optimizing module serial_link.
<suppressed ~40 debug messages>
Optimizing module rumcajs.
<suppressed ~2 debug messages>
Optimizing module reset_release.
<suppressed ~2 debug messages>
Optimizing module $paramod\auth_ctrl\AUTH_TIMEOUT_MS=s32'00000000000000000001001110001000.
<suppressed ~12 debug messages>
Optimizing module tt_um_rumcajs.
<suppressed ~1 debug messages>
Optimizing module $paramod$767f0ff6573fbb97079a623d848e6d2ee02ee9fa\buzzer.
<suppressed ~15 debug messages>
Optimizing module $paramod$1479f886ef35fc6a184a64ad2b502e6d54d6dae3\szymon_fixed.
<suppressed ~20 debug messages>
Optimizing module $paramod\sync2\WIDTH=s32'00000000000000000000000000000100.
<suppressed ~4 debug messages>

15.3. Executing FLATTEN pass (flatten design).
Deleting now unused module $paramod\sync2\WIDTH=s32'00000000000000000000000000000011.
Deleting now unused module $paramod$189e5c5ece264226de8c0df8c90596b8bf71b942\timebase.
Deleting now unused module $paramod$143b15b9608e06eea62a21ca91d45c97880ffd0d\kb.
Deleting now unused module $paramod$0364c1ccedc0d05452e0ae70d8d9432d78217908\regs.
Deleting now unused module serial_link.
Deleting now unused module rumcajs.
Deleting now unused module reset_release.
Deleting now unused module $paramod\auth_ctrl\AUTH_TIMEOUT_MS=s32'00000000000000000001001110001000.
Deleting now unused module $paramod$767f0ff6573fbb97079a623d848e6d2ee02ee9fa\buzzer.
Deleting now unused module $paramod$1479f886ef35fc6a184a64ad2b502e6d54d6dae3\szymon_fixed.
Deleting now unused module $paramod\sync2\WIDTH=s32'00000000000000000000000000000100.
<suppressed ~12 debug messages>

15.4. Executing OPT_EXPR pass (perform const folding).
Optimizing module tt_um_rumcajs.

15.5. Executing OPT_CLEAN pass (remove unused cells and wires).
Finding unused cells or wires in module \tt_um_rumcajs..
Removed 104 unused cells and 663 unused wires.
<suppressed ~111 debug messages>

15.6. Executing CHECK pass (checking for obvious problems).
Checking module tt_um_rumcajs...
Found and reported 0 problems.

15.7. Executing OPT pass (performing simple optimizations).

15.7.1. Executing OPT_EXPR pass (perform const folding).
Optimizing module tt_um_rumcajs.

15.7.2. Executing OPT_MERGE pass (detect identical cells).
Finding identical cells in module `\tt_um_rumcajs'.
<suppressed ~336 debug messages>
Removed a total of 112 cells.

15.7.3. Executing OPT_MUXTREE pass (detect dead branches in mux trees).
Running muxtree optimizer on module \tt_um_rumcajs..
  Creating internal representation of mux trees.
  Evaluating internal representation of mux trees.
      Replacing known input bits on port A of cell $flatten\u_rumcajs.\u_buzzer.$procmux$1597: \u_rumcajs.u_buzzer.busy -> 1'1
      Replacing known input bits on port A of cell $flatten\u_rumcajs.\u_buzzer.$procmux$1595: \u_rumcajs.u_buzzer.busy -> 1'1
      Replacing known input bits on port A of cell $flatten\u_rumcajs.\u_buzzer.$procmux$1600: \u_rumcajs.u_buzzer.busy -> 1'0
      Replacing known input bits on port A of cell $flatten\u_rumcajs.\u_kb.$procmux$1023: \u_rumcajs.u_kb.blank_cycle -> 1'0
  Analyzing evaluation results.
    dead port 1/2 on $mux $flatten\u_rumcajs.\u_kb.$procmux$704.
    dead port 1/2 on $mux $flatten\u_rumcajs.\u_kb.$procmux$707.
    dead port 1/2 on $mux $flatten\u_rumcajs.\u_kb.$procmux$710.
    dead port 1/2 on $mux $flatten\u_rumcajs.\u_kb.$procmux$716.
    dead port 1/2 on $mux $flatten\u_rumcajs.\u_kb.$procmux$719.
    dead port 1/2 on $mux $flatten\u_rumcajs.\u_kb.$procmux$725.
Removed 6 multiplexer ports.
<suppressed ~74 debug messages>

15.7.4. Executing OPT_REDUCE pass (consolidate $*mux and $reduce_* inputs).
  Optimizing cells in module \tt_um_rumcajs.
    New ctrl vector for $pmux cell $flatten\u_rumcajs.\u_link.$procmux$1203: { $auto$opt_reduce.cc:137:opt_pmux$2022 \u_rumcajs.rx_active $flatten\u_rumcajs.\u_link.$eq$src/serial_link.v:75$202_Y $flatten\u_rumcajs.\u_link.$eq$src/serial_link.v:72$199_Y $flatten\u_rumcajs.\u_link.$eq$src/serial_link.v:72$200_Y }
    New ctrl vector for $pmux cell $flatten\u_rumcajs.\g_fixed_key_core.u_szymon.$procmux$1620: { \u_rumcajs.g_fixed_key_core.u_szymon.cmd_ready $auto$opt_reduce.cc:137:opt_pmux$2024 \u_rumcajs.g_fixed_key_core.u_szymon.m_valid }
  Optimizing cells in module \tt_um_rumcajs.
Performed a total of 2 changes.

15.7.5. Executing OPT_MERGE pass (detect identical cells).
Finding identical cells in module `\tt_um_rumcajs'.
<suppressed ~12 debug messages>
Removed a total of 4 cells.

15.7.6. Executing OPT_DFF pass (perform DFF optimizations).

15.7.7. Executing OPT_CLEAN pass (remove unused cells and wires).
Finding unused cells or wires in module \tt_um_rumcajs..
Removed 0 unused cells and 123 unused wires.
<suppressed ~6 debug messages>

15.7.8. Executing OPT_EXPR pass (perform const folding).
Optimizing module tt_um_rumcajs.

15.7.9. Rerunning OPT passes. (Maybe there is more to do..)

15.7.10. Executing OPT_MUXTREE pass (detect dead branches in mux trees).
Running muxtree optimizer on module \tt_um_rumcajs..
  Creating internal representation of mux trees.
  Evaluating internal representation of mux trees.
  Analyzing evaluation results.
Removed 0 multiplexer ports.
<suppressed ~76 debug messages>

15.7.11. Executing OPT_REDUCE pass (consolidate $*mux and $reduce_* inputs).
  Optimizing cells in module \tt_um_rumcajs.
    New ctrl vector for $pmux cell $flatten\u_rumcajs.\u_link.$procmux$1429: { $flatten\u_rumcajs.\u_link.$procmux$1237_CMP $auto$opt_reduce.cc:137:opt_pmux$2026 }
  Optimizing cells in module \tt_um_rumcajs.
Performed a total of 1 changes.

15.7.12. Executing OPT_MERGE pass (detect identical cells).
Finding identical cells in module `\tt_um_rumcajs'.
Removed a total of 0 cells.

15.7.13. Executing OPT_DFF pass (perform DFF optimizations).

15.7.14. Executing OPT_CLEAN pass (remove unused cells and wires).
Finding unused cells or wires in module \tt_um_rumcajs..

15.7.15. Executing OPT_EXPR pass (perform const folding).
Optimizing module tt_um_rumcajs.

15.7.16. Rerunning OPT passes. (Maybe there is more to do..)

15.7.17. Executing OPT_MUXTREE pass (detect dead branches in mux trees).
Running muxtree optimizer on module \tt_um_rumcajs..
  Creating internal representation of mux trees.
  Evaluating internal representation of mux trees.
  Analyzing evaluation results.
Removed 0 multiplexer ports.
<suppressed ~76 debug messages>

15.7.18. Executing OPT_REDUCE pass (consolidate $*mux and $reduce_* inputs).
  Optimizing cells in module \tt_um_rumcajs.
Performed a total of 0 changes.

15.7.19. Executing OPT_MERGE pass (detect identical cells).
Finding identical cells in module `\tt_um_rumcajs'.
Removed a total of 0 cells.

15.7.20. Executing OPT_DFF pass (perform DFF optimizations).

15.7.21. Executing OPT_CLEAN pass (remove unused cells and wires).
Finding unused cells or wires in module \tt_um_rumcajs..

15.7.22. Executing OPT_EXPR pass (perform const folding).
Optimizing module tt_um_rumcajs.

15.7.23. Finished OPT passes. (There is nothing left to do.)

15.8. Executing FSM pass (extract and optimize FSM).

15.8.1. Executing FSM_DETECT pass (finding FSMs in design).
Found FSM state register tt_um_rumcajs.u_rumcajs.g_fixed_key_core.u_szymon.state.
Not marking tt_um_rumcajs.u_rumcajs.u_auth.state as FSM state register:
    Users of register don't seem to benefit from recoding.
Found FSM state register tt_um_rumcajs.u_rumcajs.u_link.state.

15.8.2. Executing FSM_EXTRACT pass (extracting FSM from design).
Extracting FSM `\u_rumcajs.g_fixed_key_core.u_szymon.state' from module `\tt_um_rumcajs'.
  found $adff cell for state register: $flatten\u_rumcajs.\g_fixed_key_core.u_szymon.$procdff$1980
  root of input selection tree: $flatten\u_rumcajs.\g_fixed_key_core.u_szymon.$0\state[2:0]
  found reset state: 3'000 (from async reset)
  found ctrl input: \u_rumcajs.g_fixed_key_core.u_szymon.abort
  found ctrl input: \u_rumcajs.g_fixed_key_core.u_szymon.m_valid
  found ctrl input: $flatten\u_rumcajs.\g_fixed_key_core.u_szymon.$eq$.build/eight-ideas/bit_first.v:242$472_Y
  found ctrl input: \u_rumcajs.g_fixed_key_core.u_szymon.seal_ready
  found ctrl input: \u_rumcajs.g_fixed_key_core.u_szymon.s_ready
  found ctrl input: \u_rumcajs.g_fixed_key_core.u_szymon.cmd_ready
  found ctrl input: \u_rumcajs.g_fixed_key_core.u_szymon.output_step
  found ctrl input: $flatten\u_rumcajs.\g_fixed_key_core.u_szymon.$eq$.build/eight-ideas/bit_first.v:150$456_Y
  found ctrl input: \u_rumcajs.g_fixed_key_core.u_szymon.reconstruct
  found ctrl input: $flatten\u_rumcajs.\g_fixed_key_core.u_szymon.$eq$.build/eight-ideas/bit_first.v:201$465_Y
  found ctrl input: $flatten\u_rumcajs.\g_fixed_key_core.u_szymon.$eq$.build/eight-ideas/bit_first.v:203$466_Y
  found state code: 3'100
  found ctrl input: $flatten\u_rumcajs.\g_fixed_key_core.u_szymon.$logic_and$.build/eight-ideas/bit_first.v:193$464_Y
  found state code: 3'011
  found ctrl input: \u_rumcajs.g_fixed_key_core.u_szymon.load_step
  found state code: 3'010
  found ctrl input: $flatten\u_rumcajs.\g_fixed_key_core.u_szymon.$logic_and$.build/eight-ideas/bit_first.v:175$460_Y
  found state code: 3'001
  found ctrl output: $flatten\u_rumcajs.\g_fixed_key_core.u_szymon.$ne$.build/eight-ideas/bit_first.v:126$430_Y
  found ctrl output: \u_rumcajs.g_fixed_key_core.u_szymon.cmd_ready
  found ctrl output: \u_rumcajs.g_fixed_key_core.u_szymon.s_ready
  found ctrl output: \u_rumcajs.g_fixed_key_core.u_szymon.seal_ready
  found ctrl output: \u_rumcajs.g_fixed_key_core.u_szymon.m_valid
  found ctrl output: $flatten\u_rumcajs.\g_fixed_key_core.u_szymon.$eq$.build/eight-ideas/bit_first.v:242$472_Y
  found ctrl output: $flatten\u_rumcajs.\g_fixed_key_core.u_szymon.$gt$.build/eight-ideas/bit_first.v:247$485_Y
  ctrl inputs: { $flatten\u_rumcajs.\g_fixed_key_core.u_szymon.$eq$.build/eight-ideas/bit_first.v:203$466_Y $flatten\u_rumcajs.\g_fixed_key_core.u_szymon.$eq$.build/eight-ideas/bit_first.v:201$465_Y $flatten\u_rumcajs.\g_fixed_key_core.u_szymon.$logic_and$.build/eight-ideas/bit_first.v:193$464_Y $flatten\u_rumcajs.\g_fixed_key_core.u_szymon.$logic_and$.build/eight-ideas/bit_first.v:175$460_Y $flatten\u_rumcajs.\g_fixed_key_core.u_szymon.$eq$.build/eight-ideas/bit_first.v:150$456_Y \u_rumcajs.g_fixed_key_core.u_szymon.output_step \u_rumcajs.g_fixed_key_core.u_szymon.load_step \u_rumcajs.g_fixed_key_core.u_szymon.reconstruct \u_rumcajs.g_fixed_key_core.u_szymon.abort }
  ctrl outputs: { $flatten\u_rumcajs.\g_fixed_key_core.u_szymon.$gt$.build/eight-ideas/bit_first.v:247$485_Y $flatten\u_rumcajs.\g_fixed_key_core.u_szymon.$eq$.build/eight-ideas/bit_first.v:242$472_Y $flatten\u_rumcajs.\g_fixed_key_core.u_szymon.$0\state[2:0] $flatten\u_rumcajs.\g_fixed_key_core.u_szymon.$ne$.build/eight-ideas/bit_first.v:126$430_Y \u_rumcajs.g_fixed_key_core.u_szymon.m_valid \u_rumcajs.g_fixed_key_core.u_szymon.seal_ready \u_rumcajs.g_fixed_key_core.u_szymon.s_ready \u_rumcajs.g_fixed_key_core.u_szymon.cmd_ready }
  transition:      3'000 9'---0----0 ->      3'000 10'0000010001
  transition:      3'000 9'---1----0 ->      3'001 10'0000110001
  transition:      3'000 9'--------1 ->      3'000 10'0000010001
  transition:      3'100 9'-----0--0 ->      3'100 10'0010011000
  transition:      3'100 9'----01--0 ->      3'100 10'0010011000
  transition:      3'100 9'----11--0 ->      3'000 10'0000011000
  transition:      3'100 9'--------1 ->      3'000 10'0000011000
  transition:      3'010 9'--0-----0 ->      3'010 10'0001010100
  transition:      3'010 9'--1-----0 ->      3'011 10'0001110100
  transition:      3'010 9'--------1 ->      3'000 10'0000010100
  transition:      3'001 9'------0-0 ->      3'001 10'0000110010
  transition:      3'001 9'----0-1-0 ->      3'001 10'0000110010
  transition:      3'001 9'----1-1-0 ->      3'010 10'0001010010
  transition:      3'001 9'--------1 ->      3'000 10'0000010010
  transition:      3'011 9'-0-----00 ->      3'011 10'0101100000
  transition:      3'011 9'01-----00 ->      3'011 10'0101100000
  transition:      3'011 9'11-----00 ->      3'100 10'0110000000
  transition:      3'011 9'-------10 ->      3'011 10'0101100000
  transition:      3'011 9'--------1 ->      3'000 10'0100000000
Extracting FSM `\u_rumcajs.u_link.state' from module `\tt_um_rumcajs'.
  found $adff cell for state register: $flatten\u_rumcajs.\u_link.$procdff$1878
  root of input selection tree: $flatten\u_rumcajs.\u_link.$0\state[2:0]
  found reset state: 3'000 (from async reset)
  found ctrl input: \u_rumcajs.g_fixed_key_core.u_szymon.abort
  found ctrl input: $flatten\u_rumcajs.\u_link.$eq$src/serial_link.v:72$200_Y
  found ctrl input: $flatten\u_rumcajs.\u_link.$eq$src/serial_link.v:72$199_Y
  found ctrl input: $flatten\u_rumcajs.\u_link.$eq$src/serial_link.v:75$202_Y
  found ctrl input: \u_rumcajs.rx_active
  found ctrl input: $flatten\u_rumcajs.\u_link.$procmux$1236_CMP
  found ctrl input: $flatten\u_rumcajs.\u_link.$procmux$1237_CMP
  found ctrl input: \u_rumcajs.u_link.cs_rise
  found ctrl input: \u_rumcajs.u_link.sclk_rise
  found ctrl input: $flatten\u_rumcajs.\u_link.$logic_and$src/serial_link.v:219$236_Y
  found ctrl input: \u_rumcajs.u_link.tx_last_sampled
  found state code: 3'101
  found ctrl input: $flatten\u_rumcajs.\u_link.$logic_or$src/serial_link.v:207$233_Y
  found ctrl input: $flatten\u_rumcajs.\u_link.$logic_and$src/serial_link.v:151$218_Y
  found ctrl input: $flatten\u_rumcajs.\u_link.$logic_or$src/serial_link.v:190$228_Y
  found state code: 3'100
  found ctrl input: $flatten\u_rumcajs.\u_link.$ge$src/serial_link.v:170$223_Y
  found ctrl input: $flatten\u_rumcajs.\u_link.$logic_and$src/serial_link.v:174$225_Y
  found state code: 3'010
  found ctrl input: \u_rumcajs.rx_arm
  found ctrl input: \u_rumcajs.tx_arm
  found state code: 3'011
  found state code: 3'001
  found ctrl output: \u_rumcajs.rx_active
  found ctrl output: $flatten\u_rumcajs.\u_link.$eq$src/serial_link.v:72$199_Y
  found ctrl output: $flatten\u_rumcajs.\u_link.$eq$src/serial_link.v:72$200_Y
  found ctrl output: $flatten\u_rumcajs.\u_link.$eq$src/serial_link.v:75$202_Y
  found ctrl output: $flatten\u_rumcajs.\u_link.$procmux$1236_CMP
  found ctrl output: $flatten\u_rumcajs.\u_link.$procmux$1237_CMP
  ctrl inputs: { \u_rumcajs.rx_arm \u_rumcajs.tx_arm \u_rumcajs.g_fixed_key_core.u_szymon.abort $flatten\u_rumcajs.\u_link.$logic_and$src/serial_link.v:219$236_Y $flatten\u_rumcajs.\u_link.$logic_or$src/serial_link.v:207$233_Y $flatten\u_rumcajs.\u_link.$logic_or$src/serial_link.v:190$228_Y $flatten\u_rumcajs.\u_link.$logic_and$src/serial_link.v:174$225_Y $flatten\u_rumcajs.\u_link.$ge$src/serial_link.v:170$223_Y $flatten\u_rumcajs.\u_link.$logic_and$src/serial_link.v:151$218_Y \u_rumcajs.u_link.tx_last_sampled \u_rumcajs.u_link.sclk_rise \u_rumcajs.u_link.cs_rise }
  ctrl outputs: { \u_rumcajs.rx_active $flatten\u_rumcajs.\u_link.$procmux$1237_CMP $flatten\u_rumcajs.\u_link.$procmux$1236_CMP $flatten\u_rumcajs.\u_link.$0\state[2:0] $flatten\u_rumcajs.\u_link.$eq$src/serial_link.v:75$202_Y $flatten\u_rumcajs.\u_link.$eq$src/serial_link.v:72$200_Y $flatten\u_rumcajs.\u_link.$eq$src/serial_link.v:72$199_Y }
  transition:      3'000 12'000--------- ->      3'000 9'010000000
  transition:      3'000 12'-1---------- ->      3'011 9'010011000
  transition:      3'000 12'1----------- ->      3'001 9'010001000
  transition:      3'000 12'--1--------- ->      3'000 9'010000000
  transition:      3'100 12'--00------00 ->      3'100 9'000100001
  transition:      3'100 12'--01-----000 ->      3'100 9'000100001
  transition:      3'100 12'--01-----100 ->      3'101 9'000101001
  transition:      3'100 12'--0-0-----10 ->      3'100 9'000100001
  transition:      3'100 12'--0-1-----10 ->      3'000 9'000000001
  transition:      3'100 12'--0--------1 ->      3'000 9'000000001
  transition:      3'100 12'--1--------- ->      3'000 9'000000001
  transition:      3'010 12'--0-------00 ->      3'010 9'100010000
  transition:      3'010 12'--0---00--10 ->      3'010 9'100010000
  transition:      3'010 12'--0---10--10 ->      3'000 9'100000000
  transition:      3'010 12'--0----1--10 ->      3'000 9'100000000
  transition:      3'010 12'--0--------1 ->      3'000 9'100000000
  transition:      3'010 12'--1--------- ->      3'000 9'100000000
  transition:      3'001 12'--0-----0--- ->      3'001 9'001001000
  transition:      3'001 12'--0-----1--- ->      3'010 9'001010000
  transition:      3'001 12'--1--------- ->      3'000 9'001000000
  transition:      3'101 12'--0-------00 ->      3'101 9'000101010
  transition:      3'101 12'--0-------10 ->      3'000 9'000000010
  transition:      3'101 12'--0--------1 ->      3'000 9'000000010
  transition:      3'101 12'--1--------- ->      3'000 9'000000010
  transition:      3'011 12'--0-----0--- ->      3'011 9'000011100
  transition:      3'011 12'--0--0--1--- ->      3'000 9'000000100
  transition:      3'011 12'--0--1--1--- ->      3'100 9'000100100
  transition:      3'011 12'--1--------- ->      3'000 9'000000100

15.8.3. Executing FSM_OPT pass (simple optimizations of FSMs).
Optimizing FSM `$fsm$\u_rumcajs.u_link.state$2036' from module `\tt_um_rumcajs'.
Optimizing FSM `$fsm$\u_rumcajs.g_fixed_key_core.u_szymon.state$2027' from module `\tt_um_rumcajs'.

15.8.4. Executing OPT_CLEAN pass (remove unused cells and wires).
Finding unused cells or wires in module \tt_um_rumcajs..
Removed 44 unused cells and 44 unused wires.
<suppressed ~45 debug messages>

15.8.5. Executing FSM_OPT pass (simple optimizations of FSMs).
Optimizing FSM `$fsm$\u_rumcajs.g_fixed_key_core.u_szymon.state$2027' from module `\tt_um_rumcajs'.
  Removing unused output signal $flatten\u_rumcajs.\g_fixed_key_core.u_szymon.$0\state[2:0] [0].
  Removing unused output signal $flatten\u_rumcajs.\g_fixed_key_core.u_szymon.$0\state[2:0] [1].
  Removing unused output signal $flatten\u_rumcajs.\g_fixed_key_core.u_szymon.$0\state[2:0] [2].
Optimizing FSM `$fsm$\u_rumcajs.u_link.state$2036' from module `\tt_um_rumcajs'.
  Removing unused output signal $flatten\u_rumcajs.\u_link.$0\state[2:0] [0].
  Removing unused output signal $flatten\u_rumcajs.\u_link.$0\state[2:0] [1].
  Removing unused output signal $flatten\u_rumcajs.\u_link.$0\state[2:0] [2].

15.8.6. Executing FSM_RECODE pass (re-assigning FSM state encoding).
Recoding FSM `$fsm$\u_rumcajs.g_fixed_key_core.u_szymon.state$2027' from module `\tt_um_rumcajs' using `auto' encoding:
  mapping auto encoding to `one-hot` for this FSM.
  000 -> ----1
  100 -> ---1-
  010 -> --1--
  001 -> -1---
  011 -> 1----
Recoding FSM `$fsm$\u_rumcajs.u_link.state$2036' from module `\tt_um_rumcajs' using `auto' encoding:
  mapping auto encoding to `one-hot` for this FSM.
  000 -> -----1
  100 -> ----1-
  010 -> ---1--
  001 -> --1---
  101 -> -1----
  011 -> 1-----

15.8.7. Executing FSM_INFO pass (dumping all available information on FSM cells).

FSM `$fsm$\u_rumcajs.g_fixed_key_core.u_szymon.state$2027' from module `tt_um_rumcajs':
-------------------------------------

  Information on FSM $fsm$\u_rumcajs.g_fixed_key_core.u_szymon.state$2027 (\u_rumcajs.g_fixed_key_core.u_szymon.state):

  Number of input signals:    9
  Number of output signals:   7
  Number of state bits:       5

  Input signals:
    0: \u_rumcajs.g_fixed_key_core.u_szymon.abort
    1: \u_rumcajs.g_fixed_key_core.u_szymon.reconstruct
    2: \u_rumcajs.g_fixed_key_core.u_szymon.load_step
    3: \u_rumcajs.g_fixed_key_core.u_szymon.output_step
    4: $flatten\u_rumcajs.\g_fixed_key_core.u_szymon.$eq$.build/eight-ideas/bit_first.v:150$456_Y
    5: $flatten\u_rumcajs.\g_fixed_key_core.u_szymon.$logic_and$.build/eight-ideas/bit_first.v:175$460_Y
    6: $flatten\u_rumcajs.\g_fixed_key_core.u_szymon.$logic_and$.build/eight-ideas/bit_first.v:193$464_Y
    7: $flatten\u_rumcajs.\g_fixed_key_core.u_szymon.$eq$.build/eight-ideas/bit_first.v:201$465_Y
    8: $flatten\u_rumcajs.\g_fixed_key_core.u_szymon.$eq$.build/eight-ideas/bit_first.v:203$466_Y

  Output signals:
    0: \u_rumcajs.g_fixed_key_core.u_szymon.cmd_ready
    1: \u_rumcajs.g_fixed_key_core.u_szymon.s_ready
    2: \u_rumcajs.g_fixed_key_core.u_szymon.seal_ready
    3: \u_rumcajs.g_fixed_key_core.u_szymon.m_valid
    4: $flatten\u_rumcajs.\g_fixed_key_core.u_szymon.$ne$.build/eight-ideas/bit_first.v:126$430_Y
    5: $flatten\u_rumcajs.\g_fixed_key_core.u_szymon.$eq$.build/eight-ideas/bit_first.v:242$472_Y
    6: $flatten\u_rumcajs.\g_fixed_key_core.u_szymon.$gt$.build/eight-ideas/bit_first.v:247$485_Y

  State encoding:
    0:    5'----1  <RESET STATE>
    1:    5'---1-
    2:    5'--1--
    3:    5'-1---
    4:    5'1----

  Transition Table (state_in, ctrl_in, state_out, ctrl_out):
      0:     0 9'---0----0   ->     0 7'0010001
      1:     0 9'--------1   ->     0 7'0010001
      2:     0 9'---1----0   ->     3 7'0010001
      3:     1 9'----11--0   ->     0 7'0011000
      4:     1 9'--------1   ->     0 7'0011000
      5:     1 9'-----0--0   ->     1 7'0011000
      6:     1 9'----01--0   ->     1 7'0011000
      7:     2 9'--------1   ->     0 7'0010100
      8:     2 9'--0-----0   ->     2 7'0010100
      9:     2 9'--1-----0   ->     4 7'0010100
     10:     3 9'--------1   ->     0 7'0010010
     11:     3 9'----1-1-0   ->     2 7'0010010
     12:     3 9'------0-0   ->     3 7'0010010
     13:     3 9'----0-1-0   ->     3 7'0010010
     14:     4 9'--------1   ->     0 7'0100000
     15:     4 9'11-----00   ->     1 7'0100000
     16:     4 9'-0-----00   ->     4 7'0100000
     17:     4 9'01-----00   ->     4 7'0100000
     18:     4 9'-------10   ->     4 7'0100000

-------------------------------------

FSM `$fsm$\u_rumcajs.u_link.state$2036' from module `tt_um_rumcajs':
-------------------------------------

  Information on FSM $fsm$\u_rumcajs.u_link.state$2036 (\u_rumcajs.u_link.state):

  Number of input signals:   12
  Number of output signals:   6
  Number of state bits:       6

  Input signals:
    0: \u_rumcajs.u_link.cs_rise
    1: \u_rumcajs.u_link.sclk_rise
    2: \u_rumcajs.u_link.tx_last_sampled
    3: $flatten\u_rumcajs.\u_link.$logic_and$src/serial_link.v:151$218_Y
    4: $flatten\u_rumcajs.\u_link.$ge$src/serial_link.v:170$223_Y
    5: $flatten\u_rumcajs.\u_link.$logic_and$src/serial_link.v:174$225_Y
    6: $flatten\u_rumcajs.\u_link.$logic_or$src/serial_link.v:190$228_Y
    7: $flatten\u_rumcajs.\u_link.$logic_or$src/serial_link.v:207$233_Y
    8: $flatten\u_rumcajs.\u_link.$logic_and$src/serial_link.v:219$236_Y
    9: \u_rumcajs.g_fixed_key_core.u_szymon.abort
   10: \u_rumcajs.tx_arm
   11: \u_rumcajs.rx_arm

  Output signals:
    0: $flatten\u_rumcajs.\u_link.$eq$src/serial_link.v:72$199_Y
    1: $flatten\u_rumcajs.\u_link.$eq$src/serial_link.v:72$200_Y
    2: $flatten\u_rumcajs.\u_link.$eq$src/serial_link.v:75$202_Y
    3: $flatten\u_rumcajs.\u_link.$procmux$1236_CMP
    4: $flatten\u_rumcajs.\u_link.$procmux$1237_CMP
    5: \u_rumcajs.rx_active

  State encoding:
    0:   6'-----1  <RESET STATE>
    1:   6'----1-
    2:   6'---1--
    3:   6'--1---
    4:   6'-1----
    5:   6'1-----

  Transition Table (state_in, ctrl_in, state_out, ctrl_out):
      0:     0 12'000---------   ->     0 6'010000
      1:     0 12'--1---------   ->     0 6'010000
      2:     0 12'1-----------   ->     3 6'010000
      3:     0 12'-1----------   ->     5 6'010000
      4:     1 12'--0-1-----10   ->     0 6'000001
      5:     1 12'--0--------1   ->     0 6'000001
      6:     1 12'--1---------   ->     0 6'000001
      7:     1 12'--01-----000   ->     1 6'000001
      8:     1 12'--00------00   ->     1 6'000001
      9:     1 12'--0-0-----10   ->     1 6'000001
     10:     1 12'--01-----100   ->     4 6'000001
     11:     2 12'--0---10--10   ->     0 6'100000
     12:     2 12'--0----1--10   ->     0 6'100000
     13:     2 12'--0--------1   ->     0 6'100000
     14:     2 12'--1---------   ->     0 6'100000
     15:     2 12'--0-------00   ->     2 6'100000
     16:     2 12'--0---00--10   ->     2 6'100000
     17:     3 12'--1---------   ->     0 6'001000
     18:     3 12'--0-----1---   ->     2 6'001000
     19:     3 12'--0-----0---   ->     3 6'001000
     20:     4 12'--0-------10   ->     0 6'000010
     21:     4 12'--0--------1   ->     0 6'000010
     22:     4 12'--1---------   ->     0 6'000010
     23:     4 12'--0-------00   ->     4 6'000010
     24:     5 12'--0--0--1---   ->     0 6'000100
     25:     5 12'--1---------   ->     0 6'000100
     26:     5 12'--0--1--1---   ->     1 6'000100
     27:     5 12'--0-----0---   ->     5 6'000100

-------------------------------------

15.8.8. Executing FSM_MAP pass (mapping FSMs to basic logic).
Mapping FSM `$fsm$\u_rumcajs.g_fixed_key_core.u_szymon.state$2027' from module `\tt_um_rumcajs'.
Mapping FSM `$fsm$\u_rumcajs.u_link.state$2036' from module `\tt_um_rumcajs'.

15.9. Executing OPT pass (performing simple optimizations).

15.9.1. Executing OPT_EXPR pass (perform const folding).
Optimizing module tt_um_rumcajs.
<suppressed ~16 debug messages>

15.9.2. Executing OPT_MERGE pass (detect identical cells).
Finding identical cells in module `\tt_um_rumcajs'.
<suppressed ~6 debug messages>
Removed a total of 2 cells.

15.9.3. Executing OPT_MUXTREE pass (detect dead branches in mux trees).
Running muxtree optimizer on module \tt_um_rumcajs..
  Creating internal representation of mux trees.
  Evaluating internal representation of mux trees.
  Analyzing evaluation results.
Removed 0 multiplexer ports.
<suppressed ~74 debug messages>

15.9.4. Executing OPT_REDUCE pass (consolidate $*mux and $reduce_* inputs).
  Optimizing cells in module \tt_um_rumcajs.
Performed a total of 0 changes.

15.9.5. Executing OPT_MERGE pass (detect identical cells).
Finding identical cells in module `\tt_um_rumcajs'.
Removed a total of 0 cells.

15.9.6. Executing OPT_DFF pass (perform DFF optimizations).
Adding EN signal on $flatten\u_rumcajs.\u_timebase.$procdff$1758 ($adff) from module tt_um_rumcajs (D = $flatten\u_rumcajs.\u_timebase.$procmux$696_Y, Q = \u_rumcajs.u_timebase.ms_count).
Adding EN signal on $flatten\u_rumcajs.\u_regs.$procdff$1853 ($adff) from module tt_um_rumcajs (D = $flatten\u_rumcajs.\u_regs.$add$src/regs.v:116$590_Y, Q = \u_rumcajs.u_regs.fail_count).
Adding EN signal on $flatten\u_rumcajs.\u_regs.$procdff$1848 ($adff) from module tt_um_rumcajs (D = $flatten\u_rumcajs.\u_regs.$0\session_busy[0:0], Q = \u_rumcajs.u_regs.session_busy).
Adding EN signal on $flatten\u_rumcajs.\u_regs.$procdff$1843 ($adff) from module tt_um_rumcajs (D = $flatten\u_rumcajs.\u_regs.$0\digit_count[1:0], Q = \u_rumcajs.u_regs.digit_count).
Adding EN signal on $flatten\u_rumcajs.\u_regs.$procdff$1838 ($adff) from module tt_um_rumcajs (D = $flatten\u_rumcajs.\u_regs.$0\pin_shift[31:0], Q = \u_rumcajs.u_regs.pin_shift).
Adding EN signal on $flatten\u_rumcajs.\u_regs.$procdff$1828 ($adff) from module tt_um_rumcajs (D = $flatten\u_rumcajs.\u_regs.$0\txn_key_sel[0:0], Q = \u_rumcajs.u_regs.txn_key_sel).
Adding EN signal on $flatten\u_rumcajs.\u_link.$procdff$1933 ($adff) from module tt_um_rumcajs (D = $flatten\u_rumcajs.\u_link.$0\tx_last_sampled[0:0], Q = \u_rumcajs.u_link.tx_last_sampled).
Adding EN signal on $flatten\u_rumcajs.\u_link.$procdff$1928 ($adff) from module tt_um_rumcajs (D = $flatten\u_rumcajs.\u_link.$0\tx_sampled_wait_fall[0:0], Q = \u_rumcajs.u_link.tx_sampled_wait_fall).
Adding EN signal on $flatten\u_rumcajs.\u_link.$procdff$1923 ($adff) from module tt_um_rumcajs (D = $flatten\u_rumcajs.\u_link.$0\tx_hold_last[0:0], Q = \u_rumcajs.u_link.tx_hold_last).
Adding EN signal on $flatten\u_rumcajs.\u_link.$procdff$1918 ($adff) from module tt_um_rumcajs (D = $flatten\u_rumcajs.\u_link.$0\tx_hold_bit[0:0], Q = \u_rumcajs.u_link.tx_hold_bit).
Adding EN signal on $flatten\u_rumcajs.\u_link.$procdff$1908 ($adff) from module tt_um_rumcajs (D = $flatten\u_rumcajs.\u_link.$0\rx_bit_hold[0:0], Q = \u_rumcajs.u_link.rx_bit_hold).
Adding EN signal on $flatten\u_rumcajs.\u_link.$procdff$1898 ($adff) from module tt_um_rumcajs (D = $flatten\u_rumcajs.\u_link.$0\bit_count[6:0], Q = \u_rumcajs.u_link.bit_count).
Adding EN signal on $flatten\u_rumcajs.\u_link.$procdff$1893 ($adff) from module tt_um_rumcajs (D = $flatten\u_rumcajs.\u_link.$0\seen_cs_high[0:0], Q = \u_rumcajs.u_link.seen_cs_high).
Adding EN signal on $flatten\u_rumcajs.\u_kb.$procdff$1788 ($adff) from module tt_um_rumcajs (D = $flatten\u_rumcajs.\u_kb.$0\frame_first_id[3:0], Q = \u_rumcajs.u_kb.frame_first_id).
Adding EN signal on $flatten\u_rumcajs.\u_kb.$procdff$1783 ($adff) from module tt_um_rumcajs (D = $flatten\u_rumcajs.\u_kb.$0\frame_hits[1:0], Q = \u_rumcajs.u_kb.frame_hits).
Adding EN signal on $flatten\u_rumcajs.\u_kb.$procdff$1773 ($adff) from module tt_um_rumcajs (D = $flatten\u_rumcajs.\u_kb.$0\row_index[1:0], Q = \u_rumcajs.u_kb.row_index).
Adding EN signal on $flatten\u_rumcajs.\u_kb.$procdff$1768 ($adff) from module tt_um_rumcajs (D = $flatten\u_rumcajs.\u_kb.$0\key_id[3:0], Q = \u_rumcajs.u_kb.key_id).
Adding EN signal on $flatten\u_rumcajs.\u_buzzer.$procdff$1963 ($adff) from module tt_um_rumcajs (D = $flatten\u_rumcajs.\u_buzzer.$0\beep_count[5:0], Q = \u_rumcajs.u_buzzer.beep_count).
Adding EN signal on $flatten\u_rumcajs.\u_auth.$procdff$1943 ($adff) from module tt_um_rumcajs (D = $flatten\u_rumcajs.\u_auth.$0\state[3:0], Q = \u_rumcajs.u_auth.state).
Adding SRST signal on $flatten\u_rumcajs.\g_fixed_key_core.u_szymon.$procdff$1998 ($dff) from module tt_um_rumcajs (D = $flatten\u_rumcajs.\g_fixed_key_core.u_szymon.$xor$.build/eight-ideas/bit_first.v:134$439_Y, Q = \u_rumcajs.g_fixed_key_core.u_szymon.key_accumulator, rval = 1'0).
Adding SRST signal on $flatten\u_rumcajs.\g_fixed_key_core.u_szymon.$procdff$1997 ($dff) from module tt_um_rumcajs (D = $flatten\u_rumcajs.\g_fixed_key_core.u_szymon.$procmux$1719_Y, Q = \u_rumcajs.g_fixed_key_core.u_szymon.key_depth, rval = 3'000).
Adding EN signal on $auto$ff.cc:266:slice$2384 ($sdff) from module tt_um_rumcajs (D = $flatten\u_rumcajs.\g_fixed_key_core.u_szymon.$add$.build/eight-ideas/bit_first.v:133$435_Y, Q = \u_rumcajs.g_fixed_key_core.u_szymon.key_depth).
Adding SRST signal on $flatten\u_rumcajs.\g_fixed_key_core.u_szymon.$procdff$1996 ($dff) from module tt_um_rumcajs (D = $flatten\u_rumcajs.\g_fixed_key_core.u_szymon.$add$.build/eight-ideas/bit_first.v:131$433_Y, Q = \u_rumcajs.g_fixed_key_core.u_szymon.key_phase, rval = 2'00).
Adding EN signal on $flatten\u_rumcajs.\g_fixed_key_core.u_szymon.$procdff$1995 ($adff) from module tt_um_rumcajs (D = $flatten\u_rumcajs.\g_fixed_key_core.u_szymon.$0\key_select[0:0], Q = \u_rumcajs.g_fixed_key_core.u_szymon.key_select).
Adding EN signal on $flatten\u_rumcajs.\g_fixed_key_core.u_szymon.$procdff$1990 ($adff) from module tt_um_rumcajs (D = $flatten\u_rumcajs.\g_fixed_key_core.u_szymon.$0\round_count[5:0], Q = \u_rumcajs.g_fixed_key_core.u_szymon.round_count).
Adding EN signal on $flatten\u_rumcajs.\g_fixed_key_core.u_szymon.$procdff$1985 ($adff) from module tt_um_rumcajs (D = $flatten\u_rumcajs.\g_fixed_key_core.u_szymon.$0\bit_count[5:0], Q = \u_rumcajs.g_fixed_key_core.u_szymon.bit_count).
Adding SRST signal on $flatten\u_rumcajs.\g_fixed_key_core.u_szymon.$procdff$1975 ($dff) from module tt_um_rumcajs (D = $flatten\u_rumcajs.\g_fixed_key_core.u_szymon.$procmux$1604_Y, Q = \u_rumcajs.g_fixed_key_core.u_szymon.b, rval = 0).
Adding EN signal on $auto$ff.cc:266:slice$2422 ($sdff) from module tt_um_rumcajs (D = { \u_rumcajs.g_fixed_key_core.u_szymon.b [30:0] \u_rumcajs.g_fixed_key_core.u_szymon.b_input }, Q = \u_rumcajs.g_fixed_key_core.u_szymon.b).
Adding SRST signal on $flatten\u_rumcajs.\g_fixed_key_core.u_szymon.$procdff$1974 ($dff) from module tt_um_rumcajs (D = $flatten\u_rumcajs.\g_fixed_key_core.u_szymon.$procmux$1609_Y, Q = \u_rumcajs.g_fixed_key_core.u_szymon.a, rval = 0).
Adding EN signal on $auto$ff.cc:266:slice$2424 ($sdff) from module tt_um_rumcajs (D = { \u_rumcajs.g_fixed_key_core.u_szymon.a [30:0] \u_rumcajs.g_fixed_key_core.u_szymon.a_input }, Q = \u_rumcajs.g_fixed_key_core.u_szymon.a).

15.9.7. Executing OPT_CLEAN pass (remove unused cells and wires).
Finding unused cells or wires in module \tt_um_rumcajs..
Removed 11 unused cells and 31 unused wires.
<suppressed ~12 debug messages>

15.9.8. Executing OPT_EXPR pass (perform const folding).
Optimizing module tt_um_rumcajs.
<suppressed ~12 debug messages>

15.9.9. Rerunning OPT passes. (Maybe there is more to do..)

15.9.10. Executing OPT_MUXTREE pass (detect dead branches in mux trees).
Running muxtree optimizer on module \tt_um_rumcajs..
  Creating internal representation of mux trees.
  Evaluating internal representation of mux trees.
  Analyzing evaluation results.
Removed 0 multiplexer ports.
<suppressed ~70 debug messages>

15.9.11. Executing OPT_REDUCE pass (consolidate $*mux and $reduce_* inputs).
  Optimizing cells in module \tt_um_rumcajs.
Performed a total of 0 changes.

15.9.12. Executing OPT_MERGE pass (detect identical cells).
Finding identical cells in module `\tt_um_rumcajs'.
<suppressed ~90 debug messages>
Removed a total of 30 cells.

15.9.13. Executing OPT_DFF pass (perform DFF optimizations).

15.9.14. Executing OPT_CLEAN pass (remove unused cells and wires).
Finding unused cells or wires in module \tt_um_rumcajs..
Removed 0 unused cells and 30 unused wires.
<suppressed ~1 debug messages>

15.9.15. Executing OPT_EXPR pass (perform const folding).
Optimizing module tt_um_rumcajs.

15.9.16. Rerunning OPT passes. (Maybe there is more to do..)

15.9.17. Executing OPT_MUXTREE pass (detect dead branches in mux trees).
Running muxtree optimizer on module \tt_um_rumcajs..
  Creating internal representation of mux trees.
  Evaluating internal representation of mux trees.
  Analyzing evaluation results.
Removed 0 multiplexer ports.
<suppressed ~71 debug messages>

15.9.18. Executing OPT_REDUCE pass (consolidate $*mux and $reduce_* inputs).
  Optimizing cells in module \tt_um_rumcajs.
Performed a total of 0 changes.

15.9.19. Executing OPT_MERGE pass (detect identical cells).
Finding identical cells in module `\tt_um_rumcajs'.
Removed a total of 0 cells.

15.9.20. Executing OPT_DFF pass (perform DFF optimizations).

15.9.21. Executing OPT_CLEAN pass (remove unused cells and wires).
Finding unused cells or wires in module \tt_um_rumcajs..

15.9.22. Executing OPT_EXPR pass (perform const folding).
Optimizing module tt_um_rumcajs.

15.9.23. Finished OPT passes. (There is nothing left to do.)

15.10. Executing WREDUCE pass (reducing word size of cells).
Removed top 28 address bits (of 32) from memory init port tt_um_rumcajs.$flatten\u_rumcajs.\u_regs.$auto$mem.cc:328:emit$681 ($flatten\u_rumcajs.\u_regs.$auto$proc_rom.cc:155:do_switch$679).
Removed top 1 bits (of 4) from port B of cell tt_um_rumcajs.$auto$opt_dff.cc:195:make_patterns_logic$2380 ($ne).
Removed top 2 bits (of 4) from port B of cell tt_um_rumcajs.$auto$fsm_map.cc:77:implement_pattern_cache$2158 ($eq).
Removed top 1 bits (of 3) from port B of cell tt_um_rumcajs.$auto$fsm_map.cc:77:implement_pattern_cache$2162 ($eq).
Removed top 3 bits (of 5) from port B of cell tt_um_rumcajs.$auto$fsm_map.cc:77:implement_pattern_cache$2171 ($eq).
Removed top 2 bits (of 5) from port B of cell tt_um_rumcajs.$auto$opt_dff.cc:195:make_patterns_logic$2214 ($ne).
Removed top 1 bits (of 3) from port B of cell tt_um_rumcajs.$auto$opt_dff.cc:195:make_patterns_logic$2216 ($ne).
Removed top 1 bits (of 4) from port B of cell tt_um_rumcajs.$auto$opt_dff.cc:195:make_patterns_logic$2212 ($ne).
Removed top 1 bits (of 2) from port B of cell tt_um_rumcajs.$auto$fsm_map.cc:77:implement_pattern_cache$2175 ($eq).
Removed top 1 bits (of 5) from port B of cell tt_um_rumcajs.$auto$fsm_map.cc:77:implement_pattern_cache$2189 ($eq).
Removed top 1 bits (of 3) from port B of cell tt_um_rumcajs.$auto$fsm_map.cc:77:implement_pattern_cache$2086 ($eq).
Removed top 1 bits (of 2) from port B of cell tt_um_rumcajs.$auto$fsm_map.cc:77:implement_pattern_cache$2133 ($eq).
Removed top 2 bits (of 3) from port B of cell tt_um_rumcajs.$auto$fsm_map.cc:77:implement_pattern_cache$2139 ($eq).
Removed top 1 bits (of 3) from port B of cell tt_um_rumcajs.$auto$fsm_map.cc:77:implement_pattern_cache$2068 ($eq).
Removed top 1 bits (of 5) from port B of cell tt_um_rumcajs.$auto$fsm_map.cc:77:implement_pattern_cache$2150 ($eq).
Removed top 2 bits (of 4) from port B of cell tt_um_rumcajs.$flatten\u_rumcajs.\u_auth.$ne$src/auth_ctrl.v:75$514 ($ne).
Removed top 1 bits (of 4) from port B of cell tt_um_rumcajs.$flatten\u_rumcajs.\u_auth.$ne$src/auth_ctrl.v:75$516 ($ne).
Removed top 3 bits (of 4) from port B of cell tt_um_rumcajs.$flatten\u_rumcajs.\u_auth.$eq$src/auth_ctrl.v:85$525 ($eq).
Removed top 1 bits (of 4) from port B of cell tt_um_rumcajs.$flatten\u_rumcajs.\u_auth.$eq$src/auth_ctrl.v:89$527 ($eq).
Removed top 2 bits (of 4) from port B of cell tt_um_rumcajs.$flatten\u_rumcajs.\u_auth.$eq$src/auth_ctrl.v:90$528 ($eq).
Removed top 1 bits (of 4) from port B of cell tt_um_rumcajs.$flatten\u_rumcajs.\u_auth.$eq$src/auth_ctrl.v:91$529 ($eq).
Removed top 2 bits (of 4) from port B of cell tt_um_rumcajs.$flatten\u_rumcajs.\u_auth.$eq$src/auth_ctrl.v:95$533 ($eq).
Removed top 1 bits (of 4) from port B of cell tt_um_rumcajs.$flatten\u_rumcajs.\u_auth.$eq$src/auth_ctrl.v:95$534 ($eq).
Removed top 1 bits (of 4) from port B of cell tt_um_rumcajs.$flatten\u_rumcajs.\u_auth.$eq$src/auth_ctrl.v:96$538 ($eq).
Removed top 2 bits (of 3) from port B of cell tt_um_rumcajs.$auto$opt_dff.cc:195:make_patterns_logic$2314 ($ne).
Removed top 1 bits (of 3) from port B of cell tt_um_rumcajs.$auto$fsm_map.cc:77:implement_pattern_cache$2129 ($eq).
Removed top 1 bits (of 7) from port B of cell tt_um_rumcajs.$flatten\u_rumcajs.\u_link.$eq$src/serial_link.v:208$231 ($eq).
Removed top 1 bits (of 4) from port B of cell tt_um_rumcajs.$auto$fsm_map.cc:77:implement_pattern_cache$2125 ($eq).
Removed top 1 bits (of 3) from port B of cell tt_um_rumcajs.$auto$opt_dff.cc:195:make_patterns_logic$2284 ($ne).
Removed top 1 bits (of 5) from port B of cell tt_um_rumcajs.$auto$opt_dff.cc:195:make_patterns_logic$2282 ($ne).
Removed top 1 bits (of 6) from port B of cell tt_um_rumcajs.$auto$opt_dff.cc:195:make_patterns_logic$2280 ($ne).
Removed top 3 bits (of 4) from port B of cell tt_um_rumcajs.$auto$opt_dff.cc:195:make_patterns_logic$2278 ($ne).
Removed top 3 bits (of 4) from port B of cell tt_um_rumcajs.$auto$opt_dff.cc:195:make_patterns_logic$2250 ($ne).
Removed top 4 bits (of 5) from port B of cell tt_um_rumcajs.$auto$opt_dff.cc:195:make_patterns_logic$2265 ($ne).
Removed top 1 bits (of 4) from port B of cell tt_um_rumcajs.$auto$fsm_map.cc:77:implement_pattern_cache$2121 ($eq).
Removed top 1 bits (of 5) from port B of cell tt_um_rumcajs.$auto$fsm_map.cc:77:implement_pattern_cache$2117 ($eq).
Removed top 2 bits (of 3) from port B of cell tt_um_rumcajs.$auto$opt_dff.cc:195:make_patterns_logic$2258 ($ne).
Removed top 3 bits (of 16) from port B of cell tt_um_rumcajs.$flatten\u_rumcajs.\u_regs.$eq$src/regs.v:73$570 ($eq).
Removed top 30 bits (of 32) from port B of cell tt_um_rumcajs.$flatten\u_rumcajs.\u_regs.$ge$src/regs.v:102$572 ($ge).
Removed top 1 bits (of 3) from port B of cell tt_um_rumcajs.$auto$opt_dff.cc:195:make_patterns_logic$2256 ($ne).
Removed top 30 bits (of 32) from port B of cell tt_um_rumcajs.$flatten\u_rumcajs.\u_regs.$lt$src/regs.v:115$589 ($lt).
Removed top 4 bits (of 32) from FF cell tt_um_rumcajs.$auto$ff.cc:266:slice$2228 ($adffe).
Removed top 30 bits (of 32) from port B of cell tt_um_rumcajs.$flatten\u_rumcajs.\u_kb.$ge$src/kb.v:65$607 ($ge).
Removed top 3 bits (of 4) from port A of cell tt_um_rumcajs.$flatten\u_rumcajs.\u_kb.$shl$src/kb.v:94$611 ($shl).
Removed top 2 bits (of 3) from port B of cell tt_um_rumcajs.$auto$opt_dff.cc:195:make_patterns_logic$2303 ($ne).
Removed top 1 bits (of 2) from port B of cell tt_um_rumcajs.$flatten\u_rumcajs.\u_kb.$eq$src/kb.v:171$627 ($eq).
Removed top 30 bits (of 32) from port B of cell tt_um_rumcajs.$flatten\u_rumcajs.\u_kb.$ge$src/kb.v:183$628 ($ge).
Removed top 2 bits (of 3) from port B of cell tt_um_rumcajs.$auto$opt_dff.cc:195:make_patterns_logic$2305 ($ne).
Removed top 2 bits (of 4) from port B of cell tt_um_rumcajs.$auto$opt_dff.cc:195:make_patterns_logic$2307 ($ne).
Removed top 31 bits (of 32) from port A of cell tt_um_rumcajs.$flatten\u_rumcajs.\u_kb.$add$src/kb.v:38$655 ($add).
Removed top 31 bits (of 32) from port B of cell tt_um_rumcajs.$flatten\u_rumcajs.\u_kb.$add$src/kb.v:38$655 ($add).
Removed top 30 bits (of 32) from port Y of cell tt_um_rumcajs.$flatten\u_rumcajs.\u_kb.$add$src/kb.v:38$655 ($add).
Removed top 30 bits (of 32) from port A of cell tt_um_rumcajs.$flatten\u_rumcajs.\u_kb.$add$src/kb.v:38$656 ($add).
Removed top 31 bits (of 32) from port B of cell tt_um_rumcajs.$flatten\u_rumcajs.\u_kb.$add$src/kb.v:38$656 ($add).
Removed top 29 bits (of 32) from port Y of cell tt_um_rumcajs.$flatten\u_rumcajs.\u_kb.$add$src/kb.v:38$656 ($add).
Removed top 29 bits (of 32) from port A of cell tt_um_rumcajs.$flatten\u_rumcajs.\u_kb.$add$src/kb.v:38$657 ($add).
Removed top 31 bits (of 32) from port B of cell tt_um_rumcajs.$flatten\u_rumcajs.\u_kb.$add$src/kb.v:38$657 ($add).
Removed top 28 bits (of 32) from port Y of cell tt_um_rumcajs.$flatten\u_rumcajs.\u_kb.$add$src/kb.v:38$657 ($add).
Removed top 27 bits (of 32) from port A of cell tt_um_rumcajs.$flatten\u_rumcajs.\u_kb.$ge$src/kb.v:40$658 ($ge).
Removed top 29 bits (of 32) from port B of cell tt_um_rumcajs.$flatten\u_rumcajs.\u_kb.$ge$src/kb.v:40$658 ($ge).
Converting cell tt_um_rumcajs.$flatten\u_rumcajs.\u_kb.$ge$src/kb.v:40$658 ($ge) from signed to unsigned.
Removed top 1 bits (of 5) from port A of cell tt_um_rumcajs.$flatten\u_rumcajs.\u_kb.$ge$src/kb.v:40$658 ($ge).
Removed top 1 bits (of 3) from port B of cell tt_um_rumcajs.$flatten\u_rumcajs.\u_kb.$ge$src/kb.v:40$658 ($ge).
Removed top 1 bits (of 5) from port B of cell tt_um_rumcajs.$auto$opt_dff.cc:195:make_patterns_logic$2254 ($ne).
Removed top 3 bits (of 6) from port B of cell tt_um_rumcajs.$auto$opt_dff.cc:195:make_patterns_logic$2252 ($ne).
Removed top 4 bits (of 6) from mux cell tt_um_rumcajs.$flatten\u_rumcajs.\g_fixed_key_core.u_szymon.$ternary$.build/eight-ideas/bit_first.v:92$407 ($mux).
Removed top 4 bits (of 6) from port B of cell tt_um_rumcajs.$flatten\u_rumcajs.\g_fixed_key_core.u_szymon.$sub$.build/eight-ideas/bit_first.v:92$408 ($sub).
Removed top 3 bits (of 6) from port B of cell tt_um_rumcajs.$flatten\u_rumcajs.\g_fixed_key_core.u_szymon.$sub$.build/eight-ideas/bit_first.v:122$423 ($sub).
Removed top 3 bits (of 4) from port B of cell tt_um_rumcajs.$auto$opt_dff.cc:195:make_patterns_logic$2374 ($ne).
Removed top 1 bits (of 6) from port B of cell tt_um_rumcajs.$flatten\u_rumcajs.\g_fixed_key_core.u_szymon.$eq$.build/eight-ideas/bit_first.v:201$465 ($eq).
Removed top 3 bits (of 4) from port B of cell tt_um_rumcajs.$auto$opt_dff.cc:195:make_patterns_logic$2372 ($ne).
Removed top 3 bits (of 4) from port B of cell tt_um_rumcajs.$auto$opt_dff.cc:195:make_patterns_logic$2376 ($ne).
Removed top 3 bits (of 4) from port B of cell tt_um_rumcajs.$auto$opt_dff.cc:195:make_patterns_logic$2370 ($ne).
Removed top 2 bits (of 4) from port B of cell tt_um_rumcajs.$auto$opt_dff.cc:195:make_patterns_logic$2366 ($ne).
Removed top 1 bits (of 2) from port B of cell tt_um_rumcajs.$auto$opt_dff.cc:195:make_patterns_logic$2363 ($ne).
Removed top 3 bits (of 4) from port B of cell tt_um_rumcajs.$auto$opt_dff.cc:195:make_patterns_logic$2368 ($ne).
Removed top 1 bits (of 4) from port B of cell tt_um_rumcajs.$auto$fsm_map.cc:77:implement_pattern_cache$2099 ($eq).
Removed top 2 bits (of 5) from mux cell tt_um_rumcajs.$flatten\u_rumcajs.\g_fixed_key_core.u_szymon.$procmux$1725 ($pmux).
Removed top 1 bits (of 2) from port B of cell tt_um_rumcajs.$flatten\u_rumcajs.\g_fixed_key_core.u_szymon.$procmux$1727_CMP0 ($eq).
Removed top 1 bits (of 6) from port B of cell tt_um_rumcajs.$flatten\u_rumcajs.\g_fixed_key_core.u_szymon.$sub$.build/eight-ideas/bit_first.v:88$402 ($sub).
Removed top 1 bits (of 4) from port B of cell tt_um_rumcajs.$auto$opt_dff.cc:195:make_patterns_logic$2378 ($ne).
Removed top 4 bits (of 32) from mux cell tt_um_rumcajs.$flatten\u_rumcajs.\u_regs.$procmux$1146 ($mux).
Removed top 4 bits (of 32) from mux cell tt_um_rumcajs.$flatten\u_rumcajs.\u_regs.$procmux$1143 ($mux).
Removed top 4 bits (of 32) from mux cell tt_um_rumcajs.$flatten\u_rumcajs.\u_regs.$procmux$1141 ($mux).
Removed top 4 bits (of 32) from mux cell tt_um_rumcajs.$flatten\u_rumcajs.\u_regs.$procmux$1138 ($mux).
Removed top 4 bits (of 32) from mux cell tt_um_rumcajs.$flatten\u_rumcajs.\u_regs.$procmux$1136 ($mux).
Removed top 4 bits (of 28) from FF cell tt_um_rumcajs.$auto$ff.cc:266:slice$2228 ($adffe).
Removed top 4 bits (of 28) from mux cell tt_um_rumcajs.$flatten\u_rumcajs.\u_regs.$procmux$1146 ($mux).
Removed top 4 bits (of 28) from mux cell tt_um_rumcajs.$flatten\u_rumcajs.\u_regs.$procmux$1143 ($mux).
Removed top 4 bits (of 28) from mux cell tt_um_rumcajs.$flatten\u_rumcajs.\u_regs.$procmux$1141 ($mux).
Removed top 4 bits (of 28) from mux cell tt_um_rumcajs.$flatten\u_rumcajs.\u_regs.$procmux$1138 ($mux).
Removed top 4 bits (of 28) from mux cell tt_um_rumcajs.$flatten\u_rumcajs.\u_regs.$procmux$1136 ($mux).
Removed top 4 bits (of 24) from FF cell tt_um_rumcajs.$auto$ff.cc:266:slice$2228 ($adffe).
Removed top 4 bits (of 24) from mux cell tt_um_rumcajs.$flatten\u_rumcajs.\u_regs.$procmux$1146 ($mux).
Removed top 4 bits (of 24) from mux cell tt_um_rumcajs.$flatten\u_rumcajs.\u_regs.$procmux$1143 ($mux).
Removed top 4 bits (of 24) from mux cell tt_um_rumcajs.$flatten\u_rumcajs.\u_regs.$procmux$1141 ($mux).
Removed top 4 bits (of 24) from mux cell tt_um_rumcajs.$flatten\u_rumcajs.\u_regs.$procmux$1138 ($mux).
Removed top 4 bits (of 24) from mux cell tt_um_rumcajs.$flatten\u_rumcajs.\u_regs.$procmux$1136 ($mux).
Removed top 4 bits (of 20) from FF cell tt_um_rumcajs.$auto$ff.cc:266:slice$2228 ($adffe).
Removed top 4 bits (of 20) from mux cell tt_um_rumcajs.$flatten\u_rumcajs.\u_regs.$procmux$1146 ($mux).
Removed top 4 bits (of 20) from mux cell tt_um_rumcajs.$flatten\u_rumcajs.\u_regs.$procmux$1143 ($mux).
Removed top 4 bits (of 20) from mux cell tt_um_rumcajs.$flatten\u_rumcajs.\u_regs.$procmux$1141 ($mux).
Removed top 4 bits (of 20) from mux cell tt_um_rumcajs.$flatten\u_rumcajs.\u_regs.$procmux$1138 ($mux).
Removed top 4 bits (of 20) from mux cell tt_um_rumcajs.$flatten\u_rumcajs.\u_regs.$procmux$1136 ($mux).
Removed top 4 bits (of 16) from FF cell tt_um_rumcajs.$auto$ff.cc:266:slice$2228 ($adffe).
Removed top 4 bits (of 16) from mux cell tt_um_rumcajs.$flatten\u_rumcajs.\u_regs.$procmux$1146 ($mux).
Removed top 4 bits (of 16) from mux cell tt_um_rumcajs.$flatten\u_rumcajs.\u_regs.$procmux$1143 ($mux).
Removed top 4 bits (of 16) from mux cell tt_um_rumcajs.$flatten\u_rumcajs.\u_regs.$procmux$1141 ($mux).
Removed top 4 bits (of 16) from mux cell tt_um_rumcajs.$flatten\u_rumcajs.\u_regs.$procmux$1138 ($mux).
Removed top 4 bits (of 16) from mux cell tt_um_rumcajs.$flatten\u_rumcajs.\u_regs.$procmux$1136 ($mux).
Removed top 4 bits (of 6) from wire tt_um_rumcajs.$flatten\u_rumcajs.\g_fixed_key_core.u_szymon.$ternary$.build/eight-ideas/bit_first.v:92$407_Y.
Removed top 28 bits (of 32) from wire tt_um_rumcajs.$flatten\u_rumcajs.\u_kb.$0\hit_count$func$src/kb.v:63$603.count[31:0]$654.
Removed top 30 bits (of 32) from wire tt_um_rumcajs.$flatten\u_rumcajs.\u_kb.$add$src/kb.v:38$655_Y.
Removed top 29 bits (of 32) from wire tt_um_rumcajs.$flatten\u_rumcajs.\u_kb.$add$src/kb.v:38$656_Y.
Removed top 20 bits (of 32) from wire tt_um_rumcajs.$flatten\u_rumcajs.\u_regs.$0\pin_shift[31:0].
Removed top 1 bits (of 2) from wire tt_um_rumcajs.$flatten\u_rumcajs.\u_regs.$add$src/regs.v:116$590_Y.
Removed top 20 bits (of 32) from wire tt_um_rumcajs.$flatten\u_rumcajs.\u_regs.$procmux$1136_Y.
Removed top 20 bits (of 32) from wire tt_um_rumcajs.$flatten\u_rumcajs.\u_regs.$procmux$1138_Y.
Removed top 20 bits (of 32) from wire tt_um_rumcajs.$flatten\u_rumcajs.\u_regs.$procmux$1141_Y.
Removed top 20 bits (of 32) from wire tt_um_rumcajs.$flatten\u_rumcajs.\u_regs.$procmux$1143_Y.

15.11. Executing PEEPOPT pass (run peephole optimizers).

15.12. Executing OPT_CLEAN pass (remove unused cells and wires).
Finding unused cells or wires in module \tt_um_rumcajs..
Removed 0 unused cells and 10 unused wires.
<suppressed ~1 debug messages>

15.13. Executing ALUMACC pass (create $alu and $macc cells).
Extracting $alu and $macc cells in module tt_um_rumcajs:
  creating $macc model for $flatten\u_rumcajs.\g_fixed_key_core.u_szymon.$add$.build/eight-ideas/bit_first.v:102$413 ($add).
  creating $macc model for $flatten\u_rumcajs.\g_fixed_key_core.u_szymon.$add$.build/eight-ideas/bit_first.v:131$433 ($add).
  creating $macc model for $flatten\u_rumcajs.\g_fixed_key_core.u_szymon.$add$.build/eight-ideas/bit_first.v:133$435 ($add).
  creating $macc model for $flatten\u_rumcajs.\g_fixed_key_core.u_szymon.$add$.build/eight-ideas/bit_first.v:187$463 ($add).
  creating $macc model for $flatten\u_rumcajs.\g_fixed_key_core.u_szymon.$add$.build/eight-ideas/bit_first.v:207$467 ($add).
  creating $macc model for $flatten\u_rumcajs.\g_fixed_key_core.u_szymon.$sub$.build/eight-ideas/bit_first.v:122$423 ($sub).
  creating $macc model for $flatten\u_rumcajs.\g_fixed_key_core.u_szymon.$sub$.build/eight-ideas/bit_first.v:88$402 ($sub).
  creating $macc model for $flatten\u_rumcajs.\g_fixed_key_core.u_szymon.$sub$.build/eight-ideas/bit_first.v:92$408 ($sub).
  creating $macc model for $flatten\u_rumcajs.\u_auth.$add$src/auth_ctrl.v:111$555 ($add).
  creating $macc model for $flatten\u_rumcajs.\u_buzzer.$add$src/buzzer.v:70$501 ($add).
  creating $macc model for $flatten\u_rumcajs.\u_kb.$add$src/kb.v:165$625 ($add).
  creating $macc model for $flatten\u_rumcajs.\u_kb.$add$src/kb.v:241$645 ($add).
  creating $macc model for $flatten\u_rumcajs.\u_kb.$add$src/kb.v:38$655 ($add).
  creating $macc model for $flatten\u_rumcajs.\u_kb.$add$src/kb.v:38$656 ($add).
  creating $macc model for $flatten\u_rumcajs.\u_kb.$add$src/kb.v:38$657 ($add).
  creating $macc model for $flatten\u_rumcajs.\u_kb.$add$src/kb.v:64$606 ($add).
  creating $macc model for $flatten\u_rumcajs.\u_link.$add$src/serial_link.v:181$226 ($add).
  creating $macc model for $flatten\u_rumcajs.\u_regs.$add$src/regs.v:116$590 ($add).
  creating $macc model for $flatten\u_rumcajs.\u_regs.$add$src/regs.v:154$598 ($add).
  creating $macc model for $flatten\u_rumcajs.\u_timebase.$add$src/timebase.v:64$674 ($add).
  creating $macc model for $flatten\u_rumcajs.\u_timebase.$add$src/timebase.v:67$675 ($add).
  merging $macc model for $flatten\u_rumcajs.\u_kb.$add$src/kb.v:38$656 into $flatten\u_rumcajs.\u_kb.$add$src/kb.v:38$657.
  merging $macc model for $flatten\u_rumcajs.\u_kb.$add$src/kb.v:38$655 into $flatten\u_rumcajs.\u_kb.$add$src/kb.v:38$657.
  creating $alu model for $macc $flatten\u_rumcajs.\u_regs.$add$src/regs.v:154$598.
  creating $alu model for $macc $flatten\u_rumcajs.\u_regs.$add$src/regs.v:116$590.
  creating $alu model for $macc $flatten\u_rumcajs.\u_link.$add$src/serial_link.v:181$226.
  creating $alu model for $macc $flatten\u_rumcajs.\u_kb.$add$src/kb.v:64$606.
  creating $alu model for $macc $flatten\u_rumcajs.\u_timebase.$add$src/timebase.v:64$674.
  creating $alu model for $macc $flatten\u_rumcajs.\u_timebase.$add$src/timebase.v:67$675.
  creating $alu model for $macc $flatten\u_rumcajs.\u_kb.$add$src/kb.v:241$645.
  creating $alu model for $macc $flatten\u_rumcajs.\u_kb.$add$src/kb.v:165$625.
  creating $alu model for $macc $flatten\u_rumcajs.\u_buzzer.$add$src/buzzer.v:70$501.
  creating $alu model for $macc $flatten\u_rumcajs.\u_auth.$add$src/auth_ctrl.v:111$555.
  creating $alu model for $macc $flatten\u_rumcajs.\g_fixed_key_core.u_szymon.$sub$.build/eight-ideas/bit_first.v:92$408.
  creating $alu model for $macc $flatten\u_rumcajs.\g_fixed_key_core.u_szymon.$sub$.build/eight-ideas/bit_first.v:88$402.
  creating $alu model for $macc $flatten\u_rumcajs.\g_fixed_key_core.u_szymon.$sub$.build/eight-ideas/bit_first.v:122$423.
  creating $alu model for $macc $flatten\u_rumcajs.\g_fixed_key_core.u_szymon.$add$.build/eight-ideas/bit_first.v:207$467.
  creating $alu model for $macc $flatten\u_rumcajs.\g_fixed_key_core.u_szymon.$add$.build/eight-ideas/bit_first.v:187$463.
  creating $alu model for $macc $flatten\u_rumcajs.\g_fixed_key_core.u_szymon.$add$.build/eight-ideas/bit_first.v:133$435.
  creating $alu model for $macc $flatten\u_rumcajs.\g_fixed_key_core.u_szymon.$add$.build/eight-ideas/bit_first.v:131$433.
  creating $alu model for $macc $flatten\u_rumcajs.\g_fixed_key_core.u_szymon.$add$.build/eight-ideas/bit_first.v:102$413.
  creating $macc cell for $flatten\u_rumcajs.\u_kb.$add$src/kb.v:38$657: $auto$alumacc.cc:365:replace_macc$2436
  creating $alu model for $flatten\u_rumcajs.\g_fixed_key_core.u_szymon.$lt$.build/eight-ideas/bit_first.v:121$421 ($lt): new $alu
  creating $alu model for $flatten\u_rumcajs.\u_kb.$ge$src/kb.v:183$628 ($ge): new $alu
  creating $alu model for $flatten\u_rumcajs.\u_kb.$ge$src/kb.v:40$658 ($ge): new $alu
  creating $alu model for $flatten\u_rumcajs.\u_kb.$ge$src/kb.v:65$607 ($ge): new $alu
  creating $alu model for $flatten\u_rumcajs.\u_link.$ge$src/serial_link.v:170$223 ($ge): new $alu
  creating $alu model for $flatten\u_rumcajs.\u_regs.$ge$src/regs.v:102$572 ($ge): new $alu
  creating $alu model for $flatten\u_rumcajs.\u_regs.$lt$src/regs.v:115$589 ($lt): merged with $flatten\u_rumcajs.\u_regs.$ge$src/regs.v:102$572.
  creating $alu model for $flatten\u_rumcajs.\u_link.$eq$src/serial_link.v:160$219 ($eq): merged with $flatten\u_rumcajs.\u_link.$ge$src/serial_link.v:170$223.
  creating $alu cell for $flatten\u_rumcajs.\u_regs.$ge$src/regs.v:102$572, $flatten\u_rumcajs.\u_regs.$lt$src/regs.v:115$589: $auto$alumacc.cc:495:replace_alu$2443
  creating $alu cell for $flatten\u_rumcajs.\u_link.$ge$src/serial_link.v:170$223, $flatten\u_rumcajs.\u_link.$eq$src/serial_link.v:160$219: $auto$alumacc.cc:495:replace_alu$2456
  creating $alu cell for $flatten\u_rumcajs.\u_kb.$ge$src/kb.v:65$607: $auto$alumacc.cc:495:replace_alu$2469
  creating $alu cell for $flatten\u_rumcajs.\u_kb.$ge$src/kb.v:40$658: $auto$alumacc.cc:495:replace_alu$2482
  creating $alu cell for $flatten\u_rumcajs.\u_kb.$ge$src/kb.v:183$628: $auto$alumacc.cc:495:replace_alu$2495
  creating $alu cell for $flatten\u_rumcajs.\g_fixed_key_core.u_szymon.$lt$.build/eight-ideas/bit_first.v:121$421: $auto$alumacc.cc:495:replace_alu$2508
  creating $alu cell for $flatten\u_rumcajs.\g_fixed_key_core.u_szymon.$add$.build/eight-ideas/bit_first.v:102$413: $auto$alumacc.cc:495:replace_alu$2513
  creating $alu cell for $flatten\u_rumcajs.\g_fixed_key_core.u_szymon.$add$.build/eight-ideas/bit_first.v:131$433: $auto$alumacc.cc:495:replace_alu$2516
  creating $alu cell for $flatten\u_rumcajs.\g_fixed_key_core.u_szymon.$add$.build/eight-ideas/bit_first.v:133$435: $auto$alumacc.cc:495:replace_alu$2519
  creating $alu cell for $flatten\u_rumcajs.\g_fixed_key_core.u_szymon.$add$.build/eight-ideas/bit_first.v:187$463: $auto$alumacc.cc:495:replace_alu$2522
  creating $alu cell for $flatten\u_rumcajs.\g_fixed_key_core.u_szymon.$add$.build/eight-ideas/bit_first.v:207$467: $auto$alumacc.cc:495:replace_alu$2525
  creating $alu cell for $flatten\u_rumcajs.\g_fixed_key_core.u_szymon.$sub$.build/eight-ideas/bit_first.v:122$423: $auto$alumacc.cc:495:replace_alu$2528
  creating $alu cell for $flatten\u_rumcajs.\g_fixed_key_core.u_szymon.$sub$.build/eight-ideas/bit_first.v:88$402: $auto$alumacc.cc:495:replace_alu$2531
  creating $alu cell for $flatten\u_rumcajs.\g_fixed_key_core.u_szymon.$sub$.build/eight-ideas/bit_first.v:92$408: $auto$alumacc.cc:495:replace_alu$2534
  creating $alu cell for $flatten\u_rumcajs.\u_auth.$add$src/auth_ctrl.v:111$555: $auto$alumacc.cc:495:replace_alu$2537
  creating $alu cell for $flatten\u_rumcajs.\u_buzzer.$add$src/buzzer.v:70$501: $auto$alumacc.cc:495:replace_alu$2540
  creating $alu cell for $flatten\u_rumcajs.\u_kb.$add$src/kb.v:165$625: $auto$alumacc.cc:495:replace_alu$2543
  creating $alu cell for $flatten\u_rumcajs.\u_kb.$add$src/kb.v:241$645: $auto$alumacc.cc:495:replace_alu$2546
  creating $alu cell for $flatten\u_rumcajs.\u_timebase.$add$src/timebase.v:67$675: $auto$alumacc.cc:495:replace_alu$2549
  creating $alu cell for $flatten\u_rumcajs.\u_timebase.$add$src/timebase.v:64$674: $auto$alumacc.cc:495:replace_alu$2552
  creating $alu cell for $flatten\u_rumcajs.\u_kb.$add$src/kb.v:64$606: $auto$alumacc.cc:495:replace_alu$2555
  creating $alu cell for $flatten\u_rumcajs.\u_link.$add$src/serial_link.v:181$226: $auto$alumacc.cc:495:replace_alu$2558
  creating $alu cell for $flatten\u_rumcajs.\u_regs.$add$src/regs.v:116$590: $auto$alumacc.cc:495:replace_alu$2561
  creating $alu cell for $flatten\u_rumcajs.\u_regs.$add$src/regs.v:154$598: $auto$alumacc.cc:495:replace_alu$2564
  created 24 $alu and 1 $macc cells.

15.14. Executing SHARE pass (SAT-based resource sharing).

15.15. Executing OPT pass (performing simple optimizations).

15.15.1. Executing OPT_EXPR pass (perform const folding).
Optimizing module tt_um_rumcajs.

15.15.2. Executing OPT_MERGE pass (detect identical cells).
Finding identical cells in module `\tt_um_rumcajs'.
Removed a total of 0 cells.

15.15.3. Executing OPT_MUXTREE pass (detect dead branches in mux trees).
Running muxtree optimizer on module \tt_um_rumcajs..
  Creating internal representation of mux trees.
  Evaluating internal representation of mux trees.
  Analyzing evaluation results.
Removed 0 multiplexer ports.
<suppressed ~71 debug messages>

15.15.4. Executing OPT_REDUCE pass (consolidate $*mux and $reduce_* inputs).
  Optimizing cells in module \tt_um_rumcajs.
Performed a total of 0 changes.

15.15.5. Executing OPT_MERGE pass (detect identical cells).
Finding identical cells in module `\tt_um_rumcajs'.
Removed a total of 0 cells.

15.15.6. Executing OPT_DFF pass (perform DFF optimizations).

15.15.7. Executing OPT_CLEAN pass (remove unused cells and wires).
Finding unused cells or wires in module \tt_um_rumcajs..
Removed 2 unused cells and 10 unused wires.
<suppressed ~3 debug messages>

15.15.8. Executing OPT_EXPR pass (perform const folding).
Optimizing module tt_um_rumcajs.

15.15.9. Rerunning OPT passes. (Maybe there is more to do..)

15.15.10. Executing OPT_MUXTREE pass (detect dead branches in mux trees).
Running muxtree optimizer on module \tt_um_rumcajs..
  Creating internal representation of mux trees.
  Evaluating internal representation of mux trees.
  Analyzing evaluation results.
Removed 0 multiplexer ports.
<suppressed ~71 debug messages>

15.15.11. Executing OPT_REDUCE pass (consolidate $*mux and $reduce_* inputs).
  Optimizing cells in module \tt_um_rumcajs.
Performed a total of 0 changes.

15.15.12. Executing OPT_MERGE pass (detect identical cells).
Finding identical cells in module `\tt_um_rumcajs'.
Removed a total of 0 cells.

15.15.13. Executing OPT_DFF pass (perform DFF optimizations).

15.15.14. Executing OPT_CLEAN pass (remove unused cells and wires).
Finding unused cells or wires in module \tt_um_rumcajs..

15.15.15. Executing OPT_EXPR pass (perform const folding).
Optimizing module tt_um_rumcajs.

15.15.16. Finished OPT passes. (There is nothing left to do.)

15.16. Executing MEMORY pass.

15.16.1. Executing OPT_MEM pass (optimize memories).
Performed a total of 0 transformations.

15.16.2. Executing OPT_MEM_PRIORITY pass (removing unnecessary memory write priority relations).
Performed a total of 0 transformations.

15.16.3. Executing OPT_MEM_FEEDBACK pass (finding memory read-to-write feedback paths).

15.16.4. Executing MEMORY_BMUX2ROM pass (converting muxes to ROMs).

15.16.5. Executing MEMORY_DFF pass (merging $dff cells to $memrd).
Checking read port `$flatten\u_rumcajs.\u_regs.$auto$proc_rom.cc:155:do_switch$679'[0] in module `\tt_um_rumcajs': no output FF found.
Checking read port address `$flatten\u_rumcajs.\u_regs.$auto$proc_rom.cc:155:do_switch$679'[0] in module `\tt_um_rumcajs': address FF has async set and/or reset, not supported.

15.16.6. Executing OPT_CLEAN pass (remove unused cells and wires).
Finding unused cells or wires in module \tt_um_rumcajs..

15.16.7. Executing MEMORY_SHARE pass (consolidating $memrd/$memwr cells).

15.16.8. Executing OPT_MEM_WIDEN pass (optimize memories where all ports are wide).
Performed a total of 0 transformations.

15.16.9. Executing OPT_CLEAN pass (remove unused cells and wires).
Finding unused cells or wires in module \tt_um_rumcajs..

15.16.10. Executing MEMORY_COLLECT pass (generating $mem cells).

15.17. Executing OPT_CLEAN pass (remove unused cells and wires).
Finding unused cells or wires in module \tt_um_rumcajs..

15.18. Executing OPT pass (performing simple optimizations).

15.18.1. Executing OPT_EXPR pass (perform const folding).
Optimizing module tt_um_rumcajs.
<suppressed ~153 debug messages>

15.18.2. Executing OPT_MERGE pass (detect identical cells).
Finding identical cells in module `\tt_um_rumcajs'.
<suppressed ~6 debug messages>
Removed a total of 2 cells.

15.18.3. Executing OPT_DFF pass (perform DFF optimizations).

15.18.4. Executing OPT_CLEAN pass (remove unused cells and wires).
Finding unused cells or wires in module \tt_um_rumcajs..
Removed 3 unused cells and 93 unused wires.
<suppressed ~4 debug messages>

15.18.5. Finished fast OPT passes.

15.19. Executing MEMORY_MAP pass (converting memories to logic and flip-flops).
Mapping memory $flatten\u_rumcajs.\u_regs.$auto$proc_rom.cc:155:do_switch$679 in module \tt_um_rumcajs:
  created 16 $dff cells and 0 static cells of width 6.
  read interface: 0 $dff and 15 $mux cells.
  write interface: 0 write mux blocks.

15.20. Executing OPT pass (performing simple optimizations).

15.20.1. Executing OPT_EXPR pass (perform const folding).
Optimizing module tt_um_rumcajs.
<suppressed ~4 debug messages>

15.20.2. Executing OPT_MERGE pass (detect identical cells).
Finding identical cells in module `\tt_um_rumcajs'.
Removed a total of 0 cells.

15.20.3. Executing OPT_MUXTREE pass (detect dead branches in mux trees).
Running muxtree optimizer on module \tt_um_rumcajs..
  Creating internal representation of mux trees.
  Evaluating internal representation of mux trees.
  Analyzing evaluation results.
Removed 0 multiplexer ports.
<suppressed ~69 debug messages>

15.20.4. Executing OPT_REDUCE pass (consolidate $*mux and $reduce_* inputs).
  Optimizing cells in module \tt_um_rumcajs.
    Consolidated identical input bits for $mux cell $memory$flatten\u_rumcajs.\u_regs.$auto$proc_rom.cc:155:do_switch$679$rdmux[0][3][5]$2633:
      Old ports: A=6'100101, B=6'000000, Y=$memory$flatten\u_rumcajs.\u_regs.$auto$proc_rom.cc:155:do_switch$679$rdmux[0][2][2]$b$2614
      New ports: A=1'1, B=1'0, Y=$memory$flatten\u_rumcajs.\u_regs.$auto$proc_rom.cc:155:do_switch$679$rdmux[0][2][2]$b$2614 [0]
      New connections: $memory$flatten\u_rumcajs.\u_regs.$auto$proc_rom.cc:155:do_switch$679$rdmux[0][2][2]$b$2614 [5:1] = { $memory$flatten\u_rumcajs.\u_regs.$auto$proc_rom.cc:155:do_switch$679$rdmux[0][2][2]$b$2614 [0] 2'00 $memory$flatten\u_rumcajs.\u_regs.$auto$proc_rom.cc:155:do_switch$679$rdmux[0][2][2]$b$2614 [0] 1'0 }
    Consolidated identical input bits for $mux cell $memory$flatten\u_rumcajs.\u_regs.$auto$proc_rom.cc:155:do_switch$679$rdmux[0][3][4]$2630:
      Old ports: A=6'011101, B=6'100001, Y=$memory$flatten\u_rumcajs.\u_regs.$auto$proc_rom.cc:155:do_switch$679$rdmux[0][2][2]$a$2613
      New ports: A=2'01, B=2'10, Y={ $memory$flatten\u_rumcajs.\u_regs.$auto$proc_rom.cc:155:do_switch$679$rdmux[0][2][2]$a$2613 [5] $memory$flatten\u_rumcajs.\u_regs.$auto$proc_rom.cc:155:do_switch$679$rdmux[0][2][2]$a$2613 [2] }
      New connections: { $memory$flatten\u_rumcajs.\u_regs.$auto$proc_rom.cc:155:do_switch$679$rdmux[0][2][2]$a$2613 [4:3] $memory$flatten\u_rumcajs.\u_regs.$auto$proc_rom.cc:155:do_switch$679$rdmux[0][2][2]$a$2613 [1:0] } = { $memory$flatten\u_rumcajs.\u_regs.$auto$proc_rom.cc:155:do_switch$679$rdmux[0][2][2]$a$2613 [2] $memory$flatten\u_rumcajs.\u_regs.$auto$proc_rom.cc:155:do_switch$679$rdmux[0][2][2]$a$2613 [2] 2'01 }
    Consolidated identical input bits for $mux cell $memory$flatten\u_rumcajs.\u_regs.$auto$proc_rom.cc:155:do_switch$679$rdmux[0][3][3]$2627:
      Old ports: A=6'011001, B=6'000000, Y=$memory$flatten\u_rumcajs.\u_regs.$auto$proc_rom.cc:155:do_switch$679$rdmux[0][2][1]$b$2611
      New ports: A=1'1, B=1'0, Y=$memory$flatten\u_rumcajs.\u_regs.$auto$proc_rom.cc:155:do_switch$679$rdmux[0][2][1]$b$2611 [0]
      New connections: $memory$flatten\u_rumcajs.\u_regs.$auto$proc_rom.cc:155:do_switch$679$rdmux[0][2][1]$b$2611 [5:1] = { 1'0 $memory$flatten\u_rumcajs.\u_regs.$auto$proc_rom.cc:155:do_switch$679$rdmux[0][2][1]$b$2611 [0] $memory$flatten\u_rumcajs.\u_regs.$auto$proc_rom.cc:155:do_switch$679$rdmux[0][2][1]$b$2611 [0] 2'00 }
    Consolidated identical input bits for $mux cell $memory$flatten\u_rumcajs.\u_regs.$auto$proc_rom.cc:155:do_switch$679$rdmux[0][3][2]$2624:
      Old ports: A=6'010001, B=6'010101, Y=$memory$flatten\u_rumcajs.\u_regs.$auto$proc_rom.cc:155:do_switch$679$rdmux[0][2][1]$a$2610
      New ports: A=1'0, B=1'1, Y=$memory$flatten\u_rumcajs.\u_regs.$auto$proc_rom.cc:155:do_switch$679$rdmux[0][2][1]$a$2610 [2]
      New connections: { $memory$flatten\u_rumcajs.\u_regs.$auto$proc_rom.cc:155:do_switch$679$rdmux[0][2][1]$a$2610 [5:3] $memory$flatten\u_rumcajs.\u_regs.$auto$proc_rom.cc:155:do_switch$679$rdmux[0][2][1]$a$2610 [1:0] } = 5'01001
    Consolidated identical input bits for $mux cell $memory$flatten\u_rumcajs.\u_regs.$auto$proc_rom.cc:155:do_switch$679$rdmux[0][3][1]$2621:
      Old ports: A=6'001101, B=6'000000, Y=$memory$flatten\u_rumcajs.\u_regs.$auto$proc_rom.cc:155:do_switch$679$rdmux[0][2][0]$b$2608
      New ports: A=1'1, B=1'0, Y=$memory$flatten\u_rumcajs.\u_regs.$auto$proc_rom.cc:155:do_switch$679$rdmux[0][2][0]$b$2608 [0]
      New connections: $memory$flatten\u_rumcajs.\u_regs.$auto$proc_rom.cc:155:do_switch$679$rdmux[0][2][0]$b$2608 [5:1] = { 2'00 $memory$flatten\u_rumcajs.\u_regs.$auto$proc_rom.cc:155:do_switch$679$rdmux[0][2][0]$b$2608 [0] $memory$flatten\u_rumcajs.\u_regs.$auto$proc_rom.cc:155:do_switch$679$rdmux[0][2][0]$b$2608 [0] 1'0 }
    Consolidated identical input bits for $mux cell $memory$flatten\u_rumcajs.\u_regs.$auto$proc_rom.cc:155:do_switch$679$rdmux[0][3][0]$2618:
      Old ports: A=6'000101, B=6'001001, Y=$memory$flatten\u_rumcajs.\u_regs.$auto$proc_rom.cc:155:do_switch$679$rdmux[0][2][0]$a$2607
      New ports: A=2'01, B=2'10, Y=$memory$flatten\u_rumcajs.\u_regs.$auto$proc_rom.cc:155:do_switch$679$rdmux[0][2][0]$a$2607 [3:2]
      New connections: { $memory$flatten\u_rumcajs.\u_regs.$auto$proc_rom.cc:155:do_switch$679$rdmux[0][2][0]$a$2607 [5:4] $memory$flatten\u_rumcajs.\u_regs.$auto$proc_rom.cc:155:do_switch$679$rdmux[0][2][0]$a$2607 [1:0] } = 4'0001
    New ctrl vector for $pmux cell $flatten\u_rumcajs.\g_fixed_key_core.u_szymon.$procmux$1620: \u_rumcajs.g_fixed_key_core.u_szymon.state [0]
    New ctrl vector for $pmux cell $flatten\u_rumcajs.\g_fixed_key_core.u_szymon.$procmux$1637: \u_rumcajs.g_fixed_key_core.u_szymon.state [4]
    New ctrl vector for $pmux cell $flatten\u_rumcajs.\g_fixed_key_core.u_szymon.$procmux$1661: { \u_rumcajs.g_fixed_key_core.u_szymon.state [4] $auto$opt_reduce.cc:137:opt_pmux$2643 }
    Consolidated identical input bits for $mux cell $flatten\u_rumcajs.\g_fixed_key_core.u_szymon.$ternary$.build/eight-ideas/bit_first.v:103$412:
      Old ports: A=5'00000, B={ 2'00 \u_rumcajs.g_fixed_key_core.u_szymon.bit_offset [2:0] }, Y=$flatten\u_rumcajs.\g_fixed_key_core.u_szymon.$ternary$.build/eight-ideas/bit_first.v:103$412_Y
      New ports: A=3'000, B=\u_rumcajs.g_fixed_key_core.u_szymon.bit_offset [2:0], Y=$flatten\u_rumcajs.\g_fixed_key_core.u_szymon.$ternary$.build/eight-ideas/bit_first.v:103$412_Y [2:0]
      New connections: $flatten\u_rumcajs.\g_fixed_key_core.u_szymon.$ternary$.build/eight-ideas/bit_first.v:103$412_Y [4:3] = 2'00
    Consolidated identical input bits for $mux cell $flatten\u_rumcajs.\g_fixed_key_core.u_szymon.$ternary$.build/eight-ideas/bit_first.v:92$407:
      Old ports: A=2'01, B=2'11, Y=$auto$wreduce.cc:514:run$2426 [1:0]
      New ports: A=1'0, B=1'1, Y=$auto$wreduce.cc:514:run$2426 [1]
      New connections: $auto$wreduce.cc:514:run$2426 [0] = 1'1
    New ctrl vector for $pmux cell $flatten\u_rumcajs.\u_auth.$procmux$1526: { $flatten\u_rumcajs.\u_auth.$eq$src/auth_ctrl.v:84$522_Y \u_rumcajs.g_fixed_key_core.u_szymon.cmd_valid \u_rumcajs.rx_arm $flatten\u_rumcajs.\u_auth.$eq$src/auth_ctrl.v:95$533_Y $flatten\u_rumcajs.\u_auth.$eq$src/auth_ctrl.v:95$534_Y \u_rumcajs.g_fixed_key_core.u_szymon.seal_valid $flatten\u_rumcajs.\u_auth.$eq$src/auth_ctrl.v:96$538_Y \u_rumcajs.tx_arm $flatten\u_rumcajs.\u_auth.$eq$src/auth_ctrl.v:97$542_Y \u_rumcajs.g_fixed_key_core.u_szymon.abort }
    Consolidated identical input bits for $mux cell $flatten\u_rumcajs.\u_kb.$procmux$701:
      Old ports: A=2'00, B=2'11, Y=$flatten\u_rumcajs.\u_kb.$4\first_column$func$src/kb.v:66$604.$result[1:0]$667
      New ports: A=1'0, B=1'1, Y=$flatten\u_rumcajs.\u_kb.$4\first_column$func$src/kb.v:66$604.$result[1:0]$667 [0]
      New connections: $flatten\u_rumcajs.\u_kb.$4\first_column$func$src/kb.v:66$604.$result[1:0]$667 [1] = $flatten\u_rumcajs.\u_kb.$4\first_column$func$src/kb.v:66$604.$result[1:0]$667 [0]
    New ctrl vector for $pmux cell $flatten\u_rumcajs.\u_link.$procmux$1273: \u_rumcajs.u_link.state [1]
    New ctrl vector for $pmux cell $flatten\u_rumcajs.\u_link.$procmux$1397: \u_rumcajs.u_link.state [2:1]
    Consolidated identical input bits for $mux cell $memory$flatten\u_rumcajs.\u_regs.$auto$proc_rom.cc:155:do_switch$679$rdmux[0][3][6]$2636:
      Old ports: A=6'000010, B=6'000001, Y=$memory$flatten\u_rumcajs.\u_regs.$auto$proc_rom.cc:155:do_switch$679$rdmux[0][2][3]$a$2616
      New ports: A=2'10, B=2'01, Y=$memory$flatten\u_rumcajs.\u_regs.$auto$proc_rom.cc:155:do_switch$679$rdmux[0][2][3]$a$2616 [1:0]
      New connections: $memory$flatten\u_rumcajs.\u_regs.$auto$proc_rom.cc:155:do_switch$679$rdmux[0][2][3]$a$2616 [5:2] = 4'0000
  Optimizing cells in module \tt_um_rumcajs.
    Consolidated identical input bits for $mux cell $memory$flatten\u_rumcajs.\u_regs.$auto$proc_rom.cc:155:do_switch$679$rdmux[0][2][3]$2615:
      Old ports: A=$memory$flatten\u_rumcajs.\u_regs.$auto$proc_rom.cc:155:do_switch$679$rdmux[0][2][3]$a$2616, B=6'000000, Y=$memory$flatten\u_rumcajs.\u_regs.$auto$proc_rom.cc:155:do_switch$679$rdmux[0][1][1]$b$2605
      New ports: A=$memory$flatten\u_rumcajs.\u_regs.$auto$proc_rom.cc:155:do_switch$679$rdmux[0][2][3]$a$2616 [1:0], B=2'00, Y=$memory$flatten\u_rumcajs.\u_regs.$auto$proc_rom.cc:155:do_switch$679$rdmux[0][1][1]$b$2605 [1:0]
      New connections: $memory$flatten\u_rumcajs.\u_regs.$auto$proc_rom.cc:155:do_switch$679$rdmux[0][1][1]$b$2605 [5:2] = 4'0000
    Consolidated identical input bits for $mux cell $memory$flatten\u_rumcajs.\u_regs.$auto$proc_rom.cc:155:do_switch$679$rdmux[0][2][2]$2612:
      Old ports: A=$memory$flatten\u_rumcajs.\u_regs.$auto$proc_rom.cc:155:do_switch$679$rdmux[0][2][2]$a$2613, B=$memory$flatten\u_rumcajs.\u_regs.$auto$proc_rom.cc:155:do_switch$679$rdmux[0][2][2]$b$2614, Y=$memory$flatten\u_rumcajs.\u_regs.$auto$proc_rom.cc:155:do_switch$679$rdmux[0][1][1]$a$2604
      New ports: A={ $memory$flatten\u_rumcajs.\u_regs.$auto$proc_rom.cc:155:do_switch$679$rdmux[0][2][2]$a$2613 [5] $memory$flatten\u_rumcajs.\u_regs.$auto$proc_rom.cc:155:do_switch$679$rdmux[0][2][2]$a$2613 [2] $memory$flatten\u_rumcajs.\u_regs.$auto$proc_rom.cc:155:do_switch$679$rdmux[0][2][2]$a$2613 [2] 1'1 }, B={ $memory$flatten\u_rumcajs.\u_regs.$auto$proc_rom.cc:155:do_switch$679$rdmux[0][2][2]$b$2614 [0] 1'0 $memory$flatten\u_rumcajs.\u_regs.$auto$proc_rom.cc:155:do_switch$679$rdmux[0][2][2]$b$2614 [0] $memory$flatten\u_rumcajs.\u_regs.$auto$proc_rom.cc:155:do_switch$679$rdmux[0][2][2]$b$2614 [0] }, Y={ $memory$flatten\u_rumcajs.\u_regs.$auto$proc_rom.cc:155:do_switch$679$rdmux[0][1][1]$a$2604 [5] $memory$flatten\u_rumcajs.\u_regs.$auto$proc_rom.cc:155:do_switch$679$rdmux[0][1][1]$a$2604 [3:2] $memory$flatten\u_rumcajs.\u_regs.$auto$proc_rom.cc:155:do_switch$679$rdmux[0][1][1]$a$2604 [0] }
      New connections: { $memory$flatten\u_rumcajs.\u_regs.$auto$proc_rom.cc:155:do_switch$679$rdmux[0][1][1]$a$2604 [4] $memory$flatten\u_rumcajs.\u_regs.$auto$proc_rom.cc:155:do_switch$679$rdmux[0][1][1]$a$2604 [1] } = { $memory$flatten\u_rumcajs.\u_regs.$auto$proc_rom.cc:155:do_switch$679$rdmux[0][1][1]$a$2604 [3] 1'0 }
    Consolidated identical input bits for $mux cell $memory$flatten\u_rumcajs.\u_regs.$auto$proc_rom.cc:155:do_switch$679$rdmux[0][2][1]$2609:
      Old ports: A=$memory$flatten\u_rumcajs.\u_regs.$auto$proc_rom.cc:155:do_switch$679$rdmux[0][2][1]$a$2610, B=$memory$flatten\u_rumcajs.\u_regs.$auto$proc_rom.cc:155:do_switch$679$rdmux[0][2][1]$b$2611, Y=$memory$flatten\u_rumcajs.\u_regs.$auto$proc_rom.cc:155:do_switch$679$rdmux[0][1][0]$b$2602
      New ports: A={ 1'0 $memory$flatten\u_rumcajs.\u_regs.$auto$proc_rom.cc:155:do_switch$679$rdmux[0][2][1]$a$2610 [2] 1'1 }, B={ $memory$flatten\u_rumcajs.\u_regs.$auto$proc_rom.cc:155:do_switch$679$rdmux[0][2][1]$b$2611 [0] 1'0 $memory$flatten\u_rumcajs.\u_regs.$auto$proc_rom.cc:155:do_switch$679$rdmux[0][2][1]$b$2611 [0] }, Y={ $memory$flatten\u_rumcajs.\u_regs.$auto$proc_rom.cc:155:do_switch$679$rdmux[0][1][0]$b$2602 [3:2] $memory$flatten\u_rumcajs.\u_regs.$auto$proc_rom.cc:155:do_switch$679$rdmux[0][1][0]$b$2602 [0] }
      New connections: { $memory$flatten\u_rumcajs.\u_regs.$auto$proc_rom.cc:155:do_switch$679$rdmux[0][1][0]$b$2602 [5:4] $memory$flatten\u_rumcajs.\u_regs.$auto$proc_rom.cc:155:do_switch$679$rdmux[0][1][0]$b$2602 [1] } = { 1'0 $memory$flatten\u_rumcajs.\u_regs.$auto$proc_rom.cc:155:do_switch$679$rdmux[0][1][0]$b$2602 [0] 1'0 }
    Consolidated identical input bits for $mux cell $memory$flatten\u_rumcajs.\u_regs.$auto$proc_rom.cc:155:do_switch$679$rdmux[0][2][0]$2606:
      Old ports: A=$memory$flatten\u_rumcajs.\u_regs.$auto$proc_rom.cc:155:do_switch$679$rdmux[0][2][0]$a$2607, B=$memory$flatten\u_rumcajs.\u_regs.$auto$proc_rom.cc:155:do_switch$679$rdmux[0][2][0]$b$2608, Y=$memory$flatten\u_rumcajs.\u_regs.$auto$proc_rom.cc:155:do_switch$679$rdmux[0][1][0]$a$2601
      New ports: A={ $memory$flatten\u_rumcajs.\u_regs.$auto$proc_rom.cc:155:do_switch$679$rdmux[0][2][0]$a$2607 [3:2] 1'1 }, B={ $memory$flatten\u_rumcajs.\u_regs.$auto$proc_rom.cc:155:do_switch$679$rdmux[0][2][0]$b$2608 [0] $memory$flatten\u_rumcajs.\u_regs.$auto$proc_rom.cc:155:do_switch$679$rdmux[0][2][0]$b$2608 [0] $memory$flatten\u_rumcajs.\u_regs.$auto$proc_rom.cc:155:do_switch$679$rdmux[0][2][0]$b$2608 [0] }, Y={ $memory$flatten\u_rumcajs.\u_regs.$auto$proc_rom.cc:155:do_switch$679$rdmux[0][1][0]$a$2601 [3:2] $memory$flatten\u_rumcajs.\u_regs.$auto$proc_rom.cc:155:do_switch$679$rdmux[0][1][0]$a$2601 [0] }
      New connections: { $memory$flatten\u_rumcajs.\u_regs.$auto$proc_rom.cc:155:do_switch$679$rdmux[0][1][0]$a$2601 [5:4] $memory$flatten\u_rumcajs.\u_regs.$auto$proc_rom.cc:155:do_switch$679$rdmux[0][1][0]$a$2601 [1] } = 3'000
  Optimizing cells in module \tt_um_rumcajs.
    Consolidated identical input bits for $mux cell $memory$flatten\u_rumcajs.\u_regs.$auto$proc_rom.cc:155:do_switch$679$rdmux[0][1][1]$2603:
      Old ports: A=$memory$flatten\u_rumcajs.\u_regs.$auto$proc_rom.cc:155:do_switch$679$rdmux[0][1][1]$a$2604, B=$memory$flatten\u_rumcajs.\u_regs.$auto$proc_rom.cc:155:do_switch$679$rdmux[0][1][1]$b$2605, Y=$memory$flatten\u_rumcajs.\u_regs.$auto$proc_rom.cc:155:do_switch$679$rdmux[0][0][0]$b$2599
      New ports: A={ $memory$flatten\u_rumcajs.\u_regs.$auto$proc_rom.cc:155:do_switch$679$rdmux[0][1][1]$a$2604 [5] $memory$flatten\u_rumcajs.\u_regs.$auto$proc_rom.cc:155:do_switch$679$rdmux[0][1][1]$a$2604 [3:2] 1'0 $memory$flatten\u_rumcajs.\u_regs.$auto$proc_rom.cc:155:do_switch$679$rdmux[0][1][1]$a$2604 [0] }, B={ 3'000 $memory$flatten\u_rumcajs.\u_regs.$auto$proc_rom.cc:155:do_switch$679$rdmux[0][1][1]$b$2605 [1:0] }, Y={ $memory$flatten\u_rumcajs.\u_regs.$auto$proc_rom.cc:155:do_switch$679$rdmux[0][0][0]$b$2599 [5] $memory$flatten\u_rumcajs.\u_regs.$auto$proc_rom.cc:155:do_switch$679$rdmux[0][0][0]$b$2599 [3:0] }
      New connections: $memory$flatten\u_rumcajs.\u_regs.$auto$proc_rom.cc:155:do_switch$679$rdmux[0][0][0]$b$2599 [4] = $memory$flatten\u_rumcajs.\u_regs.$auto$proc_rom.cc:155:do_switch$679$rdmux[0][0][0]$b$2599 [3]
    Consolidated identical input bits for $mux cell $memory$flatten\u_rumcajs.\u_regs.$auto$proc_rom.cc:155:do_switch$679$rdmux[0][1][0]$2600:
      Old ports: A=$memory$flatten\u_rumcajs.\u_regs.$auto$proc_rom.cc:155:do_switch$679$rdmux[0][1][0]$a$2601, B=$memory$flatten\u_rumcajs.\u_regs.$auto$proc_rom.cc:155:do_switch$679$rdmux[0][1][0]$b$2602, Y=$memory$flatten\u_rumcajs.\u_regs.$auto$proc_rom.cc:155:do_switch$679$rdmux[0][0][0]$a$2598
      New ports: A={ 1'0 $memory$flatten\u_rumcajs.\u_regs.$auto$proc_rom.cc:155:do_switch$679$rdmux[0][1][0]$a$2601 [3:2] $memory$flatten\u_rumcajs.\u_regs.$auto$proc_rom.cc:155:do_switch$679$rdmux[0][1][0]$a$2601 [0] }, B={ $memory$flatten\u_rumcajs.\u_regs.$auto$proc_rom.cc:155:do_switch$679$rdmux[0][1][0]$b$2602 [0] $memory$flatten\u_rumcajs.\u_regs.$auto$proc_rom.cc:155:do_switch$679$rdmux[0][1][0]$b$2602 [3:2] $memory$flatten\u_rumcajs.\u_regs.$auto$proc_rom.cc:155:do_switch$679$rdmux[0][1][0]$b$2602 [0] }, Y={ $memory$flatten\u_rumcajs.\u_regs.$auto$proc_rom.cc:155:do_switch$679$rdmux[0][0][0]$a$2598 [4:2] $memory$flatten\u_rumcajs.\u_regs.$auto$proc_rom.cc:155:do_switch$679$rdmux[0][0][0]$a$2598 [0] }
      New connections: { $memory$flatten\u_rumcajs.\u_regs.$auto$proc_rom.cc:155:do_switch$679$rdmux[0][0][0]$a$2598 [5] $memory$flatten\u_rumcajs.\u_regs.$auto$proc_rom.cc:155:do_switch$679$rdmux[0][0][0]$a$2598 [1] } = 2'00
  Optimizing cells in module \tt_um_rumcajs.
Performed a total of 22 changes.

15.20.5. Executing OPT_MERGE pass (detect identical cells).
Finding identical cells in module `\tt_um_rumcajs'.
<suppressed ~9 debug messages>
Removed a total of 3 cells.

15.20.6. Executing OPT_SHARE pass.

15.20.7. Executing OPT_DFF pass (perform DFF optimizations).

15.20.8. Executing OPT_CLEAN pass (remove unused cells and wires).
Finding unused cells or wires in module \tt_um_rumcajs..
Removed 0 unused cells and 20 unused wires.
<suppressed ~1 debug messages>

15.20.9. Executing OPT_EXPR pass (perform const folding).
Optimizing module tt_um_rumcajs.
<suppressed ~6 debug messages>

15.20.10. Rerunning OPT passes. (Maybe there is more to do..)

15.20.11. Executing OPT_MUXTREE pass (detect dead branches in mux trees).
Running muxtree optimizer on module \tt_um_rumcajs..
  Creating internal representation of mux trees.
  Evaluating internal representation of mux trees.
  Analyzing evaluation results.
Removed 0 multiplexer ports.
<suppressed ~69 debug messages>

15.20.12. Executing OPT_REDUCE pass (consolidate $*mux and $reduce_* inputs).
  Optimizing cells in module \tt_um_rumcajs.
Performed a total of 0 changes.

15.20.13. Executing OPT_MERGE pass (detect identical cells).
Finding identical cells in module `\tt_um_rumcajs'.
Removed a total of 0 cells.

15.20.14. Executing OPT_SHARE pass.

15.20.15. Executing OPT_DFF pass (perform DFF optimizations).

15.20.16. Executing OPT_CLEAN pass (remove unused cells and wires).
Finding unused cells or wires in module \tt_um_rumcajs..
Removed 0 unused cells and 4 unused wires.
<suppressed ~1 debug messages>

15.20.17. Executing OPT_EXPR pass (perform const folding).
Optimizing module tt_um_rumcajs.

15.20.18. Rerunning OPT passes. (Maybe there is more to do..)

15.20.19. Executing OPT_MUXTREE pass (detect dead branches in mux trees).
Running muxtree optimizer on module \tt_um_rumcajs..
  Creating internal representation of mux trees.
  Evaluating internal representation of mux trees.
  Analyzing evaluation results.
Removed 0 multiplexer ports.
<suppressed ~69 debug messages>

15.20.20. Executing OPT_REDUCE pass (consolidate $*mux and $reduce_* inputs).
  Optimizing cells in module \tt_um_rumcajs.
Performed a total of 0 changes.

15.20.21. Executing OPT_MERGE pass (detect identical cells).
Finding identical cells in module `\tt_um_rumcajs'.
Removed a total of 0 cells.

15.20.22. Executing OPT_SHARE pass.

15.20.23. Executing OPT_DFF pass (perform DFF optimizations).

15.20.24. Executing OPT_CLEAN pass (remove unused cells and wires).
Finding unused cells or wires in module \tt_um_rumcajs..

15.20.25. Executing OPT_EXPR pass (perform const folding).
Optimizing module tt_um_rumcajs.

15.20.26. Finished OPT passes. (There is nothing left to do.)

15.21. Executing TECHMAP pass (map to technology primitives).

15.21.1. Executing Verilog-2005 frontend: /mnt/c/Users/user/Desktop/HACKATHON/.tools/root/usr/bin/../share/yosys/techmap.v
Parsing Verilog input from `/mnt/c/Users/user/Desktop/HACKATHON/.tools/root/usr/bin/../share/yosys/techmap.v' to AST representation.
Generating RTLIL representation for module `\_90_simplemap_bool_ops'.
Generating RTLIL representation for module `\_90_simplemap_reduce_ops'.
Generating RTLIL representation for module `\_90_simplemap_logic_ops'.
Generating RTLIL representation for module `\_90_simplemap_compare_ops'.
Generating RTLIL representation for module `\_90_simplemap_various'.
Generating RTLIL representation for module `\_90_simplemap_registers'.
Generating RTLIL representation for module `\_90_shift_ops_shr_shl_sshl_sshr'.
Generating RTLIL representation for module `\_90_shift_shiftx'.
Generating RTLIL representation for module `\_90_fa'.
Generating RTLIL representation for module `\_90_lcu_brent_kung'.
Generating RTLIL representation for module `\_90_alu'.
Generating RTLIL representation for module `\_90_macc'.
Generating RTLIL representation for module `\_90_alumacc'.
Generating RTLIL representation for module `\$__div_mod_u'.
Generating RTLIL representation for module `\$__div_mod_trunc'.
Generating RTLIL representation for module `\_90_div'.
Generating RTLIL representation for module `\_90_mod'.
Generating RTLIL representation for module `\$__div_mod_floor'.
Generating RTLIL representation for module `\_90_divfloor'.
Generating RTLIL representation for module `\_90_modfloor'.
Generating RTLIL representation for module `\_90_pow'.
Generating RTLIL representation for module `\_90_pmux'.
Generating RTLIL representation for module `\_90_demux'.
Generating RTLIL representation for module `\_90_lut'.
Successfully finished Verilog frontend.

15.21.2. Continuing TECHMAP pass.
Using extmapper simplemap for cells of type $ne.
Using extmapper simplemap for cells of type $and.
Using extmapper simplemap for cells of type $logic_not.
Using extmapper simplemap for cells of type $eq.
Using extmapper simplemap for cells of type $reduce_or.
Using extmapper simplemap for cells of type $mux.
Using extmapper simplemap for cells of type $not.
Using extmapper simplemap for cells of type $adffe.
Using extmapper simplemap for cells of type $reduce_bool.
Using extmapper simplemap for cells of type $reduce_and.
Using extmapper simplemap for cells of type $or.
Using template $paramod$7e708ae28ab761f11d0fb59d3ffc72f6a4baf5d9\_90_alu for cells of type $alu.
Using extmapper maccmap for cells of type $macc_v2.
  add \u_rumcajs.u_kb.sample_hits [0] (1 bits, unsigned)
  add \u_rumcajs.u_kb.sample_hits [3] (1 bits, unsigned)
  add \u_rumcajs.u_kb.sample_hits [2] (1 bits, unsigned)
  add \u_rumcajs.u_kb.sample_hits [1] (1 bits, unsigned)
  packed 1 (1) bits / 1 words into adder tree
Using extmapper simplemap for cells of type $adff.
Using template $paramod$672a140277c71df8314410f22acc08d55222c3c7\_90_alu for cells of type $alu.
Using extmapper simplemap for cells of type $logic_and.
Using extmapper simplemap for cells of type $logic_or.
Using template $paramod$32efbfac1c4dc57230cf86180788fdfd12e3b511\_90_alu for cells of type $alu.
Using template $paramod$274c8d34472ef950383656115be6e1c8ace5024c\_90_pmux for cells of type $pmux.
Using extmapper simplemap for cells of type $sdff.
Using template $paramod$649fc39eef2451024566705288528c8671211199\_90_alu for cells of type $alu.
Using template $paramod$ba698a254f9a5947e85cbe7beae6b161eefc5386\_90_alu for cells of type $alu.
Using template $paramod$175e67c02b86e96b1288b9dc100122520d7240d8\_90_alu for cells of type $alu.
Using template $paramod$2407ada40cc3dda6c6015be2b49b748cddb5a800\_90_pmux for cells of type $pmux.
Using template $paramod$c5c783b17ab1d780abfad8cfe6563a0a7b47a3b0\_90_pmux for cells of type $pmux.
Using template $paramod$103b4016182df467cceab67bcf3e18e6361ec0fd\_90_alu for cells of type $alu.
Using template $paramod$b756e651b7db7aeb455331d9a2df073db93fcc2e\_90_pmux for cells of type $pmux.
Using template $paramod$fc972a7a46956c1788f3cb5257b53c8f1df2d0cc\_90_alu for cells of type $alu.
Using template $paramod$b8c0a997bce700f23568a5ada79cc6781d1f5ca0\_90_alu for cells of type $alu.
Using template $paramod$constmap:66d421c313e4e958be776b99540ac2de3b59fdbc$paramod$77562a466236eb4a6d905351a0995599b75075cb\_90_shift_ops_shr_shl_sshl_sshr for cells of type $shl.
Using template $paramod$740b056ede97228d3eae64ea2fdc81f0a33e0fe7\_90_alu for cells of type $alu.
Using template $paramod$c3cd1564c35d873179656addd6052d7ea8b6d991\_90_alu for cells of type $alu.
Using template $paramod$215440792383f7884e57d9c95f84e9552d0bf4ac\_90_alu for cells of type $alu.
Using template $paramod$b18e16801adf491a64caa0542270798e5d4ac6b6\_90_alu for cells of type $alu.
Using template $paramod$constmap:cb484aee4b66a1fd435cce1f68aed2ab4617eb41$paramod$9b1b0a3d3ba9221194433f342942b65378af0883\_90_shift_shiftx for cells of type $shiftx.
Analyzing pattern of constant bits for this cell:
  Constant input on bit 0 of port A: 1'0
  Constant input on bit 1 of port A: 1'0
  Constant input on bit 2 of port A: 1'0
  Constant input on bit 3 of port A: 1'0
  Constant input on bit 4 of port A: 1'x
  Constant input on bit 5 of port A: 1'1
  Constant input on bit 6 of port A: 1'x
  Constant input on bit 7 of port A: 1'0
  Constant input on bit 8 of port A: 1'x
  Constant input on bit 9 of port A: 1'0
  Constant input on bit 10 of port A: 1'x
  Constant input on bit 11 of port A: 1'1
  Constant input on bit 12 of port A: 1'x
  Constant input on bit 13 of port A: 1'1
  Constant input on bit 14 of port A: 1'x
  Constant input on bit 15 of port A: 1'1
  Constant input on bit 16 of port A: 1'x
  Constant input on bit 17 of port A: 1'0
  Constant input on bit 18 of port A: 1'x
  Constant input on bit 19 of port A: 1'0
  Constant input on bit 20 of port A: 1'x
  Constant input on bit 21 of port A: 1'1
  Constant input on bit 22 of port A: 1'x
  Constant input on bit 23 of port A: 1'0
  Constant input on bit 24 of port A: 1'x
  Constant input on bit 25 of port A: 1'1
  Constant input on bit 26 of port A: 1'x
  Constant input on bit 27 of port A: 1'1
  Constant input on bit 28 of port A: 1'x
  Constant input on bit 29 of port A: 1'1
  Constant input on bit 30 of port A: 1'x
  Constant input on bit 31 of port A: 1'0
  Constant input on bit 32 of port A: 1'0
  Constant input on bit 33 of port A: 1'1
  Constant input on bit 34 of port A: 1'1
  Constant input on bit 35 of port A: 1'1
  Constant input on bit 36 of port A: 1'x
  Constant input on bit 37 of port A: 1'1
  Constant input on bit 38 of port A: 1'x
  Constant input on bit 39 of port A: 1'0
  Constant input on bit 40 of port A: 1'x
  Constant input on bit 41 of port A: 1'0
  Constant input on bit 42 of port A: 1'x
  Constant input on bit 43 of port A: 1'0
  Constant input on bit 44 of port A: 1'x
  Constant input on bit 45 of port A: 1'x
  Constant input on bit 46 of port A: 1'x
  Constant input on bit 47 of port A: 1'x
  Constant input on bit 48 of port A: 1'x
  Constant input on bit 49 of port A: 1'x
  Constant input on bit 50 of port A: 1'x
  Constant input on bit 51 of port A: 1'x
  Constant input on bit 52 of port A: 1'x
  Constant input on bit 53 of port A: 1'x
  Constant input on bit 54 of port A: 1'x
  Constant input on bit 55 of port A: 1'x
  Constant input on bit 56 of port A: 1'x
  Constant input on bit 57 of port A: 1'x
  Constant input on bit 58 of port A: 1'x
  Constant input on bit 59 of port A: 1'x
  Constant input on bit 60 of port A: 1'x
  Constant input on bit 61 of port A: 1'x
  Constant input on bit 62 of port A: 1'x
  Constant input on bit 63 of port A: 1'x
  Constant input on bit 64 of port A: 1'0
  Constant input on bit 65 of port A: 1'0
  Constant input on bit 66 of port A: 1'0
  Constant input on bit 67 of port A: 1'0
  Constant input on bit 68 of port A: 1'x
  Constant input on bit 69 of port A: 1'0
  Constant input on bit 70 of port A: 1'x
  Constant input on bit 71 of port A: 1'1
  Constant input on bit 72 of port A: 1'x
  Constant input on bit 73 of port A: 1'0
  Constant input on bit 74 of port A: 1'x
  Constant input on bit 75 of port A: 1'1
  Constant input on bit 76 of port A: 1'x
  Constant input on bit 77 of port A: 1'0
  Constant input on bit 78 of port A: 1'x
  Constant input on bit 79 of port A: 1'1
  Constant input on bit 80 of port A: 1'x
  Constant input on bit 81 of port A: 1'0
  Constant input on bit 82 of port A: 1'x
  Constant input on bit 83 of port A: 1'0
  Constant input on bit 84 of port A: 1'x
  Constant input on bit 85 of port A: 1'0
  Constant input on bit 86 of port A: 1'x
  Constant input on bit 87 of port A: 1'0
  Constant input on bit 88 of port A: 1'x
  Constant input on bit 89 of port A: 1'0
  Constant input on bit 90 of port A: 1'x
  Constant input on bit 91 of port A: 1'0
  Constant input on bit 92 of port A: 1'x
  Constant input on bit 93 of port A: 1'1
  Constant input on bit 94 of port A: 1'x
  Constant input on bit 95 of port A: 1'1
  Constant input on bit 96 of port A: 1'0
  Constant input on bit 97 of port A: 1'1
  Constant input on bit 98 of port A: 1'1
  Constant input on bit 99 of port A: 1'0
  Constant input on bit 100 of port A: 1'x
  Constant input on bit 101 of port A: 1'0
  Constant input on bit 102 of port A: 1'x
  Constant input on bit 103 of port A: 1'1
  Constant input on bit 104 of port A: 1'x
  Constant input on bit 105 of port A: 1'0
  Constant input on bit 106 of port A: 1'x
  Constant input on bit 107 of port A: 1'1
  Constant input on bit 108 of port A: 1'x
  Constant input on bit 109 of port A: 1'x
  Constant input on bit 110 of port A: 1'x
  Constant input on bit 111 of port A: 1'x
  Constant input on bit 112 of port A: 1'x
  Constant input on bit 113 of port A: 1'x
  Constant input on bit 114 of port A: 1'x
  Constant input on bit 115 of port A: 1'x
  Constant input on bit 116 of port A: 1'x
  Constant input on bit 117 of port A: 1'x
  Constant input on bit 118 of port A: 1'x
  Constant input on bit 119 of port A: 1'x
  Constant input on bit 120 of port A: 1'x
  Constant input on bit 121 of port A: 1'x
  Constant input on bit 122 of port A: 1'x
  Constant input on bit 123 of port A: 1'x
  Constant input on bit 124 of port A: 1'x
  Constant input on bit 125 of port A: 1'x
  Constant input on bit 126 of port A: 1'x
  Constant input on bit 127 of port A: 1'x
  Constant input on bit 128 of port A: 1'0
  Constant input on bit 129 of port A: 1'0
  Constant input on bit 130 of port A: 1'0
  Constant input on bit 131 of port A: 1'0
  Constant input on bit 132 of port A: 1'x
  Constant input on bit 133 of port A: 1'0
  Constant input on bit 134 of port A: 1'x
  Constant input on bit 135 of port A: 1'0
  Constant input on bit 136 of port A: 1'x
  Constant input on bit 137 of port A: 1'0
  Constant input on bit 138 of port A: 1'x
  Constant input on bit 139 of port A: 1'0
  Constant input on bit 140 of port A: 1'x
  Constant input on bit 141 of port A: 1'0
  Constant input on bit 142 of port A: 1'x
  Constant input on bit 143 of port A: 1'0
  Constant input on bit 144 of port A: 1'x
  Constant input on bit 145 of port A: 1'0
  Constant input on bit 146 of port A: 1'x
  Constant input on bit 147 of port A: 1'0
  Constant input on bit 148 of port A: 1'x
  Constant input on bit 149 of port A: 1'1
  Constant input on bit 150 of port A: 1'x
  Constant input on bit 151 of port A: 1'0
  Constant input on bit 152 of port A: 1'x
  Constant input on bit 153 of port A: 1'0
  Constant input on bit 154 of port A: 1'x
  Constant input on bit 155 of port A: 1'1
  Constant input on bit 156 of port A: 1'x
  Constant input on bit 157 of port A: 1'0
  Constant input on bit 158 of port A: 1'x
  Constant input on bit 159 of port A: 1'1
  Constant input on bit 160 of port A: 1'0
  Constant input on bit 161 of port A: 1'1
  Constant input on bit 162 of port A: 1'1
  Constant input on bit 163 of port A: 1'0
  Constant input on bit 164 of port A: 1'x
  Constant input on bit 165 of port A: 1'0
  Constant input on bit 166 of port A: 1'x
  Constant input on bit 167 of port A: 1'0
  Constant input on bit 168 of port A: 1'x
  Constant input on bit 169 of port A: 1'1
  Constant input on bit 170 of port A: 1'x
  Constant input on bit 171 of port A: 1'1
  Constant input on bit 172 of port A: 1'x
  Constant input on bit 173 of port A: 1'x
  Constant input on bit 174 of port A: 1'x
  Constant input on bit 175 of port A: 1'x
  Constant input on bit 176 of port A: 1'x
  Constant input on bit 177 of port A: 1'x
  Constant input on bit 178 of port A: 1'x
  Constant input on bit 179 of port A: 1'x
  Constant input on bit 180 of port A: 1'x
  Constant input on bit 181 of port A: 1'x
  Constant input on bit 182 of port A: 1'x
  Constant input on bit 183 of port A: 1'x
  Constant input on bit 184 of port A: 1'x
  Constant input on bit 185 of port A: 1'x
  Constant input on bit 186 of port A: 1'x
  Constant input on bit 187 of port A: 1'x
  Constant input on bit 188 of port A: 1'x
  Constant input on bit 189 of port A: 1'x
  Constant input on bit 190 of port A: 1'x
  Constant input on bit 191 of port A: 1'x
  Constant input on bit 192 of port A: 1'0
  Constant input on bit 193 of port A: 1'1
  Constant input on bit 194 of port A: 1'0
  Constant input on bit 195 of port A: 1'1
  Constant input on bit 196 of port A: 1'x
  Constant input on bit 197 of port A: 1'1
  Constant input on bit 198 of port A: 1'x
  Constant input on bit 199 of port A: 1'0
  Constant input on bit 200 of port A: 1'x
  Constant input on bit 201 of port A: 1'1
  Constant input on bit 202 of port A: 1'x
  Constant input on bit 203 of port A: 1'0
  Constant input on bit 204 of port A: 1'x
  Constant input on bit 205 of port A: 1'0
  Constant input on bit 206 of port A: 1'x
  Constant input on bit 207 of port A: 1'0
  Constant input on bit 208 of port A: 1'x
  Constant input on bit 209 of port A: 1'1
  Constant input on bit 210 of port A: 1'x
  Constant input on bit 211 of port A: 1'1
  Constant input on bit 212 of port A: 1'x
  Constant input on bit 213 of port A: 1'1
  Constant input on bit 214 of port A: 1'x
  Constant input on bit 215 of port A: 1'1
  Constant input on bit 216 of port A: 1'x
  Constant input on bit 217 of port A: 1'0
  Constant input on bit 218 of port A: 1'x
  Constant input on bit 219 of port A: 1'1
  Constant input on bit 220 of port A: 1'x
  Constant input on bit 221 of port A: 1'0
  Constant input on bit 222 of port A: 1'x
  Constant input on bit 223 of port A: 1'0
  Constant input on bit 224 of port A: 1'0
  Constant input on bit 225 of port A: 1'1
  Constant input on bit 226 of port A: 1'1
  Constant input on bit 227 of port A: 1'0
  Constant input on bit 228 of port A: 1'x
  Constant input on bit 229 of port A: 1'1
  Constant input on bit 230 of port A: 1'x
  Constant input on bit 231 of port A: 1'0
  Constant input on bit 232 of port A: 1'x
  Constant input on bit 233 of port A: 1'1
  Constant input on bit 234 of port A: 1'x
  Constant input on bit 235 of port A: 1'0
  Constant input on bit 236 of port A: 1'x
  Constant input on bit 237 of port A: 1'x
  Constant input on bit 238 of port A: 1'x
  Constant input on bit 239 of port A: 1'x
  Constant input on bit 240 of port A: 1'x
  Constant input on bit 241 of port A: 1'x
  Constant input on bit 242 of port A: 1'x
  Constant input on bit 243 of port A: 1'x
  Constant input on bit 244 of port A: 1'x
  Constant input on bit 245 of port A: 1'x
  Constant input on bit 246 of port A: 1'x
  Constant input on bit 247 of port A: 1'x
  Constant input on bit 248 of port A: 1'x
  Constant input on bit 249 of port A: 1'x
  Constant input on bit 250 of port A: 1'x
  Constant input on bit 251 of port A: 1'x
  Constant input on bit 252 of port A: 1'x
  Constant input on bit 253 of port A: 1'x
  Constant input on bit 254 of port A: 1'x
  Constant input on bit 255 of port A: 1'x
  Constant input on bit 256 of port A: 1'0
  Constant input on bit 257 of port A: 1'0
  Constant input on bit 258 of port A: 1'1
  Constant input on bit 259 of port A: 1'1
  Constant input on bit 260 of port A: 1'x
  Constant input on bit 261 of port A: 1'0
  Constant input on bit 262 of port A: 1'x
  Constant input on bit 263 of port A: 1'0
  Constant input on bit 264 of port A: 1'x
  Constant input on bit 265 of port A: 1'1
  Constant input on bit 266 of port A: 1'x
  Constant input on bit 267 of port A: 1'0
  Constant input on bit 268 of port A: 1'x
  Constant input on bit 269 of port A: 1'1
  Constant input on bit 270 of port A: 1'x
  Constant input on bit 271 of port A: 1'0
  Constant input on bit 272 of port A: 1'x
  Constant input on bit 273 of port A: 1'1
  Constant input on bit 274 of port A: 1'x
  Constant input on bit 275 of port A: 1'1
  Constant input on bit 276 of port A: 1'x
  Constant input on bit 277 of port A: 1'1
  Constant input on bit 278 of port A: 1'x
  Constant input on bit 279 of port A: 1'0
  Constant input on bit 280 of port A: 1'x
  Constant input on bit 281 of port A: 1'1
  Constant input on bit 282 of port A: 1'x
  Constant input on bit 283 of port A: 1'0
  Constant input on bit 284 of port A: 1'x
  Constant input on bit 285 of port A: 1'1
  Constant input on bit 286 of port A: 1'x
  Constant input on bit 287 of port A: 1'1
  Constant input on bit 288 of port A: 1'1
  Constant input on bit 289 of port A: 1'1
  Constant input on bit 290 of port A: 1'0
  Constant input on bit 291 of port A: 1'0
  Constant input on bit 292 of port A: 1'x
  Constant input on bit 293 of port A: 1'1
  Constant input on bit 294 of port A: 1'x
  Constant input on bit 295 of port A: 1'0
  Constant input on bit 296 of port A: 1'x
  Constant input on bit 297 of port A: 1'1
  Constant input on bit 298 of port A: 1'x
  Constant input on bit 299 of port A: 1'1
  Constant input on bit 300 of port A: 1'x
  Constant input on bit 301 of port A: 1'x
  Constant input on bit 302 of port A: 1'x
  Constant input on bit 303 of port A: 1'x
  Constant input on bit 304 of port A: 1'x
  Constant input on bit 305 of port A: 1'x
  Constant input on bit 306 of port A: 1'x
  Constant input on bit 307 of port A: 1'x
  Constant input on bit 308 of port A: 1'x
  Constant input on bit 309 of port A: 1'x
  Constant input on bit 310 of port A: 1'x
  Constant input on bit 311 of port A: 1'x
  Constant input on bit 312 of port A: 1'x
  Constant input on bit 313 of port A: 1'x
  Constant input on bit 314 of port A: 1'x
  Constant input on bit 315 of port A: 1'x
  Constant input on bit 316 of port A: 1'x
  Constant input on bit 317 of port A: 1'x
  Constant input on bit 318 of port A: 1'x
  Constant input on bit 319 of port A: 1'x
  Constant input on bit 320 of port A: 1'0
  Constant input on bit 321 of port A: 1'0
  Constant input on bit 322 of port A: 1'0
  Constant input on bit 323 of port A: 1'0
  Constant input on bit 324 of port A: 1'x
  Constant input on bit 325 of port A: 1'0
  Constant input on bit 326 of port A: 1'x
  Constant input on bit 327 of port A: 1'0
  Constant input on bit 328 of port A: 1'x
  Constant input on bit 329 of port A: 1'0
  Constant input on bit 330 of port A: 1'x
  Constant input on bit 331 of port A: 1'1
  Constant input on bit 332 of port A: 1'x
  Constant input on bit 333 of port A: 1'0
  Constant input on bit 334 of port A: 1'x
  Constant input on bit 335 of port A: 1'1
  Constant input on bit 336 of port A: 1'x
  Constant input on bit 337 of port A: 1'0
  Constant input on bit 338 of port A: 1'x
  Constant input on bit 339 of port A: 1'1
  Constant input on bit 340 of port A: 1'x
  Constant input on bit 341 of port A: 1'0
  Constant input on bit 342 of port A: 1'x
  Constant input on bit 343 of port A: 1'1
  Constant input on bit 344 of port A: 1'x
  Constant input on bit 345 of port A: 1'1
  Constant input on bit 346 of port A: 1'x
  Constant input on bit 347 of port A: 1'0
  Constant input on bit 348 of port A: 1'x
  Constant input on bit 349 of port A: 1'0
  Constant input on bit 350 of port A: 1'x
  Constant input on bit 351 of port A: 1'1
  Constant input on bit 352 of port A: 1'1
  Constant input on bit 353 of port A: 1'1
  Constant input on bit 354 of port A: 1'1
  Constant input on bit 355 of port A: 1'0
  Constant input on bit 356 of port A: 1'x
  Constant input on bit 357 of port A: 1'1
  Constant input on bit 358 of port A: 1'x
  Constant input on bit 359 of port A: 1'1
  Constant input on bit 360 of port A: 1'x
  Constant input on bit 361 of port A: 1'0
  Constant input on bit 362 of port A: 1'x
  Constant input on bit 363 of port A: 1'0
  Constant input on bit 364 of port A: 1'x
  Constant input on bit 365 of port A: 1'x
  Constant input on bit 366 of port A: 1'x
  Constant input on bit 367 of port A: 1'x
  Constant input on bit 368 of port A: 1'x
  Constant input on bit 369 of port A: 1'x
  Constant input on bit 370 of port A: 1'x
  Constant input on bit 371 of port A: 1'x
  Constant input on bit 372 of port A: 1'x
  Constant input on bit 373 of port A: 1'x
  Constant input on bit 374 of port A: 1'x
  Constant input on bit 375 of port A: 1'x
  Constant input on bit 376 of port A: 1'x
  Constant input on bit 377 of port A: 1'x
  Constant input on bit 378 of port A: 1'x
  Constant input on bit 379 of port A: 1'x
  Constant input on bit 380 of port A: 1'x
  Constant input on bit 381 of port A: 1'x
  Constant input on bit 382 of port A: 1'x
  Constant input on bit 383 of port A: 1'x
  Constant input on bit 384 of port A: 1'0
  Constant input on bit 385 of port A: 1'0
  Constant input on bit 386 of port A: 1'0
  Constant input on bit 387 of port A: 1'0
  Constant input on bit 388 of port A: 1'x
  Constant input on bit 389 of port A: 1'1
  Constant input on bit 390 of port A: 1'x
  Constant input on bit 391 of port A: 1'1
  Constant input on bit 392 of port A: 1'x
  Constant input on bit 393 of port A: 1'0
  Constant input on bit 394 of port A: 1'x
  Constant input on bit 395 of port A: 1'1
  Constant input on bit 396 of port A: 1'x
  Constant input on bit 397 of port A: 1'0
  Constant input on bit 398 of port A: 1'x
  Constant input on bit 399 of port A: 1'1
  Constant input on bit 400 of port A: 1'x
  Constant input on bit 401 of port A: 1'1
  Constant input on bit 402 of port A: 1'x
  Constant input on bit 403 of port A: 1'0
  Constant input on bit 404 of port A: 1'x
  Constant input on bit 405 of port A: 1'1
  Constant input on bit 406 of port A: 1'x
  Constant input on bit 407 of port A: 1'0
  Constant input on bit 408 of port A: 1'x
  Constant input on bit 409 of port A: 1'1
  Constant input on bit 410 of port A: 1'x
  Constant input on bit 411 of port A: 1'0
  Constant input on bit 412 of port A: 1'x
  Constant input on bit 413 of port A: 1'0
  Constant input on bit 414 of port A: 1'x
  Constant input on bit 415 of port A: 1'0
  Constant input on bit 416 of port A: 1'1
  Constant input on bit 417 of port A: 1'1
  Constant input on bit 418 of port A: 1'1
  Constant input on bit 419 of port A: 1'1
  Constant input on bit 420 of port A: 1'x
  Constant input on bit 421 of port A: 1'0
  Constant input on bit 422 of port A: 1'x
  Constant input on bit 423 of port A: 1'1
  Constant input on bit 424 of port A: 1'x
  Constant input on bit 425 of port A: 1'0
  Constant input on bit 426 of port A: 1'x
  Constant input on bit 427 of port A: 1'0
  Constant input on bit 428 of port A: 1'x
  Constant input on bit 429 of port A: 1'x
  Constant input on bit 430 of port A: 1'x
  Constant input on bit 431 of port A: 1'x
  Constant input on bit 432 of port A: 1'x
  Constant input on bit 433 of port A: 1'x
  Constant input on bit 434 of port A: 1'x
  Constant input on bit 435 of port A: 1'x
  Constant input on bit 436 of port A: 1'x
  Constant input on bit 437 of port A: 1'x
  Constant input on bit 438 of port A: 1'x
  Constant input on bit 439 of port A: 1'x
  Constant input on bit 440 of port A: 1'x
  Constant input on bit 441 of port A: 1'x
  Constant input on bit 442 of port A: 1'x
  Constant input on bit 443 of port A: 1'x
  Constant input on bit 444 of port A: 1'x
  Constant input on bit 445 of port A: 1'x
  Constant input on bit 446 of port A: 1'x
  Constant input on bit 447 of port A: 1'x
  Constant input on bit 448 of port A: 1'0
  Constant input on bit 449 of port A: 1'0
  Constant input on bit 450 of port A: 1'0
  Constant input on bit 451 of port A: 1'0
  Constant input on bit 452 of port A: 1'x
  Constant input on bit 453 of port A: 1'0
  Constant input on bit 454 of port A: 1'x
  Constant input on bit 455 of port A: 1'0
  Constant input on bit 456 of port A: 1'x
  Constant input on bit 457 of port A: 1'0
  Constant input on bit 458 of port A: 1'x
  Constant input on bit 459 of port A: 1'0
  Constant input on bit 460 of port A: 1'x
  Constant input on bit 461 of port A: 1'0
  Constant input on bit 462 of port A: 1'x
  Constant input on bit 463 of port A: 1'0
  Constant input on bit 464 of port A: 1'x
  Constant input on bit 465 of port A: 1'0
  Constant input on bit 466 of port A: 1'x
  Constant input on bit 467 of port A: 1'1
  Constant input on bit 468 of port A: 1'x
  Constant input on bit 469 of port A: 1'1
  Constant input on bit 470 of port A: 1'x
  Constant input on bit 471 of port A: 1'1
  Constant input on bit 472 of port A: 1'x
  Constant input on bit 473 of port A: 1'1
  Constant input on bit 474 of port A: 1'x
  Constant input on bit 475 of port A: 1'0
  Constant input on bit 476 of port A: 1'x
  Constant input on bit 477 of port A: 1'0
  Constant input on bit 478 of port A: 1'x
  Constant input on bit 479 of port A: 1'0
  Constant input on bit 480 of port A: 1'0
  Constant input on bit 481 of port A: 1'1
  Constant input on bit 482 of port A: 1'1
  Constant input on bit 483 of port A: 1'1
  Constant input on bit 484 of port A: 1'x
  Constant input on bit 485 of port A: 1'1
  Constant input on bit 486 of port A: 1'x
  Constant input on bit 487 of port A: 1'1
  Constant input on bit 488 of port A: 1'x
  Constant input on bit 489 of port A: 1'0
  Constant input on bit 490 of port A: 1'x
  Constant input on bit 491 of port A: 1'1
  Constant input on bit 492 of port A: 1'x
  Constant input on bit 493 of port A: 1'x
  Constant input on bit 494 of port A: 1'x
  Constant input on bit 495 of port A: 1'x
  Constant input on bit 496 of port A: 1'x
  Constant input on bit 497 of port A: 1'x
  Constant input on bit 498 of port A: 1'x
  Constant input on bit 499 of port A: 1'x
  Constant input on bit 500 of port A: 1'x
  Constant input on bit 501 of port A: 1'x
  Constant input on bit 502 of port A: 1'x
  Constant input on bit 503 of port A: 1'x
  Constant input on bit 504 of port A: 1'x
  Constant input on bit 505 of port A: 1'x
  Constant input on bit 506 of port A: 1'x
  Constant input on bit 507 of port A: 1'x
  Constant input on bit 508 of port A: 1'x
  Constant input on bit 509 of port A: 1'x
  Constant input on bit 510 of port A: 1'x
  Constant input on bit 511 of port A: 1'x
  Constant input on bit 512 of port A: 1'1
  Constant input on bit 513 of port A: 1'1
  Constant input on bit 514 of port A: 1'1
  Constant input on bit 515 of port A: 1'1
  Constant input on bit 516 of port A: 1'x
  Constant input on bit 517 of port A: 1'0
  Constant input on bit 518 of port A: 1'x
  Constant input on bit 519 of port A: 1'0
  Constant input on bit 520 of port A: 1'x
  Constant input on bit 521 of port A: 1'1
  Constant input on bit 522 of port A: 1'x
  Constant input on bit 523 of port A: 1'0
  Constant input on bit 524 of port A: 1'x
  Constant input on bit 525 of port A: 1'1
  Constant input on bit 526 of port A: 1'x
  Constant input on bit 527 of port A: 1'0
  Constant input on bit 528 of port A: 1'x
  Constant input on bit 529 of port A: 1'0
  Constant input on bit 530 of port A: 1'x
  Constant input on bit 531 of port A: 1'1
  Constant input on bit 532 of port A: 1'x
  Constant input on bit 533 of port A: 1'0
  Constant input on bit 534 of port A: 1'x
  Constant input on bit 535 of port A: 1'0
  Constant input on bit 536 of port A: 1'x
  Constant input on bit 537 of port A: 1'1
  Constant input on bit 538 of port A: 1'x
  Constant input on bit 539 of port A: 1'0
  Constant input on bit 540 of port A: 1'x
  Constant input on bit 541 of port A: 1'1
  Constant input on bit 542 of port A: 1'x
  Constant input on bit 543 of port A: 1'0
  Constant input on bit 544 of port A: 1'1
  Constant input on bit 545 of port A: 1'0
  Constant input on bit 546 of port A: 1'1
  Constant input on bit 547 of port A: 1'1
  Constant input on bit 548 of port A: 1'x
  Constant input on bit 549 of port A: 1'0
  Constant input on bit 550 of port A: 1'x
  Constant input on bit 551 of port A: 1'0
  Constant input on bit 552 of port A: 1'x
  Constant input on bit 553 of port A: 1'1
  Constant input on bit 554 of port A: 1'x
  Constant input on bit 555 of port A: 1'0
  Constant input on bit 556 of port A: 1'x
  Constant input on bit 557 of port A: 1'x
  Constant input on bit 558 of port A: 1'x
  Constant input on bit 559 of port A: 1'x
  Constant input on bit 560 of port A: 1'x
  Constant input on bit 561 of port A: 1'x
  Constant input on bit 562 of port A: 1'x
  Constant input on bit 563 of port A: 1'x
  Constant input on bit 564 of port A: 1'x
  Constant input on bit 565 of port A: 1'x
  Constant input on bit 566 of port A: 1'x
  Constant input on bit 567 of port A: 1'x
  Constant input on bit 568 of port A: 1'x
  Constant input on bit 569 of port A: 1'x
  Constant input on bit 570 of port A: 1'x
  Constant input on bit 571 of port A: 1'x
  Constant input on bit 572 of port A: 1'x
  Constant input on bit 573 of port A: 1'x
  Constant input on bit 574 of port A: 1'x
  Constant input on bit 575 of port A: 1'x
  Constant input on bit 576 of port A: 1'0
  Constant input on bit 577 of port A: 1'0
  Constant input on bit 578 of port A: 1'0
  Constant input on bit 579 of port A: 1'0
  Constant input on bit 580 of port A: 1'x
  Constant input on bit 581 of port A: 1'0
  Constant input on bit 582 of port A: 1'x
  Constant input on bit 583 of port A: 1'0
  Constant input on bit 584 of port A: 1'x
  Constant input on bit 585 of port A: 1'1
  Constant input on bit 586 of port A: 1'x
  Constant input on bit 587 of port A: 1'0
  Constant input on bit 588 of port A: 1'x
  Constant input on bit 589 of port A: 1'0
  Constant input on bit 590 of port A: 1'x
  Constant input on bit 591 of port A: 1'0
  Constant input on bit 592 of port A: 1'x
  Constant input on bit 593 of port A: 1'0
  Constant input on bit 594 of port A: 1'x
  Constant input on bit 595 of port A: 1'1
  Constant input on bit 596 of port A: 1'x
  Constant input on bit 597 of port A: 1'0
  Constant input on bit 598 of port A: 1'x
  Constant input on bit 599 of port A: 1'1
  Constant input on bit 600 of port A: 1'x
  Constant input on bit 601 of port A: 1'1
  Constant input on bit 602 of port A: 1'x
  Constant input on bit 603 of port A: 1'1
  Constant input on bit 604 of port A: 1'x
  Constant input on bit 605 of port A: 1'0
  Constant input on bit 606 of port A: 1'x
  Constant input on bit 607 of port A: 1'1
  Constant input on bit 608 of port A: 1'0
  Constant input on bit 609 of port A: 1'1
  Constant input on bit 610 of port A: 1'1
  Constant input on bit 611 of port A: 1'0
  Constant input on bit 612 of port A: 1'x
  Constant input on bit 613 of port A: 1'0
  Constant input on bit 614 of port A: 1'x
  Constant input on bit 615 of port A: 1'1
  Constant input on bit 616 of port A: 1'x
  Constant input on bit 617 of port A: 1'1
  Constant input on bit 618 of port A: 1'x
  Constant input on bit 619 of port A: 1'1
  Constant input on bit 620 of port A: 1'x
  Constant input on bit 621 of port A: 1'x
  Constant input on bit 622 of port A: 1'x
  Constant input on bit 623 of port A: 1'x
  Constant input on bit 624 of port A: 1'x
  Constant input on bit 625 of port A: 1'x
  Constant input on bit 626 of port A: 1'x
  Constant input on bit 627 of port A: 1'x
  Constant input on bit 628 of port A: 1'x
  Constant input on bit 629 of port A: 1'x
  Constant input on bit 630 of port A: 1'x
  Constant input on bit 631 of port A: 1'x
  Constant input on bit 632 of port A: 1'x
  Constant input on bit 633 of port A: 1'x
  Constant input on bit 634 of port A: 1'x
  Constant input on bit 635 of port A: 1'x
  Constant input on bit 636 of port A: 1'x
  Constant input on bit 637 of port A: 1'x
  Constant input on bit 638 of port A: 1'x
  Constant input on bit 639 of port A: 1'x
  Constant input on bit 640 of port A: 1'0
  Constant input on bit 641 of port A: 1'0
  Constant input on bit 642 of port A: 1'0
  Constant input on bit 643 of port A: 1'0
  Constant input on bit 644 of port A: 1'x
  Constant input on bit 645 of port A: 1'1
  Constant input on bit 646 of port A: 1'x
  Constant input on bit 647 of port A: 1'1
  Constant input on bit 648 of port A: 1'x
  Constant input on bit 649 of port A: 1'1
  Constant input on bit 650 of port A: 1'x
  Constant input on bit 651 of port A: 1'0
  Constant input on bit 652 of port A: 1'x
  Constant input on bit 653 of port A: 1'0
  Constant input on bit 654 of port A: 1'x
  Constant input on bit 655 of port A: 1'0
  Constant input on bit 656 of port A: 1'x
  Constant input on bit 657 of port A: 1'1
  Constant input on bit 658 of port A: 1'x
  Constant input on bit 659 of port A: 1'0
  Constant input on bit 660 of port A: 1'x
  Constant input on bit 661 of port A: 1'1
  Constant input on bit 662 of port A: 1'x
  Constant input on bit 663 of port A: 1'1
  Constant input on bit 664 of port A: 1'x
  Constant input on bit 665 of port A: 1'0
  Constant input on bit 666 of port A: 1'x
  Constant input on bit 667 of port A: 1'1
  Constant input on bit 668 of port A: 1'x
  Constant input on bit 669 of port A: 1'1
  Constant input on bit 670 of port A: 1'x
  Constant input on bit 671 of port A: 1'0
  Constant input on bit 672 of port A: 1'1
  Constant input on bit 673 of port A: 1'0
  Constant input on bit 674 of port A: 1'0
  Constant input on bit 675 of port A: 1'1
  Constant input on bit 676 of port A: 1'x
  Constant input on bit 677 of port A: 1'1
  Constant input on bit 678 of port A: 1'x
  Constant input on bit 679 of port A: 1'0
  Constant input on bit 680 of port A: 1'x
  Constant input on bit 681 of port A: 1'1
  Constant input on bit 682 of port A: 1'x
  Constant input on bit 683 of port A: 1'1
  Constant input on bit 684 of port A: 1'x
  Constant input on bit 685 of port A: 1'x
  Constant input on bit 686 of port A: 1'x
  Constant input on bit 687 of port A: 1'x
  Constant input on bit 688 of port A: 1'x
  Constant input on bit 689 of port A: 1'x
  Constant input on bit 690 of port A: 1'x
  Constant input on bit 691 of port A: 1'x
  Constant input on bit 692 of port A: 1'x
  Constant input on bit 693 of port A: 1'x
  Constant input on bit 694 of port A: 1'x
  Constant input on bit 695 of port A: 1'x
  Constant input on bit 696 of port A: 1'x
  Constant input on bit 697 of port A: 1'x
  Constant input on bit 698 of port A: 1'x
  Constant input on bit 699 of port A: 1'x
  Constant input on bit 700 of port A: 1'x
  Constant input on bit 701 of port A: 1'x
  Constant input on bit 702 of port A: 1'x
  Constant input on bit 703 of port A: 1'x
  Constant input on bit 704 of port A: 1'0
  Constant input on bit 705 of port A: 1'1
  Constant input on bit 706 of port A: 1'0
  Constant input on bit 707 of port A: 1'1
  Constant input on bit 708 of port A: 1'x
  Constant input on bit 709 of port A: 1'1
  Constant input on bit 710 of port A: 1'x
  Constant input on bit 711 of port A: 1'1
  Constant input on bit 712 of port A: 1'x
  Constant input on bit 713 of port A: 1'1
  Constant input on bit 714 of port A: 1'x
  Constant input on bit 715 of port A: 1'1
  Constant input on bit 716 of port A: 1'x
  Constant input on bit 717 of port A: 1'1
  Constant input on bit 718 of port A: 1'x
  Constant input on bit 719 of port A: 1'1
  Constant input on bit 720 of port A: 1'x
  Constant input on bit 721 of port A: 1'1
  Constant input on bit 722 of port A: 1'x
  Constant input on bit 723 of port A: 1'1
  Constant input on bit 724 of port A: 1'x
  Constant input on bit 725 of port A: 1'0
  Constant input on bit 726 of port A: 1'x
  Constant input on bit 727 of port A: 1'0
  Constant input on bit 728 of port A: 1'x
  Constant input on bit 729 of port A: 1'0
  Constant input on bit 730 of port A: 1'x
  Constant input on bit 731 of port A: 1'0
  Constant input on bit 732 of port A: 1'x
  Constant input on bit 733 of port A: 1'0
  Constant input on bit 734 of port A: 1'x
  Constant input on bit 735 of port A: 1'1
  Constant input on bit 736 of port A: 1'1
  Constant input on bit 737 of port A: 1'0
  Constant input on bit 738 of port A: 1'1
  Constant input on bit 739 of port A: 1'0
  Constant input on bit 740 of port A: 1'x
  Constant input on bit 741 of port A: 1'0
  Constant input on bit 742 of port A: 1'x
  Constant input on bit 743 of port A: 1'1
  Constant input on bit 744 of port A: 1'x
  Constant input on bit 745 of port A: 1'1
  Constant input on bit 746 of port A: 1'x
  Constant input on bit 747 of port A: 1'0
  Constant input on bit 748 of port A: 1'x
  Constant input on bit 749 of port A: 1'x
  Constant input on bit 750 of port A: 1'x
  Constant input on bit 751 of port A: 1'x
  Constant input on bit 752 of port A: 1'x
  Constant input on bit 753 of port A: 1'x
  Constant input on bit 754 of port A: 1'x
  Constant input on bit 755 of port A: 1'x
  Constant input on bit 756 of port A: 1'x
  Constant input on bit 757 of port A: 1'x
  Constant input on bit 758 of port A: 1'x
  Constant input on bit 759 of port A: 1'x
  Constant input on bit 760 of port A: 1'x
  Constant input on bit 761 of port A: 1'x
  Constant input on bit 762 of port A: 1'x
  Constant input on bit 763 of port A: 1'x
  Constant input on bit 764 of port A: 1'x
  Constant input on bit 765 of port A: 1'x
  Constant input on bit 766 of port A: 1'x
  Constant input on bit 767 of port A: 1'x
  Constant input on bit 768 of port A: 1'0
  Constant input on bit 769 of port A: 1'0
  Constant input on bit 770 of port A: 1'1
  Constant input on bit 771 of port A: 1'1
  Constant input on bit 772 of port A: 1'x
  Constant input on bit 773 of port A: 1'0
  Constant input on bit 774 of port A: 1'x
  Constant input on bit 775 of port A: 1'1
  Constant input on bit 776 of port A: 1'x
  Constant input on bit 777 of port A: 1'1
  Constant input on bit 778 of port A: 1'x
  Constant input on bit 779 of port A: 1'0
  Constant input on bit 780 of port A: 1'x
  Constant input on bit 781 of port A: 1'1
  Constant input on bit 782 of port A: 1'x
  Constant input on bit 783 of port A: 1'1
  Constant input on bit 784 of port A: 1'x
  Constant input on bit 785 of port A: 1'1
  Constant input on bit 786 of port A: 1'x
  Constant input on bit 787 of port A: 1'1
  Constant input on bit 788 of port A: 1'x
  Constant input on bit 789 of port A: 1'1
  Constant input on bit 790 of port A: 1'x
  Constant input on bit 791 of port A: 1'0
  Constant input on bit 792 of port A: 1'x
  Constant input on bit 793 of port A: 1'1
  Constant input on bit 794 of port A: 1'x
  Constant input on bit 795 of port A: 1'1
  Constant input on bit 796 of port A: 1'x
  Constant input on bit 797 of port A: 1'0
  Constant input on bit 798 of port A: 1'x
  Constant input on bit 799 of port A: 1'0
  Constant input on bit 800 of port A: 1'1
  Constant input on bit 801 of port A: 1'1
  Constant input on bit 802 of port A: 1'0
  Constant input on bit 803 of port A: 1'0
  Constant input on bit 804 of port A: 1'x
  Constant input on bit 805 of port A: 1'0
  Constant input on bit 806 of port A: 1'x
  Constant input on bit 807 of port A: 1'1
  Constant input on bit 808 of port A: 1'x
  Constant input on bit 809 of port A: 1'1
  Constant input on bit 810 of port A: 1'x
  Constant input on bit 811 of port A: 1'0
  Constant input on bit 812 of port A: 1'x
  Constant input on bit 813 of port A: 1'x
  Constant input on bit 814 of port A: 1'x
  Constant input on bit 815 of port A: 1'x
  Constant input on bit 816 of port A: 1'x
  Constant input on bit 817 of port A: 1'x
  Constant input on bit 818 of port A: 1'x
  Constant input on bit 819 of port A: 1'x
  Constant input on bit 820 of port A: 1'x
  Constant input on bit 821 of port A: 1'x
  Constant input on bit 822 of port A: 1'x
  Constant input on bit 823 of port A: 1'x
  Constant input on bit 824 of port A: 1'x
  Constant input on bit 825 of port A: 1'x
  Constant input on bit 826 of port A: 1'x
  Constant input on bit 827 of port A: 1'x
  Constant input on bit 828 of port A: 1'x
  Constant input on bit 829 of port A: 1'x
  Constant input on bit 830 of port A: 1'x
  Constant input on bit 831 of port A: 1'x
  Constant input on bit 832 of port A: 1'0
  Constant input on bit 833 of port A: 1'0
  Constant input on bit 834 of port A: 1'0
  Constant input on bit 835 of port A: 1'0
  Constant input on bit 836 of port A: 1'x
  Constant input on bit 837 of port A: 1'1
  Constant input on bit 838 of port A: 1'x
  Constant input on bit 839 of port A: 1'1
  Constant input on bit 840 of port A: 1'x
  Constant input on bit 841 of port A: 1'0
  Constant input on bit 842 of port A: 1'x
  Constant input on bit 843 of port A: 1'1
  Constant input on bit 844 of port A: 1'x
  Constant input on bit 845 of port A: 1'0
  Constant input on bit 846 of port A: 1'x
  Constant input on bit 847 of port A: 1'0
  Constant input on bit 848 of port A: 1'x
  Constant input on bit 849 of port A: 1'1
  Constant input on bit 850 of port A: 1'x
  Constant input on bit 851 of port A: 1'0
  Constant input on bit 852 of port A: 1'x
  Constant input on bit 853 of port A: 1'0
  Constant input on bit 854 of port A: 1'x
  Constant input on bit 855 of port A: 1'1
  Constant input on bit 856 of port A: 1'x
  Constant input on bit 857 of port A: 1'0
  Constant input on bit 858 of port A: 1'x
  Constant input on bit 859 of port A: 1'0
  Constant input on bit 860 of port A: 1'x
  Constant input on bit 861 of port A: 1'0
  Constant input on bit 862 of port A: 1'x
  Constant input on bit 863 of port A: 1'1
  Constant input on bit 864 of port A: 1'0
  Constant input on bit 865 of port A: 1'0
  Constant input on bit 866 of port A: 1'1
  Constant input on bit 867 of port A: 1'0
  Constant input on bit 868 of port A: 1'x
  Constant input on bit 869 of port A: 1'0
  Constant input on bit 870 of port A: 1'x
  Constant input on bit 871 of port A: 1'1
  Constant input on bit 872 of port A: 1'x
  Constant input on bit 873 of port A: 1'1
  Constant input on bit 874 of port A: 1'x
  Constant input on bit 875 of port A: 1'0
  Constant input on bit 876 of port A: 1'x
  Constant input on bit 877 of port A: 1'x
  Constant input on bit 878 of port A: 1'x
  Constant input on bit 879 of port A: 1'x
  Constant input on bit 880 of port A: 1'x
  Constant input on bit 881 of port A: 1'x
  Constant input on bit 882 of port A: 1'x
  Constant input on bit 883 of port A: 1'x
  Constant input on bit 884 of port A: 1'x
  Constant input on bit 885 of port A: 1'x
  Constant input on bit 886 of port A: 1'x
  Constant input on bit 887 of port A: 1'x
  Constant input on bit 888 of port A: 1'x
  Constant input on bit 889 of port A: 1'x
  Constant input on bit 890 of port A: 1'x
  Constant input on bit 891 of port A: 1'x
  Constant input on bit 892 of port A: 1'x
  Constant input on bit 893 of port A: 1'x
  Constant input on bit 894 of port A: 1'x
  Constant input on bit 895 of port A: 1'x
  Constant input on bit 896 of port A: 1'0
  Constant input on bit 897 of port A: 1'0
  Constant input on bit 898 of port A: 1'0
  Constant input on bit 899 of port A: 1'0
  Constant input on bit 900 of port A: 1'x
  Constant input on bit 901 of port A: 1'1
  Constant input on bit 902 of port A: 1'x
  Constant input on bit 903 of port A: 1'0
  Constant input on bit 904 of port A: 1'x
  Constant input on bit 905 of port A: 1'1
  Constant input on bit 906 of port A: 1'x
  Constant input on bit 907 of port A: 1'0
  Constant input on bit 908 of port A: 1'x
  Constant input on bit 909 of port A: 1'0
  Constant input on bit 910 of port A: 1'x
  Constant input on bit 911 of port A: 1'1
  Constant input on bit 912 of port A: 1'x
  Constant input on bit 913 of port A: 1'1
  Constant input on bit 914 of port A: 1'x
  Constant input on bit 915 of port A: 1'1
  Constant input on bit 916 of port A: 1'x
  Constant input on bit 917 of port A: 1'1
  Constant input on bit 918 of port A: 1'x
  Constant input on bit 919 of port A: 1'1
  Constant input on bit 920 of port A: 1'x
  Constant input on bit 921 of port A: 1'0
  Constant input on bit 922 of port A: 1'x
  Constant input on bit 923 of port A: 1'0
  Constant input on bit 924 of port A: 1'x
  Constant input on bit 925 of port A: 1'0
  Constant input on bit 926 of port A: 1'x
  Constant input on bit 927 of port A: 1'0
  Constant input on bit 928 of port A: 1'0
  Constant input on bit 929 of port A: 1'1
  Constant input on bit 930 of port A: 1'1
  Constant input on bit 931 of port A: 1'0
  Constant input on bit 932 of port A: 1'x
  Constant input on bit 933 of port A: 1'0
  Constant input on bit 934 of port A: 1'x
  Constant input on bit 935 of port A: 1'0
  Constant input on bit 936 of port A: 1'x
  Constant input on bit 937 of port A: 1'0
  Constant input on bit 938 of port A: 1'x
  Constant input on bit 939 of port A: 1'1
  Constant input on bit 940 of port A: 1'x
  Constant input on bit 941 of port A: 1'x
  Constant input on bit 942 of port A: 1'x
  Constant input on bit 943 of port A: 1'x
  Constant input on bit 944 of port A: 1'x
  Constant input on bit 945 of port A: 1'x
  Constant input on bit 946 of port A: 1'x
  Constant input on bit 947 of port A: 1'x
  Constant input on bit 948 of port A: 1'x
  Constant input on bit 949 of port A: 1'x
  Constant input on bit 950 of port A: 1'x
  Constant input on bit 951 of port A: 1'x
  Constant input on bit 952 of port A: 1'x
  Constant input on bit 953 of port A: 1'x
  Constant input on bit 954 of port A: 1'x
  Constant input on bit 955 of port A: 1'x
  Constant input on bit 956 of port A: 1'x
  Constant input on bit 957 of port A: 1'x
  Constant input on bit 958 of port A: 1'x
  Constant input on bit 959 of port A: 1'x
  Constant input on bit 960 of port A: 1'0
  Constant input on bit 961 of port A: 1'0
  Constant input on bit 962 of port A: 1'0
  Constant input on bit 963 of port A: 1'0
  Constant input on bit 964 of port A: 1'x
  Constant input on bit 965 of port A: 1'1
  Constant input on bit 966 of port A: 1'x
  Constant input on bit 967 of port A: 1'1
  Constant input on bit 968 of port A: 1'x
  Constant input on bit 969 of port A: 1'0
  Constant input on bit 970 of port A: 1'x
  Constant input on bit 971 of port A: 1'1
  Constant input on bit 972 of port A: 1'x
  Constant input on bit 973 of port A: 1'1
  Constant input on bit 974 of port A: 1'x
  Constant input on bit 975 of port A: 1'0
  Constant input on bit 976 of port A: 1'x
  Constant input on bit 977 of port A: 1'0
  Constant input on bit 978 of port A: 1'x
  Constant input on bit 979 of port A: 1'1
  Constant input on bit 980 of port A: 1'x
  Constant input on bit 981 of port A: 1'1
  Constant input on bit 982 of port A: 1'x
  Constant input on bit 983 of port A: 1'0
  Constant input on bit 984 of port A: 1'x
  Constant input on bit 985 of port A: 1'0
  Constant input on bit 986 of port A: 1'x
  Constant input on bit 987 of port A: 1'1
  Constant input on bit 988 of port A: 1'x
  Constant input on bit 989 of port A: 1'1
  Constant input on bit 990 of port A: 1'x
  Constant input on bit 991 of port A: 1'0
  Constant input on bit 992 of port A: 1'1
  Constant input on bit 993 of port A: 1'1
  Constant input on bit 994 of port A: 1'1
  Constant input on bit 995 of port A: 1'0
  Constant input on bit 996 of port A: 1'x
  Constant input on bit 997 of port A: 1'1
  Constant input on bit 998 of port A: 1'x
  Constant input on bit 999 of port A: 1'1
  Constant input on bit 1000 of port A: 1'x
  Constant input on bit 1001 of port A: 1'0
  Constant input on bit 1002 of port A: 1'x
  Constant input on bit 1003 of port A: 1'0
  Constant input on bit 1004 of port A: 1'x
  Constant input on bit 1005 of port A: 1'x
  Constant input on bit 1006 of port A: 1'x
  Constant input on bit 1007 of port A: 1'x
  Constant input on bit 1008 of port A: 1'x
  Constant input on bit 1009 of port A: 1'x
  Constant input on bit 1010 of port A: 1'x
  Constant input on bit 1011 of port A: 1'x
  Constant input on bit 1012 of port A: 1'x
  Constant input on bit 1013 of port A: 1'x
  Constant input on bit 1014 of port A: 1'x
  Constant input on bit 1015 of port A: 1'x
  Constant input on bit 1016 of port A: 1'x
  Constant input on bit 1017 of port A: 1'x
  Constant input on bit 1018 of port A: 1'x
  Constant input on bit 1019 of port A: 1'x
  Constant input on bit 1020 of port A: 1'x
  Constant input on bit 1021 of port A: 1'x
  Constant input on bit 1022 of port A: 1'x
  Constant input on bit 1023 of port A: 1'x
  Constant input on bit 1024 of port A: 1'0
  Constant input on bit 1025 of port A: 1'0
  Constant input on bit 1026 of port A: 1'0
  Constant input on bit 1027 of port A: 1'0
  Constant input on bit 1028 of port A: 1'x
  Constant input on bit 1029 of port A: 1'0
  Constant input on bit 1030 of port A: 1'x
  Constant input on bit 1031 of port A: 1'1
  Constant input on bit 1032 of port A: 1'x
  Constant input on bit 1033 of port A: 1'1
  Constant input on bit 1034 of port A: 1'x
  Constant input on bit 1035 of port A: 1'0
  Constant input on bit 1036 of port A: 1'x
  Constant input on bit 1037 of port A: 1'0
  Constant input on bit 1038 of port A: 1'x
  Constant input on bit 1039 of port A: 1'0
  Constant input on bit 1040 of port A: 1'x
  Constant input on bit 1041 of port A: 1'1
  Constant input on bit 1042 of port A: 1'x
  Constant input on bit 1043 of port A: 1'0
  Constant input on bit 1044 of port A: 1'x
  Constant input on bit 1045 of port A: 1'0
  Constant input on bit 1046 of port A: 1'x
  Constant input on bit 1047 of port A: 1'1
  Constant input on bit 1048 of port A: 1'x
  Constant input on bit 1049 of port A: 1'0
  Constant input on bit 1050 of port A: 1'x
  Constant input on bit 1051 of port A: 1'0
  Constant input on bit 1052 of port A: 1'x
  Constant input on bit 1053 of port A: 1'1
  Constant input on bit 1054 of port A: 1'x
  Constant input on bit 1055 of port A: 1'0
  Constant input on bit 1056 of port A: 1'1
  Constant input on bit 1057 of port A: 1'0
  Constant input on bit 1058 of port A: 1'1
  Constant input on bit 1059 of port A: 1'1
  Constant input on bit 1060 of port A: 1'x
  Constant input on bit 1061 of port A: 1'0
  Constant input on bit 1062 of port A: 1'x
  Constant input on bit 1063 of port A: 1'1
  Constant input on bit 1064 of port A: 1'x
  Constant input on bit 1065 of port A: 1'0
  Constant input on bit 1066 of port A: 1'x
  Constant input on bit 1067 of port A: 1'1
  Constant input on bit 1068 of port A: 1'x
  Constant input on bit 1069 of port A: 1'x
  Constant input on bit 1070 of port A: 1'x
  Constant input on bit 1071 of port A: 1'x
  Constant input on bit 1072 of port A: 1'x
  Constant input on bit 1073 of port A: 1'x
  Constant input on bit 1074 of port A: 1'x
  Constant input on bit 1075 of port A: 1'x
  Constant input on bit 1076 of port A: 1'x
  Constant input on bit 1077 of port A: 1'x
  Constant input on bit 1078 of port A: 1'x
  Constant input on bit 1079 of port A: 1'x
  Constant input on bit 1080 of port A: 1'x
  Constant input on bit 1081 of port A: 1'x
  Constant input on bit 1082 of port A: 1'x
  Constant input on bit 1083 of port A: 1'x
  Constant input on bit 1084 of port A: 1'x
  Constant input on bit 1085 of port A: 1'x
  Constant input on bit 1086 of port A: 1'x
  Constant input on bit 1087 of port A: 1'x
  Constant input on bit 1088 of port A: 1'1
  Constant input on bit 1089 of port A: 1'1
  Constant input on bit 1090 of port A: 1'1
  Constant input on bit 1091 of port A: 1'1
  Constant input on bit 1092 of port A: 1'x
  Constant input on bit 1093 of port A: 1'0
  Constant input on bit 1094 of port A: 1'x
  Constant input on bit 1095 of port A: 1'1
  Constant input on bit 1096 of port A: 1'x
  Constant input on bit 1097 of port A: 1'1
  Constant input on bit 1098 of port A: 1'x
  Constant input on bit 1099 of port A: 1'0
  Constant input on bit 1100 of port A: 1'x
  Constant input on bit 1101 of port A: 1'1
  Constant input on bit 1102 of port A: 1'x
  Constant input on bit 1103 of port A: 1'0
  Constant input on bit 1104 of port A: 1'x
  Constant input on bit 1105 of port A: 1'0
  Constant input on bit 1106 of port A: 1'x
  Constant input on bit 1107 of port A: 1'0
  Constant input on bit 1108 of port A: 1'x
  Constant input on bit 1109 of port A: 1'1
  Constant input on bit 1110 of port A: 1'x
  Constant input on bit 1111 of port A: 1'1
  Constant input on bit 1112 of port A: 1'x
  Constant input on bit 1113 of port A: 1'0
  Constant input on bit 1114 of port A: 1'x
  Constant input on bit 1115 of port A: 1'0
  Constant input on bit 1116 of port A: 1'x
  Constant input on bit 1117 of port A: 1'0
  Constant input on bit 1118 of port A: 1'x
  Constant input on bit 1119 of port A: 1'1
  Constant input on bit 1120 of port A: 1'0
  Constant input on bit 1121 of port A: 1'0
  Constant input on bit 1122 of port A: 1'1
  Constant input on bit 1123 of port A: 1'0
  Constant input on bit 1124 of port A: 1'x
  Constant input on bit 1125 of port A: 1'0
  Constant input on bit 1126 of port A: 1'x
  Constant input on bit 1127 of port A: 1'1
  Constant input on bit 1128 of port A: 1'x
  Constant input on bit 1129 of port A: 1'1
  Constant input on bit 1130 of port A: 1'x
  Constant input on bit 1131 of port A: 1'1
  Constant input on bit 1132 of port A: 1'x
  Constant input on bit 1133 of port A: 1'x
  Constant input on bit 1134 of port A: 1'x
  Constant input on bit 1135 of port A: 1'x
  Constant input on bit 1136 of port A: 1'x
  Constant input on bit 1137 of port A: 1'x
  Constant input on bit 1138 of port A: 1'x
  Constant input on bit 1139 of port A: 1'x
  Constant input on bit 1140 of port A: 1'x
  Constant input on bit 1141 of port A: 1'x
  Constant input on bit 1142 of port A: 1'x
  Constant input on bit 1143 of port A: 1'x
  Constant input on bit 1144 of port A: 1'x
  Constant input on bit 1145 of port A: 1'x
  Constant input on bit 1146 of port A: 1'x
  Constant input on bit 1147 of port A: 1'x
  Constant input on bit 1148 of port A: 1'x
  Constant input on bit 1149 of port A: 1'x
  Constant input on bit 1150 of port A: 1'x
  Constant input on bit 1151 of port A: 1'x
  Constant input on bit 1152 of port A: 1'0
  Constant input on bit 1153 of port A: 1'0
  Constant input on bit 1154 of port A: 1'0
  Constant input on bit 1155 of port A: 1'0
  Constant input on bit 1156 of port A: 1'x
  Constant input on bit 1157 of port A: 1'0
  Constant input on bit 1158 of port A: 1'x
  Constant input on bit 1159 of port A: 1'1
  Constant input on bit 1160 of port A: 1'x
  Constant input on bit 1161 of port A: 1'0
  Constant input on bit 1162 of port A: 1'x
  Constant input on bit 1163 of port A: 1'1
  Constant input on bit 1164 of port A: 1'x
  Constant input on bit 1165 of port A: 1'1
  Constant input on bit 1166 of port A: 1'x
  Constant input on bit 1167 of port A: 1'0
  Constant input on bit 1168 of port A: 1'x
  Constant input on bit 1169 of port A: 1'0
  Constant input on bit 1170 of port A: 1'x
  Constant input on bit 1171 of port A: 1'0
  Constant input on bit 1172 of port A: 1'x
  Constant input on bit 1173 of port A: 1'1
  Constant input on bit 1174 of port A: 1'x
  Constant input on bit 1175 of port A: 1'1
  Constant input on bit 1176 of port A: 1'x
  Constant input on bit 1177 of port A: 1'1
  Constant input on bit 1178 of port A: 1'x
  Constant input on bit 1179 of port A: 1'1
  Constant input on bit 1180 of port A: 1'x
  Constant input on bit 1181 of port A: 1'1
  Constant input on bit 1182 of port A: 1'x
  Constant input on bit 1183 of port A: 1'0
  Constant input on bit 1184 of port A: 1'0
  Constant input on bit 1185 of port A: 1'1
  Constant input on bit 1186 of port A: 1'1
  Constant input on bit 1187 of port A: 1'1
  Constant input on bit 1188 of port A: 1'x
  Constant input on bit 1189 of port A: 1'1
  Constant input on bit 1190 of port A: 1'x
  Constant input on bit 1191 of port A: 1'1
  Constant input on bit 1192 of port A: 1'x
  Constant input on bit 1193 of port A: 1'1
  Constant input on bit 1194 of port A: 1'x
  Constant input on bit 1195 of port A: 1'1
  Constant input on bit 1196 of port A: 1'x
  Constant input on bit 1197 of port A: 1'x
  Constant input on bit 1198 of port A: 1'x
  Constant input on bit 1199 of port A: 1'x
  Constant input on bit 1200 of port A: 1'x
  Constant input on bit 1201 of port A: 1'x
  Constant input on bit 1202 of port A: 1'x
  Constant input on bit 1203 of port A: 1'x
  Constant input on bit 1204 of port A: 1'x
  Constant input on bit 1205 of port A: 1'x
  Constant input on bit 1206 of port A: 1'x
  Constant input on bit 1207 of port A: 1'x
  Constant input on bit 1208 of port A: 1'x
  Constant input on bit 1209 of port A: 1'x
  Constant input on bit 1210 of port A: 1'x
  Constant input on bit 1211 of port A: 1'x
  Constant input on bit 1212 of port A: 1'x
  Constant input on bit 1213 of port A: 1'x
  Constant input on bit 1214 of port A: 1'x
  Constant input on bit 1215 of port A: 1'x
  Constant input on bit 1216 of port A: 1'0
  Constant input on bit 1217 of port A: 1'1
  Constant input on bit 1218 of port A: 1'0
  Constant input on bit 1219 of port A: 1'1
  Constant input on bit 1220 of port A: 1'x
  Constant input on bit 1221 of port A: 1'0
  Constant input on bit 1222 of port A: 1'x
  Constant input on bit 1223 of port A: 1'0
  Constant input on bit 1224 of port A: 1'x
  Constant input on bit 1225 of port A: 1'1
  Constant input on bit 1226 of port A: 1'x
  Constant input on bit 1227 of port A: 1'0
  Constant input on bit 1228 of port A: 1'x
  Constant input on bit 1229 of port A: 1'0
  Constant input on bit 1230 of port A: 1'x
  Constant input on bit 1231 of port A: 1'0
  Constant input on bit 1232 of port A: 1'x
  Constant input on bit 1233 of port A: 1'1
  Constant input on bit 1234 of port A: 1'x
  Constant input on bit 1235 of port A: 1'0
  Constant input on bit 1236 of port A: 1'x
  Constant input on bit 1237 of port A: 1'0
  Constant input on bit 1238 of port A: 1'x
  Constant input on bit 1239 of port A: 1'1
  Constant input on bit 1240 of port A: 1'x
  Constant input on bit 1241 of port A: 1'1
  Constant input on bit 1242 of port A: 1'x
  Constant input on bit 1243 of port A: 1'1
  Constant input on bit 1244 of port A: 1'x
  Constant input on bit 1245 of port A: 1'1
  Constant input on bit 1246 of port A: 1'x
  Constant input on bit 1247 of port A: 1'1
  Constant input on bit 1248 of port A: 1'1
  Constant input on bit 1249 of port A: 1'0
  Constant input on bit 1250 of port A: 1'0
  Constant input on bit 1251 of port A: 1'0
  Constant input on bit 1252 of port A: 1'x
  Constant input on bit 1253 of port A: 1'0
  Constant input on bit 1254 of port A: 1'x
  Constant input on bit 1255 of port A: 1'0
  Constant input on bit 1256 of port A: 1'x
  Constant input on bit 1257 of port A: 1'1
  Constant input on bit 1258 of port A: 1'x
  Constant input on bit 1259 of port A: 1'1
  Constant input on bit 1260 of port A: 1'x
  Constant input on bit 1261 of port A: 1'x
  Constant input on bit 1262 of port A: 1'x
  Constant input on bit 1263 of port A: 1'x
  Constant input on bit 1264 of port A: 1'x
  Constant input on bit 1265 of port A: 1'x
  Constant input on bit 1266 of port A: 1'x
  Constant input on bit 1267 of port A: 1'x
  Constant input on bit 1268 of port A: 1'x
  Constant input on bit 1269 of port A: 1'x
  Constant input on bit 1270 of port A: 1'x
  Constant input on bit 1271 of port A: 1'x
  Constant input on bit 1272 of port A: 1'x
  Constant input on bit 1273 of port A: 1'x
  Constant input on bit 1274 of port A: 1'x
  Constant input on bit 1275 of port A: 1'x
  Constant input on bit 1276 of port A: 1'x
  Constant input on bit 1277 of port A: 1'x
  Constant input on bit 1278 of port A: 1'x
  Constant input on bit 1279 of port A: 1'x
  Constant input on bit 1280 of port A: 1'0
  Constant input on bit 1281 of port A: 1'0
  Constant input on bit 1282 of port A: 1'1
  Constant input on bit 1283 of port A: 1'1
  Constant input on bit 1284 of port A: 1'x
  Constant input on bit 1285 of port A: 1'1
  Constant input on bit 1286 of port A: 1'x
  Constant input on bit 1287 of port A: 1'1
  Constant input on bit 1288 of port A: 1'x
  Constant input on bit 1289 of port A: 1'0
  Constant input on bit 1290 of port A: 1'x
  Constant input on bit 1291 of port A: 1'1
  Constant input on bit 1292 of port A: 1'x
  Constant input on bit 1293 of port A: 1'1
  Constant input on bit 1294 of port A: 1'x
  Constant input on bit 1295 of port A: 1'0
  Constant input on bit 1296 of port A: 1'x
  Constant input on bit 1297 of port A: 1'0
  Constant input on bit 1298 of port A: 1'x
  Constant input on bit 1299 of port A: 1'0
  Constant input on bit 1300 of port A: 1'x
  Constant input on bit 1301 of port A: 1'0
  Constant input on bit 1302 of port A: 1'x
  Constant input on bit 1303 of port A: 1'1
  Constant input on bit 1304 of port A: 1'x
  Constant input on bit 1305 of port A: 1'1
  Constant input on bit 1306 of port A: 1'x
  Constant input on bit 1307 of port A: 1'1
  Constant input on bit 1308 of port A: 1'x
  Constant input on bit 1309 of port A: 1'0
  Constant input on bit 1310 of port A: 1'x
  Constant input on bit 1311 of port A: 1'1
  Constant input on bit 1312 of port A: 1'0
  Constant input on bit 1313 of port A: 1'0
  Constant input on bit 1314 of port A: 1'1
  Constant input on bit 1315 of port A: 1'1
  Constant input on bit 1316 of port A: 1'x
  Constant input on bit 1317 of port A: 1'0
  Constant input on bit 1318 of port A: 1'x
  Constant input on bit 1319 of port A: 1'1
  Constant input on bit 1320 of port A: 1'x
  Constant input on bit 1321 of port A: 1'1
  Constant input on bit 1322 of port A: 1'x
  Constant input on bit 1323 of port A: 1'1
  Constant input on bit 1324 of port A: 1'x
  Constant input on bit 1325 of port A: 1'x
  Constant input on bit 1326 of port A: 1'x
  Constant input on bit 1327 of port A: 1'x
  Constant input on bit 1328 of port A: 1'x
  Constant input on bit 1329 of port A: 1'x
  Constant input on bit 1330 of port A: 1'x
  Constant input on bit 1331 of port A: 1'x
  Constant input on bit 1332 of port A: 1'x
  Constant input on bit 1333 of port A: 1'x
  Constant input on bit 1334 of port A: 1'x
  Constant input on bit 1335 of port A: 1'x
  Constant input on bit 1336 of port A: 1'x
  Constant input on bit 1337 of port A: 1'x
  Constant input on bit 1338 of port A: 1'x
  Constant input on bit 1339 of port A: 1'x
  Constant input on bit 1340 of port A: 1'x
  Constant input on bit 1341 of port A: 1'x
  Constant input on bit 1342 of port A: 1'x
  Constant input on bit 1343 of port A: 1'x
  Constant input on bit 1344 of port A: 1'0
  Constant input on bit 1345 of port A: 1'0
  Constant input on bit 1346 of port A: 1'0
  Constant input on bit 1347 of port A: 1'0
  Constant input on bit 1348 of port A: 1'x
  Constant input on bit 1349 of port A: 1'1
  Constant input on bit 1350 of port A: 1'x
  Constant input on bit 1351 of port A: 1'0
  Constant input on bit 1352 of port A: 1'x
  Constant input on bit 1353 of port A: 1'0
  Constant input on bit 1354 of port A: 1'x
  Constant input on bit 1355 of port A: 1'1
  Constant input on bit 1356 of port A: 1'x
  Constant input on bit 1357 of port A: 1'1
  Constant input on bit 1358 of port A: 1'x
  Constant input on bit 1359 of port A: 1'1
  Constant input on bit 1360 of port A: 1'x
  Constant input on bit 1361 of port A: 1'1
  Constant input on bit 1362 of port A: 1'x
  Constant input on bit 1363 of port A: 1'0
  Constant input on bit 1364 of port A: 1'x
  Constant input on bit 1365 of port A: 1'0
  Constant input on bit 1366 of port A: 1'x
  Constant input on bit 1367 of port A: 1'1
  Constant input on bit 1368 of port A: 1'x
  Constant input on bit 1369 of port A: 1'0
  Constant input on bit 1370 of port A: 1'x
  Constant input on bit 1371 of port A: 1'0
  Constant input on bit 1372 of port A: 1'x
  Constant input on bit 1373 of port A: 1'1
  Constant input on bit 1374 of port A: 1'x
  Constant input on bit 1375 of port A: 1'0
  Constant input on bit 1376 of port A: 1'0
  Constant input on bit 1377 of port A: 1'1
  Constant input on bit 1378 of port A: 1'1
  Constant input on bit 1379 of port A: 1'1
  Constant input on bit 1380 of port A: 1'x
  Constant input on bit 1381 of port A: 1'1
  Constant input on bit 1382 of port A: 1'x
  Constant input on bit 1383 of port A: 1'1
  Constant input on bit 1384 of port A: 1'x
  Constant input on bit 1385 of port A: 1'0
  Constant input on bit 1386 of port A: 1'x
  Constant input on bit 1387 of port A: 1'0
  Constant input on bit 1388 of port A: 1'x
  Constant input on bit 1389 of port A: 1'x
  Constant input on bit 1390 of port A: 1'x
  Constant input on bit 1391 of port A: 1'x
  Constant input on bit 1392 of port A: 1'x
  Constant input on bit 1393 of port A: 1'x
  Constant input on bit 1394 of port A: 1'x
  Constant input on bit 1395 of port A: 1'x
  Constant input on bit 1396 of port A: 1'x
  Constant input on bit 1397 of port A: 1'x
  Constant input on bit 1398 of port A: 1'x
  Constant input on bit 1399 of port A: 1'x
  Constant input on bit 1400 of port A: 1'x
  Constant input on bit 1401 of port A: 1'x
  Constant input on bit 1402 of port A: 1'x
  Constant input on bit 1403 of port A: 1'x
  Constant input on bit 1404 of port A: 1'x
  Constant input on bit 1405 of port A: 1'x
  Constant input on bit 1406 of port A: 1'x
  Constant input on bit 1407 of port A: 1'x
  Constant input on bit 1408 of port A: 1'0
  Constant input on bit 1409 of port A: 1'0
  Constant input on bit 1410 of port A: 1'0
  Constant input on bit 1411 of port A: 1'0
  Constant input on bit 1412 of port A: 1'x
  Constant input on bit 1413 of port A: 1'1
  Constant input on bit 1414 of port A: 1'x
  Constant input on bit 1415 of port A: 1'0
  Constant input on bit 1416 of port A: 1'x
  Constant input on bit 1417 of port A: 1'1
  Constant input on bit 1418 of port A: 1'x
  Constant input on bit 1419 of port A: 1'1
  Constant input on bit 1420 of port A: 1'x
  Constant input on bit 1421 of port A: 1'0
  Constant input on bit 1422 of port A: 1'x
  Constant input on bit 1423 of port A: 1'0
  Constant input on bit 1424 of port A: 1'x
  Constant input on bit 1425 of port A: 1'1
  Constant input on bit 1426 of port A: 1'x
  Constant input on bit 1427 of port A: 1'0
  Constant input on bit 1428 of port A: 1'x
  Constant input on bit 1429 of port A: 1'0
  Constant input on bit 1430 of port A: 1'x
  Constant input on bit 1431 of port A: 1'1
  Constant input on bit 1432 of port A: 1'x
  Constant input on bit 1433 of port A: 1'1
  Constant input on bit 1434 of port A: 1'x
  Constant input on bit 1435 of port A: 1'0
  Constant input on bit 1436 of port A: 1'x
  Constant input on bit 1437 of port A: 1'1
  Constant input on bit 1438 of port A: 1'x
  Constant input on bit 1439 of port A: 1'0
  Constant input on bit 1440 of port A: 1'1
  Constant input on bit 1441 of port A: 1'1
  Constant input on bit 1442 of port A: 1'0
  Constant input on bit 1443 of port A: 1'1
  Constant input on bit 1444 of port A: 1'x
  Constant input on bit 1445 of port A: 1'1
  Constant input on bit 1446 of port A: 1'x
  Constant input on bit 1447 of port A: 1'1
  Constant input on bit 1448 of port A: 1'x
  Constant input on bit 1449 of port A: 1'0
  Constant input on bit 1450 of port A: 1'x
  Constant input on bit 1451 of port A: 1'1
  Constant input on bit 1452 of port A: 1'x
  Constant input on bit 1453 of port A: 1'x
  Constant input on bit 1454 of port A: 1'x
  Constant input on bit 1455 of port A: 1'x
  Constant input on bit 1456 of port A: 1'x
  Constant input on bit 1457 of port A: 1'x
  Constant input on bit 1458 of port A: 1'x
  Constant input on bit 1459 of port A: 1'x
  Constant input on bit 1460 of port A: 1'x
  Constant input on bit 1461 of port A: 1'x
  Constant input on bit 1462 of port A: 1'x
  Constant input on bit 1463 of port A: 1'x
  Constant input on bit 1464 of port A: 1'x
  Constant input on bit 1465 of port A: 1'x
  Constant input on bit 1466 of port A: 1'x
  Constant input on bit 1467 of port A: 1'x
  Constant input on bit 1468 of port A: 1'x
  Constant input on bit 1469 of port A: 1'x
  Constant input on bit 1470 of port A: 1'x
  Constant input on bit 1471 of port A: 1'x
  Constant input on bit 1472 of port A: 1'0
  Constant input on bit 1473 of port A: 1'0
  Constant input on bit 1474 of port A: 1'0
  Constant input on bit 1475 of port A: 1'0
  Constant input on bit 1476 of port A: 1'x
  Constant input on bit 1477 of port A: 1'0
  Constant input on bit 1478 of port A: 1'x
  Constant input on bit 1479 of port A: 1'1
  Constant input on bit 1480 of port A: 1'x
  Constant input on bit 1481 of port A: 1'0
  Constant input on bit 1482 of port A: 1'x
  Constant input on bit 1483 of port A: 1'1
  Constant input on bit 1484 of port A: 1'x
  Constant input on bit 1485 of port A: 1'1
  Constant input on bit 1486 of port A: 1'x
  Constant input on bit 1487 of port A: 1'0
  Constant input on bit 1488 of port A: 1'x
  Constant input on bit 1489 of port A: 1'1
  Constant input on bit 1490 of port A: 1'x
  Constant input on bit 1491 of port A: 1'0
  Constant input on bit 1492 of port A: 1'x
  Constant input on bit 1493 of port A: 1'0
  Constant input on bit 1494 of port A: 1'x
  Constant input on bit 1495 of port A: 1'0
  Constant input on bit 1496 of port A: 1'x
  Constant input on bit 1497 of port A: 1'0
  Constant input on bit 1498 of port A: 1'x
  Constant input on bit 1499 of port A: 1'1
  Constant input on bit 1500 of port A: 1'x
  Constant input on bit 1501 of port A: 1'1
  Constant input on bit 1502 of port A: 1'x
  Constant input on bit 1503 of port A: 1'0
  Constant input on bit 1504 of port A: 1'0
  Constant input on bit 1505 of port A: 1'1
  Constant input on bit 1506 of port A: 1'1
  Constant input on bit 1507 of port A: 1'0
  Constant input on bit 1508 of port A: 1'x
  Constant input on bit 1509 of port A: 1'1
  Constant input on bit 1510 of port A: 1'x
  Constant input on bit 1511 of port A: 1'0
  Constant input on bit 1512 of port A: 1'x
  Constant input on bit 1513 of port A: 1'1
  Constant input on bit 1514 of port A: 1'x
  Constant input on bit 1515 of port A: 1'1
  Constant input on bit 1516 of port A: 1'x
  Constant input on bit 1517 of port A: 1'x
  Constant input on bit 1518 of port A: 1'x
  Constant input on bit 1519 of port A: 1'x
  Constant input on bit 1520 of port A: 1'x
  Constant input on bit 1521 of port A: 1'x
  Constant input on bit 1522 of port A: 1'x
  Constant input on bit 1523 of port A: 1'x
  Constant input on bit 1524 of port A: 1'x
  Constant input on bit 1525 of port A: 1'x
  Constant input on bit 1526 of port A: 1'x
  Constant input on bit 1527 of port A: 1'x
  Constant input on bit 1528 of port A: 1'x
  Constant input on bit 1529 of port A: 1'x
  Constant input on bit 1530 of port A: 1'x
  Constant input on bit 1531 of port A: 1'x
  Constant input on bit 1532 of port A: 1'x
  Constant input on bit 1533 of port A: 1'x
  Constant input on bit 1534 of port A: 1'x
  Constant input on bit 1535 of port A: 1'x
  Constant input on bit 1536 of port A: 1'1
  Constant input on bit 1537 of port A: 1'1
  Constant input on bit 1538 of port A: 1'1
  Constant input on bit 1539 of port A: 1'1
  Constant input on bit 1540 of port A: 1'x
  Constant input on bit 1541 of port A: 1'1
  Constant input on bit 1542 of port A: 1'x
  Constant input on bit 1543 of port A: 1'1
  Constant input on bit 1544 of port A: 1'x
  Constant input on bit 1545 of port A: 1'1
  Constant input on bit 1546 of port A: 1'x
  Constant input on bit 1547 of port A: 1'1
  Constant input on bit 1548 of port A: 1'x
  Constant input on bit 1549 of port A: 1'0
  Constant input on bit 1550 of port A: 1'x
  Constant input on bit 1551 of port A: 1'1
  Constant input on bit 1552 of port A: 1'x
  Constant input on bit 1553 of port A: 1'0
  Constant input on bit 1554 of port A: 1'x
  Constant input on bit 1555 of port A: 1'0
  Constant input on bit 1556 of port A: 1'x
  Constant input on bit 1557 of port A: 1'0
  Constant input on bit 1558 of port A: 1'x
  Constant input on bit 1559 of port A: 1'0
  Constant input on bit 1560 of port A: 1'x
  Constant input on bit 1561 of port A: 1'0
  Constant input on bit 1562 of port A: 1'x
  Constant input on bit 1563 of port A: 1'1
  Constant input on bit 1564 of port A: 1'x
  Constant input on bit 1565 of port A: 1'1
  Constant input on bit 1566 of port A: 1'x
  Constant input on bit 1567 of port A: 1'1
  Constant input on bit 1568 of port A: 1'1
  Constant input on bit 1569 of port A: 1'0
  Constant input on bit 1570 of port A: 1'0
  Constant input on bit 1571 of port A: 1'0
  Constant input on bit 1572 of port A: 1'x
  Constant input on bit 1573 of port A: 1'1
  Constant input on bit 1574 of port A: 1'x
  Constant input on bit 1575 of port A: 1'1
  Constant input on bit 1576 of port A: 1'x
  Constant input on bit 1577 of port A: 1'1
  Constant input on bit 1578 of port A: 1'x
  Constant input on bit 1579 of port A: 1'1
  Constant input on bit 1580 of port A: 1'x
  Constant input on bit 1581 of port A: 1'x
  Constant input on bit 1582 of port A: 1'x
  Constant input on bit 1583 of port A: 1'x
  Constant input on bit 1584 of port A: 1'x
  Constant input on bit 1585 of port A: 1'x
  Constant input on bit 1586 of port A: 1'x
  Constant input on bit 1587 of port A: 1'x
  Constant input on bit 1588 of port A: 1'x
  Constant input on bit 1589 of port A: 1'x
  Constant input on bit 1590 of port A: 1'x
  Constant input on bit 1591 of port A: 1'x
  Constant input on bit 1592 of port A: 1'x
  Constant input on bit 1593 of port A: 1'x
  Constant input on bit 1594 of port A: 1'x
  Constant input on bit 1595 of port A: 1'x
  Constant input on bit 1596 of port A: 1'x
  Constant input on bit 1597 of port A: 1'x
  Constant input on bit 1598 of port A: 1'x
  Constant input on bit 1599 of port A: 1'x
  Constant input on bit 1600 of port A: 1'1
  Constant input on bit 1601 of port A: 1'1
  Constant input on bit 1602 of port A: 1'1
  Constant input on bit 1603 of port A: 1'1
  Constant input on bit 1604 of port A: 1'x
  Constant input on bit 1605 of port A: 1'1
  Constant input on bit 1606 of port A: 1'x
  Constant input on bit 1607 of port A: 1'1
  Constant input on bit 1608 of port A: 1'x
  Constant input on bit 1609 of port A: 1'1
  Constant input on bit 1610 of port A: 1'x
  Constant input on bit 1611 of port A: 1'1
  Constant input on bit 1612 of port A: 1'x
  Constant input on bit 1613 of port A: 1'0
  Constant input on bit 1614 of port A: 1'x
  Constant input on bit 1615 of port A: 1'1
  Constant input on bit 1616 of port A: 1'x
  Constant input on bit 1617 of port A: 1'0
  Constant input on bit 1618 of port A: 1'x
  Constant input on bit 1619 of port A: 1'0
  Constant input on bit 1620 of port A: 1'x
  Constant input on bit 1621 of port A: 1'0
  Constant input on bit 1622 of port A: 1'x
  Constant input on bit 1623 of port A: 1'0
  Constant input on bit 1624 of port A: 1'x
  Constant input on bit 1625 of port A: 1'1
  Constant input on bit 1626 of port A: 1'x
  Constant input on bit 1627 of port A: 1'0
  Constant input on bit 1628 of port A: 1'x
  Constant input on bit 1629 of port A: 1'0
  Constant input on bit 1630 of port A: 1'x
  Constant input on bit 1631 of port A: 1'1
  Constant input on bit 1632 of port A: 1'0
  Constant input on bit 1633 of port A: 1'0
  Constant input on bit 1634 of port A: 1'1
  Constant input on bit 1635 of port A: 1'0
  Constant input on bit 1636 of port A: 1'x
  Constant input on bit 1637 of port A: 1'1
  Constant input on bit 1638 of port A: 1'x
  Constant input on bit 1639 of port A: 1'1
  Constant input on bit 1640 of port A: 1'x
  Constant input on bit 1641 of port A: 1'0
  Constant input on bit 1642 of port A: 1'x
  Constant input on bit 1643 of port A: 1'0
  Constant input on bit 1644 of port A: 1'x
  Constant input on bit 1645 of port A: 1'x
  Constant input on bit 1646 of port A: 1'x
  Constant input on bit 1647 of port A: 1'x
  Constant input on bit 1648 of port A: 1'x
  Constant input on bit 1649 of port A: 1'x
  Constant input on bit 1650 of port A: 1'x
  Constant input on bit 1651 of port A: 1'x
  Constant input on bit 1652 of port A: 1'x
  Constant input on bit 1653 of port A: 1'x
  Constant input on bit 1654 of port A: 1'x
  Constant input on bit 1655 of port A: 1'x
  Constant input on bit 1656 of port A: 1'x
  Constant input on bit 1657 of port A: 1'x
  Constant input on bit 1658 of port A: 1'x
  Constant input on bit 1659 of port A: 1'x
  Constant input on bit 1660 of port A: 1'x
  Constant input on bit 1661 of port A: 1'x
  Constant input on bit 1662 of port A: 1'x
  Constant input on bit 1663 of port A: 1'x
  Constant input on bit 1664 of port A: 1'0
  Constant input on bit 1665 of port A: 1'0
  Constant input on bit 1666 of port A: 1'0
  Constant input on bit 1667 of port A: 1'0
  Constant input on bit 1668 of port A: 1'x
  Constant input on bit 1669 of port A: 1'1
  Constant input on bit 1670 of port A: 1'x
  Constant input on bit 1671 of port A: 1'0
  Constant input on bit 1672 of port A: 1'x
  Constant input on bit 1673 of port A: 1'1
  Constant input on bit 1674 of port A: 1'x
  Constant input on bit 1675 of port A: 1'0
  Constant input on bit 1676 of port A: 1'x
  Constant input on bit 1677 of port A: 1'1
  Constant input on bit 1678 of port A: 1'x
  Constant input on bit 1679 of port A: 1'1
  Constant input on bit 1680 of port A: 1'x
  Constant input on bit 1681 of port A: 1'1
  Constant input on bit 1682 of port A: 1'x
  Constant input on bit 1683 of port A: 1'0
  Constant input on bit 1684 of port A: 1'x
  Constant input on bit 1685 of port A: 1'1
  Constant input on bit 1686 of port A: 1'x
  Constant input on bit 1687 of port A: 1'1
  Constant input on bit 1688 of port A: 1'x
  Constant input on bit 1689 of port A: 1'0
  Constant input on bit 1690 of port A: 1'x
  Constant input on bit 1691 of port A: 1'1
  Constant input on bit 1692 of port A: 1'x
  Constant input on bit 1693 of port A: 1'0
  Constant input on bit 1694 of port A: 1'x
  Constant input on bit 1695 of port A: 1'1
  Constant input on bit 1696 of port A: 1'0
  Constant input on bit 1697 of port A: 1'1
  Constant input on bit 1698 of port A: 1'0
  Constant input on bit 1699 of port A: 1'1
  Constant input on bit 1700 of port A: 1'x
  Constant input on bit 1701 of port A: 1'1
  Constant input on bit 1702 of port A: 1'x
  Constant input on bit 1703 of port A: 1'1
  Constant input on bit 1704 of port A: 1'x
  Constant input on bit 1705 of port A: 1'0
  Constant input on bit 1706 of port A: 1'x
  Constant input on bit 1707 of port A: 1'1
  Constant input on bit 1708 of port A: 1'x
  Constant input on bit 1709 of port A: 1'x
  Constant input on bit 1710 of port A: 1'x
  Constant input on bit 1711 of port A: 1'x
  Constant input on bit 1712 of port A: 1'x
  Constant input on bit 1713 of port A: 1'x
  Constant input on bit 1714 of port A: 1'x
  Constant input on bit 1715 of port A: 1'x
  Constant input on bit 1716 of port A: 1'x
  Constant input on bit 1717 of port A: 1'x
  Constant input on bit 1718 of port A: 1'x
  Constant input on bit 1719 of port A: 1'x
  Constant input on bit 1720 of port A: 1'x
  Constant input on bit 1721 of port A: 1'x
  Constant input on bit 1722 of port A: 1'x
  Constant input on bit 1723 of port A: 1'x
  Constant input on bit 1724 of port A: 1'x
  Constant input on bit 1725 of port A: 1'x
  Constant input on bit 1726 of port A: 1'x
  Constant input on bit 1727 of port A: 1'x
  Constant input on bit 1728 of port A: 1'0
  Constant input on bit 1729 of port A: 1'1
  Constant input on bit 1730 of port A: 1'0
  Constant input on bit 1731 of port A: 1'1
  Constant input on bit 1732 of port A: 1'x
  Constant input on bit 1733 of port A: 1'0
  Constant input on bit 1734 of port A: 1'x
  Constant input on bit 1735 of port A: 1'0
  Constant input on bit 1736 of port A: 1'x
  Constant input on bit 1737 of port A: 1'1
  Constant input on bit 1738 of port A: 1'x
  Constant input on bit 1739 of port A: 1'1
  Constant input on bit 1740 of port A: 1'x
  Constant input on bit 1741 of port A: 1'1
  Constant input on bit 1742 of port A: 1'x
  Constant input on bit 1743 of port A: 1'0
  Constant input on bit 1744 of port A: 1'x
  Constant input on bit 1745 of port A: 1'1
  Constant input on bit 1746 of port A: 1'x
  Constant input on bit 1747 of port A: 1'1
  Constant input on bit 1748 of port A: 1'x
  Constant input on bit 1749 of port A: 1'1
  Constant input on bit 1750 of port A: 1'x
  Constant input on bit 1751 of port A: 1'0
  Constant input on bit 1752 of port A: 1'x
  Constant input on bit 1753 of port A: 1'0
  Constant input on bit 1754 of port A: 1'x
  Constant input on bit 1755 of port A: 1'1
  Constant input on bit 1756 of port A: 1'x
  Constant input on bit 1757 of port A: 1'1
  Constant input on bit 1758 of port A: 1'x
  Constant input on bit 1759 of port A: 1'1
  Constant input on bit 1760 of port A: 1'0
  Constant input on bit 1761 of port A: 1'1
  Constant input on bit 1762 of port A: 1'0
  Constant input on bit 1763 of port A: 1'0
  Constant input on bit 1764 of port A: 1'x
  Constant input on bit 1765 of port A: 1'1
  Constant input on bit 1766 of port A: 1'x
  Constant input on bit 1767 of port A: 1'1
  Constant input on bit 1768 of port A: 1'x
  Constant input on bit 1769 of port A: 1'0
  Constant input on bit 1770 of port A: 1'x
  Constant input on bit 1771 of port A: 1'0
  Constant input on bit 1772 of port A: 1'x
  Constant input on bit 1773 of port A: 1'x
  Constant input on bit 1774 of port A: 1'x
  Constant input on bit 1775 of port A: 1'x
  Constant input on bit 1776 of port A: 1'x
  Constant input on bit 1777 of port A: 1'x
  Constant input on bit 1778 of port A: 1'x
  Constant input on bit 1779 of port A: 1'x
  Constant input on bit 1780 of port A: 1'x
  Constant input on bit 1781 of port A: 1'x
  Constant input on bit 1782 of port A: 1'x
  Constant input on bit 1783 of port A: 1'x
  Constant input on bit 1784 of port A: 1'x
  Constant input on bit 1785 of port A: 1'x
  Constant input on bit 1786 of port A: 1'x
  Constant input on bit 1787 of port A: 1'x
  Constant input on bit 1788 of port A: 1'x
  Constant input on bit 1789 of port A: 1'x
  Constant input on bit 1790 of port A: 1'x
  Constant input on bit 1791 of port A: 1'x
  Constant input on bit 1792 of port A: 1'0
  Constant input on bit 1793 of port A: 1'0
  Constant input on bit 1794 of port A: 1'1
  Constant input on bit 1795 of port A: 1'1
  Constant input on bit 1796 of port A: 1'x
  Constant input on bit 1797 of port A: 1'1
  Constant input on bit 1798 of port A: 1'x
  Constant input on bit 1799 of port A: 1'1
  Constant input on bit 1800 of port A: 1'x
  Constant input on bit 1801 of port A: 1'1
  Constant input on bit 1802 of port A: 1'x
  Constant input on bit 1803 of port A: 1'1
  Constant input on bit 1804 of port A: 1'x
  Constant input on bit 1805 of port A: 1'1
  Constant input on bit 1806 of port A: 1'x
  Constant input on bit 1807 of port A: 1'1
  Constant input on bit 1808 of port A: 1'x
  Constant input on bit 1809 of port A: 1'1
  Constant input on bit 1810 of port A: 1'x
  Constant input on bit 1811 of port A: 1'1
  Constant input on bit 1812 of port A: 1'x
  Constant input on bit 1813 of port A: 1'1
  Constant input on bit 1814 of port A: 1'x
  Constant input on bit 1815 of port A: 1'0
  Constant input on bit 1816 of port A: 1'x
  Constant input on bit 1817 of port A: 1'1
  Constant input on bit 1818 of port A: 1'x
  Constant input on bit 1819 of port A: 1'1
  Constant input on bit 1820 of port A: 1'x
  Constant input on bit 1821 of port A: 1'0
  Constant input on bit 1822 of port A: 1'x
  Constant input on bit 1823 of port A: 1'1
  Constant input on bit 1824 of port A: 1'0
  Constant input on bit 1825 of port A: 1'0
  Constant input on bit 1826 of port A: 1'1
  Constant input on bit 1827 of port A: 1'0
  Constant input on bit 1828 of port A: 1'x
  Constant input on bit 1829 of port A: 1'0
  Constant input on bit 1830 of port A: 1'x
  Constant input on bit 1831 of port A: 1'0
  Constant input on bit 1832 of port A: 1'x
  Constant input on bit 1833 of port A: 1'1
  Constant input on bit 1834 of port A: 1'x
  Constant input on bit 1835 of port A: 1'1
  Constant input on bit 1836 of port A: 1'x
  Constant input on bit 1837 of port A: 1'x
  Constant input on bit 1838 of port A: 1'x
  Constant input on bit 1839 of port A: 1'x
  Constant input on bit 1840 of port A: 1'x
  Constant input on bit 1841 of port A: 1'x
  Constant input on bit 1842 of port A: 1'x
  Constant input on bit 1843 of port A: 1'x
  Constant input on bit 1844 of port A: 1'x
  Constant input on bit 1845 of port A: 1'x
  Constant input on bit 1846 of port A: 1'x
  Constant input on bit 1847 of port A: 1'x
  Constant input on bit 1848 of port A: 1'x
  Constant input on bit 1849 of port A: 1'x
  Constant input on bit 1850 of port A: 1'x
  Constant input on bit 1851 of port A: 1'x
  Constant input on bit 1852 of port A: 1'x
  Constant input on bit 1853 of port A: 1'x
  Constant input on bit 1854 of port A: 1'x
  Constant input on bit 1855 of port A: 1'x
  Constant input on bit 1856 of port A: 1'0
  Constant input on bit 1857 of port A: 1'0
  Constant input on bit 1858 of port A: 1'0
  Constant input on bit 1859 of port A: 1'0
  Constant input on bit 1860 of port A: 1'x
  Constant input on bit 1861 of port A: 1'1
  Constant input on bit 1862 of port A: 1'x
  Constant input on bit 1863 of port A: 1'0
  Constant input on bit 1864 of port A: 1'x
  Constant input on bit 1865 of port A: 1'1
  Constant input on bit 1866 of port A: 1'x
  Constant input on bit 1867 of port A: 1'0
  Constant input on bit 1868 of port A: 1'x
  Constant input on bit 1869 of port A: 1'0
  Constant input on bit 1870 of port A: 1'x
  Constant input on bit 1871 of port A: 1'1
  Constant input on bit 1872 of port A: 1'x
  Constant input on bit 1873 of port A: 1'0
  Constant input on bit 1874 of port A: 1'x
  Constant input on bit 1875 of port A: 1'1
  Constant input on bit 1876 of port A: 1'x
  Constant input on bit 1877 of port A: 1'1
  Constant input on bit 1878 of port A: 1'x
  Constant input on bit 1879 of port A: 1'1
  Constant input on bit 1880 of port A: 1'x
  Constant input on bit 1881 of port A: 1'0
  Constant input on bit 1882 of port A: 1'x
  Constant input on bit 1883 of port A: 1'1
  Constant input on bit 1884 of port A: 1'x
  Constant input on bit 1885 of port A: 1'0
  Constant input on bit 1886 of port A: 1'x
  Constant input on bit 1887 of port A: 1'1
  Constant input on bit 1888 of port A: 1'1
  Constant input on bit 1889 of port A: 1'0
  Constant input on bit 1890 of port A: 1'1
  Constant input on bit 1891 of port A: 1'0
  Constant input on bit 1892 of port A: 1'x
  Constant input on bit 1893 of port A: 1'0
  Constant input on bit 1894 of port A: 1'x
  Constant input on bit 1895 of port A: 1'1
  Constant input on bit 1896 of port A: 1'x
  Constant input on bit 1897 of port A: 1'1
  Constant input on bit 1898 of port A: 1'x
  Constant input on bit 1899 of port A: 1'0
  Constant input on bit 1900 of port A: 1'x
  Constant input on bit 1901 of port A: 1'x
  Constant input on bit 1902 of port A: 1'x
  Constant input on bit 1903 of port A: 1'x
  Constant input on bit 1904 of port A: 1'x
  Constant input on bit 1905 of port A: 1'x
  Constant input on bit 1906 of port A: 1'x
  Constant input on bit 1907 of port A: 1'x
  Constant input on bit 1908 of port A: 1'x
  Constant input on bit 1909 of port A: 1'x
  Constant input on bit 1910 of port A: 1'x
  Constant input on bit 1911 of port A: 1'x
  Constant input on bit 1912 of port A: 1'x
  Constant input on bit 1913 of port A: 1'x
  Constant input on bit 1914 of port A: 1'x
  Constant input on bit 1915 of port A: 1'x
  Constant input on bit 1916 of port A: 1'x
  Constant input on bit 1917 of port A: 1'x
  Constant input on bit 1918 of port A: 1'x
  Constant input on bit 1919 of port A: 1'x
  Constant input on bit 1920 of port A: 1'0
  Constant input on bit 1921 of port A: 1'0
  Constant input on bit 1922 of port A: 1'0
  Constant input on bit 1923 of port A: 1'0
  Constant input on bit 1924 of port A: 1'x
  Constant input on bit 1925 of port A: 1'0
  Constant input on bit 1926 of port A: 1'x
  Constant input on bit 1927 of port A: 1'1
  Constant input on bit 1928 of port A: 1'x
  Constant input on bit 1929 of port A: 1'0
  Constant input on bit 1930 of port A: 1'x
  Constant input on bit 1931 of port A: 1'1
  Constant input on bit 1932 of port A: 1'x
  Constant input on bit 1933 of port A: 1'1
  Constant input on bit 1934 of port A: 1'x
  Constant input on bit 1935 of port A: 1'1
  Constant input on bit 1936 of port A: 1'x
  Constant input on bit 1937 of port A: 1'0
  Constant input on bit 1938 of port A: 1'x
  Constant input on bit 1939 of port A: 1'0
  Constant input on bit 1940 of port A: 1'x
  Constant input on bit 1941 of port A: 1'1
  Constant input on bit 1942 of port A: 1'x
  Constant input on bit 1943 of port A: 1'0
  Constant input on bit 1944 of port A: 1'x
  Constant input on bit 1945 of port A: 1'1
  Constant input on bit 1946 of port A: 1'x
  Constant input on bit 1947 of port A: 1'1
  Constant input on bit 1948 of port A: 1'x
  Constant input on bit 1949 of port A: 1'0
  Constant input on bit 1950 of port A: 1'x
  Constant input on bit 1951 of port A: 1'0
  Constant input on bit 1952 of port A: 1'1
  Constant input on bit 1953 of port A: 1'1
  Constant input on bit 1954 of port A: 1'0
  Constant input on bit 1955 of port A: 1'1
  Constant input on bit 1956 of port A: 1'x
  Constant input on bit 1957 of port A: 1'0
  Constant input on bit 1958 of port A: 1'x
  Constant input on bit 1959 of port A: 1'0
  Constant input on bit 1960 of port A: 1'x
  Constant input on bit 1961 of port A: 1'1
  Constant input on bit 1962 of port A: 1'x
  Constant input on bit 1963 of port A: 1'0
  Constant input on bit 1964 of port A: 1'x
  Constant input on bit 1965 of port A: 1'x
  Constant input on bit 1966 of port A: 1'x
  Constant input on bit 1967 of port A: 1'x
  Constant input on bit 1968 of port A: 1'x
  Constant input on bit 1969 of port A: 1'x
  Constant input on bit 1970 of port A: 1'x
  Constant input on bit 1971 of port A: 1'x
  Constant input on bit 1972 of port A: 1'x
  Constant input on bit 1973 of port A: 1'x
  Constant input on bit 1974 of port A: 1'x
  Constant input on bit 1975 of port A: 1'x
  Constant input on bit 1976 of port A: 1'x
  Constant input on bit 1977 of port A: 1'x
  Constant input on bit 1978 of port A: 1'x
  Constant input on bit 1979 of port A: 1'x
  Constant input on bit 1980 of port A: 1'x
  Constant input on bit 1981 of port A: 1'x
  Constant input on bit 1982 of port A: 1'x
  Constant input on bit 1983 of port A: 1'x
  Constant input on bit 1984 of port A: 1'0
  Constant input on bit 1985 of port A: 1'0
  Constant input on bit 1986 of port A: 1'0
  Constant input on bit 1987 of port A: 1'0
  Constant input on bit 1988 of port A: 1'x
  Constant input on bit 1989 of port A: 1'1
  Constant input on bit 1990 of port A: 1'x
  Constant input on bit 1991 of port A: 1'1
  Constant input on bit 1992 of port A: 1'x
  Constant input on bit 1993 of port A: 1'1
  Constant input on bit 1994 of port A: 1'x
  Constant input on bit 1995 of port A: 1'1
  Constant input on bit 1996 of port A: 1'x
  Constant input on bit 1997 of port A: 1'0
  Constant input on bit 1998 of port A: 1'x
  Constant input on bit 1999 of port A: 1'0
  Constant input on bit 2000 of port A: 1'x
  Constant input on bit 2001 of port A: 1'0
  Constant input on bit 2002 of port A: 1'x
  Constant input on bit 2003 of port A: 1'1
  Constant input on bit 2004 of port A: 1'x
  Constant input on bit 2005 of port A: 1'0
  Constant input on bit 2006 of port A: 1'x
  Constant input on bit 2007 of port A: 1'0
  Constant input on bit 2008 of port A: 1'x
  Constant input on bit 2009 of port A: 1'1
  Constant input on bit 2010 of port A: 1'x
  Constant input on bit 2011 of port A: 1'0
  Constant input on bit 2012 of port A: 1'x
  Constant input on bit 2013 of port A: 1'1
  Constant input on bit 2014 of port A: 1'x
  Constant input on bit 2015 of port A: 1'1
  Constant input on bit 2016 of port A: 1'1
  Constant input on bit 2017 of port A: 1'0
  Constant input on bit 2018 of port A: 1'0
  Constant input on bit 2019 of port A: 1'1
  Constant input on bit 2020 of port A: 1'x
  Constant input on bit 2021 of port A: 1'1
  Constant input on bit 2022 of port A: 1'x
  Constant input on bit 2023 of port A: 1'1
  Constant input on bit 2024 of port A: 1'x
  Constant input on bit 2025 of port A: 1'0
  Constant input on bit 2026 of port A: 1'x
  Constant input on bit 2027 of port A: 1'0
Creating constmapped module `$paramod$constmap:16ba0eac0161c517816decc37a5d8318625bc4bd$paramod$9b1b0a3d3ba9221194433f342942b65378af0883\_90_shift_shiftx'.

15.21.47. Executing OPT_MUXTREE pass (detect dead branches in mux trees).
Running muxtree optimizer on module $paramod$constmap:16ba0eac0161c517816decc37a5d8318625bc4bd$paramod$9b1b0a3d3ba9221194433f342942b65378af0883\_90_shift_shiftx..
  Creating internal representation of mux trees.
  Evaluating internal representation of mux trees.
  Analyzing evaluation results.
    dead port 2/2 on $mux $procmux$4942.
    dead port 2/2 on $mux $procmux$4936.
    dead port 2/2 on $mux $procmux$4930.
    dead port 2/2 on $mux $procmux$4924.
    dead port 2/2 on $mux $procmux$4918.
    dead port 2/2 on $mux $procmux$4912.
    dead port 2/2 on $mux $procmux$4906.
    dead port 2/2 on $mux $procmux$4900.
    dead port 2/2 on $mux $procmux$4894.
    dead port 2/2 on $mux $procmux$4888.
    dead port 2/2 on $mux $procmux$4882.
Removed 11 multiplexer ports.
<suppressed ~3294 debug messages>

15.21.48. Executing OPT_EXPR pass (perform const folding).
Optimizing module $paramod$constmap:16ba0eac0161c517816decc37a5d8318625bc4bd$paramod$9b1b0a3d3ba9221194433f342942b65378af0883\_90_shift_shiftx.
<suppressed ~3 debug messages>
Removed 0 unused cells and 17 unused wires.
Using template $paramod$constmap:16ba0eac0161c517816decc37a5d8318625bc4bd$paramod$9b1b0a3d3ba9221194433f342942b65378af0883\_90_shift_shiftx for cells of type $shiftx.
Using extmapper simplemap for cells of type $xor.
Using template $paramod$f956edc9fe4df758d9fdb10bfc518a364c99e75e\_90_alu for cells of type $alu.
Using template $paramod$8742280fdebca84e1c87f2a86ed84f62d558f4cc\_90_alu for cells of type $alu.
Using template $paramod$constmap:c1a8fb521397bdb25685af64f8a75addca38b68a$paramod$05fd02ee8975e559bee57b6e5e564b3ecd2ab687\_90_shift_shiftx for cells of type $shiftx.
Using template $paramod$3ef7d3dd227da7627a99c5e5a6a4deb817573e39\_90_alu for cells of type $alu.
Using template $paramod$ed0bb9616228df1e6c226f91f8133e751815f1b1\_90_pmux for cells of type $pmux.
Using template $paramod$85df5dc01c7df96a7d8e5f1fdf76ce9ac452af63\_90_pmux for cells of type $pmux.
Using extmapper simplemap for cells of type $sdffe.
Using template $paramod$75108d6e8d490ab2eec24aee458e87cb2a6c124c\_90_alu for cells of type $alu.
Using extmapper simplemap for cells of type $pos.
Using template $paramod\_90_lcu_brent_kung\WIDTH=32'00000000000000000000000000000110 for cells of type $lcu.
Using template $paramod\_90_lcu_brent_kung\WIDTH=32'00000000000000000000000000000011 for cells of type $lcu.
Using template $paramod\_90_lcu_brent_kung\WIDTH=32'00000000000000000000000000000010 for cells of type $lcu.
Using template $paramod\_90_lcu_brent_kung\WIDTH=32'00000000000000000000000000000111 for cells of type $lcu.
Using template $paramod\_90_lcu_brent_kung\WIDTH=32'00000000000000000000000000000100 for cells of type $lcu.
Using template $paramod\_90_lcu_brent_kung\WIDTH=32'00000000000000000000000000000101 for cells of type $lcu.
Using template $paramod\_90_lcu_brent_kung\WIDTH=32'00000000000000000000000000001101 for cells of type $lcu.
Using template $paramod\_90_lcu_brent_kung\WIDTH=32'00000000000000000000000000000001 for cells of type $lcu.
Using template $paramod\_90_lcu_brent_kung\WIDTH=32'00000000000000000000000000001000 for cells of type $lcu.
Using template $paramod\_90_fa\WIDTH=32'00000000000000000000000000000001 for cells of type $fa.
No more expansions possible.
<suppressed ~2020 debug messages>

15.22. Executing OPT pass (performing simple optimizations).

15.22.1. Executing OPT_EXPR pass (perform const folding).
Optimizing module tt_um_rumcajs.
<suppressed ~5098 debug messages>

15.22.2. Executing OPT_MERGE pass (detect identical cells).
Finding identical cells in module `\tt_um_rumcajs'.
<suppressed ~31506 debug messages>
Removed a total of 10502 cells.

15.22.3. Executing OPT_DFF pass (perform DFF optimizations).

15.22.4. Executing OPT_CLEAN pass (remove unused cells and wires).
Finding unused cells or wires in module \tt_um_rumcajs..
Removed 30466 unused cells and 1448 unused wires.
<suppressed ~30467 debug messages>

15.22.5. Finished fast OPT passes.

15.23. Executing HIERARCHY pass (managing design hierarchy).
Attribute `top' found on module `tt_um_rumcajs'. Setting top module to tt_um_rumcajs.

15.23.1. Analyzing design hierarchy..
Top module:  \tt_um_rumcajs

15.23.2. Analyzing design hierarchy..
Top module:  \tt_um_rumcajs
Removed 0 unused modules.

15.24. Printing statistics.

=== tt_um_rumcajs ===

   Number of wires:               1153
   Number of wire bits:          41282
   Number of public wires:         277
   Number of public wire bits:     634
   Number of ports:                  8
   Number of port bits:             43
   Number of memories:               0
   Number of memory bits:            0
   Number of processes:              0
   Number of cells:               2252
     $_AND_                        290
     $_DFFE_PN0N_                    2
     $_DFFE_PN0P_                   66
     $_DFF_PN0_                     71
     $_DFF_PN1_                      4
     $_MUX_                       1036
     $_NOT_                        194
     $_OR_                         411
     $_SDFFE_PP0N_                   3
     $_SDFFE_PP0P_                  64
     $_SDFF_PP0_                     3
     $_XOR_                         96
     $scopeinfo                     12

15.25. Executing CHECK pass (checking for obvious problems).
Checking module tt_um_rumcajs...
Found and reported 0 problems.

16. Executing DFFLIBMAP pass (mapping DFF cells to sequential cells from liberty file).
  cell sg13g2_dfrbpq_1 (noninv, pins=4, area=48.99) is a direct match for cell type $_DFF_PN0_.
  final dff cell mappings:
    unmapped dff cell: $_DFF_N_
    unmapped dff cell: $_DFF_P_
    unmapped dff cell: $_DFF_NN0_
    unmapped dff cell: $_DFF_NN1_
    unmapped dff cell: $_DFF_NP0_
    unmapped dff cell: $_DFF_NP1_
    \sg13g2_dfrbpq_1 _DFF_PN0_ (.CLK( C), .D( D), .Q( Q), .RESET_B( R));
    unmapped dff cell: $_DFF_PN1_
    unmapped dff cell: $_DFF_PP0_
    unmapped dff cell: $_DFF_PP1_
    unmapped dff cell: $_DFFE_NN_
    unmapped dff cell: $_DFFE_NP_
    unmapped dff cell: $_DFFE_PN_
    unmapped dff cell: $_DFFE_PP_
    unmapped dff cell: $_DFFSR_NNN_
    unmapped dff cell: $_DFFSR_NNP_
    unmapped dff cell: $_DFFSR_NPN_
    unmapped dff cell: $_DFFSR_NPP_
    unmapped dff cell: $_DFFSR_PNN_
    unmapped dff cell: $_DFFSR_PNP_
    unmapped dff cell: $_DFFSR_PPN_
    unmapped dff cell: $_DFFSR_PPP_

16.1. Executing DFFLEGALIZE pass (convert FFs to types supported by the target).
<suppressed ~4 debug messages>
Mapping DFF cells in module `\tt_um_rumcajs':
  mapped 213 $_DFF_PN0_ cells to \sg13g2_dfrbpq_1 cells.

17. Executing ABC pass (technology mapping using ABC).

17.1. Extracting gate netlist of module `\tt_um_rumcajs' to `<abc-temp-dir>/input.blif'..
Replacing 61 occurrences of constant undef bits with constant zero bits
Extracted 2240 gates and 2448 wires to a netlist network with 205 inputs and 203 outputs.

17.1.1. Executing ABC.
Running ABC command: "<yosys-exe-dir>/yosys-abc" -s -f <abc-temp-dir>/abc.script 2>&1
ABC: ABC command line: "source <abc-temp-dir>/abc.script".
ABC: 
ABC: + read_blif <abc-temp-dir>/input.blif 
ABC: + read_lib -w /mnt/c/Users/user/Desktop/HACKATHON/.tools/IHP-Open-PDK-partial/ihp-sg13g2/libs.ref/sg13g2_stdcell/lib/sg13g2_stdcell_typ_1p20V_25C.lib 
ABC: Parsing finished successfully.  Parsing time =     0.02 sec
ABC: Scl_LibertyReadGenlib() skipped cell "sg13g2_antennanp" due to dont_use attribute.
ABC: Scl_LibertyReadGenlib() skipped cell "sg13g2_decap_4" due to dont_use attribute.
ABC: Scl_LibertyReadGenlib() skipped cell "sg13g2_decap_8" due to dont_use attribute.
ABC: Scl_LibertyReadGenlib() skipped sequential cell "sg13g2_dfrbp_1".
ABC: Scl_LibertyReadGenlib() skipped sequential cell "sg13g2_dfrbp_2".
ABC: Scl_LibertyReadGenlib() skipped sequential cell "sg13g2_dfrbpq_1".
ABC: Scl_LibertyReadGenlib() skipped sequential cell "sg13g2_dfrbpq_2".
ABC: Scl_LibertyReadGenlib() skipped sequential cell "sg13g2_dlhq_1".
ABC: Scl_LibertyReadGenlib() skipped sequential cell "sg13g2_dlhr_1".
ABC: Scl_LibertyReadGenlib() skipped sequential cell "sg13g2_dlhrq_1".
ABC: Scl_LibertyReadGenlib() skipped sequential cell "sg13g2_dllr_1".
ABC: Scl_LibertyReadGenlib() skipped sequential cell "sg13g2_dllrq_1".
ABC: Scl_LibertyReadGenlib() skipped three-state cell "sg13g2_ebufn_2".
ABC: Scl_LibertyReadGenlib() skipped three-state cell "sg13g2_ebufn_4".
ABC: Scl_LibertyReadGenlib() skipped three-state cell "sg13g2_ebufn_8".
ABC: Scl_LibertyReadGenlib() skipped three-state cell "sg13g2_einvn_2".
ABC: Scl_LibertyReadGenlib() skipped three-state cell "sg13g2_einvn_4".
ABC: Scl_LibertyReadGenlib() skipped three-state cell "sg13g2_einvn_8".
ABC: Scl_LibertyReadGenlib() skipped cell "sg13g2_fill_1" due to dont_use attribute.
ABC: Scl_LibertyReadGenlib() skipped cell "sg13g2_fill_2" due to dont_use attribute.
ABC: Scl_LibertyReadGenlib() skipped cell "sg13g2_fill_4" due to dont_use attribute.
ABC: Scl_LibertyReadGenlib() skipped cell "sg13g2_fill_8" due to dont_use attribute.
ABC: Scl_LibertyReadGenlib() skipped cell "sg13g2_lgcp_1" due to dont_use attribute.
ABC: Scl_LibertyReadGenlib() skipped sequential cell "sg13g2_sdfbbp_1".
ABC: Scl_LibertyReadGenlib() skipped sequential cell "sg13g2_sdfrbp_1".
ABC: Scl_LibertyReadGenlib() skipped sequential cell "sg13g2_sdfrbp_2".
ABC: Scl_LibertyReadGenlib() skipped sequential cell "sg13g2_sdfrbpq_1".
ABC: Scl_LibertyReadGenlib() skipped sequential cell "sg13g2_sdfrbpq_2".
ABC: Scl_LibertyReadGenlib() skipped cell "sg13g2_sighold" due to dont_use attribute.
ABC: Scl_LibertyReadGenlib() skipped cell "sg13g2_slgcp_1" due to dont_use attribute.
ABC: Library "sg13g2_stdcell_typ_1p20V_25C" from "/mnt/c/Users/user/Desktop/HACKATHON/.tools/IHP-Open-PDK-partial/ihp-sg13g2/libs.ref/sg13g2_stdcell/lib/sg13g2_stdcell_typ_1p20V_25C.lib" has 54 cells (20 skipped: 14 seq; 6 tri-state; 0 no func; 10 dont_use).  Time =     0.02 sec
ABC: Memory =    2.85 MB. Time =     0.02 sec
ABC: + strash 
ABC: + &get -n 
ABC: + &fraig -x 
ABC: + &put 
ABC: + scorr 
ABC: Warning: The network is combinational (run "fraig" or "fraig_sweep").
ABC: + dc2 
ABC: + dretime 
ABC: + strash 
ABC: + &get -n 
ABC: + &dch -f 
ABC: + &nf -a -F 16 -A 8 -R 1000 
ABC: + &put 
ABC: + write_blif <abc-temp-dir>/output.blif 

17.1.2. Re-integrating ABC results.
ABC RESULTS:     sg13g2_a21o_1 cells:       19
ABC RESULTS:    sg13g2_a21oi_1 cells:      224
ABC RESULTS:   sg13g2_a221oi_1 cells:       38
ABC RESULTS:    sg13g2_a22oi_1 cells:       29
ABC RESULTS:     sg13g2_and2_1 cells:       33
ABC RESULTS:     sg13g2_and3_1 cells:       16
ABC RESULTS:     sg13g2_and4_1 cells:        4
ABC RESULTS:      sg13g2_inv_1 cells:       68
ABC RESULTS:     sg13g2_mux2_1 cells:        8
ABC RESULTS:    sg13g2_nand2_1 cells:      275
ABC RESULTS:   sg13g2_nand2b_1 cells:       31
ABC RESULTS:    sg13g2_nand3_1 cells:       78
ABC RESULTS:   sg13g2_nand3b_1 cells:        9
ABC RESULTS:    sg13g2_nand4_1 cells:       21
ABC RESULTS:     sg13g2_nor2_1 cells:      133
ABC RESULTS:    sg13g2_nor2b_1 cells:       25
ABC RESULTS:     sg13g2_nor3_1 cells:       59
ABC RESULTS:     sg13g2_nor4_1 cells:       22
ABC RESULTS:    sg13g2_o21ai_1 cells:      118
ABC RESULTS:      sg13g2_or2_1 cells:       16
ABC RESULTS:      sg13g2_or3_1 cells:        2
ABC RESULTS:      sg13g2_or4_1 cells:        1
ABC RESULTS:    sg13g2_xnor2_1 cells:       25
ABC RESULTS:     sg13g2_xor2_1 cells:       26
ABC RESULTS:        internal signals:     2040
ABC RESULTS:           input signals:      205
ABC RESULTS:          output signals:      203
Removing temp directory.
Removed 0 unused cells and 1397 unused wires.

18. Printing statistics.

=== tt_um_rumcajs ===

   Number of wires:               1454
   Number of wire bits:           1772
   Number of public wires:         179
   Number of public wire bits:     497
   Number of ports:                  8
   Number of port bits:             43
   Number of memories:               0
   Number of memory bits:            0
   Number of processes:              0
   Number of cells:               1505
     $scopeinfo                     12
     sg13g2_a21o_1                  19
     sg13g2_a21oi_1                224
     sg13g2_a221oi_1                38
     sg13g2_a22oi_1                 29
     sg13g2_and2_1                  33
     sg13g2_and3_1                  16
     sg13g2_and4_1                   4
     sg13g2_dfrbpq_1               213
     sg13g2_inv_1                   68
     sg13g2_mux2_1                   8
     sg13g2_nand2_1                275
     sg13g2_nand2b_1                31
     sg13g2_nand3_1                 78
     sg13g2_nand3b_1                 9
     sg13g2_nand4_1                 21
     sg13g2_nor2_1                 133
     sg13g2_nor2b_1                 25
     sg13g2_nor3_1                  59
     sg13g2_nor4_1                  22
     sg13g2_o21ai_1                118
     sg13g2_or2_1                   16
     sg13g2_or3_1                    2
     sg13g2_or4_1                    1
     sg13g2_xnor2_1                 25
     sg13g2_xor2_1                  26

   Area for cell type $scopeinfo is unknown!

   Chip area for module '\tt_um_rumcajs': 21940.443000
     of which used for sequential elements: 10434.614400 (47.56%)

19. Executing CHECK pass (checking for obvious problems).
Checking module tt_um_rumcajs...
Found and reported 0 problems.

20. Executing Verilog backend.

20.1. Executing BMUXMAP pass.

20.2. Executing DEMUXMAP pass.
Dumping module `\tt_um_rumcajs'.

End of script. Logfile hash: 8891e0de0e, CPU: user 2.42s system 0.15s, MEM: 114.90 MB peak
Yosys 0.52 (git sha1 fee39a3284c90249e1d9684cf6944ffbbcbb8f90)
Time spent: 26% 44x opt_expr (0 sec), 16% 26x opt_merge (0 sec), ...
