
 /----------------------------------------------------------------------------\
 |  yosys -- Yosys Open SYnthesis Suite                                       |
 |  Copyright (C) 2012 - 2025  Claire Xenia Wolf <claire@yosyshq.com>         |
 |  Distributed under an ISC-like license, type "license" to see terms        |
 \----------------------------------------------------------------------------/
 Yosys 0.52 (git sha1 fee39a3284c90249e1d9684cf6944ffbbcbb8f90)

-- Running command `read_liberty -lib -ignore_miss_func .tools/IHP-Open-PDK-partial/ihp-sg13g2/libs.ref/sg13g2_stdcell/lib/sg13g2_stdcell_typ_1p20V_25C.lib; read_verilog  src/auth_ctrl.v src/buzzer.v src/kb.v src/project.v src/regs.v src/reset_release.v src/rumcajs.v src/serial_link.v src/sync2.v src/szymon.v .build/eight-ideas/baseline.v src/timebase.v; hierarchy -check -top szymon_fixed; synth -top szymon_fixed -flatten -noabc; dfflibmap -liberty .tools/IHP-Open-PDK-partial/ihp-sg13g2/libs.ref/sg13g2_stdcell/lib/sg13g2_stdcell_typ_1p20V_25C.lib; abc -liberty .tools/IHP-Open-PDK-partial/ihp-sg13g2/libs.ref/sg13g2_stdcell/lib/sg13g2_stdcell_typ_1p20V_25C.lib -script "+strash; &get -n; &fraig -x; &put; scorr; dc2; dretime; strash; &get -n; &dch -f; &nf -a -F 16 -A 8 -R 1000; &put"; clean; stat -liberty .tools/IHP-Open-PDK-partial/ihp-sg13g2/libs.ref/sg13g2_stdcell/lib/sg13g2_stdcell_typ_1p20V_25C.lib; check; write_verilog -noattr .build/eight-ideas/baseline.context-mapped.v' --

1. Executing Liberty frontend: .tools/IHP-Open-PDK-partial/ihp-sg13g2/libs.ref/sg13g2_stdcell/lib/sg13g2_stdcell_typ_1p20V_25C.lib
Imported 84 cell types from liberty file.

2. Executing Verilog-2005 frontend: src/auth_ctrl.v
Parsing Verilog input from `src/auth_ctrl.v' to AST representation.
Generating RTLIL representation for module `\auth_ctrl'.
Successfully finished Verilog frontend.

3. Executing Verilog-2005 frontend: src/buzzer.v
Parsing Verilog input from `src/buzzer.v' to AST representation.
Generating RTLIL representation for module `\buzzer'.
Successfully finished Verilog frontend.

4. Executing Verilog-2005 frontend: src/kb.v
Parsing Verilog input from `src/kb.v' to AST representation.
Generating RTLIL representation for module `\kb'.
Successfully finished Verilog frontend.

5. Executing Verilog-2005 frontend: src/project.v
Parsing Verilog input from `src/project.v' to AST representation.
Generating RTLIL representation for module `\tt_um_rumcajs'.
Successfully finished Verilog frontend.

6. Executing Verilog-2005 frontend: src/regs.v
Parsing Verilog input from `src/regs.v' to AST representation.
Generating RTLIL representation for module `\regs'.
Successfully finished Verilog frontend.

7. Executing Verilog-2005 frontend: src/reset_release.v
Parsing Verilog input from `src/reset_release.v' to AST representation.
Generating RTLIL representation for module `\reset_release'.
Successfully finished Verilog frontend.

8. Executing Verilog-2005 frontend: src/rumcajs.v
Parsing Verilog input from `src/rumcajs.v' to AST representation.
Generating RTLIL representation for module `\rumcajs'.
Successfully finished Verilog frontend.

9. Executing Verilog-2005 frontend: src/serial_link.v
Parsing Verilog input from `src/serial_link.v' to AST representation.
Generating RTLIL representation for module `\serial_link'.
Successfully finished Verilog frontend.

10. Executing Verilog-2005 frontend: src/sync2.v
Parsing Verilog input from `src/sync2.v' to AST representation.
Generating RTLIL representation for module `\sync2'.
Successfully finished Verilog frontend.

11. Executing Verilog-2005 frontend: src/szymon.v
Parsing Verilog input from `src/szymon.v' to AST representation.
Generating RTLIL representation for module `\szymon'.
Successfully finished Verilog frontend.

12. Executing Verilog-2005 frontend: .build/eight-ideas/baseline.v
Parsing Verilog input from `.build/eight-ideas/baseline.v' to AST representation.
Generating RTLIL representation for module `\szymon_fixed'.
Successfully finished Verilog frontend.

13. Executing Verilog-2005 frontend: src/timebase.v
Parsing Verilog input from `src/timebase.v' to AST representation.
Generating RTLIL representation for module `\timebase'.
Successfully finished Verilog frontend.

14. Executing HIERARCHY pass (managing design hierarchy).

14.1. Analyzing design hierarchy..
Top module:  \szymon_fixed

14.2. Analyzing design hierarchy..
Top module:  \szymon_fixed
Removing unused module `\timebase'.
Removing unused module `\szymon'.
Removing unused module `\sync2'.
Removing unused module `\serial_link'.
Removing unused module `\rumcajs'.
Removing unused module `\reset_release'.
Removing unused module `\regs'.
Removing unused module `\tt_um_rumcajs'.
Removing unused module `\kb'.
Removing unused module `\buzzer'.
Removing unused module `\auth_ctrl'.
Removed 11 unused modules.

15. Executing SYNTH pass.

15.1. Executing HIERARCHY pass (managing design hierarchy).

15.1.1. Analyzing design hierarchy..
Top module:  \szymon_fixed

15.1.2. Analyzing design hierarchy..
Top module:  \szymon_fixed
Removed 0 unused modules.

15.2. Executing PROC pass (convert processes to netlists).

15.2.1. Executing PROC_CLEAN pass (remove empty switches from decision trees).
Cleaned up 0 empty switches.

15.2.2. Executing PROC_RMDEAD pass (remove dead branches from decision trees).
Marked 1 switch rules as full_case in process $proc$.build/eight-ideas/baseline.v:241$381 in module szymon_fixed.
Marked 7 switch rules as full_case in process $proc$.build/eight-ideas/baseline.v:146$345 in module szymon_fixed.
Marked 1 switch rules as full_case in process $proc$.build/eight-ideas/baseline.v:113$314 in module szymon_fixed.
Marked 1 switch rules as full_case in process $proc$.build/eight-ideas/baseline.v:94$297 in module szymon_fixed.
Removed a total of 0 dead cases.

15.2.3. Executing PROC_PRUNE pass (remove redundant assignments in processes).
Removed 2 redundant assignments.
Promoted 1 assignment to connection.

15.2.4. Executing PROC_INIT pass (extract init attributes).

15.2.5. Executing PROC_ARST pass (detect async resets in processes).
Found async reset \rst_n in `\szymon_fixed.$proc$.build/eight-ideas/baseline.v:146$345'.

15.2.6. Executing PROC_ROM pass (convert switches to ROMs).
Converted 0 switches.
<suppressed ~16 debug messages>

15.2.7. Executing PROC_MUX pass (convert decision trees to multiplexers).
Creating decoders for process `\szymon_fixed.$proc$.build/eight-ideas/baseline.v:241$381'.
     1/2: $0\b[31:0]
     2/2: $0\a[31:0]
Creating decoders for process `\szymon_fixed.$proc$.build/eight-ideas/baseline.v:146$345'.
     1/4: $0\key_select[0:0]
     2/4: $0\round_count[5:0]
     3/4: $0\bit_count[5:0]
     4/4: $0\state[2:0]
Creating decoders for process `\szymon_fixed.$proc$.build/eight-ideas/baseline.v:113$314'.
     1/3: $0\key_accumulator[0:0]
     2/3: $0\key_phase[1:0]
     3/3: $0\key_depth[2:0]
Creating decoders for process `\szymon_fixed.$proc$.build/eight-ideas/baseline.v:94$297'.
     1/1: $1\bit_offset[4:0]

15.2.8. Executing PROC_DLATCH pass (convert process syncs to latches).
No latch inferred for signal `\szymon_fixed.\bit_offset' from process `\szymon_fixed.$proc$.build/eight-ideas/baseline.v:94$297'.

15.2.9. Executing PROC_DFF pass (convert process syncs to FFs).
Creating register for signal `\szymon_fixed.\a' using process `\szymon_fixed.$proc$.build/eight-ideas/baseline.v:241$381'.
  created $dff cell `$procdff$515' with positive edge clock.
Creating register for signal `\szymon_fixed.\b' using process `\szymon_fixed.$proc$.build/eight-ideas/baseline.v:241$381'.
  created $dff cell `$procdff$516' with positive edge clock.
Creating register for signal `\szymon_fixed.\state' using process `\szymon_fixed.$proc$.build/eight-ideas/baseline.v:146$345'.
  created $adff cell `$procdff$521' with positive edge clock and positive level reset.
Creating register for signal `\szymon_fixed.\bit_count' using process `\szymon_fixed.$proc$.build/eight-ideas/baseline.v:146$345'.
  created $adff cell `$procdff$526' with positive edge clock and positive level reset.
Creating register for signal `\szymon_fixed.\round_count' using process `\szymon_fixed.$proc$.build/eight-ideas/baseline.v:146$345'.
  created $adff cell `$procdff$531' with positive edge clock and positive level reset.
Creating register for signal `\szymon_fixed.\key_select' using process `\szymon_fixed.$proc$.build/eight-ideas/baseline.v:146$345'.
  created $adff cell `$procdff$536' with positive edge clock and positive level reset.
Creating register for signal `\szymon_fixed.\key_phase' using process `\szymon_fixed.$proc$.build/eight-ideas/baseline.v:113$314'.
  created $dff cell `$procdff$537' with positive edge clock.
Creating register for signal `\szymon_fixed.\key_depth' using process `\szymon_fixed.$proc$.build/eight-ideas/baseline.v:113$314'.
  created $dff cell `$procdff$538' with positive edge clock.
Creating register for signal `\szymon_fixed.\key_accumulator' using process `\szymon_fixed.$proc$.build/eight-ideas/baseline.v:113$314'.
  created $dff cell `$procdff$539' with positive edge clock.

15.2.10. Executing PROC_MEMWR pass (convert process memory writes to cells).

15.2.11. Executing PROC_CLEAN pass (remove empty switches from decision trees).
Found and cleaned up 2 empty switches in `\szymon_fixed.$proc$.build/eight-ideas/baseline.v:241$381'.
Removing empty process `szymon_fixed.$proc$.build/eight-ideas/baseline.v:241$381'.
Found and cleaned up 11 empty switches in `\szymon_fixed.$proc$.build/eight-ideas/baseline.v:146$345'.
Removing empty process `szymon_fixed.$proc$.build/eight-ideas/baseline.v:146$345'.
Found and cleaned up 2 empty switches in `\szymon_fixed.$proc$.build/eight-ideas/baseline.v:113$314'.
Removing empty process `szymon_fixed.$proc$.build/eight-ideas/baseline.v:113$314'.
Found and cleaned up 1 empty switch in `\szymon_fixed.$proc$.build/eight-ideas/baseline.v:94$297'.
Removing empty process `szymon_fixed.$proc$.build/eight-ideas/baseline.v:94$297'.
Cleaned up 16 empty switches.

15.2.12. Executing OPT_EXPR pass (perform const folding).
Optimizing module szymon_fixed.
<suppressed ~20 debug messages>

15.3. Executing FLATTEN pass (flatten design).

15.4. Executing OPT_EXPR pass (perform const folding).
Optimizing module szymon_fixed.

15.5. Executing OPT_CLEAN pass (remove unused cells and wires).
Finding unused cells or wires in module \szymon_fixed..
Removed 6 unused cells and 83 unused wires.
<suppressed ~8 debug messages>

15.6. Executing CHECK pass (checking for obvious problems).
Checking module szymon_fixed...
Found and reported 0 problems.

15.7. Executing OPT pass (performing simple optimizations).

15.7.1. Executing OPT_EXPR pass (perform const folding).
Optimizing module szymon_fixed.

15.7.2. Executing OPT_MERGE pass (detect identical cells).
Finding identical cells in module `\szymon_fixed'.
<suppressed ~105 debug messages>
Removed a total of 35 cells.

15.7.3. Executing OPT_MUXTREE pass (detect dead branches in mux trees).
Running muxtree optimizer on module \szymon_fixed..
  Creating internal representation of mux trees.
  Evaluating internal representation of mux trees.
  Analyzing evaluation results.
Removed 0 multiplexer ports.
<suppressed ~13 debug messages>

15.7.4. Executing OPT_REDUCE pass (consolidate $*mux and $reduce_* inputs).
  Optimizing cells in module \szymon_fixed.
    New ctrl vector for $pmux cell $procmux$406: { \cmd_ready $auto$opt_reduce.cc:137:opt_pmux$541 \m_valid }
  Optimizing cells in module \szymon_fixed.
Performed a total of 1 changes.

15.7.5. Executing OPT_MERGE pass (detect identical cells).
Finding identical cells in module `\szymon_fixed'.
<suppressed ~3 debug messages>
Removed a total of 1 cells.

15.7.6. Executing OPT_DFF pass (perform DFF optimizations).

15.7.7. Executing OPT_CLEAN pass (remove unused cells and wires).
Finding unused cells or wires in module \szymon_fixed..
Removed 0 unused cells and 36 unused wires.
<suppressed ~1 debug messages>

15.7.8. Executing OPT_EXPR pass (perform const folding).
Optimizing module szymon_fixed.

15.7.9. Rerunning OPT passes. (Maybe there is more to do..)

15.7.10. Executing OPT_MUXTREE pass (detect dead branches in mux trees).
Running muxtree optimizer on module \szymon_fixed..
  Creating internal representation of mux trees.
  Evaluating internal representation of mux trees.
  Analyzing evaluation results.
Removed 0 multiplexer ports.
<suppressed ~14 debug messages>

15.7.11. Executing OPT_REDUCE pass (consolidate $*mux and $reduce_* inputs).
  Optimizing cells in module \szymon_fixed.
Performed a total of 0 changes.

15.7.12. Executing OPT_MERGE pass (detect identical cells).
Finding identical cells in module `\szymon_fixed'.
Removed a total of 0 cells.

15.7.13. Executing OPT_DFF pass (perform DFF optimizations).

15.7.14. Executing OPT_CLEAN pass (remove unused cells and wires).
Finding unused cells or wires in module \szymon_fixed..

15.7.15. Executing OPT_EXPR pass (perform const folding).
Optimizing module szymon_fixed.

15.7.16. Finished OPT passes. (There is nothing left to do.)

15.8. Executing FSM pass (extract and optimize FSM).

15.8.1. Executing FSM_DETECT pass (finding FSMs in design).
Found FSM state register szymon_fixed.state.

15.8.2. Executing FSM_EXTRACT pass (extracting FSM from design).
Extracting FSM `\state' from module `\szymon_fixed'.
  found $adff cell for state register: $procdff$521
  root of input selection tree: $0\state[2:0]
  found reset state: 3'000 (from async reset)
  found ctrl input: \abort
  found ctrl input: \m_valid
  found ctrl input: $eq$.build/eight-ideas/baseline.v:230$359_Y
  found ctrl input: \seal_ready
  found ctrl input: \s_ready
  found ctrl input: \cmd_ready
  found ctrl input: \output_step
  found ctrl input: $eq$.build/eight-ideas/baseline.v:138$343_Y
  found ctrl input: \reconstruct
  found ctrl input: $eq$.build/eight-ideas/baseline.v:189$352_Y
  found ctrl input: $eq$.build/eight-ideas/baseline.v:191$353_Y
  found state code: 3'100
  found ctrl input: $logic_and$.build/eight-ideas/baseline.v:181$351_Y
  found state code: 3'011
  found ctrl input: \load_step
  found state code: 3'010
  found ctrl input: $logic_and$.build/eight-ideas/baseline.v:163$347_Y
  found state code: 3'001
  found ctrl output: $ne$.build/eight-ideas/baseline.v:114$317_Y
  found ctrl output: \cmd_ready
  found ctrl output: \s_ready
  found ctrl output: \seal_ready
  found ctrl output: \m_valid
  found ctrl output: $eq$.build/eight-ideas/baseline.v:230$359_Y
  found ctrl output: $gt$.build/eight-ideas/baseline.v:235$372_Y
  ctrl inputs: { $eq$.build/eight-ideas/baseline.v:191$353_Y $eq$.build/eight-ideas/baseline.v:189$352_Y $logic_and$.build/eight-ideas/baseline.v:181$351_Y $logic_and$.build/eight-ideas/baseline.v:163$347_Y $eq$.build/eight-ideas/baseline.v:138$343_Y \output_step \load_step \reconstruct \abort }
  ctrl outputs: { $gt$.build/eight-ideas/baseline.v:235$372_Y $eq$.build/eight-ideas/baseline.v:230$359_Y $ne$.build/eight-ideas/baseline.v:114$317_Y $0\state[2:0] \m_valid \s_ready \seal_ready \cmd_ready }
  transition:      3'000 9'---0----0 ->      3'000 10'0010000001
  transition:      3'000 9'---1----0 ->      3'001 10'0010010001
  transition:      3'000 9'--------1 ->      3'000 10'0010000001
  transition:      3'100 9'-----0--0 ->      3'100 10'0011001000
  transition:      3'100 9'----01--0 ->      3'100 10'0011001000
  transition:      3'100 9'----11--0 ->      3'000 10'0010001000
  transition:      3'100 9'--------1 ->      3'000 10'0010001000
  transition:      3'010 9'--0-----0 ->      3'010 10'0010100010
  transition:      3'010 9'--1-----0 ->      3'011 10'0010110010
  transition:      3'010 9'--------1 ->      3'000 10'0010000010
  transition:      3'001 9'------0-0 ->      3'001 10'0010010100
  transition:      3'001 9'----0-1-0 ->      3'001 10'0010010100
  transition:      3'001 9'----1-1-0 ->      3'010 10'0010100100
  transition:      3'001 9'--------1 ->      3'000 10'0010000100
  transition:      3'011 9'-0-----00 ->      3'011 10'0100110000
  transition:      3'011 9'01-----00 ->      3'011 10'0100110000
  transition:      3'011 9'11-----00 ->      3'100 10'0101000000
  transition:      3'011 9'-------10 ->      3'011 10'0100110000
  transition:      3'011 9'--------1 ->      3'000 10'0100000000

15.8.3. Executing FSM_OPT pass (simple optimizations of FSMs).
Optimizing FSM `$fsm$\state$542' from module `\szymon_fixed'.

15.8.4. Executing OPT_CLEAN pass (remove unused cells and wires).
Finding unused cells or wires in module \szymon_fixed..
Removed 19 unused cells and 19 unused wires.
<suppressed ~20 debug messages>

15.8.5. Executing FSM_OPT pass (simple optimizations of FSMs).
Optimizing FSM `$fsm$\state$542' from module `\szymon_fixed'.
  Removing unused output signal $0\state[2:0] [0].
  Removing unused output signal $0\state[2:0] [1].
  Removing unused output signal $0\state[2:0] [2].

15.8.6. Executing FSM_RECODE pass (re-assigning FSM state encoding).
Recoding FSM `$fsm$\state$542' from module `\szymon_fixed' using `auto' encoding:
  mapping auto encoding to `one-hot` for this FSM.
  000 -> ----1
  100 -> ---1-
  010 -> --1--
  001 -> -1---
  011 -> 1----

15.8.7. Executing FSM_INFO pass (dumping all available information on FSM cells).

FSM `$fsm$\state$542' from module `szymon_fixed':
-------------------------------------

  Information on FSM $fsm$\state$542 (\state):

  Number of input signals:    9
  Number of output signals:   7
  Number of state bits:       5

  Input signals:
    0: \abort
    1: \reconstruct
    2: \load_step
    3: \output_step
    4: $eq$.build/eight-ideas/baseline.v:138$343_Y
    5: $logic_and$.build/eight-ideas/baseline.v:163$347_Y
    6: $logic_and$.build/eight-ideas/baseline.v:181$351_Y
    7: $eq$.build/eight-ideas/baseline.v:189$352_Y
    8: $eq$.build/eight-ideas/baseline.v:191$353_Y

  Output signals:
    0: \cmd_ready
    1: \seal_ready
    2: \s_ready
    3: \m_valid
    4: $ne$.build/eight-ideas/baseline.v:114$317_Y
    5: $eq$.build/eight-ideas/baseline.v:230$359_Y
    6: $gt$.build/eight-ideas/baseline.v:235$372_Y

  State encoding:
    0:    5'----1  <RESET STATE>
    1:    5'---1-
    2:    5'--1--
    3:    5'-1---
    4:    5'1----

  Transition Table (state_in, ctrl_in, state_out, ctrl_out):
      0:     0 9'---0----0   ->     0 7'0010001
      1:     0 9'--------1   ->     0 7'0010001
      2:     0 9'---1----0   ->     3 7'0010001
      3:     1 9'----11--0   ->     0 7'0011000
      4:     1 9'--------1   ->     0 7'0011000
      5:     1 9'-----0--0   ->     1 7'0011000
      6:     1 9'----01--0   ->     1 7'0011000
      7:     2 9'--------1   ->     0 7'0010010
      8:     2 9'--0-----0   ->     2 7'0010010
      9:     2 9'--1-----0   ->     4 7'0010010
     10:     3 9'--------1   ->     0 7'0010100
     11:     3 9'----1-1-0   ->     2 7'0010100
     12:     3 9'------0-0   ->     3 7'0010100
     13:     3 9'----0-1-0   ->     3 7'0010100
     14:     4 9'--------1   ->     0 7'0100000
     15:     4 9'11-----00   ->     1 7'0100000
     16:     4 9'-0-----00   ->     4 7'0100000
     17:     4 9'01-----00   ->     4 7'0100000
     18:     4 9'-------10   ->     4 7'0100000

-------------------------------------

15.8.8. Executing FSM_MAP pass (mapping FSMs to basic logic).
Mapping FSM `$fsm$\state$542' from module `\szymon_fixed'.

15.9. Executing OPT pass (performing simple optimizations).

15.9.1. Executing OPT_EXPR pass (perform const folding).
Optimizing module szymon_fixed.
<suppressed ~7 debug messages>

15.9.2. Executing OPT_MERGE pass (detect identical cells).
Finding identical cells in module `\szymon_fixed'.
Removed a total of 0 cells.

15.9.3. Executing OPT_MUXTREE pass (detect dead branches in mux trees).
Running muxtree optimizer on module \szymon_fixed..
  Creating internal representation of mux trees.
  Evaluating internal representation of mux trees.
  Analyzing evaluation results.
Removed 0 multiplexer ports.
<suppressed ~13 debug messages>

15.9.4. Executing OPT_REDUCE pass (consolidate $*mux and $reduce_* inputs).
  Optimizing cells in module \szymon_fixed.
Performed a total of 0 changes.

15.9.5. Executing OPT_MERGE pass (detect identical cells).
Finding identical cells in module `\szymon_fixed'.
Removed a total of 0 cells.

15.9.6. Executing OPT_DFF pass (perform DFF optimizations).
Adding SRST signal on $procdff$539 ($dff) from module szymon_fixed (D = $xor$.build/eight-ideas/baseline.v:122$326_Y, Q = \key_accumulator, rval = 1'0).
Adding SRST signal on $procdff$538 ($dff) from module szymon_fixed (D = $procmux$505_Y, Q = \key_depth, rval = 3'000).
Adding EN signal on $auto$ff.cc:266:slice$620 ($sdff) from module szymon_fixed (D = $add$.build/eight-ideas/baseline.v:121$322_Y, Q = \key_depth).
Adding SRST signal on $procdff$537 ($dff) from module szymon_fixed (D = $add$.build/eight-ideas/baseline.v:119$320_Y, Q = \key_phase, rval = 2'00).
Adding EN signal on $procdff$536 ($adff) from module szymon_fixed (D = $0\key_select[0:0], Q = \key_select).
Adding EN signal on $procdff$531 ($adff) from module szymon_fixed (D = $0\round_count[5:0], Q = \round_count).
Adding EN signal on $procdff$526 ($adff) from module szymon_fixed (D = $0\bit_count[5:0], Q = \bit_count).
Adding SRST signal on $procdff$516 ($dff) from module szymon_fixed (D = $procmux$390_Y, Q = \b, rval = 0).
Adding EN signal on $auto$ff.cc:266:slice$658 ($sdff) from module szymon_fixed (D = { \b [30:0] \b_input }, Q = \b).
Adding SRST signal on $procdff$515 ($dff) from module szymon_fixed (D = $procmux$395_Y, Q = \a, rval = 0).
Adding EN signal on $auto$ff.cc:266:slice$660 ($sdff) from module szymon_fixed (D = { \a [30:0] \a_input }, Q = \a).

15.9.7. Executing OPT_CLEAN pass (remove unused cells and wires).
Finding unused cells or wires in module \szymon_fixed..
Removed 8 unused cells and 15 unused wires.
<suppressed ~9 debug messages>

15.9.8. Executing OPT_EXPR pass (perform const folding).
Optimizing module szymon_fixed.

15.9.9. Rerunning OPT passes. (Maybe there is more to do..)

15.9.10. Executing OPT_MUXTREE pass (detect dead branches in mux trees).
Running muxtree optimizer on module \szymon_fixed..
  Creating internal representation of mux trees.
  Evaluating internal representation of mux trees.
  Analyzing evaluation results.
Removed 0 multiplexer ports.
<suppressed ~10 debug messages>

15.9.11. Executing OPT_REDUCE pass (consolidate $*mux and $reduce_* inputs).
  Optimizing cells in module \szymon_fixed.
Performed a total of 0 changes.

15.9.12. Executing OPT_MERGE pass (detect identical cells).
Finding identical cells in module `\szymon_fixed'.
<suppressed ~18 debug messages>
Removed a total of 6 cells.

15.9.13. Executing OPT_DFF pass (perform DFF optimizations).

15.9.14. Executing OPT_CLEAN pass (remove unused cells and wires).
Finding unused cells or wires in module \szymon_fixed..
Removed 0 unused cells and 6 unused wires.
<suppressed ~1 debug messages>

15.9.15. Executing OPT_EXPR pass (perform const folding).
Optimizing module szymon_fixed.

15.9.16. Rerunning OPT passes. (Maybe there is more to do..)

15.9.17. Executing OPT_MUXTREE pass (detect dead branches in mux trees).
Running muxtree optimizer on module \szymon_fixed..
  Creating internal representation of mux trees.
  Evaluating internal representation of mux trees.
  Analyzing evaluation results.
Removed 0 multiplexer ports.
<suppressed ~11 debug messages>

15.9.18. Executing OPT_REDUCE pass (consolidate $*mux and $reduce_* inputs).
  Optimizing cells in module \szymon_fixed.
Performed a total of 0 changes.

15.9.19. Executing OPT_MERGE pass (detect identical cells).
Finding identical cells in module `\szymon_fixed'.
Removed a total of 0 cells.

15.9.20. Executing OPT_DFF pass (perform DFF optimizations).

15.9.21. Executing OPT_CLEAN pass (remove unused cells and wires).
Finding unused cells or wires in module \szymon_fixed..

15.9.22. Executing OPT_EXPR pass (perform const folding).
Optimizing module szymon_fixed.

15.9.23. Finished OPT passes. (There is nothing left to do.)

15.10. Executing WREDUCE pass (reducing word size of cells).
Removed top 1 bits (of 3) from port B of cell szymon_fixed.$auto$fsm_map.cc:77:implement_pattern_cache$593 ($eq).
Removed top 1 bits (of 4) from port B of cell szymon_fixed.$auto$fsm_map.cc:77:implement_pattern_cache$606 ($eq).
Removed top 1 bits (of 2) from port B of cell szymon_fixed.$procmux$513_CMP0 ($eq).
Removed top 2 bits (of 5) from mux cell szymon_fixed.$procmux$511 ($pmux).
Removed top 1 bits (of 6) from port B of cell szymon_fixed.$sub$.build/eight-ideas/baseline.v:88$289 ($sub).
Removed top 4 bits (of 6) from mux cell szymon_fixed.$ternary$.build/eight-ideas/baseline.v:92$294 ($mux).
Removed top 4 bits (of 6) from port B of cell szymon_fixed.$sub$.build/eight-ideas/baseline.v:92$295 ($sub).
Removed top 2 bits (of 5) from mux cell szymon_fixed.$ternary$.build/eight-ideas/baseline.v:103$299 ($mux).
Removed top 2 bits (of 5) from port B of cell szymon_fixed.$add$.build/eight-ideas/baseline.v:102$300 ($add).
Removed top 3 bits (of 6) from port B of cell szymon_fixed.$sub$.build/eight-ideas/baseline.v:110$310 ($sub).
Removed top 1 bits (of 3) from port B of cell szymon_fixed.$auto$fsm_map.cc:77:implement_pattern_cache$575 ($eq).
Removed top 1 bits (of 6) from port B of cell szymon_fixed.$eq$.build/eight-ideas/baseline.v:189$352 ($eq).
Removed top 2 bits (of 5) from wire szymon_fixed.$ternary$.build/eight-ideas/baseline.v:103$299_Y.
Removed top 4 bits (of 6) from wire szymon_fixed.$ternary$.build/eight-ideas/baseline.v:92$294_Y.
Removed top 2 bits (of 5) from wire szymon_fixed.bit_offset.

15.11. Executing PEEPOPT pass (run peephole optimizers).

15.12. Executing OPT_CLEAN pass (remove unused cells and wires).
Finding unused cells or wires in module \szymon_fixed..
Removed 0 unused cells and 3 unused wires.
<suppressed ~1 debug messages>

15.13. Executing ALUMACC pass (create $alu and $macc cells).
Extracting $alu and $macc cells in module szymon_fixed:
  creating $macc model for $add$.build/eight-ideas/baseline.v:102$300 ($add).
  creating $macc model for $add$.build/eight-ideas/baseline.v:119$320 ($add).
  creating $macc model for $add$.build/eight-ideas/baseline.v:121$322 ($add).
  creating $macc model for $add$.build/eight-ideas/baseline.v:175$350 ($add).
  creating $macc model for $add$.build/eight-ideas/baseline.v:195$354 ($add).
  creating $macc model for $sub$.build/eight-ideas/baseline.v:110$310 ($sub).
  creating $macc model for $sub$.build/eight-ideas/baseline.v:88$289 ($sub).
  creating $macc model for $sub$.build/eight-ideas/baseline.v:92$295 ($sub).
  creating $alu model for $macc $sub$.build/eight-ideas/baseline.v:92$295.
  creating $alu model for $macc $sub$.build/eight-ideas/baseline.v:88$289.
  creating $alu model for $macc $sub$.build/eight-ideas/baseline.v:110$310.
  creating $alu model for $macc $add$.build/eight-ideas/baseline.v:195$354.
  creating $alu model for $macc $add$.build/eight-ideas/baseline.v:175$350.
  creating $alu model for $macc $add$.build/eight-ideas/baseline.v:121$322.
  creating $alu model for $macc $add$.build/eight-ideas/baseline.v:119$320.
  creating $alu model for $macc $add$.build/eight-ideas/baseline.v:102$300.
  creating $alu model for $lt$.build/eight-ideas/baseline.v:109$308 ($lt): new $alu
  creating $alu cell for $lt$.build/eight-ideas/baseline.v:109$308: $auto$alumacc.cc:495:replace_alu$666
  creating $alu cell for $add$.build/eight-ideas/baseline.v:102$300: $auto$alumacc.cc:495:replace_alu$671
  creating $alu cell for $add$.build/eight-ideas/baseline.v:119$320: $auto$alumacc.cc:495:replace_alu$674
  creating $alu cell for $add$.build/eight-ideas/baseline.v:121$322: $auto$alumacc.cc:495:replace_alu$677
  creating $alu cell for $add$.build/eight-ideas/baseline.v:175$350: $auto$alumacc.cc:495:replace_alu$680
  creating $alu cell for $add$.build/eight-ideas/baseline.v:195$354: $auto$alumacc.cc:495:replace_alu$683
  creating $alu cell for $sub$.build/eight-ideas/baseline.v:110$310: $auto$alumacc.cc:495:replace_alu$686
  creating $alu cell for $sub$.build/eight-ideas/baseline.v:88$289: $auto$alumacc.cc:495:replace_alu$689
  creating $alu cell for $sub$.build/eight-ideas/baseline.v:92$295: $auto$alumacc.cc:495:replace_alu$692
  created 9 $alu and 0 $macc cells.

15.14. Executing SHARE pass (SAT-based resource sharing).

15.15. Executing OPT pass (performing simple optimizations).

15.15.1. Executing OPT_EXPR pass (perform const folding).
Optimizing module szymon_fixed.

15.15.2. Executing OPT_MERGE pass (detect identical cells).
Finding identical cells in module `\szymon_fixed'.
Removed a total of 0 cells.

15.15.3. Executing OPT_MUXTREE pass (detect dead branches in mux trees).
Running muxtree optimizer on module \szymon_fixed..
  Creating internal representation of mux trees.
  Evaluating internal representation of mux trees.
  Analyzing evaluation results.
Removed 0 multiplexer ports.
<suppressed ~11 debug messages>

15.15.4. Executing OPT_REDUCE pass (consolidate $*mux and $reduce_* inputs).
  Optimizing cells in module \szymon_fixed.
Performed a total of 0 changes.

15.15.5. Executing OPT_MERGE pass (detect identical cells).
Finding identical cells in module `\szymon_fixed'.
Removed a total of 0 cells.

15.15.6. Executing OPT_DFF pass (perform DFF optimizations).

15.15.7. Executing OPT_CLEAN pass (remove unused cells and wires).
Finding unused cells or wires in module \szymon_fixed..
Removed 0 unused cells and 1 unused wires.
<suppressed ~1 debug messages>

15.15.8. Executing OPT_EXPR pass (perform const folding).
Optimizing module szymon_fixed.

15.15.9. Rerunning OPT passes. (Maybe there is more to do..)

15.15.10. Executing OPT_MUXTREE pass (detect dead branches in mux trees).
Running muxtree optimizer on module \szymon_fixed..
  Creating internal representation of mux trees.
  Evaluating internal representation of mux trees.
  Analyzing evaluation results.
Removed 0 multiplexer ports.
<suppressed ~11 debug messages>

15.15.11. Executing OPT_REDUCE pass (consolidate $*mux and $reduce_* inputs).
  Optimizing cells in module \szymon_fixed.
Performed a total of 0 changes.

15.15.12. Executing OPT_MERGE pass (detect identical cells).
Finding identical cells in module `\szymon_fixed'.
Removed a total of 0 cells.

15.15.13. Executing OPT_DFF pass (perform DFF optimizations).

15.15.14. Executing OPT_CLEAN pass (remove unused cells and wires).
Finding unused cells or wires in module \szymon_fixed..

15.15.15. Executing OPT_EXPR pass (perform const folding).
Optimizing module szymon_fixed.

15.15.16. Finished OPT passes. (There is nothing left to do.)

15.16. Executing MEMORY pass.

15.16.1. Executing OPT_MEM pass (optimize memories).
Performed a total of 0 transformations.

15.16.2. Executing OPT_MEM_PRIORITY pass (removing unnecessary memory write priority relations).
Performed a total of 0 transformations.

15.16.3. Executing OPT_MEM_FEEDBACK pass (finding memory read-to-write feedback paths).

15.16.4. Executing MEMORY_BMUX2ROM pass (converting muxes to ROMs).

15.16.5. Executing MEMORY_DFF pass (merging $dff cells to $memrd).

15.16.6. Executing OPT_CLEAN pass (remove unused cells and wires).
Finding unused cells or wires in module \szymon_fixed..

15.16.7. Executing MEMORY_SHARE pass (consolidating $memrd/$memwr cells).

15.16.8. Executing OPT_MEM_WIDEN pass (optimize memories where all ports are wide).
Performed a total of 0 transformations.

15.16.9. Executing OPT_CLEAN pass (remove unused cells and wires).
Finding unused cells or wires in module \szymon_fixed..

15.16.10. Executing MEMORY_COLLECT pass (generating $mem cells).

15.17. Executing OPT_CLEAN pass (remove unused cells and wires).
Finding unused cells or wires in module \szymon_fixed..

15.18. Executing OPT pass (performing simple optimizations).

15.18.1. Executing OPT_EXPR pass (perform const folding).
Optimizing module szymon_fixed.
<suppressed ~17 debug messages>

15.18.2. Executing OPT_MERGE pass (detect identical cells).
Finding identical cells in module `\szymon_fixed'.
<suppressed ~6 debug messages>
Removed a total of 2 cells.

15.18.3. Executing OPT_DFF pass (perform DFF optimizations).

15.18.4. Executing OPT_CLEAN pass (remove unused cells and wires).
Finding unused cells or wires in module \szymon_fixed..
Removed 3 unused cells and 15 unused wires.
<suppressed ~4 debug messages>

15.18.5. Finished fast OPT passes.

15.19. Executing MEMORY_MAP pass (converting memories to logic and flip-flops).

15.20. Executing OPT pass (performing simple optimizations).

15.20.1. Executing OPT_EXPR pass (perform const folding).
Optimizing module szymon_fixed.

15.20.2. Executing OPT_MERGE pass (detect identical cells).
Finding identical cells in module `\szymon_fixed'.
Removed a total of 0 cells.

15.20.3. Executing OPT_MUXTREE pass (detect dead branches in mux trees).
Running muxtree optimizer on module \szymon_fixed..
  Creating internal representation of mux trees.
  Evaluating internal representation of mux trees.
  Analyzing evaluation results.
Removed 0 multiplexer ports.
<suppressed ~8 debug messages>

15.20.4. Executing OPT_REDUCE pass (consolidate $*mux and $reduce_* inputs).
  Optimizing cells in module \szymon_fixed.
    New ctrl vector for $pmux cell $procmux$406: \state [0]
    New ctrl vector for $pmux cell $procmux$423: \state [4]
    New ctrl vector for $pmux cell $procmux$447: { \state [4] $auto$opt_reduce.cc:137:opt_pmux$706 }
    Consolidated identical input bits for $mux cell $ternary$.build/eight-ideas/baseline.v:92$294:
      Old ports: A=2'01, B=2'11, Y=$auto$wreduce.cc:514:run$663 [1:0]
      New ports: A=1'0, B=1'1, Y=$auto$wreduce.cc:514:run$663 [1]
      New connections: $auto$wreduce.cc:514:run$663 [0] = 1'1
  Optimizing cells in module \szymon_fixed.
Performed a total of 4 changes.

15.20.5. Executing OPT_MERGE pass (detect identical cells).
Finding identical cells in module `\szymon_fixed'.
Removed a total of 0 cells.

15.20.6. Executing OPT_SHARE pass.

15.20.7. Executing OPT_DFF pass (perform DFF optimizations).

15.20.8. Executing OPT_CLEAN pass (remove unused cells and wires).
Finding unused cells or wires in module \szymon_fixed..

15.20.9. Executing OPT_EXPR pass (perform const folding).
Optimizing module szymon_fixed.
<suppressed ~2 debug messages>

15.20.10. Rerunning OPT passes. (Maybe there is more to do..)

15.20.11. Executing OPT_MUXTREE pass (detect dead branches in mux trees).
Running muxtree optimizer on module \szymon_fixed..
  Creating internal representation of mux trees.
  Evaluating internal representation of mux trees.
  Analyzing evaluation results.
Removed 0 multiplexer ports.
<suppressed ~7 debug messages>

15.20.12. Executing OPT_REDUCE pass (consolidate $*mux and $reduce_* inputs).
  Optimizing cells in module \szymon_fixed.
Performed a total of 0 changes.

15.20.13. Executing OPT_MERGE pass (detect identical cells).
Finding identical cells in module `\szymon_fixed'.
Removed a total of 0 cells.

15.20.14. Executing OPT_SHARE pass.

15.20.15. Executing OPT_DFF pass (perform DFF optimizations).

15.20.16. Executing OPT_CLEAN pass (remove unused cells and wires).
Finding unused cells or wires in module \szymon_fixed..
Removed 0 unused cells and 1 unused wires.
<suppressed ~1 debug messages>

15.20.17. Executing OPT_EXPR pass (perform const folding).
Optimizing module szymon_fixed.

15.20.18. Rerunning OPT passes. (Maybe there is more to do..)

15.20.19. Executing OPT_MUXTREE pass (detect dead branches in mux trees).
Running muxtree optimizer on module \szymon_fixed..
  Creating internal representation of mux trees.
  Evaluating internal representation of mux trees.
  Analyzing evaluation results.
Removed 0 multiplexer ports.
<suppressed ~7 debug messages>

15.20.20. Executing OPT_REDUCE pass (consolidate $*mux and $reduce_* inputs).
  Optimizing cells in module \szymon_fixed.
Performed a total of 0 changes.

15.20.21. Executing OPT_MERGE pass (detect identical cells).
Finding identical cells in module `\szymon_fixed'.
Removed a total of 0 cells.

15.20.22. Executing OPT_SHARE pass.

15.20.23. Executing OPT_DFF pass (perform DFF optimizations).

15.20.24. Executing OPT_CLEAN pass (remove unused cells and wires).
Finding unused cells or wires in module \szymon_fixed..

15.20.25. Executing OPT_EXPR pass (perform const folding).
Optimizing module szymon_fixed.

15.20.26. Finished OPT passes. (There is nothing left to do.)

15.21. Executing TECHMAP pass (map to technology primitives).

15.21.1. Executing Verilog-2005 frontend: /mnt/c/Users/user/Desktop/HACKATHON/.tools/root/usr/bin/../share/yosys/techmap.v
Parsing Verilog input from `/mnt/c/Users/user/Desktop/HACKATHON/.tools/root/usr/bin/../share/yosys/techmap.v' to AST representation.
Generating RTLIL representation for module `\_90_simplemap_bool_ops'.
Generating RTLIL representation for module `\_90_simplemap_reduce_ops'.
Generating RTLIL representation for module `\_90_simplemap_logic_ops'.
Generating RTLIL representation for module `\_90_simplemap_compare_ops'.
Generating RTLIL representation for module `\_90_simplemap_various'.
Generating RTLIL representation for module `\_90_simplemap_registers'.
Generating RTLIL representation for module `\_90_shift_ops_shr_shl_sshl_sshr'.
Generating RTLIL representation for module `\_90_shift_shiftx'.
Generating RTLIL representation for module `\_90_fa'.
Generating RTLIL representation for module `\_90_lcu_brent_kung'.
Generating RTLIL representation for module `\_90_alu'.
Generating RTLIL representation for module `\_90_macc'.
Generating RTLIL representation for module `\_90_alumacc'.
Generating RTLIL representation for module `\$__div_mod_u'.
Generating RTLIL representation for module `\$__div_mod_trunc'.
Generating RTLIL representation for module `\_90_div'.
Generating RTLIL representation for module `\_90_mod'.
Generating RTLIL representation for module `\$__div_mod_floor'.
Generating RTLIL representation for module `\_90_divfloor'.
Generating RTLIL representation for module `\_90_modfloor'.
Generating RTLIL representation for module `\_90_pow'.
Generating RTLIL representation for module `\_90_pmux'.
Generating RTLIL representation for module `\_90_demux'.
Generating RTLIL representation for module `\_90_lut'.
Successfully finished Verilog frontend.

15.21.2. Continuing TECHMAP pass.
Using extmapper simplemap for cells of type $reduce_and.
Using extmapper simplemap for cells of type $mux.
Using template $paramod$ed0bb9616228df1e6c226f91f8133e751815f1b1\_90_pmux for cells of type $pmux.
Using extmapper simplemap for cells of type $logic_not.
Using extmapper simplemap for cells of type $ne.
Using extmapper simplemap for cells of type $reduce_or.
Using extmapper simplemap for cells of type $and.
Using extmapper simplemap for cells of type $eq.
Using extmapper simplemap for cells of type $sdffe.
Using template $paramod$85df5dc01c7df96a7d8e5f1fdf76ce9ac452af63\_90_pmux for cells of type $pmux.
Using extmapper simplemap for cells of type $adffe.
Using extmapper simplemap for cells of type $sdff.
Using template $paramod$f956edc9fe4df758d9fdb10bfc518a364c99e75e\_90_alu for cells of type $alu.
Using template $paramod$75108d6e8d490ab2eec24aee458e87cb2a6c124c\_90_alu for cells of type $alu.
Using extmapper simplemap for cells of type $reduce_bool.
Using extmapper simplemap for cells of type $logic_and.
Using extmapper simplemap for cells of type $not.
Using template $paramod$740b056ede97228d3eae64ea2fdc81f0a33e0fe7\_90_alu for cells of type $alu.
Using template $paramod$175e67c02b86e96b1288b9dc100122520d7240d8\_90_alu for cells of type $alu.
Using template $paramod$03eba0cdd46566f6651a3011e0b5671fa6b5e494\_90_alu for cells of type $alu.
Using template $paramod$constmap:4df2ae35ab4a0a7420a764150459b56e7ee0bc78$paramod$5ff134cf61e5a9c64e0f7cba84047e091096ba6e\_90_shift_shiftx for cells of type $shiftx.
Analyzing pattern of constant bits for this cell:
  Constant input on bit 0 of port A: 1'0
  Constant input on bit 1 of port A: 1'0
  Constant input on bit 2 of port A: 1'0
  Constant input on bit 3 of port A: 1'0
  Constant input on bit 4 of port A: 1'0
  Constant input on bit 5 of port A: 1'0
  Constant input on bit 6 of port A: 1'0
  Constant input on bit 7 of port A: 1'0
  Constant input on bit 8 of port A: 1'1
  Constant input on bit 9 of port A: 1'0
  Constant input on bit 10 of port A: 1'0
  Constant input on bit 11 of port A: 1'0
  Constant input on bit 12 of port A: 1'0
  Constant input on bit 13 of port A: 1'0
  Constant input on bit 14 of port A: 1'0
  Constant input on bit 15 of port A: 1'0
  Constant input on bit 16 of port A: 1'0
  Constant input on bit 17 of port A: 1'1
  Constant input on bit 18 of port A: 1'0
  Constant input on bit 19 of port A: 1'0
  Constant input on bit 20 of port A: 1'0
  Constant input on bit 21 of port A: 1'0
  Constant input on bit 22 of port A: 1'0
  Constant input on bit 23 of port A: 1'0
  Constant input on bit 24 of port A: 1'1
  Constant input on bit 25 of port A: 1'1
  Constant input on bit 26 of port A: 1'0
  Constant input on bit 27 of port A: 1'0
  Constant input on bit 28 of port A: 1'0
  Constant input on bit 29 of port A: 1'0
  Constant input on bit 30 of port A: 1'0
  Constant input on bit 31 of port A: 1'0
  Constant input on bit 32 of port A: 1'0
  Constant input on bit 33 of port A: 1'0
  Constant input on bit 34 of port A: 1'0
  Constant input on bit 35 of port A: 1'1
  Constant input on bit 36 of port A: 1'0
  Constant input on bit 37 of port A: 1'0
  Constant input on bit 38 of port A: 1'0
  Constant input on bit 39 of port A: 1'0
  Constant input on bit 40 of port A: 1'1
  Constant input on bit 41 of port A: 1'0
  Constant input on bit 42 of port A: 1'0
  Constant input on bit 43 of port A: 1'1
  Constant input on bit 44 of port A: 1'0
  Constant input on bit 45 of port A: 1'0
  Constant input on bit 46 of port A: 1'0
  Constant input on bit 47 of port A: 1'0
  Constant input on bit 48 of port A: 1'0
  Constant input on bit 49 of port A: 1'1
  Constant input on bit 50 of port A: 1'0
  Constant input on bit 51 of port A: 1'1
  Constant input on bit 52 of port A: 1'0
  Constant input on bit 53 of port A: 1'0
  Constant input on bit 54 of port A: 1'0
  Constant input on bit 55 of port A: 1'0
  Constant input on bit 56 of port A: 1'1
  Constant input on bit 57 of port A: 1'1
  Constant input on bit 58 of port A: 1'0
  Constant input on bit 59 of port A: 1'1
  Constant input on bit 60 of port A: 1'0
  Constant input on bit 61 of port A: 1'0
  Constant input on bit 62 of port A: 1'0
  Constant input on bit 63 of port A: 1'0
  Constant input on bit 64 of port A: 1'0
  Constant input on bit 65 of port A: 1'0
  Constant input on bit 66 of port A: 1'0
  Constant input on bit 67 of port A: 1'0
  Constant input on bit 68 of port A: 1'1
  Constant input on bit 69 of port A: 1'0
  Constant input on bit 70 of port A: 1'0
  Constant input on bit 71 of port A: 1'0
  Constant input on bit 72 of port A: 1'1
  Constant input on bit 73 of port A: 1'0
  Constant input on bit 74 of port A: 1'0
  Constant input on bit 75 of port A: 1'0
  Constant input on bit 76 of port A: 1'1
  Constant input on bit 77 of port A: 1'0
  Constant input on bit 78 of port A: 1'0
  Constant input on bit 79 of port A: 1'0
  Constant input on bit 80 of port A: 1'0
  Constant input on bit 81 of port A: 1'1
  Constant input on bit 82 of port A: 1'0
  Constant input on bit 83 of port A: 1'0
  Constant input on bit 84 of port A: 1'1
  Constant input on bit 85 of port A: 1'0
  Constant input on bit 86 of port A: 1'0
  Constant input on bit 87 of port A: 1'0
  Constant input on bit 88 of port A: 1'1
  Constant input on bit 89 of port A: 1'1
  Constant input on bit 90 of port A: 1'0
  Constant input on bit 91 of port A: 1'0
  Constant input on bit 92 of port A: 1'1
  Constant input on bit 93 of port A: 1'0
  Constant input on bit 94 of port A: 1'0
  Constant input on bit 95 of port A: 1'0
  Constant input on bit 96 of port A: 1'0
  Constant input on bit 97 of port A: 1'0
  Constant input on bit 98 of port A: 1'0
  Constant input on bit 99 of port A: 1'1
  Constant input on bit 100 of port A: 1'1
  Constant input on bit 101 of port A: 1'0
  Constant input on bit 102 of port A: 1'0
  Constant input on bit 103 of port A: 1'0
  Constant input on bit 104 of port A: 1'1
  Constant input on bit 105 of port A: 1'0
  Constant input on bit 106 of port A: 1'0
  Constant input on bit 107 of port A: 1'1
  Constant input on bit 108 of port A: 1'1
  Constant input on bit 109 of port A: 1'0
  Constant input on bit 110 of port A: 1'0
  Constant input on bit 111 of port A: 1'0
  Constant input on bit 112 of port A: 1'0
  Constant input on bit 113 of port A: 1'1
  Constant input on bit 114 of port A: 1'0
  Constant input on bit 115 of port A: 1'1
  Constant input on bit 116 of port A: 1'1
  Constant input on bit 117 of port A: 1'0
  Constant input on bit 118 of port A: 1'0
  Constant input on bit 119 of port A: 1'0
  Constant input on bit 120 of port A: 1'1
  Constant input on bit 121 of port A: 1'1
  Constant input on bit 122 of port A: 1'0
  Constant input on bit 123 of port A: 1'1
  Constant input on bit 124 of port A: 1'1
  Constant input on bit 125 of port A: 1'0
  Constant input on bit 126 of port A: 1'0
  Constant input on bit 127 of port A: 1'0
  Constant input on bit 128 of port A: 1'x
  Constant input on bit 129 of port A: 1'x
  Constant input on bit 130 of port A: 1'x
  Constant input on bit 131 of port A: 1'x
  Constant input on bit 132 of port A: 1'x
  Constant input on bit 133 of port A: 1'x
  Constant input on bit 134 of port A: 1'x
  Constant input on bit 135 of port A: 1'x
  Constant input on bit 136 of port A: 1'x
  Constant input on bit 137 of port A: 1'x
  Constant input on bit 138 of port A: 1'x
  Constant input on bit 139 of port A: 1'x
  Constant input on bit 140 of port A: 1'x
  Constant input on bit 141 of port A: 1'x
  Constant input on bit 142 of port A: 1'x
  Constant input on bit 143 of port A: 1'x
  Constant input on bit 144 of port A: 1'x
  Constant input on bit 145 of port A: 1'x
  Constant input on bit 146 of port A: 1'x
  Constant input on bit 147 of port A: 1'x
  Constant input on bit 148 of port A: 1'x
  Constant input on bit 149 of port A: 1'x
  Constant input on bit 150 of port A: 1'x
  Constant input on bit 151 of port A: 1'x
  Constant input on bit 152 of port A: 1'x
  Constant input on bit 153 of port A: 1'x
  Constant input on bit 154 of port A: 1'x
  Constant input on bit 155 of port A: 1'x
  Constant input on bit 156 of port A: 1'x
  Constant input on bit 157 of port A: 1'x
  Constant input on bit 158 of port A: 1'x
  Constant input on bit 159 of port A: 1'x
  Constant input on bit 160 of port A: 1'1
  Constant input on bit 161 of port A: 1'0
  Constant input on bit 162 of port A: 1'0
  Constant input on bit 163 of port A: 1'1
  Constant input on bit 164 of port A: 1'0
  Constant input on bit 165 of port A: 1'0
  Constant input on bit 166 of port A: 1'1
  Constant input on bit 167 of port A: 1'0
  Constant input on bit 168 of port A: 1'0
  Constant input on bit 169 of port A: 1'0
  Constant input on bit 170 of port A: 1'1
  Constant input on bit 171 of port A: 1'1
  Constant input on bit 172 of port A: 1'0
  Constant input on bit 173 of port A: 1'1
  Constant input on bit 174 of port A: 1'1
  Constant input on bit 175 of port A: 1'1
  Constant input on bit 176 of port A: 1'0
  Constant input on bit 177 of port A: 1'0
  Constant input on bit 178 of port A: 1'0
  Constant input on bit 179 of port A: 1'0
  Constant input on bit 180 of port A: 1'1
  Constant input on bit 181 of port A: 1'1
  Constant input on bit 182 of port A: 1'1
  Constant input on bit 183 of port A: 1'0
  Constant input on bit 184 of port A: 1'1
  Constant input on bit 185 of port A: 1'1
  Constant input on bit 186 of port A: 1'1
  Constant input on bit 187 of port A: 1'0
  Constant input on bit 188 of port A: 1'1
  Constant input on bit 189 of port A: 1'1
  Constant input on bit 190 of port A: 1'0
  Constant input on bit 191 of port A: 1'1
  Constant input on bit 192 of port A: 1'x
  Constant input on bit 193 of port A: 1'x
  Constant input on bit 194 of port A: 1'x
  Constant input on bit 195 of port A: 1'x
  Constant input on bit 196 of port A: 1'x
  Constant input on bit 197 of port A: 1'x
  Constant input on bit 198 of port A: 1'x
  Constant input on bit 199 of port A: 1'x
  Constant input on bit 200 of port A: 1'x
  Constant input on bit 201 of port A: 1'x
  Constant input on bit 202 of port A: 1'x
  Constant input on bit 203 of port A: 1'x
  Constant input on bit 204 of port A: 1'x
  Constant input on bit 205 of port A: 1'x
  Constant input on bit 206 of port A: 1'x
  Constant input on bit 207 of port A: 1'x
  Constant input on bit 208 of port A: 1'x
  Constant input on bit 209 of port A: 1'x
  Constant input on bit 210 of port A: 1'x
  Constant input on bit 211 of port A: 1'x
  Constant input on bit 212 of port A: 1'x
  Constant input on bit 213 of port A: 1'x
  Constant input on bit 214 of port A: 1'x
  Constant input on bit 215 of port A: 1'x
  Constant input on bit 216 of port A: 1'x
  Constant input on bit 217 of port A: 1'x
  Constant input on bit 218 of port A: 1'x
  Constant input on bit 219 of port A: 1'x
  Constant input on bit 220 of port A: 1'x
  Constant input on bit 221 of port A: 1'x
  Constant input on bit 222 of port A: 1'x
  Constant input on bit 223 of port A: 1'x
  Constant input on bit 224 of port A: 1'0
  Constant input on bit 225 of port A: 1'1
  Constant input on bit 226 of port A: 1'0
  Constant input on bit 227 of port A: 1'0
  Constant input on bit 228 of port A: 1'0
  Constant input on bit 229 of port A: 1'0
  Constant input on bit 230 of port A: 1'1
  Constant input on bit 231 of port A: 1'0
  Constant input on bit 232 of port A: 1'0
  Constant input on bit 233 of port A: 1'0
  Constant input on bit 234 of port A: 1'1
  Constant input on bit 235 of port A: 1'1
  Constant input on bit 236 of port A: 1'1
  Constant input on bit 237 of port A: 1'1
  Constant input on bit 238 of port A: 1'0
  Constant input on bit 239 of port A: 1'1
  Constant input on bit 240 of port A: 1'1
  Constant input on bit 241 of port A: 1'1
  Constant input on bit 242 of port A: 1'1
  Constant input on bit 243 of port A: 1'0
  Constant input on bit 244 of port A: 1'1
  Constant input on bit 245 of port A: 1'0
  Constant input on bit 246 of port A: 1'0
  Constant input on bit 247 of port A: 1'1
  Constant input on bit 248 of port A: 1'1
  Constant input on bit 249 of port A: 1'1
  Constant input on bit 250 of port A: 1'0
  Constant input on bit 251 of port A: 1'0
  Constant input on bit 252 of port A: 1'1
  Constant input on bit 253 of port A: 1'0
  Constant input on bit 254 of port A: 1'1
  Constant input on bit 255 of port A: 1'1
  Constant input on bit 256 of port A: 1'x
  Constant input on bit 257 of port A: 1'x
  Constant input on bit 258 of port A: 1'x
  Constant input on bit 259 of port A: 1'x
  Constant input on bit 260 of port A: 1'x
  Constant input on bit 261 of port A: 1'x
  Constant input on bit 262 of port A: 1'x
  Constant input on bit 263 of port A: 1'x
  Constant input on bit 264 of port A: 1'x
  Constant input on bit 265 of port A: 1'x
  Constant input on bit 266 of port A: 1'x
  Constant input on bit 267 of port A: 1'x
  Constant input on bit 268 of port A: 1'x
  Constant input on bit 269 of port A: 1'x
  Constant input on bit 270 of port A: 1'x
  Constant input on bit 271 of port A: 1'x
  Constant input on bit 272 of port A: 1'x
  Constant input on bit 273 of port A: 1'x
  Constant input on bit 274 of port A: 1'x
  Constant input on bit 275 of port A: 1'x
  Constant input on bit 276 of port A: 1'x
  Constant input on bit 277 of port A: 1'x
  Constant input on bit 278 of port A: 1'x
  Constant input on bit 279 of port A: 1'x
  Constant input on bit 280 of port A: 1'x
  Constant input on bit 281 of port A: 1'x
  Constant input on bit 282 of port A: 1'x
  Constant input on bit 283 of port A: 1'x
  Constant input on bit 284 of port A: 1'x
  Constant input on bit 285 of port A: 1'x
  Constant input on bit 286 of port A: 1'x
  Constant input on bit 287 of port A: 1'x
  Constant input on bit 288 of port A: 1'0
  Constant input on bit 289 of port A: 1'0
  Constant input on bit 290 of port A: 1'0
  Constant input on bit 291 of port A: 1'1
  Constant input on bit 292 of port A: 1'1
  Constant input on bit 293 of port A: 1'0
  Constant input on bit 294 of port A: 1'0
  Constant input on bit 295 of port A: 1'0
  Constant input on bit 296 of port A: 1'1
  Constant input on bit 297 of port A: 1'1
  Constant input on bit 298 of port A: 1'1
  Constant input on bit 299 of port A: 1'1
  Constant input on bit 300 of port A: 1'1
  Constant input on bit 301 of port A: 1'0
  Constant input on bit 302 of port A: 1'1
  Constant input on bit 303 of port A: 1'0
  Constant input on bit 304 of port A: 1'1
  Constant input on bit 305 of port A: 1'1
  Constant input on bit 306 of port A: 1'0
  Constant input on bit 307 of port A: 1'1
  Constant input on bit 308 of port A: 1'0
  Constant input on bit 309 of port A: 1'0
  Constant input on bit 310 of port A: 1'1
  Constant input on bit 311 of port A: 1'0
  Constant input on bit 312 of port A: 1'1
  Constant input on bit 313 of port A: 1'1
  Constant input on bit 314 of port A: 1'1
  Constant input on bit 315 of port A: 1'1
  Constant input on bit 316 of port A: 1'1
  Constant input on bit 317 of port A: 1'1
  Constant input on bit 318 of port A: 1'0
  Constant input on bit 319 of port A: 1'1
  Constant input on bit 320 of port A: 1'x
  Constant input on bit 321 of port A: 1'x
  Constant input on bit 322 of port A: 1'x
  Constant input on bit 323 of port A: 1'x
  Constant input on bit 324 of port A: 1'x
  Constant input on bit 325 of port A: 1'x
  Constant input on bit 326 of port A: 1'x
  Constant input on bit 327 of port A: 1'x
  Constant input on bit 328 of port A: 1'x
  Constant input on bit 329 of port A: 1'x
  Constant input on bit 330 of port A: 1'x
  Constant input on bit 331 of port A: 1'x
  Constant input on bit 332 of port A: 1'x
  Constant input on bit 333 of port A: 1'x
  Constant input on bit 334 of port A: 1'x
  Constant input on bit 335 of port A: 1'x
  Constant input on bit 336 of port A: 1'x
  Constant input on bit 337 of port A: 1'x
  Constant input on bit 338 of port A: 1'x
  Constant input on bit 339 of port A: 1'x
  Constant input on bit 340 of port A: 1'x
  Constant input on bit 341 of port A: 1'x
  Constant input on bit 342 of port A: 1'x
  Constant input on bit 343 of port A: 1'x
  Constant input on bit 344 of port A: 1'x
  Constant input on bit 345 of port A: 1'x
  Constant input on bit 346 of port A: 1'x
  Constant input on bit 347 of port A: 1'x
  Constant input on bit 348 of port A: 1'x
  Constant input on bit 349 of port A: 1'x
  Constant input on bit 350 of port A: 1'x
  Constant input on bit 351 of port A: 1'x
  Constant input on bit 352 of port A: 1'1
  Constant input on bit 353 of port A: 1'1
  Constant input on bit 354 of port A: 1'0
  Constant input on bit 355 of port A: 1'0
  Constant input on bit 356 of port A: 1'0
  Constant input on bit 357 of port A: 1'1
  Constant input on bit 358 of port A: 1'1
  Constant input on bit 359 of port A: 1'0
  Constant input on bit 360 of port A: 1'0
  Constant input on bit 361 of port A: 1'0
  Constant input on bit 362 of port A: 1'0
  Constant input on bit 363 of port A: 1'1
  Constant input on bit 364 of port A: 1'0
  Constant input on bit 365 of port A: 1'1
  Constant input on bit 366 of port A: 1'0
  Constant input on bit 367 of port A: 1'1
  Constant input on bit 368 of port A: 1'0
  Constant input on bit 369 of port A: 1'0
  Constant input on bit 370 of port A: 1'1
  Constant input on bit 371 of port A: 1'0
  Constant input on bit 372 of port A: 1'1
  Constant input on bit 373 of port A: 1'1
  Constant input on bit 374 of port A: 1'1
  Constant input on bit 375 of port A: 1'1
  Constant input on bit 376 of port A: 1'1
  Constant input on bit 377 of port A: 1'1
  Constant input on bit 378 of port A: 1'0
  Constant input on bit 379 of port A: 1'1
  Constant input on bit 380 of port A: 1'1
  Constant input on bit 381 of port A: 1'0
  Constant input on bit 382 of port A: 1'1
  Constant input on bit 383 of port A: 1'1
  Constant input on bit 384 of port A: 1'x
  Constant input on bit 385 of port A: 1'x
  Constant input on bit 386 of port A: 1'x
  Constant input on bit 387 of port A: 1'x
  Constant input on bit 388 of port A: 1'x
  Constant input on bit 389 of port A: 1'x
  Constant input on bit 390 of port A: 1'x
  Constant input on bit 391 of port A: 1'x
  Constant input on bit 392 of port A: 1'x
  Constant input on bit 393 of port A: 1'x
  Constant input on bit 394 of port A: 1'x
  Constant input on bit 395 of port A: 1'x
  Constant input on bit 396 of port A: 1'x
  Constant input on bit 397 of port A: 1'x
  Constant input on bit 398 of port A: 1'x
  Constant input on bit 399 of port A: 1'x
  Constant input on bit 400 of port A: 1'x
  Constant input on bit 401 of port A: 1'x
  Constant input on bit 402 of port A: 1'x
  Constant input on bit 403 of port A: 1'x
  Constant input on bit 404 of port A: 1'x
  Constant input on bit 405 of port A: 1'x
  Constant input on bit 406 of port A: 1'x
  Constant input on bit 407 of port A: 1'x
  Constant input on bit 408 of port A: 1'x
  Constant input on bit 409 of port A: 1'x
  Constant input on bit 410 of port A: 1'x
  Constant input on bit 411 of port A: 1'x
  Constant input on bit 412 of port A: 1'x
  Constant input on bit 413 of port A: 1'x
  Constant input on bit 414 of port A: 1'x
  Constant input on bit 415 of port A: 1'x
  Constant input on bit 416 of port A: 1'1
  Constant input on bit 417 of port A: 1'0
  Constant input on bit 418 of port A: 1'0
  Constant input on bit 419 of port A: 1'0
  Constant input on bit 420 of port A: 1'1
  Constant input on bit 421 of port A: 1'0
  Constant input on bit 422 of port A: 1'0
  Constant input on bit 423 of port A: 1'0
  Constant input on bit 424 of port A: 1'1
  Constant input on bit 425 of port A: 1'0
  Constant input on bit 426 of port A: 1'0
  Constant input on bit 427 of port A: 1'1
  Constant input on bit 428 of port A: 1'1
  Constant input on bit 429 of port A: 1'0
  Constant input on bit 430 of port A: 1'0
  Constant input on bit 431 of port A: 1'1
  Constant input on bit 432 of port A: 1'0
  Constant input on bit 433 of port A: 1'1
  Constant input on bit 434 of port A: 1'1
  Constant input on bit 435 of port A: 1'0
  Constant input on bit 436 of port A: 1'1
  Constant input on bit 437 of port A: 1'1
  Constant input on bit 438 of port A: 1'0
  Constant input on bit 439 of port A: 1'1
  Constant input on bit 440 of port A: 1'0
  Constant input on bit 441 of port A: 1'0
  Constant input on bit 442 of port A: 1'1
  Constant input on bit 443 of port A: 1'1
  Constant input on bit 444 of port A: 1'1
  Constant input on bit 445 of port A: 1'0
  Constant input on bit 446 of port A: 1'1
  Constant input on bit 447 of port A: 1'0
  Constant input on bit 448 of port A: 1'x
  Constant input on bit 449 of port A: 1'x
  Constant input on bit 450 of port A: 1'x
  Constant input on bit 451 of port A: 1'x
  Constant input on bit 452 of port A: 1'x
  Constant input on bit 453 of port A: 1'x
  Constant input on bit 454 of port A: 1'x
  Constant input on bit 455 of port A: 1'x
  Constant input on bit 456 of port A: 1'x
  Constant input on bit 457 of port A: 1'x
  Constant input on bit 458 of port A: 1'x
  Constant input on bit 459 of port A: 1'x
  Constant input on bit 460 of port A: 1'x
  Constant input on bit 461 of port A: 1'x
  Constant input on bit 462 of port A: 1'x
  Constant input on bit 463 of port A: 1'x
  Constant input on bit 464 of port A: 1'x
  Constant input on bit 465 of port A: 1'x
  Constant input on bit 466 of port A: 1'x
  Constant input on bit 467 of port A: 1'x
  Constant input on bit 468 of port A: 1'x
  Constant input on bit 469 of port A: 1'x
  Constant input on bit 470 of port A: 1'x
  Constant input on bit 471 of port A: 1'x
  Constant input on bit 472 of port A: 1'x
  Constant input on bit 473 of port A: 1'x
  Constant input on bit 474 of port A: 1'x
  Constant input on bit 475 of port A: 1'x
  Constant input on bit 476 of port A: 1'x
  Constant input on bit 477 of port A: 1'x
  Constant input on bit 478 of port A: 1'x
  Constant input on bit 479 of port A: 1'x
  Constant input on bit 480 of port A: 1'1
  Constant input on bit 481 of port A: 1'1
  Constant input on bit 482 of port A: 1'0
  Constant input on bit 483 of port A: 1'0
  Constant input on bit 484 of port A: 1'0
  Constant input on bit 485 of port A: 1'1
  Constant input on bit 486 of port A: 1'1
  Constant input on bit 487 of port A: 1'0
  Constant input on bit 488 of port A: 1'0
  Constant input on bit 489 of port A: 1'0
  Constant input on bit 490 of port A: 1'0
  Constant input on bit 491 of port A: 1'1
  Constant input on bit 492 of port A: 1'1
  Constant input on bit 493 of port A: 1'0
  Constant input on bit 494 of port A: 1'1
  Constant input on bit 495 of port A: 1'0
  Constant input on bit 496 of port A: 1'0
  Constant input on bit 497 of port A: 1'0
  Constant input on bit 498 of port A: 1'0
  Constant input on bit 499 of port A: 1'0
  Constant input on bit 500 of port A: 1'0
  Constant input on bit 501 of port A: 1'1
  Constant input on bit 502 of port A: 1'0
  Constant input on bit 503 of port A: 1'0
  Constant input on bit 504 of port A: 1'1
  Constant input on bit 505 of port A: 1'1
  Constant input on bit 506 of port A: 1'1
  Constant input on bit 507 of port A: 1'0
  Constant input on bit 508 of port A: 1'1
  Constant input on bit 509 of port A: 1'1
  Constant input on bit 510 of port A: 1'1
  Constant input on bit 511 of port A: 1'0
  Constant input on bit 512 of port A: 1'x
  Constant input on bit 513 of port A: 1'x
  Constant input on bit 514 of port A: 1'x
  Constant input on bit 515 of port A: 1'x
  Constant input on bit 516 of port A: 1'x
  Constant input on bit 517 of port A: 1'x
  Constant input on bit 518 of port A: 1'x
  Constant input on bit 519 of port A: 1'x
  Constant input on bit 520 of port A: 1'x
  Constant input on bit 521 of port A: 1'x
  Constant input on bit 522 of port A: 1'x
  Constant input on bit 523 of port A: 1'x
  Constant input on bit 524 of port A: 1'x
  Constant input on bit 525 of port A: 1'x
  Constant input on bit 526 of port A: 1'x
  Constant input on bit 527 of port A: 1'x
  Constant input on bit 528 of port A: 1'x
  Constant input on bit 529 of port A: 1'x
  Constant input on bit 530 of port A: 1'x
  Constant input on bit 531 of port A: 1'x
  Constant input on bit 532 of port A: 1'x
  Constant input on bit 533 of port A: 1'x
  Constant input on bit 534 of port A: 1'x
  Constant input on bit 535 of port A: 1'x
  Constant input on bit 536 of port A: 1'x
  Constant input on bit 537 of port A: 1'x
  Constant input on bit 538 of port A: 1'x
  Constant input on bit 539 of port A: 1'x
  Constant input on bit 540 of port A: 1'x
  Constant input on bit 541 of port A: 1'x
  Constant input on bit 542 of port A: 1'x
  Constant input on bit 543 of port A: 1'x
  Constant input on bit 544 of port A: 1'0
  Constant input on bit 545 of port A: 1'0
  Constant input on bit 546 of port A: 1'0
  Constant input on bit 547 of port A: 1'1
  Constant input on bit 548 of port A: 1'1
  Constant input on bit 549 of port A: 1'0
  Constant input on bit 550 of port A: 1'1
  Constant input on bit 551 of port A: 1'0
  Constant input on bit 552 of port A: 1'0
  Constant input on bit 553 of port A: 1'0
  Constant input on bit 554 of port A: 1'1
  Constant input on bit 555 of port A: 1'1
  Constant input on bit 556 of port A: 1'1
  Constant input on bit 557 of port A: 1'1
  Constant input on bit 558 of port A: 1'1
  Constant input on bit 559 of port A: 1'0
  Constant input on bit 560 of port A: 1'1
  Constant input on bit 561 of port A: 1'0
  Constant input on bit 562 of port A: 1'0
  Constant input on bit 563 of port A: 1'1
  Constant input on bit 564 of port A: 1'0
  Constant input on bit 565 of port A: 1'1
  Constant input on bit 566 of port A: 1'1
  Constant input on bit 567 of port A: 1'1
  Constant input on bit 568 of port A: 1'0
  Constant input on bit 569 of port A: 1'0
  Constant input on bit 570 of port A: 1'1
  Constant input on bit 571 of port A: 1'1
  Constant input on bit 572 of port A: 1'1
  Constant input on bit 573 of port A: 1'0
  Constant input on bit 574 of port A: 1'0
  Constant input on bit 575 of port A: 1'0
  Constant input on bit 576 of port A: 1'x
  Constant input on bit 577 of port A: 1'x
  Constant input on bit 578 of port A: 1'x
  Constant input on bit 579 of port A: 1'x
  Constant input on bit 580 of port A: 1'x
  Constant input on bit 581 of port A: 1'x
  Constant input on bit 582 of port A: 1'x
  Constant input on bit 583 of port A: 1'x
  Constant input on bit 584 of port A: 1'x
  Constant input on bit 585 of port A: 1'x
  Constant input on bit 586 of port A: 1'x
  Constant input on bit 587 of port A: 1'x
  Constant input on bit 588 of port A: 1'x
  Constant input on bit 589 of port A: 1'x
  Constant input on bit 590 of port A: 1'x
  Constant input on bit 591 of port A: 1'x
  Constant input on bit 592 of port A: 1'x
  Constant input on bit 593 of port A: 1'x
  Constant input on bit 594 of port A: 1'x
  Constant input on bit 595 of port A: 1'x
  Constant input on bit 596 of port A: 1'x
  Constant input on bit 597 of port A: 1'x
  Constant input on bit 598 of port A: 1'x
  Constant input on bit 599 of port A: 1'x
  Constant input on bit 600 of port A: 1'x
  Constant input on bit 601 of port A: 1'x
  Constant input on bit 602 of port A: 1'x
  Constant input on bit 603 of port A: 1'x
  Constant input on bit 604 of port A: 1'x
  Constant input on bit 605 of port A: 1'x
  Constant input on bit 606 of port A: 1'x
  Constant input on bit 607 of port A: 1'x
  Constant input on bit 608 of port A: 1'0
  Constant input on bit 609 of port A: 1'0
  Constant input on bit 610 of port A: 1'0
  Constant input on bit 611 of port A: 1'1
  Constant input on bit 612 of port A: 1'1
  Constant input on bit 613 of port A: 1'1
  Constant input on bit 614 of port A: 1'0
  Constant input on bit 615 of port A: 1'1
  Constant input on bit 616 of port A: 1'1
  Constant input on bit 617 of port A: 1'1
  Constant input on bit 618 of port A: 1'0
  Constant input on bit 619 of port A: 1'1
  Constant input on bit 620 of port A: 1'1
  Constant input on bit 621 of port A: 1'0
  Constant input on bit 622 of port A: 1'1
  Constant input on bit 623 of port A: 1'1
  Constant input on bit 624 of port A: 1'0
  Constant input on bit 625 of port A: 1'0
  Constant input on bit 626 of port A: 1'0
  Constant input on bit 627 of port A: 1'0
  Constant input on bit 628 of port A: 1'0
  Constant input on bit 629 of port A: 1'0
  Constant input on bit 630 of port A: 1'0
  Constant input on bit 631 of port A: 1'0
  Constant input on bit 632 of port A: 1'0
  Constant input on bit 633 of port A: 1'0
  Constant input on bit 634 of port A: 1'0
  Constant input on bit 635 of port A: 1'1
  Constant input on bit 636 of port A: 1'1
  Constant input on bit 637 of port A: 1'1
  Constant input on bit 638 of port A: 1'0
  Constant input on bit 639 of port A: 1'1
  Constant input on bit 640 of port A: 1'x
  Constant input on bit 641 of port A: 1'x
  Constant input on bit 642 of port A: 1'x
  Constant input on bit 643 of port A: 1'x
  Constant input on bit 644 of port A: 1'x
  Constant input on bit 645 of port A: 1'x
  Constant input on bit 646 of port A: 1'x
  Constant input on bit 647 of port A: 1'x
  Constant input on bit 648 of port A: 1'x
  Constant input on bit 649 of port A: 1'x
  Constant input on bit 650 of port A: 1'x
  Constant input on bit 651 of port A: 1'x
  Constant input on bit 652 of port A: 1'x
  Constant input on bit 653 of port A: 1'x
  Constant input on bit 654 of port A: 1'x
  Constant input on bit 655 of port A: 1'x
  Constant input on bit 656 of port A: 1'x
  Constant input on bit 657 of port A: 1'x
  Constant input on bit 658 of port A: 1'x
  Constant input on bit 659 of port A: 1'x
  Constant input on bit 660 of port A: 1'x
  Constant input on bit 661 of port A: 1'x
  Constant input on bit 662 of port A: 1'x
  Constant input on bit 663 of port A: 1'x
  Constant input on bit 664 of port A: 1'x
  Constant input on bit 665 of port A: 1'x
  Constant input on bit 666 of port A: 1'x
  Constant input on bit 667 of port A: 1'x
  Constant input on bit 668 of port A: 1'x
  Constant input on bit 669 of port A: 1'x
  Constant input on bit 670 of port A: 1'x
  Constant input on bit 671 of port A: 1'x
  Constant input on bit 672 of port A: 1'1
  Constant input on bit 673 of port A: 1'0
  Constant input on bit 674 of port A: 1'1
  Constant input on bit 675 of port A: 1'1
  Constant input on bit 676 of port A: 1'1
  Constant input on bit 677 of port A: 1'0
  Constant input on bit 678 of port A: 1'1
  Constant input on bit 679 of port A: 1'1
  Constant input on bit 680 of port A: 1'0
  Constant input on bit 681 of port A: 1'0
  Constant input on bit 682 of port A: 1'1
  Constant input on bit 683 of port A: 1'0
  Constant input on bit 684 of port A: 1'1
  Constant input on bit 685 of port A: 1'0
  Constant input on bit 686 of port A: 1'1
  Constant input on bit 687 of port A: 1'1
  Constant input on bit 688 of port A: 1'0
  Constant input on bit 689 of port A: 1'1
  Constant input on bit 690 of port A: 1'1
  Constant input on bit 691 of port A: 1'0
  Constant input on bit 692 of port A: 1'0
  Constant input on bit 693 of port A: 1'0
  Constant input on bit 694 of port A: 1'0
  Constant input on bit 695 of port A: 1'0
  Constant input on bit 696 of port A: 1'0
  Constant input on bit 697 of port A: 1'0
  Constant input on bit 698 of port A: 1'1
  Constant input on bit 699 of port A: 1'1
  Constant input on bit 700 of port A: 1'1
  Constant input on bit 701 of port A: 1'1
  Constant input on bit 702 of port A: 1'1
  Constant input on bit 703 of port A: 1'0
  Constant input on bit 704 of port A: 1'x
  Constant input on bit 705 of port A: 1'x
  Constant input on bit 706 of port A: 1'x
  Constant input on bit 707 of port A: 1'x
  Constant input on bit 708 of port A: 1'x
  Constant input on bit 709 of port A: 1'x
  Constant input on bit 710 of port A: 1'x
  Constant input on bit 711 of port A: 1'x
  Constant input on bit 712 of port A: 1'x
  Constant input on bit 713 of port A: 1'x
  Constant input on bit 714 of port A: 1'x
  Constant input on bit 715 of port A: 1'x
  Constant input on bit 716 of port A: 1'x
  Constant input on bit 717 of port A: 1'x
  Constant input on bit 718 of port A: 1'x
  Constant input on bit 719 of port A: 1'x
  Constant input on bit 720 of port A: 1'x
  Constant input on bit 721 of port A: 1'x
  Constant input on bit 722 of port A: 1'x
  Constant input on bit 723 of port A: 1'x
  Constant input on bit 724 of port A: 1'x
  Constant input on bit 725 of port A: 1'x
  Constant input on bit 726 of port A: 1'x
  Constant input on bit 727 of port A: 1'x
  Constant input on bit 728 of port A: 1'x
  Constant input on bit 729 of port A: 1'x
  Constant input on bit 730 of port A: 1'x
  Constant input on bit 731 of port A: 1'x
  Constant input on bit 732 of port A: 1'x
  Constant input on bit 733 of port A: 1'x
  Constant input on bit 734 of port A: 1'x
  Constant input on bit 735 of port A: 1'x
  Constant input on bit 736 of port A: 1'0
  Constant input on bit 737 of port A: 1'0
  Constant input on bit 738 of port A: 1'0
  Constant input on bit 739 of port A: 1'1
  Constant input on bit 740 of port A: 1'0
  Constant input on bit 741 of port A: 1'1
  Constant input on bit 742 of port A: 1'0
  Constant input on bit 743 of port A: 1'1
  Constant input on bit 744 of port A: 1'0
  Constant input on bit 745 of port A: 1'1
  Constant input on bit 746 of port A: 1'1
  Constant input on bit 747 of port A: 1'0
  Constant input on bit 748 of port A: 1'0
  Constant input on bit 749 of port A: 1'1
  Constant input on bit 750 of port A: 1'1
  Constant input on bit 751 of port A: 1'0
  Constant input on bit 752 of port A: 1'1
  Constant input on bit 753 of port A: 1'1
  Constant input on bit 754 of port A: 1'1
  Constant input on bit 755 of port A: 1'1
  Constant input on bit 756 of port A: 1'1
  Constant input on bit 757 of port A: 1'1
  Constant input on bit 758 of port A: 1'1
  Constant input on bit 759 of port A: 1'0
  Constant input on bit 760 of port A: 1'0
  Constant input on bit 761 of port A: 1'0
  Constant input on bit 762 of port A: 1'1
  Constant input on bit 763 of port A: 1'0
  Constant input on bit 764 of port A: 1'0
  Constant input on bit 765 of port A: 1'1
  Constant input on bit 766 of port A: 1'0
  Constant input on bit 767 of port A: 1'0
  Constant input on bit 768 of port A: 1'x
  Constant input on bit 769 of port A: 1'x
  Constant input on bit 770 of port A: 1'x
  Constant input on bit 771 of port A: 1'x
  Constant input on bit 772 of port A: 1'x
  Constant input on bit 773 of port A: 1'x
  Constant input on bit 774 of port A: 1'x
  Constant input on bit 775 of port A: 1'x
  Constant input on bit 776 of port A: 1'x
  Constant input on bit 777 of port A: 1'x
  Constant input on bit 778 of port A: 1'x
  Constant input on bit 779 of port A: 1'x
  Constant input on bit 780 of port A: 1'x
  Constant input on bit 781 of port A: 1'x
  Constant input on bit 782 of port A: 1'x
  Constant input on bit 783 of port A: 1'x
  Constant input on bit 784 of port A: 1'x
  Constant input on bit 785 of port A: 1'x
  Constant input on bit 786 of port A: 1'x
  Constant input on bit 787 of port A: 1'x
  Constant input on bit 788 of port A: 1'x
  Constant input on bit 789 of port A: 1'x
  Constant input on bit 790 of port A: 1'x
  Constant input on bit 791 of port A: 1'x
  Constant input on bit 792 of port A: 1'x
  Constant input on bit 793 of port A: 1'x
  Constant input on bit 794 of port A: 1'x
  Constant input on bit 795 of port A: 1'x
  Constant input on bit 796 of port A: 1'x
  Constant input on bit 797 of port A: 1'x
  Constant input on bit 798 of port A: 1'x
  Constant input on bit 799 of port A: 1'x
  Constant input on bit 800 of port A: 1'1
  Constant input on bit 801 of port A: 1'0
  Constant input on bit 802 of port A: 1'0
  Constant input on bit 803 of port A: 1'0
  Constant input on bit 804 of port A: 1'1
  Constant input on bit 805 of port A: 1'1
  Constant input on bit 806 of port A: 1'1
  Constant input on bit 807 of port A: 1'1
  Constant input on bit 808 of port A: 1'1
  Constant input on bit 809 of port A: 1'1
  Constant input on bit 810 of port A: 1'0
  Constant input on bit 811 of port A: 1'0
  Constant input on bit 812 of port A: 1'1
  Constant input on bit 813 of port A: 1'0
  Constant input on bit 814 of port A: 1'0
  Constant input on bit 815 of port A: 1'0
  Constant input on bit 816 of port A: 1'0
  Constant input on bit 817 of port A: 1'0
  Constant input on bit 818 of port A: 1'1
  Constant input on bit 819 of port A: 1'1
  Constant input on bit 820 of port A: 1'1
  Constant input on bit 821 of port A: 1'0
  Constant input on bit 822 of port A: 1'1
  Constant input on bit 823 of port A: 1'0
  Constant input on bit 824 of port A: 1'0
  Constant input on bit 825 of port A: 1'1
  Constant input on bit 826 of port A: 1'0
  Constant input on bit 827 of port A: 1'0
  Constant input on bit 828 of port A: 1'1
  Constant input on bit 829 of port A: 1'0
  Constant input on bit 830 of port A: 1'1
  Constant input on bit 831 of port A: 1'1
  Constant input on bit 832 of port A: 1'x
  Constant input on bit 833 of port A: 1'x
  Constant input on bit 834 of port A: 1'x
  Constant input on bit 835 of port A: 1'x
  Constant input on bit 836 of port A: 1'x
  Constant input on bit 837 of port A: 1'x
  Constant input on bit 838 of port A: 1'x
  Constant input on bit 839 of port A: 1'x
  Constant input on bit 840 of port A: 1'x
  Constant input on bit 841 of port A: 1'x
  Constant input on bit 842 of port A: 1'x
  Constant input on bit 843 of port A: 1'x
  Constant input on bit 844 of port A: 1'x
  Constant input on bit 845 of port A: 1'x
  Constant input on bit 846 of port A: 1'x
  Constant input on bit 847 of port A: 1'x
  Constant input on bit 848 of port A: 1'x
  Constant input on bit 849 of port A: 1'x
  Constant input on bit 850 of port A: 1'x
  Constant input on bit 851 of port A: 1'x
  Constant input on bit 852 of port A: 1'x
  Constant input on bit 853 of port A: 1'x
  Constant input on bit 854 of port A: 1'x
  Constant input on bit 855 of port A: 1'x
  Constant input on bit 856 of port A: 1'x
  Constant input on bit 857 of port A: 1'x
  Constant input on bit 858 of port A: 1'x
  Constant input on bit 859 of port A: 1'x
  Constant input on bit 860 of port A: 1'x
  Constant input on bit 861 of port A: 1'x
  Constant input on bit 862 of port A: 1'x
  Constant input on bit 863 of port A: 1'x
  Constant input on bit 864 of port A: 1'1
  Constant input on bit 865 of port A: 1'0
  Constant input on bit 866 of port A: 1'1
  Constant input on bit 867 of port A: 1'1
  Constant input on bit 868 of port A: 1'0
  Constant input on bit 869 of port A: 1'0
  Constant input on bit 870 of port A: 1'0
  Constant input on bit 871 of port A: 1'0
  Constant input on bit 872 of port A: 1'0
  Constant input on bit 873 of port A: 1'1
  Constant input on bit 874 of port A: 1'1
  Constant input on bit 875 of port A: 1'0
  Constant input on bit 876 of port A: 1'1
  Constant input on bit 877 of port A: 1'0
  Constant input on bit 878 of port A: 1'0
  Constant input on bit 879 of port A: 1'1
  Constant input on bit 880 of port A: 1'0
  Constant input on bit 881 of port A: 1'0
  Constant input on bit 882 of port A: 1'1
  Constant input on bit 883 of port A: 1'1
  Constant input on bit 884 of port A: 1'1
  Constant input on bit 885 of port A: 1'0
  Constant input on bit 886 of port A: 1'0
  Constant input on bit 887 of port A: 1'1
  Constant input on bit 888 of port A: 1'1
  Constant input on bit 889 of port A: 1'0
  Constant input on bit 890 of port A: 1'1
  Constant input on bit 891 of port A: 1'1
  Constant input on bit 892 of port A: 1'1
  Constant input on bit 893 of port A: 1'1
  Constant input on bit 894 of port A: 1'1
  Constant input on bit 895 of port A: 1'0
  Constant input on bit 896 of port A: 1'x
  Constant input on bit 897 of port A: 1'x
  Constant input on bit 898 of port A: 1'x
  Constant input on bit 899 of port A: 1'x
  Constant input on bit 900 of port A: 1'x
  Constant input on bit 901 of port A: 1'x
  Constant input on bit 902 of port A: 1'x
  Constant input on bit 903 of port A: 1'x
  Constant input on bit 904 of port A: 1'x
  Constant input on bit 905 of port A: 1'x
  Constant input on bit 906 of port A: 1'x
  Constant input on bit 907 of port A: 1'x
  Constant input on bit 908 of port A: 1'x
  Constant input on bit 909 of port A: 1'x
  Constant input on bit 910 of port A: 1'x
  Constant input on bit 911 of port A: 1'x
  Constant input on bit 912 of port A: 1'x
  Constant input on bit 913 of port A: 1'x
  Constant input on bit 914 of port A: 1'x
  Constant input on bit 915 of port A: 1'x
  Constant input on bit 916 of port A: 1'x
  Constant input on bit 917 of port A: 1'x
  Constant input on bit 918 of port A: 1'x
  Constant input on bit 919 of port A: 1'x
  Constant input on bit 920 of port A: 1'x
  Constant input on bit 921 of port A: 1'x
  Constant input on bit 922 of port A: 1'x
  Constant input on bit 923 of port A: 1'x
  Constant input on bit 924 of port A: 1'x
  Constant input on bit 925 of port A: 1'x
  Constant input on bit 926 of port A: 1'x
  Constant input on bit 927 of port A: 1'x
  Constant input on bit 928 of port A: 1'1
  Constant input on bit 929 of port A: 1'1
  Constant input on bit 930 of port A: 1'0
  Constant input on bit 931 of port A: 1'0
  Constant input on bit 932 of port A: 1'1
  Constant input on bit 933 of port A: 1'0
  Constant input on bit 934 of port A: 1'0
  Constant input on bit 935 of port A: 1'0
  Constant input on bit 936 of port A: 1'1
  Constant input on bit 937 of port A: 1'0
  Constant input on bit 938 of port A: 1'1
  Constant input on bit 939 of port A: 1'0
  Constant input on bit 940 of port A: 1'0
  Constant input on bit 941 of port A: 1'0
  Constant input on bit 942 of port A: 1'0
  Constant input on bit 943 of port A: 1'1
  Constant input on bit 944 of port A: 1'1
  Constant input on bit 945 of port A: 1'0
  Constant input on bit 946 of port A: 1'1
  Constant input on bit 947 of port A: 1'1
  Constant input on bit 948 of port A: 1'0
  Constant input on bit 949 of port A: 1'1
  Constant input on bit 950 of port A: 1'1
  Constant input on bit 951 of port A: 1'1
  Constant input on bit 952 of port A: 1'1
  Constant input on bit 953 of port A: 1'0
  Constant input on bit 954 of port A: 1'0
  Constant input on bit 955 of port A: 1'1
  Constant input on bit 956 of port A: 1'0
  Constant input on bit 957 of port A: 1'0
  Constant input on bit 958 of port A: 1'0
  Constant input on bit 959 of port A: 1'1
  Constant input on bit 960 of port A: 1'x
  Constant input on bit 961 of port A: 1'x
  Constant input on bit 962 of port A: 1'x
  Constant input on bit 963 of port A: 1'x
  Constant input on bit 964 of port A: 1'x
  Constant input on bit 965 of port A: 1'x
  Constant input on bit 966 of port A: 1'x
  Constant input on bit 967 of port A: 1'x
  Constant input on bit 968 of port A: 1'x
  Constant input on bit 969 of port A: 1'x
  Constant input on bit 970 of port A: 1'x
  Constant input on bit 971 of port A: 1'x
  Constant input on bit 972 of port A: 1'x
  Constant input on bit 973 of port A: 1'x
  Constant input on bit 974 of port A: 1'x
  Constant input on bit 975 of port A: 1'x
  Constant input on bit 976 of port A: 1'x
  Constant input on bit 977 of port A: 1'x
  Constant input on bit 978 of port A: 1'x
  Constant input on bit 979 of port A: 1'x
  Constant input on bit 980 of port A: 1'x
  Constant input on bit 981 of port A: 1'x
  Constant input on bit 982 of port A: 1'x
  Constant input on bit 983 of port A: 1'x
  Constant input on bit 984 of port A: 1'x
  Constant input on bit 985 of port A: 1'x
  Constant input on bit 986 of port A: 1'x
  Constant input on bit 987 of port A: 1'x
  Constant input on bit 988 of port A: 1'x
  Constant input on bit 989 of port A: 1'x
  Constant input on bit 990 of port A: 1'x
  Constant input on bit 991 of port A: 1'x
  Constant input on bit 992 of port A: 1'0
  Constant input on bit 993 of port A: 1'1
  Constant input on bit 994 of port A: 1'1
  Constant input on bit 995 of port A: 1'0
  Constant input on bit 996 of port A: 1'1
  Constant input on bit 997 of port A: 1'1
  Constant input on bit 998 of port A: 1'0
  Constant input on bit 999 of port A: 1'0
  Constant input on bit 1000 of port A: 1'0
  Constant input on bit 1001 of port A: 1'1
  Constant input on bit 1002 of port A: 1'0
  Constant input on bit 1003 of port A: 1'1
  Constant input on bit 1004 of port A: 1'0
  Constant input on bit 1005 of port A: 1'1
  Constant input on bit 1006 of port A: 1'0
  Constant input on bit 1007 of port A: 1'0
  Constant input on bit 1008 of port A: 1'0
  Constant input on bit 1009 of port A: 1'1
  Constant input on bit 1010 of port A: 1'0
  Constant input on bit 1011 of port A: 1'1
  Constant input on bit 1012 of port A: 1'1
  Constant input on bit 1013 of port A: 1'0
  Constant input on bit 1014 of port A: 1'0
  Constant input on bit 1015 of port A: 1'0
  Constant input on bit 1016 of port A: 1'1
  Constant input on bit 1017 of port A: 1'1
  Constant input on bit 1018 of port A: 1'1
  Constant input on bit 1019 of port A: 1'1
  Constant input on bit 1020 of port A: 1'1
  Constant input on bit 1021 of port A: 1'1
  Constant input on bit 1022 of port A: 1'0
  Constant input on bit 1023 of port A: 1'1
  Constant input on bit 1024 of port A: 1'0
  Constant input on bit 1025 of port A: 1'0
  Constant input on bit 1026 of port A: 1'0
  Constant input on bit 1027 of port A: 1'0
  Constant input on bit 1028 of port A: 1'1
  Constant input on bit 1029 of port A: 1'1
  Constant input on bit 1030 of port A: 1'1
  Constant input on bit 1031 of port A: 1'0
  Constant input on bit 1032 of port A: 1'1
  Constant input on bit 1033 of port A: 1'0
  Constant input on bit 1034 of port A: 1'1
  Constant input on bit 1035 of port A: 1'1
  Constant input on bit 1036 of port A: 1'1
  Constant input on bit 1037 of port A: 1'0
  Constant input on bit 1038 of port A: 1'0
  Constant input on bit 1039 of port A: 1'1
  Constant input on bit 1040 of port A: 1'1
  Constant input on bit 1041 of port A: 1'0
  Constant input on bit 1042 of port A: 1'0
  Constant input on bit 1043 of port A: 1'1
  Constant input on bit 1044 of port A: 1'0
  Constant input on bit 1045 of port A: 1'0
  Constant input on bit 1046 of port A: 1'1
  Constant input on bit 1047 of port A: 1'0
  Constant input on bit 1048 of port A: 1'1
  Constant input on bit 1049 of port A: 1'0
  Constant input on bit 1050 of port A: 1'0
  Constant input on bit 1051 of port A: 1'0
  Constant input on bit 1052 of port A: 1'0
  Constant input on bit 1053 of port A: 1'1
  Constant input on bit 1054 of port A: 1'1
  Constant input on bit 1055 of port A: 1'1
  Constant input on bit 1056 of port A: 1'1
  Constant input on bit 1057 of port A: 1'1
  Constant input on bit 1058 of port A: 1'1
  Constant input on bit 1059 of port A: 1'1
  Constant input on bit 1060 of port A: 1'1
  Constant input on bit 1061 of port A: 1'1
  Constant input on bit 1062 of port A: 1'1
  Constant input on bit 1063 of port A: 1'1
  Constant input on bit 1064 of port A: 1'0
  Constant input on bit 1065 of port A: 1'1
  Constant input on bit 1066 of port A: 1'0
  Constant input on bit 1067 of port A: 1'0
  Constant input on bit 1068 of port A: 1'1
  Constant input on bit 1069 of port A: 1'0
  Constant input on bit 1070 of port A: 1'1
  Constant input on bit 1071 of port A: 1'1
  Constant input on bit 1072 of port A: 1'0
  Constant input on bit 1073 of port A: 1'0
  Constant input on bit 1074 of port A: 1'1
  Constant input on bit 1075 of port A: 1'0
  Constant input on bit 1076 of port A: 1'0
  Constant input on bit 1077 of port A: 1'1
  Constant input on bit 1078 of port A: 1'1
  Constant input on bit 1079 of port A: 1'1
  Constant input on bit 1080 of port A: 1'0
  Constant input on bit 1081 of port A: 1'0
  Constant input on bit 1082 of port A: 1'1
  Constant input on bit 1083 of port A: 1'1
  Constant input on bit 1084 of port A: 1'0
  Constant input on bit 1085 of port A: 1'0
  Constant input on bit 1086 of port A: 1'1
  Constant input on bit 1087 of port A: 1'0
  Constant input on bit 1088 of port A: 1'1
  Constant input on bit 1089 of port A: 1'1
  Constant input on bit 1090 of port A: 1'1
  Constant input on bit 1091 of port A: 1'1
  Constant input on bit 1092 of port A: 1'0
  Constant input on bit 1093 of port A: 1'1
  Constant input on bit 1094 of port A: 1'1
  Constant input on bit 1095 of port A: 1'1
  Constant input on bit 1096 of port A: 1'1
  Constant input on bit 1097 of port A: 1'1
  Constant input on bit 1098 of port A: 1'0
  Constant input on bit 1099 of port A: 1'1
  Constant input on bit 1100 of port A: 1'0
  Constant input on bit 1101 of port A: 1'1
  Constant input on bit 1102 of port A: 1'1
  Constant input on bit 1103 of port A: 1'1
  Constant input on bit 1104 of port A: 1'1
  Constant input on bit 1105 of port A: 1'1
  Constant input on bit 1106 of port A: 1'1
  Constant input on bit 1107 of port A: 1'0
  Constant input on bit 1108 of port A: 1'1
  Constant input on bit 1109 of port A: 1'1
  Constant input on bit 1110 of port A: 1'0
  Constant input on bit 1111 of port A: 1'1
  Constant input on bit 1112 of port A: 1'0
  Constant input on bit 1113 of port A: 1'1
  Constant input on bit 1114 of port A: 1'0
  Constant input on bit 1115 of port A: 1'0
  Constant input on bit 1116 of port A: 1'1
  Constant input on bit 1117 of port A: 1'1
  Constant input on bit 1118 of port A: 1'0
  Constant input on bit 1119 of port A: 1'0
  Constant input on bit 1120 of port A: 1'1
  Constant input on bit 1121 of port A: 1'0
  Constant input on bit 1122 of port A: 1'0
  Constant input on bit 1123 of port A: 1'0
  Constant input on bit 1124 of port A: 1'0
  Constant input on bit 1125 of port A: 1'0
  Constant input on bit 1126 of port A: 1'1
  Constant input on bit 1127 of port A: 1'1
  Constant input on bit 1128 of port A: 1'1
  Constant input on bit 1129 of port A: 1'0
  Constant input on bit 1130 of port A: 1'1
  Constant input on bit 1131 of port A: 1'0
  Constant input on bit 1132 of port A: 1'0
  Constant input on bit 1133 of port A: 1'0
  Constant input on bit 1134 of port A: 1'0
  Constant input on bit 1135 of port A: 1'0
  Constant input on bit 1136 of port A: 1'1
  Constant input on bit 1137 of port A: 1'0
  Constant input on bit 1138 of port A: 1'1
  Constant input on bit 1139 of port A: 1'0
  Constant input on bit 1140 of port A: 1'1
  Constant input on bit 1141 of port A: 1'1
  Constant input on bit 1142 of port A: 1'1
  Constant input on bit 1143 of port A: 1'0
  Constant input on bit 1144 of port A: 1'0
  Constant input on bit 1145 of port A: 1'0
  Constant input on bit 1146 of port A: 1'1
  Constant input on bit 1147 of port A: 1'0
  Constant input on bit 1148 of port A: 1'0
  Constant input on bit 1149 of port A: 1'0
  Constant input on bit 1150 of port A: 1'1
  Constant input on bit 1151 of port A: 1'1
  Constant input on bit 1152 of port A: 1'x
  Constant input on bit 1153 of port A: 1'x
  Constant input on bit 1154 of port A: 1'x
  Constant input on bit 1155 of port A: 1'x
  Constant input on bit 1156 of port A: 1'x
  Constant input on bit 1157 of port A: 1'x
  Constant input on bit 1158 of port A: 1'x
  Constant input on bit 1159 of port A: 1'x
  Constant input on bit 1160 of port A: 1'x
  Constant input on bit 1161 of port A: 1'x
  Constant input on bit 1162 of port A: 1'x
  Constant input on bit 1163 of port A: 1'x
  Constant input on bit 1164 of port A: 1'x
  Constant input on bit 1165 of port A: 1'x
  Constant input on bit 1166 of port A: 1'x
  Constant input on bit 1167 of port A: 1'x
  Constant input on bit 1168 of port A: 1'x
  Constant input on bit 1169 of port A: 1'x
  Constant input on bit 1170 of port A: 1'x
  Constant input on bit 1171 of port A: 1'x
  Constant input on bit 1172 of port A: 1'x
  Constant input on bit 1173 of port A: 1'x
  Constant input on bit 1174 of port A: 1'x
  Constant input on bit 1175 of port A: 1'x
  Constant input on bit 1176 of port A: 1'x
  Constant input on bit 1177 of port A: 1'x
  Constant input on bit 1178 of port A: 1'x
  Constant input on bit 1179 of port A: 1'x
  Constant input on bit 1180 of port A: 1'x
  Constant input on bit 1181 of port A: 1'x
  Constant input on bit 1182 of port A: 1'x
  Constant input on bit 1183 of port A: 1'x
  Constant input on bit 1184 of port A: 1'1
  Constant input on bit 1185 of port A: 1'0
  Constant input on bit 1186 of port A: 1'0
  Constant input on bit 1187 of port A: 1'1
  Constant input on bit 1188 of port A: 1'1
  Constant input on bit 1189 of port A: 1'1
  Constant input on bit 1190 of port A: 1'0
  Constant input on bit 1191 of port A: 1'1
  Constant input on bit 1192 of port A: 1'0
  Constant input on bit 1193 of port A: 1'0
  Constant input on bit 1194 of port A: 1'1
  Constant input on bit 1195 of port A: 1'0
  Constant input on bit 1196 of port A: 1'0
  Constant input on bit 1197 of port A: 1'0
  Constant input on bit 1198 of port A: 1'0
  Constant input on bit 1199 of port A: 1'1
  Constant input on bit 1200 of port A: 1'0
  Constant input on bit 1201 of port A: 1'0
  Constant input on bit 1202 of port A: 1'1
  Constant input on bit 1203 of port A: 1'0
  Constant input on bit 1204 of port A: 1'0
  Constant input on bit 1205 of port A: 1'1
  Constant input on bit 1206 of port A: 1'1
  Constant input on bit 1207 of port A: 1'1
  Constant input on bit 1208 of port A: 1'1
  Constant input on bit 1209 of port A: 1'1
  Constant input on bit 1210 of port A: 1'1
  Constant input on bit 1211 of port A: 1'1
  Constant input on bit 1212 of port A: 1'0
  Constant input on bit 1213 of port A: 1'0
  Constant input on bit 1214 of port A: 1'0
  Constant input on bit 1215 of port A: 1'1
  Constant input on bit 1216 of port A: 1'x
  Constant input on bit 1217 of port A: 1'x
  Constant input on bit 1218 of port A: 1'x
  Constant input on bit 1219 of port A: 1'x
  Constant input on bit 1220 of port A: 1'x
  Constant input on bit 1221 of port A: 1'x
  Constant input on bit 1222 of port A: 1'x
  Constant input on bit 1223 of port A: 1'x
  Constant input on bit 1224 of port A: 1'x
  Constant input on bit 1225 of port A: 1'x
  Constant input on bit 1226 of port A: 1'x
  Constant input on bit 1227 of port A: 1'x
  Constant input on bit 1228 of port A: 1'x
  Constant input on bit 1229 of port A: 1'x
  Constant input on bit 1230 of port A: 1'x
  Constant input on bit 1231 of port A: 1'x
  Constant input on bit 1232 of port A: 1'x
  Constant input on bit 1233 of port A: 1'x
  Constant input on bit 1234 of port A: 1'x
  Constant input on bit 1235 of port A: 1'x
  Constant input on bit 1236 of port A: 1'x
  Constant input on bit 1237 of port A: 1'x
  Constant input on bit 1238 of port A: 1'x
  Constant input on bit 1239 of port A: 1'x
  Constant input on bit 1240 of port A: 1'x
  Constant input on bit 1241 of port A: 1'x
  Constant input on bit 1242 of port A: 1'x
  Constant input on bit 1243 of port A: 1'x
  Constant input on bit 1244 of port A: 1'x
  Constant input on bit 1245 of port A: 1'x
  Constant input on bit 1246 of port A: 1'x
  Constant input on bit 1247 of port A: 1'x
  Constant input on bit 1248 of port A: 1'0
  Constant input on bit 1249 of port A: 1'1
  Constant input on bit 1250 of port A: 1'0
  Constant input on bit 1251 of port A: 1'0
  Constant input on bit 1252 of port A: 1'0
  Constant input on bit 1253 of port A: 1'1
  Constant input on bit 1254 of port A: 1'1
  Constant input on bit 1255 of port A: 1'1
  Constant input on bit 1256 of port A: 1'0
  Constant input on bit 1257 of port A: 1'1
  Constant input on bit 1258 of port A: 1'0
  Constant input on bit 1259 of port A: 1'1
  Constant input on bit 1260 of port A: 1'1
  Constant input on bit 1261 of port A: 1'1
  Constant input on bit 1262 of port A: 1'0
  Constant input on bit 1263 of port A: 1'1
  Constant input on bit 1264 of port A: 1'1
  Constant input on bit 1265 of port A: 1'1
  Constant input on bit 1266 of port A: 1'1
  Constant input on bit 1267 of port A: 1'0
  Constant input on bit 1268 of port A: 1'1
  Constant input on bit 1269 of port A: 1'1
  Constant input on bit 1270 of port A: 1'1
  Constant input on bit 1271 of port A: 1'0
  Constant input on bit 1272 of port A: 1'1
  Constant input on bit 1273 of port A: 1'1
  Constant input on bit 1274 of port A: 1'1
  Constant input on bit 1275 of port A: 1'1
  Constant input on bit 1276 of port A: 1'0
  Constant input on bit 1277 of port A: 1'1
  Constant input on bit 1278 of port A: 1'0
  Constant input on bit 1279 of port A: 1'1
  Constant input on bit 1280 of port A: 1'x
  Constant input on bit 1281 of port A: 1'x
  Constant input on bit 1282 of port A: 1'x
  Constant input on bit 1283 of port A: 1'x
  Constant input on bit 1284 of port A: 1'x
  Constant input on bit 1285 of port A: 1'x
  Constant input on bit 1286 of port A: 1'x
  Constant input on bit 1287 of port A: 1'x
  Constant input on bit 1288 of port A: 1'x
  Constant input on bit 1289 of port A: 1'x
  Constant input on bit 1290 of port A: 1'x
  Constant input on bit 1291 of port A: 1'x
  Constant input on bit 1292 of port A: 1'x
  Constant input on bit 1293 of port A: 1'x
  Constant input on bit 1294 of port A: 1'x
  Constant input on bit 1295 of port A: 1'x
  Constant input on bit 1296 of port A: 1'x
  Constant input on bit 1297 of port A: 1'x
  Constant input on bit 1298 of port A: 1'x
  Constant input on bit 1299 of port A: 1'x
  Constant input on bit 1300 of port A: 1'x
  Constant input on bit 1301 of port A: 1'x
  Constant input on bit 1302 of port A: 1'x
  Constant input on bit 1303 of port A: 1'x
  Constant input on bit 1304 of port A: 1'x
  Constant input on bit 1305 of port A: 1'x
  Constant input on bit 1306 of port A: 1'x
  Constant input on bit 1307 of port A: 1'x
  Constant input on bit 1308 of port A: 1'x
  Constant input on bit 1309 of port A: 1'x
  Constant input on bit 1310 of port A: 1'x
  Constant input on bit 1311 of port A: 1'x
  Constant input on bit 1312 of port A: 1'0
  Constant input on bit 1313 of port A: 1'0
  Constant input on bit 1314 of port A: 1'1
  Constant input on bit 1315 of port A: 1'1
  Constant input on bit 1316 of port A: 1'1
  Constant input on bit 1317 of port A: 1'0
  Constant input on bit 1318 of port A: 1'0
  Constant input on bit 1319 of port A: 1'0
  Constant input on bit 1320 of port A: 1'1
  Constant input on bit 1321 of port A: 1'1
  Constant input on bit 1322 of port A: 1'1
  Constant input on bit 1323 of port A: 1'1
  Constant input on bit 1324 of port A: 1'1
  Constant input on bit 1325 of port A: 1'1
  Constant input on bit 1326 of port A: 1'0
  Constant input on bit 1327 of port A: 1'0
  Constant input on bit 1328 of port A: 1'0
  Constant input on bit 1329 of port A: 1'1
  Constant input on bit 1330 of port A: 1'1
  Constant input on bit 1331 of port A: 1'1
  Constant input on bit 1332 of port A: 1'1
  Constant input on bit 1333 of port A: 1'0
  Constant input on bit 1334 of port A: 1'0
  Constant input on bit 1335 of port A: 1'1
  Constant input on bit 1336 of port A: 1'1
  Constant input on bit 1337 of port A: 1'0
  Constant input on bit 1338 of port A: 1'0
  Constant input on bit 1339 of port A: 1'0
  Constant input on bit 1340 of port A: 1'1
  Constant input on bit 1341 of port A: 1'1
  Constant input on bit 1342 of port A: 1'1
  Constant input on bit 1343 of port A: 1'0
  Constant input on bit 1344 of port A: 1'x
  Constant input on bit 1345 of port A: 1'x
  Constant input on bit 1346 of port A: 1'x
  Constant input on bit 1347 of port A: 1'x
  Constant input on bit 1348 of port A: 1'x
  Constant input on bit 1349 of port A: 1'x
  Constant input on bit 1350 of port A: 1'x
  Constant input on bit 1351 of port A: 1'x
  Constant input on bit 1352 of port A: 1'x
  Constant input on bit 1353 of port A: 1'x
  Constant input on bit 1354 of port A: 1'x
  Constant input on bit 1355 of port A: 1'x
  Constant input on bit 1356 of port A: 1'x
  Constant input on bit 1357 of port A: 1'x
  Constant input on bit 1358 of port A: 1'x
  Constant input on bit 1359 of port A: 1'x
  Constant input on bit 1360 of port A: 1'x
  Constant input on bit 1361 of port A: 1'x
  Constant input on bit 1362 of port A: 1'x
  Constant input on bit 1363 of port A: 1'x
  Constant input on bit 1364 of port A: 1'x
  Constant input on bit 1365 of port A: 1'x
  Constant input on bit 1366 of port A: 1'x
  Constant input on bit 1367 of port A: 1'x
  Constant input on bit 1368 of port A: 1'x
  Constant input on bit 1369 of port A: 1'x
  Constant input on bit 1370 of port A: 1'x
  Constant input on bit 1371 of port A: 1'x
  Constant input on bit 1372 of port A: 1'x
  Constant input on bit 1373 of port A: 1'x
  Constant input on bit 1374 of port A: 1'x
  Constant input on bit 1375 of port A: 1'x
  Constant input on bit 1376 of port A: 1'0
  Constant input on bit 1377 of port A: 1'1
  Constant input on bit 1378 of port A: 1'1
  Constant input on bit 1379 of port A: 1'0
  Constant input on bit 1380 of port A: 1'1
  Constant input on bit 1381 of port A: 1'0
  Constant input on bit 1382 of port A: 1'0
  Constant input on bit 1383 of port A: 1'1
  Constant input on bit 1384 of port A: 1'0
  Constant input on bit 1385 of port A: 1'1
  Constant input on bit 1386 of port A: 1'1
  Constant input on bit 1387 of port A: 1'0
  Constant input on bit 1388 of port A: 1'0
  Constant input on bit 1389 of port A: 1'0
  Constant input on bit 1390 of port A: 1'1
  Constant input on bit 1391 of port A: 1'0
  Constant input on bit 1392 of port A: 1'1
  Constant input on bit 1393 of port A: 1'1
  Constant input on bit 1394 of port A: 1'1
  Constant input on bit 1395 of port A: 1'1
  Constant input on bit 1396 of port A: 1'1
  Constant input on bit 1397 of port A: 1'0
  Constant input on bit 1398 of port A: 1'1
  Constant input on bit 1399 of port A: 1'1
  Constant input on bit 1400 of port A: 1'1
  Constant input on bit 1401 of port A: 1'0
  Constant input on bit 1402 of port A: 1'1
  Constant input on bit 1403 of port A: 1'0
  Constant input on bit 1404 of port A: 1'1
  Constant input on bit 1405 of port A: 1'0
  Constant input on bit 1406 of port A: 1'0
  Constant input on bit 1407 of port A: 1'0
Creating constmapped module `$paramod$constmap:711a87cc9d41c1f9050e1bdea85b68bac572ec75$paramod$5ff134cf61e5a9c64e0f7cba84047e091096ba6e\_90_shift_shiftx'.

15.21.22. Executing OPT_MUXTREE pass (detect dead branches in mux trees).
Running muxtree optimizer on module $paramod$constmap:711a87cc9d41c1f9050e1bdea85b68bac572ec75$paramod$5ff134cf61e5a9c64e0f7cba84047e091096ba6e\_90_shift_shiftx..
  Creating internal representation of mux trees.
  Evaluating internal representation of mux trees.
  Analyzing evaluation results.
    dead port 2/2 on $mux $procmux$1230.
    dead port 2/2 on $mux $procmux$1224.
    dead port 2/2 on $mux $procmux$1218.
    dead port 2/2 on $mux $procmux$1212.
    dead port 2/2 on $mux $procmux$1206.
    dead port 2/2 on $mux $procmux$1200.
    dead port 2/2 on $mux $procmux$1194.
    dead port 2/2 on $mux $procmux$1188.
    dead port 2/2 on $mux $procmux$1182.
    dead port 2/2 on $mux $procmux$1176.
    dead port 2/2 on $mux $procmux$1170.
Removed 11 multiplexer ports.
<suppressed ~1884 debug messages>

15.21.23. Executing OPT_EXPR pass (perform const folding).
Optimizing module $paramod$constmap:711a87cc9d41c1f9050e1bdea85b68bac572ec75$paramod$5ff134cf61e5a9c64e0f7cba84047e091096ba6e\_90_shift_shiftx.
<suppressed ~3 debug messages>
Removed 0 unused cells and 17 unused wires.
Using template $paramod$constmap:711a87cc9d41c1f9050e1bdea85b68bac572ec75$paramod$5ff134cf61e5a9c64e0f7cba84047e091096ba6e\_90_shift_shiftx for cells of type $shiftx.
Using extmapper simplemap for cells of type $xor.
Using template $paramod$8742280fdebca84e1c87f2a86ed84f62d558f4cc\_90_alu for cells of type $alu.
Using template $paramod$constmap:c1a8fb521397bdb25685af64f8a75addca38b68a$paramod$05fd02ee8975e559bee57b6e5e564b3ecd2ab687\_90_shift_shiftx for cells of type $shiftx.
Using extmapper simplemap for cells of type $logic_or.
Using template $paramod$3ef7d3dd227da7627a99c5e5a6a4deb817573e39\_90_alu for cells of type $alu.
Using template $paramod$32efbfac1c4dc57230cf86180788fdfd12e3b511\_90_alu for cells of type $alu.
Using extmapper simplemap for cells of type $adff.
Using extmapper simplemap for cells of type $pos.
Using template $paramod\_90_lcu_brent_kung\WIDTH=32'00000000000000000000000000000100 for cells of type $lcu.
Using template $paramod\_90_lcu_brent_kung\WIDTH=32'00000000000000000000000000000110 for cells of type $lcu.
Using template $paramod\_90_lcu_brent_kung\WIDTH=32'00000000000000000000000000000010 for cells of type $lcu.
Using template $paramod\_90_lcu_brent_kung\WIDTH=32'00000000000000000000000000000101 for cells of type $lcu.
Using template $paramod\_90_lcu_brent_kung\WIDTH=32'00000000000000000000000000000011 for cells of type $lcu.
Using extmapper simplemap for cells of type $or.
No more expansions possible.
<suppressed ~1113 debug messages>

15.22. Executing OPT pass (performing simple optimizations).

15.22.1. Executing OPT_EXPR pass (perform const folding).
Optimizing module szymon_fixed.
<suppressed ~5717 debug messages>

15.22.2. Executing OPT_MERGE pass (detect identical cells).
Finding identical cells in module `\szymon_fixed'.
<suppressed ~11880 debug messages>
Removed a total of 3960 cells.

15.22.3. Executing OPT_DFF pass (perform DFF optimizations).

15.22.4. Executing OPT_CLEAN pass (remove unused cells and wires).
Finding unused cells or wires in module \szymon_fixed..
Removed 21676 unused cells and 470 unused wires.
<suppressed ~21677 debug messages>

15.22.5. Finished fast OPT passes.

15.23. Executing HIERARCHY pass (managing design hierarchy).
Attribute `top' found on module `szymon_fixed'. Setting top module to szymon_fixed.

15.23.1. Analyzing design hierarchy..
Top module:  \szymon_fixed

15.23.2. Analyzing design hierarchy..
Top module:  \szymon_fixed
Removed 0 unused modules.

15.24. Printing statistics.

=== szymon_fixed ===

   Number of wires:                261
   Number of wire bits:          29017
   Number of public wires:          43
   Number of public wire bits:     148
   Number of ports:                 15
   Number of port bits:             15
   Number of memories:               0
   Number of memory bits:            0
   Number of processes:              0
   Number of cells:                841
     $_AND_                         87
     $_DFFE_PN0P_                   13
     $_DFF_PN0_                      4
     $_DFF_PN1_                      1
     $_MUX_                        474
     $_NOT_                         55
     $_OR_                          91
     $_SDFFE_PP0N_                   3
     $_SDFFE_PP0P_                  64
     $_SDFF_PP0_                     3
     $_XOR_                         46

15.25. Executing CHECK pass (checking for obvious problems).
Checking module szymon_fixed...
Found and reported 0 problems.

16. Executing DFFLIBMAP pass (mapping DFF cells to sequential cells from liberty file).
  cell sg13g2_dfrbpq_1 (noninv, pins=4, area=48.99) is a direct match for cell type $_DFF_PN0_.
  final dff cell mappings:
    unmapped dff cell: $_DFF_N_
    unmapped dff cell: $_DFF_P_
    unmapped dff cell: $_DFF_NN0_
    unmapped dff cell: $_DFF_NN1_
    unmapped dff cell: $_DFF_NP0_
    unmapped dff cell: $_DFF_NP1_
    \sg13g2_dfrbpq_1 _DFF_PN0_ (.CLK( C), .D( D), .Q( Q), .RESET_B( R));
    unmapped dff cell: $_DFF_PN1_
    unmapped dff cell: $_DFF_PP0_
    unmapped dff cell: $_DFF_PP1_
    unmapped dff cell: $_DFFE_NN_
    unmapped dff cell: $_DFFE_NP_
    unmapped dff cell: $_DFFE_PN_
    unmapped dff cell: $_DFFE_PP_
    unmapped dff cell: $_DFFSR_NNN_
    unmapped dff cell: $_DFFSR_NNP_
    unmapped dff cell: $_DFFSR_NPN_
    unmapped dff cell: $_DFFSR_NPP_
    unmapped dff cell: $_DFFSR_PNN_
    unmapped dff cell: $_DFFSR_PNP_
    unmapped dff cell: $_DFFSR_PPN_
    unmapped dff cell: $_DFFSR_PPP_

16.1. Executing DFFLEGALIZE pass (convert FFs to types supported by the target).
<suppressed ~4 debug messages>
Mapping DFF cells in module `\szymon_fixed':
  mapped 88 $_DFF_PN0_ cells to \sg13g2_dfrbpq_1 cells.

17. Executing ABC pass (technology mapping using ABC).

17.1. Extracting gate netlist of module `\szymon_fixed' to `<abc-temp-dir>/input.blif'..
Replacing 40 occurrences of constant undef bits with constant zero bits
Extracted 905 gates and 1004 wires to a netlist network with 96 inputs and 91 outputs.

17.1.1. Executing ABC.
Running ABC command: "<yosys-exe-dir>/yosys-abc" -s -f <abc-temp-dir>/abc.script 2>&1
ABC: ABC command line: "source <abc-temp-dir>/abc.script".
ABC: 
ABC: + read_blif <abc-temp-dir>/input.blif 
ABC: + read_lib -w /mnt/c/Users/user/Desktop/HACKATHON/.tools/IHP-Open-PDK-partial/ihp-sg13g2/libs.ref/sg13g2_stdcell/lib/sg13g2_stdcell_typ_1p20V_25C.lib 
ABC: Parsing finished successfully.  Parsing time =     0.02 sec
ABC: Scl_LibertyReadGenlib() skipped cell "sg13g2_antennanp" due to dont_use attribute.
ABC: Scl_LibertyReadGenlib() skipped cell "sg13g2_decap_4" due to dont_use attribute.
ABC: Scl_LibertyReadGenlib() skipped cell "sg13g2_decap_8" due to dont_use attribute.
ABC: Scl_LibertyReadGenlib() skipped sequential cell "sg13g2_dfrbp_1".
ABC: Scl_LibertyReadGenlib() skipped sequential cell "sg13g2_dfrbp_2".
ABC: Scl_LibertyReadGenlib() skipped sequential cell "sg13g2_dfrbpq_1".
ABC: Scl_LibertyReadGenlib() skipped sequential cell "sg13g2_dfrbpq_2".
ABC: Scl_LibertyReadGenlib() skipped sequential cell "sg13g2_dlhq_1".
ABC: Scl_LibertyReadGenlib() skipped sequential cell "sg13g2_dlhr_1".
ABC: Scl_LibertyReadGenlib() skipped sequential cell "sg13g2_dlhrq_1".
ABC: Scl_LibertyReadGenlib() skipped sequential cell "sg13g2_dllr_1".
ABC: Scl_LibertyReadGenlib() skipped sequential cell "sg13g2_dllrq_1".
ABC: Scl_LibertyReadGenlib() skipped three-state cell "sg13g2_ebufn_2".
ABC: Scl_LibertyReadGenlib() skipped three-state cell "sg13g2_ebufn_4".
ABC: Scl_LibertyReadGenlib() skipped three-state cell "sg13g2_ebufn_8".
ABC: Scl_LibertyReadGenlib() skipped three-state cell "sg13g2_einvn_2".
ABC: Scl_LibertyReadGenlib() skipped three-state cell "sg13g2_einvn_4".
ABC: Scl_LibertyReadGenlib() skipped three-state cell "sg13g2_einvn_8".
ABC: Scl_LibertyReadGenlib() skipped cell "sg13g2_fill_1" due to dont_use attribute.
ABC: Scl_LibertyReadGenlib() skipped cell "sg13g2_fill_2" due to dont_use attribute.
ABC: Scl_LibertyReadGenlib() skipped cell "sg13g2_fill_4" due to dont_use attribute.
ABC: Scl_LibertyReadGenlib() skipped cell "sg13g2_fill_8" due to dont_use attribute.
ABC: Scl_LibertyReadGenlib() skipped cell "sg13g2_lgcp_1" due to dont_use attribute.
ABC: Scl_LibertyReadGenlib() skipped sequential cell "sg13g2_sdfbbp_1".
ABC: Scl_LibertyReadGenlib() skipped sequential cell "sg13g2_sdfrbp_1".
ABC: Scl_LibertyReadGenlib() skipped sequential cell "sg13g2_sdfrbp_2".
ABC: Scl_LibertyReadGenlib() skipped sequential cell "sg13g2_sdfrbpq_1".
ABC: Scl_LibertyReadGenlib() skipped sequential cell "sg13g2_sdfrbpq_2".
ABC: Scl_LibertyReadGenlib() skipped cell "sg13g2_sighold" due to dont_use attribute.
ABC: Scl_LibertyReadGenlib() skipped cell "sg13g2_slgcp_1" due to dont_use attribute.
ABC: Library "sg13g2_stdcell_typ_1p20V_25C" from "/mnt/c/Users/user/Desktop/HACKATHON/.tools/IHP-Open-PDK-partial/ihp-sg13g2/libs.ref/sg13g2_stdcell/lib/sg13g2_stdcell_typ_1p20V_25C.lib" has 54 cells (20 skipped: 14 seq; 6 tri-state; 0 no func; 10 dont_use).  Time =     0.02 sec
ABC: Memory =    2.85 MB. Time =     0.02 sec
ABC: + strash 
ABC: + &get -n 
ABC: + &fraig -x 
ABC: + &put 
ABC: + scorr 
ABC: Warning: The network is combinational (run "fraig" or "fraig_sweep").
ABC: + dc2 
ABC: + dretime 
ABC: + strash 
ABC: + &get -n 
ABC: + &dch -f 
ABC: + &nf -a -F 16 -A 8 -R 1000 
ABC: + &put 
ABC: + write_blif <abc-temp-dir>/output.blif 

17.1.2. Re-integrating ABC results.
ABC RESULTS:     sg13g2_a21o_1 cells:       11
ABC RESULTS:    sg13g2_a21oi_1 cells:      136
ABC RESULTS:   sg13g2_a221oi_1 cells:       23
ABC RESULTS:    sg13g2_a22oi_1 cells:       17
ABC RESULTS:     sg13g2_and2_1 cells:       22
ABC RESULTS:     sg13g2_and3_1 cells:        4
ABC RESULTS:     sg13g2_and4_1 cells:        2
ABC RESULTS:      sg13g2_inv_1 cells:       19
ABC RESULTS:     sg13g2_mux2_1 cells:        4
ABC RESULTS:     sg13g2_mux4_1 cells:        2
ABC RESULTS:    sg13g2_nand2_1 cells:      190
ABC RESULTS:   sg13g2_nand2b_1 cells:       24
ABC RESULTS:    sg13g2_nand3_1 cells:       34
ABC RESULTS:    sg13g2_nand4_1 cells:        6
ABC RESULTS:     sg13g2_nor2_1 cells:       77
ABC RESULTS:    sg13g2_nor2b_1 cells:       12
ABC RESULTS:     sg13g2_nor3_1 cells:       26
ABC RESULTS:     sg13g2_nor4_1 cells:        1
ABC RESULTS:    sg13g2_o21ai_1 cells:       84
ABC RESULTS:      sg13g2_or2_1 cells:        4
ABC RESULTS:      sg13g2_or3_1 cells:        2
ABC RESULTS:      sg13g2_or4_1 cells:        1
ABC RESULTS:    sg13g2_xnor2_1 cells:       19
ABC RESULTS:     sg13g2_xor2_1 cells:       13
ABC RESULTS:        internal signals:      817
ABC RESULTS:           input signals:       96
ABC RESULTS:          output signals:       91
Removing temp directory.
Removed 0 unused cells and 486 unused wires.

18. Printing statistics.

=== szymon_fixed ===

   Number of wires:                756
   Number of wire bits:            840
   Number of public wires:          25
   Number of public wire bits:     109
   Number of ports:                 15
   Number of port bits:             15
   Number of memories:               0
   Number of memory bits:            0
   Number of processes:              0
   Number of cells:                821
     sg13g2_a21o_1                  11
     sg13g2_a21oi_1                136
     sg13g2_a221oi_1                23
     sg13g2_a22oi_1                 17
     sg13g2_and2_1                  22
     sg13g2_and3_1                   4
     sg13g2_and4_1                   2
     sg13g2_dfrbpq_1                88
     sg13g2_inv_1                   19
     sg13g2_mux2_1                   4
     sg13g2_mux4_1                   2
     sg13g2_nand2_1                190
     sg13g2_nand2b_1                24
     sg13g2_nand3_1                 34
     sg13g2_nand4_1                  6
     sg13g2_nor2_1                  77
     sg13g2_nor2b_1                 12
     sg13g2_nor3_1                  26
     sg13g2_nor4_1                   1
     sg13g2_o21ai_1                 84
     sg13g2_or2_1                    4
     sg13g2_or3_1                    2
     sg13g2_or4_1                    1
     sg13g2_xnor2_1                 19
     sg13g2_xor2_1                  13

   Chip area for module '\szymon_fixed': 10922.045400
     of which used for sequential elements: 4311.014400 (39.47%)

19. Executing CHECK pass (checking for obvious problems).
Checking module szymon_fixed...
Found and reported 0 problems.

20. Executing Verilog backend.

20.1. Executing BMUXMAP pass.

20.2. Executing DEMUXMAP pass.
Dumping module `\szymon_fixed'.

End of script. Logfile hash: e2645e29e6, CPU: user 1.53s system 0.13s, MEM: 84.67 MB peak
Yosys 0.52 (git sha1 fee39a3284c90249e1d9684cf6944ffbbcbb8f90)
Time spent: 28% 33x opt_expr (0 sec), 17% 21x opt_merge (0 sec), ...
